x,y,group
400878,1287771.1,1_1_1
428455.1,1288395.8,1_1_1
428417.3,1286614.8,1_1_1
427723.4,1285492.3,1_1_1
427821,1285127.3,1_1_1
428705,1284783.2,1_1_1
429826.1,1284996.7,1_1_1
431435.8,1284601.4,1_1_1
431499.2,1283215.3,1_1_1
431021.5,1282178,1_1_1
431323.3,1281832.2,1_1_1
432420.2,1281929,1_1_1
432133,1280782.9,1_1_1
432450.2,1280298.9,1_1_1
433511.7,1280327.4,1_1_1
434707.5,1279489.5,1_1_1
435190,1279680.9,1_1_1
435619.5,1280401.6,1_1_1
436382.2,1279998.4,1_1_1
435255.7,1277764.6,1_1_1
435544.9,1277383.6,1_1_1
436471.2,1277309,1_1_1
436801.3,1276861.6,1_1_1
436476.6,1276357.9,1_1_1
435538.6,1276617.1,1_1_1
435818,1275376.9,1_1_1
437239.1,1275804.8,1_1_1
438287.7,1275238.9,1_1_1
439125.2,1276547.4,1_1_1
439636.1,1276556.2,1_1_1
440256.3,1275258.3,1_1_1
440212.7,1274633.6,1_1_1
441018.3,1274855.4,1_1_1
441281,1273854.3,1_1_1
441825.2,1273325.6,1_1_1
441541.5,1272886.2,1_1_1
440733.5,1272952.4,1_1_1
440725.9,1272251.2,1_1_1
442232.1,1271235.4,1_1_1
443496.3,1271217.5,1_1_1
444131.3,1268909.1,1_1_1
445458.5,1267734.9,1_1_1
446552.2,1267279.4,1_1_1
446280.9,1266040.6,1_1_1
447426.3,1265750.7,1_1_1
447812.4,1264944.1,1_1_1
448809.6,1265169,1_1_1
449109.9,1265533.6,1_1_1
449996.9,1264461.6,1_1_1
451313.4,1264187.7,1_1_1
451404.7,1262755.8,1_1_1
450512.9,1262387.8,1_1_1
451311.7,1262294.4,1_1_1
451657.2,1261849.6,1_1_1
451426,1261310,1_1_1
450520.1,1261481.4,1_1_1
450929.1,1260802.6,1_1_1
451219.2,1258983.6,1_1_1
450673.8,1258836.4,1_1_1
450605.2,1259717.7,1_1_1
450142.8,1259987.1,1_1_1
449486.5,1258173.6,1_1_1
449920.7,1257727.5,1_1_1
449825,1256551.7,1_1_1
450809.9,1256299.1,1_1_1
450468.5,1255765,1_1_1
451049.3,1255264,1_1_1
450511,1254623.1,1_1_1
449715.9,1254838.5,1_1_1
449573,1254480.9,1_1_1
449951.9,1253891.1,1_1_1
450816.7,1253523.2,1_1_1
450837.9,1251848.6,1_1_1
451451.6,1250936.1,1_1_1
450692,1250343.9,1_1_1
450462.7,1248778.5,1_1_1
449935.9,1248609.4,1_1_1
449081.5,1249165.9,1_1_1
448534.7,1247602.8,1_1_1
449246.7,1246816.1,1_1_1
448623.2,1246210.6,1_1_1
449700.8,1244628.8,1_1_1
449098.7,1243831.5,1_1_1
449667.9,1242962.8,1_1_1
450244.8,1242750,1_1_1
449689.6,1242368.6,1_1_1
448684.3,1242293.9,1_1_1
448343,1241003.3,1_1_1
447366.2,1241165.6,1_1_1
446326.2,1238314.4,1_1_1
444582.2,1238781,1_1_1
444474.9,1238124.7,1_1_1
444741.5,1237709.8,1_1_1
443861.6,1237846.9,1_1_1
444047.5,1235843.8,1_1_1
443308.2,1235873.4,1_1_1
442309.8,1236758.5,1_1_1
440741.2,1235223.7,1_1_1
441030.9,1234267.8,1_1_1
440061.8,1234151.1,1_1_1
440706,1233060.4,1_1_1
439971.3,1231881.3,1_1_1
440223.7,1229960.8,1_1_1
441183.8,1229527.6,1_1_1
441275.7,1228118,1_1_1
442404.4,1227992.9,1_1_1
443072.1,1227348.8,1_1_1
443968,1225400.6,1_1_1
443881.2,1223873.8,1_1_1
445086.1,1223324.8,1_1_1
446364.6,1221534.1,1_1_1
445788.6,1221020.2,1_1_1
445678.2,1220274.9,1_1_1
444883.3,1219935.5,1_1_1
444753.3,1219341.2,1_1_1
443863,1219864.8,1_1_1
443480.5,1221076.8,1_1_1
442913.4,1221623,1_1_1
440452.7,1220879.2,1_1_1
439244.4,1221028.4,1_1_1
438785.4,1222942.4,1_1_1
437486.9,1223505.5,1_1_1
436550.2,1223069.4,1_1_1
435229.7,1220954.1,1_1_1
434459.8,1221034.3,1_1_1
433569.3,1222660.8,1_1_1
432831.3,1222813,1_1_1
430160.7,1221131.6,1_1_1
426279.9,1220503.1,1_1_1
425788.5,1220952.4,1_1_1
425797.8,1221453.3,1_1_1
426578.7,1222207.6,1_1_1
428566.5,1223226.5,1_1_1
429275.5,1224852.7,1_1_1
428378.4,1225871.3,1_1_1
427073.5,1226024.7,1_1_1
425959.5,1225517.2,1_1_1
424143.5,1223314.7,1_1_1
423031.3,1223051.4,1_1_1
422246.2,1223362.1,1_1_1
420832.1,1225652.6,1_1_1
418488.1,1227495.1,1_1_1
418039.8,1228893.5,1_1_1
417972.8,1232663.6,1_1_1
416970.7,1233963.3,1_1_1
418252,1234836.1,1_1_1
417256.3,1234834.5,1_1_1
417611.6,1235765.9,1_1_1
417197.6,1236511.5,1_1_1
417407.6,1236757.1,1_1_1
417155.3,1237603.7,1_1_1
416698.2,1237502.5,1_1_1
416927.3,1238041.4,1_1_1
416542.5,1238486.8,1_1_1
417028.2,1239035.4,1_1_1
416610.2,1239486.9,1_1_1
416298.2,1239256.5,1_1_1
416102.1,1239923.8,1_1_1
415139.6,1240049.2,1_1_1
413919.5,1239962.5,1_1_1
413529.6,1239464.5,1_1_1
412420.1,1238970.2,1_1_1
412064.2,1239337.6,1_1_1
412179.8,1241344.4,1_1_1
411941.7,1241517.7,1_1_1
411365.8,1241323.8,1_1_1
411027.9,1240669.8,1_1_1
410299.9,1240640.4,1_1_1
410239.3,1242198.3,1_1_1
409686,1242919,1_1_1
410204.4,1243870.9,1_1_1
408967.2,1245074,1_1_1
409261,1246074.5,1_1_1
408593.7,1247210,1_1_1
408719.5,1248645.5,1_1_1
407998.4,1249442.1,1_1_1
407561.7,1249660.1,1_1_1
406623.6,1249372.8,1_1_1
406043.7,1249686.5,1_1_1
404272.3,1249359.9,1_1_1
403768.6,1248682.1,1_1_1
404038.8,1248436.5,1_1_1
403275.9,1248506.7,1_1_1
403120.6,1248081.6,1_1_1
402686.3,1248033.1,1_1_1
402434.7,1248503.2,1_1_1
402792.8,1249886.9,1_1_1
402206.5,1249878.4,1_1_1
402194.7,1250168.4,1_1_1
391889.1,1249965.9,1_1_1
391236.3,1277776.7,1_1_1
401229.8,1277994.7,1_1_1
400878,1287771.1,1_1_1
359911.9,1134328.9,2_1_1
359539.5,1134713.3,2_1_1
359591.9,1135529.2,2_1_1
360065.3,1135377.2,2_1_1
360671.4,1135661.4,2_1_1
360767.9,1135076.5,2_1_1
361450.3,1135319.9,2_1_1
362176.6,1136051.3,2_1_1
362358.5,1136867.4,2_1_1
361933.4,1137055,2_1_1
362144.4,1137464.9,2_1_1
362407.6,1137648.1,2_1_1
362999.8,1137241,2_1_1
363386,1137699.7,2_1_1
363664.1,1137413.3,2_1_1
363810.3,1137900.8,2_1_1
363438.8,1138847,2_1_1
363907.4,1139064.3,2_1_1
364217.3,1138697.7,2_1_1
364233.7,1139234.9,2_1_1
364644.7,1139589.9,2_1_1
365343.5,1139102,2_1_1
366073.2,1139592.4,2_1_1
365666.8,1140301.6,2_1_1
366125.3,1140800.9,2_1_1
366639.8,1140625.1,2_1_1
366732.3,1140935,2_1_1
366168.4,1141978.1,2_1_1
367215.9,1142509.5,2_1_1
367628.2,1141611.7,2_1_1
369066.2,1142843.1,2_1_1
369533.6,1142615.9,2_1_1
369939.9,1143056,2_1_1
369110.3,1144243.7,2_1_1
369843.5,1145019.3,2_1_1
370484.5,1145112.2,2_1_1
370467.4,1144361.3,2_1_1
370988.1,1144667.8,2_1_1
371650.7,1144497.5,2_1_1
372044,1144881.3,2_1_1
371917.5,1145911.7,2_1_1
372306.8,1146969.9,2_1_1
370964,1149039,2_1_1
370706.1,1150008,2_1_1
371544.9,1149781.9,2_1_1
372367.1,1150329.6,2_1_1
372734.2,1151002.5,2_1_1
372401,1152296.6,2_1_1
373289.1,1153457.1,2_1_1
371914.5,1154179.5,2_1_1
370757.4,1154357.6,2_1_1
370403.7,1155564.3,2_1_1
419634.3,1156748.2,2_1_1
421396.5,1114020.8,2_1_1
364916.7,1111753.3,2_1_1
364072.6,1112615.2,2_1_1
363551.7,1114276.4,2_1_1
362326.8,1114508.5,2_1_1
361669.5,1114073.5,2_1_1
361155.5,1114258.3,2_1_1
360960,1115424.8,2_1_1
360455.7,1115865.6,2_1_1
361017.6,1116498.7,2_1_1
360575.3,1117258.4,2_1_1
360431.9,1118495.1,2_1_1
359850.3,1118699.1,2_1_1
359042.2,1118446,2_1_1
358416.8,1120531.4,2_1_1
358638.1,1121352.2,2_1_1
357597.4,1121515.4,2_1_1
358218.7,1121982.5,2_1_1
358919.7,1123953.6,2_1_1
359435.9,1123808.2,2_1_1
359842.5,1124208,2_1_1
360263.4,1125695.3,2_1_1
359674,1126824.1,2_1_1
360673.3,1126889.3,2_1_1
360248.5,1128416.4,2_1_1
359257.2,1128680.3,2_1_1
358019.2,1128458.4,2_1_1
357865.8,1128755.9,2_1_1
358445.6,1129910,2_1_1
358170,1130285.5,2_1_1
358553.3,1130697.7,2_1_1
358008.3,1131094.1,2_1_1
358626.8,1131053,2_1_1
358341.7,1131709.6,2_1_1
358136.5,1131399.4,2_1_1
357658.7,1131547.9,2_1_1
357844.4,1132496.5,2_1_1
358523.6,1133433.1,2_1_1
358531.8,1133939,2_1_1
359512.9,1133552.1,2_1_1
359911.9,1134328.9,2_1_1
359914.3,1134342.5,2_1_2
359914.8,1134335.9,2_1_2
359920.6,1134355.1,2_1_2
359914.3,1134342.5,2_1_2
307977.1,1500206.4,3_1_1
341574.2,1501502.2,3_1_1
342196,1465110,3_1_1
337371.5,1465060,3_1_1
337446.5,1460402.5,3_1_1
339190.2,1460419.4,3_1_1
339344,1452165.6,3_1_1
329763.9,1451989.4,3_1_1
329940.1,1442239.6,3_1_1
320367.2,1442078.5,3_1_1
320155.7,1459868.8,3_1_1
318581.5,1459826.9,3_1_1
318558.3,1461458.5,3_1_1
320141.4,1461513.9,3_1_1
320163.9,1462527.9,3_1_1
319680.2,1462997.9,3_1_1
318320.9,1463064.5,3_1_1
318482.3,1464705.3,3_1_1
317938.4,1463580.6,3_1_1
317121.2,1463067.5,3_1_1
314610.9,1464941.6,3_1_1
313678.6,1466221.3,3_1_1
313627,1467105.4,3_1_1
315392.3,1468864.2,3_1_1
315244.7,1469324.9,3_1_1
314422.9,1469436.2,3_1_1
313783.4,1470025.9,3_1_1
313791.9,1471709.3,3_1_1
314331.4,1472767.5,3_1_1
314116.1,1473235.4,3_1_1
312097,1473200.5,3_1_1
309653.3,1474522.6,3_1_1
307743,1473780.1,3_1_1
307672.1,1474471.2,3_1_1
309219.9,1476529.7,3_1_1
309194.8,1478034.2,3_1_1
307100.1,1479425.1,3_1_1
305108.9,1478469.5,3_1_1
304702.3,1478696.9,3_1_1
304999.8,1480377,3_1_1
305883.3,1481795.1,3_1_1
306851.6,1481851.3,3_1_1
307804.3,1481173.3,3_1_1
308361.2,1481382.4,3_1_1
308553.3,1483406.3,3_1_1
306788.4,1483354.6,3_1_1
304220.9,1482540.6,3_1_1
303489.4,1482863.3,3_1_1
302738.6,1483773.9,3_1_1
302935,1484364.5,3_1_1
306380.9,1486790.8,3_1_1
306615.7,1487639,3_1_1
308072.7,1487651.5,3_1_1
307977.1,1500206.4,3_1_1
122674.8,1495570.9,4_1_1
189312.5,1496721.9,4_1_1
189573.7,1484136.2,4_1_1
189094.8,1483937,4_1_1
189066.5,1484933,4_1_1
188165.3,1484950,4_1_1
188371,1483930,4_1_1
187514.8,1483159.5,4_1_1
187783.5,1483130.5,4_1_1
187634.2,1482811.6,4_1_1
187973.2,1482505.6,4_1_1
188439.6,1483308,4_1_1
188817.4,1483328.1,4_1_1
188309.9,1482487.7,4_1_1
188670.3,1482102,4_1_1
188950.4,1482829.8,4_1_1
189072.8,1482302.4,4_1_1
189520.1,1482633.2,4_1_1
189362.2,1483114.9,4_1_1
189612.4,1483047.8,4_1_1
189612.8,1478492.6,4_1_1
190125.9,1478879.3,4_1_1
190092.3,1478288.9,4_1_1
190658.7,1478606.4,4_1_1
190978.2,1478247.8,4_1_1
190442.6,1476718.9,4_1_1
190744.8,1476497.9,4_1_1
191269.7,1477920,4_1_1
191940.9,1477318,4_1_1
191819.9,1476975.2,4_1_1
192086.3,1477239.3,4_1_1
192736.1,1477128.5,4_1_1
192856.8,1475962,4_1_1
193820,1475568.7,4_1_1
194343,1476022.8,4_1_1
194398.3,1475373.6,4_1_1
189588.2,1475296.2,4_1_1
189720.5,1467165.9,4_1_1
183247.1,1467168.5,4_1_1
183196.1,1466696.9,4_1_1
182215.2,1466814.7,4_1_1
181841.9,1465420,4_1_1
180765.2,1466381.7,4_1_1
180250.5,1465706.2,4_1_1
180509.8,1463502.1,4_1_1
180171.5,1463552.5,4_1_1
179583.6,1464418.7,4_1_1
178573.4,1464139.9,4_1_1
177894.6,1464977.6,4_1_1
177290.1,1464783,4_1_1
177279.6,1465492.7,4_1_1
178337.7,1465772.3,4_1_1
178212.9,1466293.3,4_1_1
177762.8,1466455.5,4_1_1
175876.4,1465455.2,4_1_1
176017.3,1464533.6,4_1_1
176893.1,1464735.1,4_1_1
176611.5,1463905,4_1_1
148448.2,1464086.3,4_1_1
148335.7,1455966.2,4_1_1
143573.7,1455933,4_1_1
143541.7,1451084.5,4_1_1
129173.1,1451153.1,4_1_1
122674.8,1495570.9,4_1_1
239946,1497979.2,5_1_1
279147.8,1499075.8,5_1_1
279226.2,1495396.3,5_1_1
278620.3,1496305.2,5_1_1
277501.3,1496577.4,5_1_1
276438.4,1498230.3,5_1_1
277315.6,1456055.4,5_1_1
261842.7,1455840.4,5_1_1
259863.7,1456132.8,5_1_1
255042.3,1455738,5_1_1
240791.4,1455738.4,5_1_1
239946,1497979.2,5_1_1
359911.9,1134328.9,6_1_1
359917.5,1134350.8,6_1_1
359920.6,1134355.1,6_1_1
359911.9,1134328.9,6_1_1
359914.2,1134269.6,6_2_1
359512.9,1133552.1,6_2_1
358531.8,1133939,6_2_1
358523.6,1133433.1,6_2_1
357844.4,1132496.5,6_2_1
357658.7,1131547.9,6_2_1
358136.5,1131399.4,6_2_1
358341.7,1131709.6,6_2_1
358626.8,1131053,6_2_1
358008.3,1131094.1,6_2_1
358553.3,1130697.7,6_2_1
358170,1130285.5,6_2_1
358445.6,1129910,6_2_1
357865.8,1128755.9,6_2_1
356945,1128556.7,6_2_1
357151.9,1129316.5,6_2_1
356659.7,1129535.9,6_2_1
355617.6,1129275.5,6_2_1
355764.8,1128538.6,6_2_1
354809.6,1128599.5,6_2_1
354646.3,1128858.4,6_2_1
355480.2,1129814.3,6_2_1
354905,1130406.3,6_2_1
354969.7,1131083.2,6_2_1
354356.2,1130817.1,6_2_1
354449.4,1131614.5,6_2_1
354026.8,1131214.8,6_2_1
353640.7,1131413.5,6_2_1
353809.6,1131916.4,6_2_1
354320.6,1132132.9,6_2_1
353865.8,1132448.7,6_2_1
353760.8,1134223.4,6_2_1
353125,1133286.1,6_2_1
352323.7,1132848.3,6_2_1
351711.5,1133206.8,6_2_1
351004.4,1132829.2,6_2_1
350438.4,1133664.9,6_2_1
349654.5,1133758.5,6_2_1
349739.2,1135027.8,6_2_1
350788.7,1135371.3,6_2_1
348623,1136202.2,6_2_1
349372.9,1137310.2,6_2_1
349405.6,1138506,6_2_1
348236.8,1139049.9,6_2_1
347721.4,1138114.2,6_2_1
347045.9,1138267.3,6_2_1
346511,1138814.5,6_2_1
345370.5,1138521.4,6_2_1
345056.1,1139793.8,6_2_1
344251.3,1139984.6,6_2_1
343615.8,1139429.4,6_2_1
342990.1,1139554.2,6_2_1
343135.1,1140667.8,6_2_1
342629.4,1141319.4,6_2_1
342276.1,1141153.3,6_2_1
342046.2,1140381.2,6_2_1
341168.7,1140369.3,6_2_1
341466.8,1139432.4,6_2_1
340974.7,1139112.8,6_2_1
339939.2,1139203,6_2_1
339760.8,1141054.8,6_2_1
338971.4,1140579.1,6_2_1
338015.2,1141245.6,6_2_1
336907.9,1141187,6_2_1
336951.9,1142028.6,6_2_1
337587.5,1142852.6,6_2_1
337487.7,1143415.1,6_2_1
337094.3,1143937.9,6_2_1
336125.4,1143864.3,6_2_1
335742.6,1144423.9,6_2_1
334865.3,1144825.4,6_2_1
334648.7,1146760,6_2_1
334933.9,1147367.2,6_2_1
334432.3,1147476.4,6_2_1
334442.3,1148285.7,6_2_1
334914.3,1150446,6_2_1
335298.3,1150670.8,6_2_1
334827.9,1151733.3,6_2_1
335607.3,1152208.8,6_2_1
336313.8,1152095.4,6_2_1
336673.5,1154596.4,6_2_1
337261.4,1155667.6,6_2_1
337914.4,1156084.7,6_2_1
338254,1157029.8,6_2_1
337922.9,1157902.7,6_2_1
338466.1,1159050.3,6_2_1
339014.5,1159363.5,6_2_1
339106.5,1160378.3,6_2_1
338814.8,1160804.9,6_2_1
339630.4,1162237,6_2_1
339365.2,1164123.9,6_2_1
339901.9,1164480.1,6_2_1
339768.6,1164725.8,6_2_1
340139.7,1164924.6,6_2_1
340334.6,1165693.4,6_2_1
339681.5,1168005.7,6_2_1
339116.2,1168388,6_2_1
339026.7,1169065.9,6_2_1
339597.8,1170294.1,6_2_1
339556.5,1171261.8,6_2_1
339829,1171429.7,6_2_1
339307.7,1172889.7,6_2_1
338660.9,1173609.2,6_2_1
339053.6,1175207.4,6_2_1
338431.6,1176922.1,6_2_1
338092.2,1177144.5,6_2_1
338200.7,1178721.3,6_2_1
338871.7,1180476.5,6_2_1
338584.3,1181051.8,6_2_1
338820.4,1182123.7,6_2_1
338466.6,1182458.3,6_2_1
338162.5,1183724.5,6_2_1
338713.9,1186040.5,6_2_1
337846.1,1187384.6,6_2_1
337607.5,1188845.5,6_2_1
341819.7,1188758.2,6_2_1
370278,1189789.1,6_2_1
371082.5,1170290.4,6_2_1
368135.3,1170142,6_2_1
368146.6,1169369.8,6_2_1
368691.9,1169095.3,6_2_1
368481.9,1168655.6,6_2_1
368985.8,1168551.8,6_2_1
368390.4,1168079,6_2_1
368883.9,1167838.4,6_2_1
369098.5,1166898.6,6_2_1
368302.6,1166208.8,6_2_1
368264.6,1165307.6,6_2_1
369168.6,1163881.4,6_2_1
368398.8,1163301.4,6_2_1
367804.7,1162035.7,6_2_1
368194.5,1160835.4,6_2_1
369635.6,1160437.9,6_2_1
370059.4,1159856.8,6_2_1
369296.9,1158763.3,6_2_1
369477.1,1158109.3,6_2_1
369197.9,1157557,6_2_1
370571.8,1155249,6_2_1
370757.4,1154357.6,6_2_1
373274.7,1153526.6,6_2_1
372401,1152296.6,6_2_1
372734.2,1151002.5,6_2_1
372367.1,1150329.6,6_2_1
371544.9,1149781.9,6_2_1
370706.1,1150008,6_2_1
370964,1149039,6_2_1
372306.8,1146969.9,6_2_1
371917.5,1145911.7,6_2_1
372166.7,1145371,6_2_1
371650.7,1144497.5,6_2_1
370988.1,1144667.8,6_2_1
370332.1,1144416.1,6_2_1
370660.9,1144727.9,6_2_1
370389,1145127.2,6_2_1
369582,1144764.7,6_2_1
369110.3,1144243.7,6_2_1
369939.9,1143056,6_2_1
369474.5,1142581.5,6_2_1
369066.2,1142843.1,6_2_1
367628.2,1141611.7,6_2_1
367215.9,1142509.5,6_2_1
366168.4,1141978.1,6_2_1
366732.3,1140935,6_2_1
366639.8,1140625.1,6_2_1
366125.3,1140800.9,6_2_1
365666.8,1140301.6,6_2_1
366073.2,1139592.4,6_2_1
365343.5,1139102,6_2_1
364644.7,1139589.9,6_2_1
364233.7,1139234.9,6_2_1
364217.3,1138697.7,6_2_1
363872.7,1139068.5,6_2_1
363386.3,1138798.2,6_2_1
363810.3,1137900.8,6_2_1
363664.1,1137413.3,6_2_1
363386,1137699.7,6_2_1
362999.8,1137241,6_2_1
362407.6,1137648.1,6_2_1
362067.6,1137389,6_2_1
361937.2,1136954.3,6_2_1
362365.6,1136831.6,6_2_1
361712.8,1135470.9,6_2_1
360832.3,1135071.4,6_2_1
360671.4,1135661.4,6_2_1
360065.3,1135377.2,6_2_1
359591.9,1135529.2,6_2_1
359539.5,1134713.3,6_2_1
359914.2,1134269.6,6_2_1
314039.9,1198519.7,7_1_1
336931.6,1198572.8,7_1_1
337200.3,1197067.7,7_1_1
337646.1,1196703.4,7_1_1
336434.6,1192731.1,7_1_1
336821.3,1192392.9,7_1_1
336861.2,1191754.1,7_1_1
337311.3,1191541.2,7_1_1
337008.8,1191009.5,7_1_1
337196.9,1190650.5,7_1_1
337446,1190737.1,7_1_1
337325.2,1190401.9,7_1_1
337582.2,1190550,7_1_1
337388.6,1189210.7,7_1_1
337629.9,1188203.2,7_1_1
338713.9,1186040.5,7_1_1
338162.5,1183724.5,7_1_1
338466.6,1182458.3,7_1_1
338820.4,1182123.7,7_1_1
338584.3,1181051.8,7_1_1
338871.7,1180476.5,7_1_1
338200.7,1178721.3,7_1_1
338092.2,1177144.5,7_1_1
338431.6,1176922.1,7_1_1
339053.6,1175207.4,7_1_1
338660.9,1173609.2,7_1_1
339307.7,1172889.7,7_1_1
339829,1171429.7,7_1_1
339556.5,1171261.8,7_1_1
339597.8,1170294.1,7_1_1
339031.8,1169194.2,7_1_1
339116.2,1168388,7_1_1
339681.5,1168005.7,7_1_1
340334.6,1165693.4,7_1_1
340139.7,1164924.6,7_1_1
339768.6,1164725.8,7_1_1
339901.9,1164480.1,7_1_1
339365.2,1164123.9,7_1_1
339630.4,1162237,7_1_1
338814.8,1160804.9,7_1_1
339106.5,1160378.3,7_1_1
339014.5,1159363.5,7_1_1
338466.1,1159050.3,7_1_1
337922.9,1157902.7,7_1_1
338254,1157029.8,7_1_1
337914.4,1156084.7,7_1_1
337261.4,1155667.6,7_1_1
336673.5,1154596.4,7_1_1
336313.8,1152095.4,7_1_1
335607.3,1152208.8,7_1_1
334827.9,1151733.3,7_1_1
335298.3,1150670.8,7_1_1
334914.3,1150446,7_1_1
334442.3,1148285.7,7_1_1
334432.3,1147476.4,7_1_1
334933.9,1147367.2,7_1_1
334648.7,1146760,7_1_1
334854,1144858.2,7_1_1
335742.6,1144423.9,7_1_1
336125.4,1143864.3,7_1_1
337094.3,1143937.9,7_1_1
337567.6,1143145.4,7_1_1
336800.7,1143392.1,7_1_1
336581.6,1142256.1,7_1_1
335699.1,1141835,7_1_1
334864,1140778.4,7_1_1
330232.3,1139610.9,7_1_1
329977,1140414.3,7_1_1
328914.4,1140068.9,7_1_1
328878.2,1140766.6,7_1_1
328171.7,1141468.1,7_1_1
327891.6,1141497,7_1_1
327574.4,1140973.6,7_1_1
326225,1142170.1,7_1_1
327536.8,1143299.8,7_1_1
327485.7,1143563.9,7_1_1
326908,1143279.5,7_1_1
326400.2,1143561.1,7_1_1
327485.9,1144799.4,7_1_1
327214.4,1145171.6,7_1_1
326637.3,1144490,7_1_1
326299.5,1144489.4,7_1_1
325551.2,1145909.3,7_1_1
324954,1145297.4,7_1_1
324925.7,1144529.9,7_1_1
324486.8,1144631.3,7_1_1
323607.9,1145820.3,7_1_1
321393.1,1144556.2,7_1_1
321165.7,1144910.3,7_1_1
321811.9,1146189.4,7_1_1
321598.7,1146398.9,7_1_1
321144.4,1146216.3,7_1_1
320874.3,1147479.8,7_1_1
320239.5,1148068,7_1_1
320530.9,1148831.8,7_1_1
319210.1,1149194,7_1_1
319095.4,1149955.3,7_1_1
317756,1149438.1,7_1_1
317282.5,1149943.3,7_1_1
317281.5,1151045.3,7_1_1
317019.4,1151344.6,7_1_1
316669.3,1150668,7_1_1
316027.3,1150624.6,7_1_1
315428.3,1151934.6,7_1_1
315675.4,1152791.4,7_1_1
315071.6,1153848.2,7_1_1
313619.8,1153747.2,7_1_1
312335.1,1154555.3,7_1_1
310803.8,1153188.9,7_1_1
310078.7,1153022.3,7_1_1
309744.1,1153915.1,7_1_1
310079,1154182.7,7_1_1
310772.6,1153943,7_1_1
310872.7,1154792.3,7_1_1
310660.1,1155139.5,7_1_1
309719.7,1155242.5,7_1_1
309925,1156275.3,7_1_1
308861.2,1155984.7,7_1_1
309265.2,1156728.6,7_1_1
309043,1157183.8,7_1_1
308395.1,1157354,7_1_1
307023.7,1156729.6,7_1_1
304264.8,1156709,7_1_1
304006.3,1158182.3,7_1_1
304307.5,1159706.9,7_1_1
303942,1159812.3,7_1_1
304080.5,1159195.2,7_1_1
303114.3,1158977.2,7_1_1
303057.3,1159651.3,7_1_1
302349,1159877.7,7_1_1
302043.5,1160589.1,7_1_1
302107.4,1160810.8,7_1_1
302674.1,1160620.3,7_1_1
302564,1161437.3,7_1_1
303022,1162173.6,7_1_1
302845.8,1162727.5,7_1_1
301144.4,1163720.3,7_1_1
300987.2,1162648.3,7_1_1
299555.5,1162505.8,7_1_1
298383.8,1163545.3,7_1_1
298641.6,1164302.7,7_1_1
299357.5,1164316.2,7_1_1
299411.7,1164638.7,7_1_1
298734.5,1164596.2,7_1_1
297654.8,1165265.6,7_1_1
298629.9,1166201.4,7_1_1
298404.4,1166972.5,7_1_1
298884.7,1167639.7,7_1_1
297330.6,1168231.9,7_1_1
297317.1,1169908.7,7_1_1
297701.2,1169586.2,7_1_1
298221,1170122.2,7_1_1
298753.3,1170050.5,7_1_1
299676,1169100.5,7_1_1
300118.9,1169465.7,7_1_1
300454.5,1170557.9,7_1_1
301495,1171421.2,7_1_1
302423.4,1170134.9,7_1_1
302851.7,1170672.2,7_1_1
303226.6,1173502.2,7_1_1
302785,1176128.3,7_1_1
301719.5,1176429.3,7_1_1
300732.9,1177664.1,7_1_1
300867.1,1178899.2,7_1_1
301478.5,1179752.4,7_1_1
301406,1180973.5,7_1_1
302408.8,1181641.6,7_1_1
303609.5,1181075.7,7_1_1
305329.6,1182298.9,7_1_1
306173,1182071.3,7_1_1
306533.3,1182422.5,7_1_1
308182,1182508,7_1_1
308551.7,1182811.5,7_1_1
309116.2,1184617.7,7_1_1
309634.1,1185244.5,7_1_1
309652.8,1186165.4,7_1_1
310993.7,1186708.7,7_1_1
311528.1,1187567.9,7_1_1
312442.5,1187844.8,7_1_1
312880.6,1188299,7_1_1
312805.5,1189596.4,7_1_1
313569.6,1189964.6,7_1_1
313958.4,1190588.1,7_1_1
314039.9,1198519.7,7_1_1
189312.5,1496721.9,8_1_1
239946,1497979.2,8_1_1
240791.4,1455738.4,8_1_1
218389.1,1455690.5,8_1_1
218344.8,1458912.1,8_1_1
215246.1,1458908.6,8_1_1
215214.6,1462273.7,8_1_1
212828.7,1462304.7,8_1_1
212829,1463554.4,8_1_1
212377,1463536.7,8_1_1
212034.8,1463930.3,8_1_1
212040.9,1470386.7,8_1_1
211125.4,1470502.4,8_1_1
210464,1471286.5,8_1_1
209920,1471288.7,8_1_1
210823,1472478.8,8_1_1
210064.7,1473048.2,8_1_1
209765.2,1472459.7,8_1_1
209259.7,1472994.8,8_1_1
208990.7,1472352.3,8_1_1
207983.7,1472146.1,8_1_1
207879.3,1473128.5,8_1_1
208537.3,1473487.9,8_1_1
208208.8,1474264.8,8_1_1
208666.6,1474694.1,8_1_1
208406.3,1475249.7,8_1_1
194365.6,1475304.6,8_1_1
194343,1476022.8,8_1_1
193820,1475568.7,8_1_1
192856.8,1475962,8_1_1
192736.1,1477128.5,8_1_1
192086.3,1477239.3,8_1_1
191819.9,1476975.2,8_1_1
191940.9,1477318,8_1_1
191260.6,1477921.7,8_1_1
190744.8,1476497.9,8_1_1
190442.6,1476718.9,8_1_1
190978.2,1478247.8,8_1_1
190658.7,1478606.4,8_1_1
190092.3,1478288.9,8_1_1
190125.9,1478879.3,8_1_1
189612.8,1478492.6,8_1_1
189612.4,1483047.8,8_1_1
189362.2,1483114.9,8_1_1
189520.1,1482633.2,8_1_1
189072.8,1482302.4,8_1_1
188950.4,1482829.8,8_1_1
188670.3,1482102,8_1_1
188309.9,1482487.7,8_1_1
188817.4,1483328.1,8_1_1
188439.6,1483308,8_1_1
187973.2,1482505.6,8_1_1
187634.2,1482811.6,8_1_1
187783.5,1483130.5,8_1_1
187514.8,1483159.5,8_1_1
188371,1483930,8_1_1
188165.3,1484950,8_1_1
189066.5,1484933,8_1_1
189094.8,1483937,8_1_1
189573.7,1484136.2,8_1_1
189312.5,1496721.9,8_1_1
419065.5,1176267.3,9_1_1
428633.1,1176713.9,9_1_1
428757,1171780,9_1_1
429145.4,1171793.1,9_1_1
429108.1,1173372.2,9_1_1
430306.5,1173432.3,9_1_1
430323,1172620.5,9_1_1
431146.2,1172637.4,9_1_1
431164.3,1171799.9,9_1_1
438450.3,1172000.5,9_1_1
438311.1,1176945,9_1_1
439572,1177005.4,9_1_1
439491.5,1176038.2,9_1_1
440354,1174407.3,9_1_1
444065.1,1171346.7,9_1_1
444364.5,1170499.7,9_1_1
443231,1169034,9_1_1
442153.6,1166758.4,9_1_1
440085.8,1165367.7,9_1_1
439862.7,1163329.6,9_1_1
442508.6,1162889.6,9_1_1
445175.6,1164119.6,9_1_1
445856.2,1165159.5,9_1_1
444952.9,1168915.8,9_1_1
445315.2,1170022.4,9_1_1
445761.2,1170263,9_1_1
449692.8,1167745.9,9_1_1
450395.2,1166241.6,9_1_1
450709.5,1165053.2,9_1_1
449441.2,1162819.2,9_1_1
447465.2,1162219.3,9_1_1
445525.6,1161179.8,9_1_1
444653.7,1161402.4,9_1_1
443283.7,1161192.7,9_1_1
442760.7,1160709,9_1_1
442441.1,1159805.1,9_1_1
442729.3,1159140.7,9_1_1
446021.8,1157162,9_1_1
448519.6,1157093,9_1_1
450996.6,1158489.8,9_1_1
452774.2,1160858.1,9_1_1
452641.2,1163827,9_1_1
453503.5,1165434.1,9_1_1
454580.4,1165963.5,9_1_1
455970.5,1165414.6,9_1_1
456250.2,1163019.2,9_1_1
455912.6,1162166.7,9_1_1
454800.7,1160401.1,9_1_1
452465.6,1158147.7,9_1_1
450879.4,1155485,9_1_1
449015.4,1153962.4,9_1_1
448932.7,1151529.8,9_1_1
449289.2,1148213.3,9_1_1
450884.1,1146143.6,9_1_1
450716.7,1144821,9_1_1
451665.9,1144151,9_1_1
452465.5,1142387.6,9_1_1
453477.5,1141567.2,9_1_1
454687.4,1146004.3,9_1_1
455211,1146707.9,9_1_1
456250.7,1147194.9,9_1_1
457326.5,1147148,9_1_1
458021.4,1146797.1,9_1_1
458463.3,1146016.3,9_1_1
457682.3,1142677.3,9_1_1
456694.7,1141159,9_1_1
456371.6,1141103.9,9_1_1
456258.9,1140501.4,9_1_1
455612.7,1140488.3,9_1_1
455331.8,1139913,9_1_1
454353.1,1139677.2,9_1_1
455263,1135257.6,9_1_1
455091,1130929.3,9_1_1
454699.7,1130295.7,9_1_1
453700,1129671,9_1_1
451644.8,1129280.4,9_1_1
449441.7,1129351.5,9_1_1
448248.4,1130552.9,9_1_1
446296.1,1130420.4,9_1_1
445443.4,1129823.1,9_1_1
444711.9,1128488.2,9_1_1
444963.8,1126467.9,9_1_1
446802.8,1125603.6,9_1_1
447726.1,1124471.9,9_1_1
449771.1,1123881.5,9_1_1
452552,1121516.4,9_1_1
452136.3,1118902.3,9_1_1
451220.3,1118047.5,9_1_1
450091.9,1117718.9,9_1_1
448961,1116920.5,9_1_1
448705.3,1115166.5,9_1_1
421396.5,1114020.8,9_1_1
420009.4,1143681.5,9_1_1
419065.5,1176267.3,9_1_1
237908.2,1218734.1,10_1_1
238284.4,1219600.6,10_1_1
237508.1,1219672.2,10_1_1
237522.4,1221017.1,10_1_1
236924.2,1222258.9,10_1_1
235057.5,1223820.7,10_1_1
235246.9,1224436.9,10_1_1
234942.6,1226027,10_1_1
234107.5,1227056.1,10_1_1
234437,1227568.9,10_1_1
233995.8,1230160,10_1_1
234209.9,1230626.5,10_1_1
233916.1,1230861.6,10_1_1
234208.9,1231581.4,10_1_1
233413.3,1231738.6,10_1_1
233227.2,1232100.8,10_1_1
233950.9,1232678.6,10_1_1
233616.3,1232910.3,10_1_1
232759.5,1232676.3,10_1_1
232900.7,1233436.6,10_1_1
232464.6,1234066.3,10_1_1
232742.3,1234168.7,10_1_1
233096.1,1233680.5,10_1_1
233435.1,1234473.7,10_1_1
233939.6,1234594.3,10_1_1
232799.4,1235779.3,10_1_1
232858.4,1237432.2,10_1_1
233510.6,1237590,10_1_1
232823,1237901.4,10_1_1
233438.9,1238237.4,10_1_1
232285.8,1239384.9,10_1_1
233257.1,1240249.3,10_1_1
233805.6,1241432.8,10_1_1
233190.8,1241034.3,10_1_1
232412.8,1241820.2,10_1_1
231957.4,1240994.7,10_1_1
230601.6,1241435.2,10_1_1
229529.9,1241253.8,10_1_1
229563.3,1241689.7,10_1_1
228376.4,1241907.8,10_1_1
228326.9,1246343.7,10_1_1
230255.4,1246344.2,10_1_1
230154.8,1256130.8,10_1_1
241372.8,1256194.9,10_1_1
241456.1,1249668.9,10_1_1
255949.7,1249749.7,10_1_1
255931.6,1246488.5,10_1_1
265940.9,1246512.1,10_1_1
265905,1245588.2,10_1_1
266436.6,1245397.7,10_1_1
266663.1,1245891.7,10_1_1
266933.4,1245823.3,10_1_1
266892.1,1245345.8,10_1_1
269088.1,1245712.2,10_1_1
269527.3,1245459.3,10_1_1
271032.6,1245644.2,10_1_1
271130.4,1244853,10_1_1
270661.3,1244052.1,10_1_1
271491.9,1243915.9,10_1_1
271133.3,1243396.9,10_1_1
271857.8,1242742.6,10_1_1
271969.8,1241816.6,10_1_1
271005.7,1240991.8,10_1_1
270458.4,1239331.6,10_1_1
270638.4,1236991.4,10_1_1
271000.2,1236530.8,10_1_1
271457,1236580.4,10_1_1
271878.6,1237303.1,10_1_1
284886.7,1237066.3,10_1_1
284892.6,1217765.3,10_1_1
279799.1,1217939.5,10_1_1
279346.5,1216903.7,10_1_1
278663.7,1216543.6,10_1_1
278941.5,1216108.7,10_1_1
279571.8,1215999.8,10_1_1
279847.6,1215266.6,10_1_1
280119.1,1215282,10_1_1
280347.9,1215961.7,10_1_1
280765.1,1215931.9,10_1_1
280818.6,1213904.5,10_1_1
281791.2,1213603.9,10_1_1
281207,1212636.3,10_1_1
281360.9,1211915.2,10_1_1
282182.2,1211624.9,10_1_1
282645.4,1212410.2,10_1_1
283159.8,1212145.8,10_1_1
283241.1,1211798.2,10_1_1
282610.5,1211310.7,10_1_1
283738,1210362,10_1_1
283639.6,1209500.5,10_1_1
285133.9,1208927.6,10_1_1
283696.6,1208215,10_1_1
283413,1207720.5,10_1_1
284351.9,1206470,10_1_1
284045.8,1205582.4,10_1_1
284639.3,1204665.1,10_1_1
284114.7,1204267.8,10_1_1
284739.3,1203616.2,10_1_1
285650.7,1203858.7,10_1_1
286128.1,1203612.9,10_1_1
286501.5,1202618.9,10_1_1
286886.4,1202401.5,10_1_1
286737.7,1201490.6,10_1_1
285385.3,1201079.9,10_1_1
285930.9,1200016.4,10_1_1
285251,1199803.9,10_1_1
284871.8,1199046,10_1_1
285481.6,1198252.5,10_1_1
285238.1,1197958.5,10_1_1
283191,1199633.5,10_1_1
282957.6,1199436.4,10_1_1
283162.9,1199251,10_1_1
282759.5,1199317.3,10_1_1
282316.4,1198816.4,10_1_1
282418.5,1199406.2,10_1_1
282144.6,1199681.6,10_1_1
281902.1,1198590.4,10_1_1
281206.9,1198367.6,10_1_1
281554.4,1198017.9,10_1_1
281249.3,1197915.7,10_1_1
281004.6,1196838.2,10_1_1
280818.8,1197259.1,10_1_1
280312.5,1196769.6,10_1_1
279928.3,1196952,10_1_1
279750.6,1196436.6,10_1_1
278449.3,1196015.7,10_1_1
278559.5,1195727.3,10_1_1
277446.8,1195717.1,10_1_1
277453.2,1195202.5,10_1_1
276448.7,1195042,10_1_1
276466.6,1194478.9,10_1_1
275133.1,1194626.4,10_1_1
273811.3,1193881.7,10_1_1
273407.6,1194117.6,10_1_1
273038.3,1193554.7,10_1_1
272707.4,1193899.8,10_1_1
272105.4,1193776.7,10_1_1
271804,1194545.9,10_1_1
271352.3,1194214.6,10_1_1
270712.5,1194420.3,10_1_1
270801.8,1194892.3,10_1_1
270064.3,1194910.5,10_1_1
270103.9,1195262.5,10_1_1
269391.4,1195532.4,10_1_1
268911,1195072,10_1_1
268235.2,1195113.1,10_1_1
268568.8,1194776.7,10_1_1
267842.3,1194100.9,10_1_1
265539.8,1194312.6,10_1_1
265643.9,1194622.9,10_1_1
265206.3,1195149.7,10_1_1
263944.7,1195807.5,10_1_1
264033,1196406.9,10_1_1
262721.7,1198378.8,10_1_1
261855.9,1197994.1,10_1_1
262243.5,1197601,10_1_1
261437.2,1197646.2,10_1_1
261238.6,1198047.5,10_1_1
260352.1,1197016,10_1_1
259694.2,1197240.2,10_1_1
259229.3,1196528.4,10_1_1
258646.8,1196941.4,10_1_1
258548,1197888.5,10_1_1
258094.6,1197775.3,10_1_1
258173.4,1198184.7,10_1_1
257834.9,1198195.2,10_1_1
257792.1,1198531.9,10_1_1
257288.3,1198332.7,10_1_1
257413.9,1198692.2,10_1_1
256844.8,1198649.7,10_1_1
256517.4,1198967.9,10_1_1
256390.1,1198495.5,10_1_1
255891.2,1199323.4,10_1_1
255500.9,1198784.2,10_1_1
255425.7,1199603.9,10_1_1
254820.6,1199733.7,10_1_1
254954.5,1199403.3,10_1_1
254651,1199196.3,10_1_1
254411.7,1199649.8,10_1_1
254161.7,1199264.5,10_1_1
253989.8,1199831.8,10_1_1
253467.9,1199570.8,10_1_1
253525.9,1199007.2,10_1_1
253230.1,1199594.9,10_1_1
251961.6,1199465.3,10_1_1
251327.2,1199854.7,10_1_1
251210.6,1200140.6,10_1_1
251645.6,1200465.1,10_1_1
250933.3,1200586,10_1_1
250210.5,1200179.5,10_1_1
250401.7,1200769.4,10_1_1
248934.2,1201181.2,10_1_1
247627.8,1203834.8,10_1_1
247554.2,1204830.2,10_1_1
247197.6,1205230.8,10_1_1
248052.9,1205870.5,10_1_1
247780.4,1206899.8,10_1_1
246785.6,1207715.2,10_1_1
246839.9,1207971.2,10_1_1
245745.6,1208163.3,10_1_1
245929.1,1208804.7,10_1_1
245536.6,1209247.3,10_1_1
244341.2,1209044.5,10_1_1
244454.9,1209572.8,10_1_1
243900.7,1210699.3,10_1_1
244086.6,1211088.7,10_1_1
243593.1,1211320.6,10_1_1
243487.9,1210991.6,10_1_1
243072.1,1210977.2,10_1_1
242375.3,1212533.4,10_1_1
242046.8,1212180.2,10_1_1
241445.6,1212626.7,10_1_1
241507.8,1213032.9,10_1_1
240959.3,1212882.8,10_1_1
241211,1213094.2,10_1_1
240910.5,1213654.8,10_1_1
241203.1,1213924.2,10_1_1
240740.9,1213870.2,10_1_1
240604.6,1214135.5,10_1_1
241061.1,1214399.1,10_1_1
240604,1214348.1,10_1_1
240650.7,1215140.7,10_1_1
240173.4,1215345.5,10_1_1
240622.1,1215713.5,10_1_1
240407,1215648.9,10_1_1
240356,1216317.9,10_1_1
240105.9,1216321.8,10_1_1
240319.9,1216827.1,10_1_1
239690.3,1217787.4,10_1_1
239302.7,1217755.1,10_1_1
239399.1,1218036.5,10_1_1
239101.9,1218018.4,10_1_1
238978.5,1218482.6,10_1_1
237908.2,1218734.1,10_1_1
238067.2,1219033.3,10_1_2
238072.9,1219029.6,10_1_2
238073,1219041.6,10_1_2
238067.2,1219033.3,10_1_2
462659.1,1507273.4,11_1_1
518654,1510471,11_1_1
518483.4,1509839,11_1_1
518012,1510017.4,11_1_1
518394.7,1509605.7,11_1_1
518032.2,1509184.9,11_1_1
518335.5,1508921,11_1_1
518166.2,1508435.6,11_1_1
519584.7,1508068,11_1_1
519755,1507549.4,11_1_1
519435.7,1507264.8,11_1_1
518804.1,1507447.6,11_1_1
518596.5,1506607.1,11_1_1
519035.4,1506853.7,11_1_1
519593,1506582.6,11_1_1
519748.3,1507166.3,11_1_1
519972.2,1506085.8,11_1_1
520593,1505633.7,11_1_1
520327.9,1505270.8,11_1_1
520703,1503712,11_1_1
520308.2,1503533.8,11_1_1
520388.9,1503122.7,11_1_1
519949.5,1503013.7,11_1_1
519890.8,1502450.4,11_1_1
520389.2,1501964.8,11_1_1
520789.8,1502171.5,11_1_1
520471.4,1501155.8,11_1_1
521408.4,1501534.2,11_1_1
521355.8,1500953.2,11_1_1
522208.6,1501137.5,11_1_1
522286.5,1500777.7,11_1_1
522737.8,1500775.2,11_1_1
522558.3,1500419.8,11_1_1
522979,1500625.9,11_1_1
523113.3,1500210.6,11_1_1
523550,1500399.7,11_1_1
523837.3,1500037.6,11_1_1
524457.1,1500281.7,11_1_1
525675.6,1500002.8,11_1_1
526305.2,1499168.8,11_1_1
526633.4,1499246.5,11_1_1
527087.3,1498586.3,11_1_1
526922.5,1498335.6,11_1_1
527367.1,1498196.5,11_1_1
527092.8,1497586.2,11_1_1
527448.8,1497454.4,11_1_1
527461.7,1496332.3,11_1_1
527117.5,1495186.1,11_1_1
526312,1494283.3,11_1_1
526681.8,1493566.9,11_1_1
526344.2,1492919.3,11_1_1
526610.7,1492568.7,11_1_1
526121.4,1491726.7,11_1_1
526326.8,1490820.3,11_1_1
526631.2,1490908.6,11_1_1
527316.4,1490268.5,11_1_1
527856.6,1489167.4,11_1_1
527259,1488043.9,11_1_1
526621.9,1487631.8,11_1_1
526918.1,1486602.7,11_1_1
526256.4,1485577.8,11_1_1
525227.8,1485462.1,11_1_1
523438.8,1484487.5,11_1_1
522971.7,1482173,11_1_1
522364.4,1481986.3,11_1_1
522934.5,1481287.5,11_1_1
522825.6,1480587,11_1_1
522313.3,1480227.1,11_1_1
521427.2,1480293.5,11_1_1
520597.6,1478902.6,11_1_1
519089.8,1478666.5,11_1_1
518415.4,1477826.7,11_1_1
518113,1477990.5,11_1_1
517970.2,1477565.8,11_1_1
517493.9,1477564.9,11_1_1
517354.6,1477122.5,11_1_1
505715,1476295,11_1_1
505426.5,1482887.8,11_1_1
491136.5,1482104,11_1_1
470164.5,1481827.3,11_1_1
462110,1481254.7,11_1_1
462016.1,1483645.6,11_1_1
462250.3,1483879.3,11_1_1
462351.7,1483453.5,11_1_1
462568.6,1483865.8,11_1_1
462674.2,1483455.6,11_1_1
463329.1,1483645.4,11_1_1
463474.1,1484405.6,11_1_1
464262.5,1483858.2,11_1_1
464212,1483306,11_1_1
464641.5,1483193.3,11_1_1
465610.3,1483726.5,11_1_1
466152.4,1483535.3,11_1_1
466231,1483203.2,11_1_1
466581,1483391.8,11_1_1
467109,1483046.2,11_1_1
466847.8,1483352.4,11_1_1
466383.1,1497870.5,11_1_1
464410.7,1497778.4,11_1_1
464524.2,1498631.1,11_1_1
465184.8,1498364.8,11_1_1
465133.2,1498735.2,11_1_1
465562.7,1499030.3,11_1_1
465010.8,1499569.2,11_1_1
464682.3,1499101.8,11_1_1
463679.4,1499182.5,11_1_1
463596.8,1499656.9,11_1_1
464102.9,1499447.2,11_1_1
464510.8,1499955.9,11_1_1
463440.1,1500583.2,11_1_1
463834.5,1501592.4,11_1_1
463774.3,1504617.3,11_1_1
464208.1,1504939.5,11_1_1
463915.6,1505362.5,11_1_1
464008.4,1506077.4,11_1_1
463316.8,1506245.3,11_1_1
462659.1,1507273.4,11_1_1
337056.2,1413179.2,12_1_1
375937.3,1413948.1,12_1_1
377440.6,1414822.4,12_1_1
378168.4,1386152.5,12_1_1
376642.7,1385946.8,12_1_1
376003.1,1385418.4,12_1_1
375150.4,1385891.3,12_1_1
374652.2,1384440.4,12_1_1
373388.3,1383803.9,12_1_1
373600.2,1375049.2,12_1_1
337497.2,1374157.7,12_1_1
337056.2,1413179.2,12_1_1
370593.9,1230035.3,13_1_1
371076.8,1220328.9,13_1_1
368933,1220250.5,13_1_1
370278,1189789.1,13_1_1
341819.7,1188758.2,13_1_1
337607.5,1188845.5,13_1_1
337388.6,1189210.7,13_1_1
337582.2,1190550,13_1_1
337325.2,1190401.9,13_1_1
337446,1190737.1,13_1_1
337196.9,1190650.5,13_1_1
337008.8,1191009.5,13_1_1
337311.3,1191541.2,13_1_1
336861.2,1191754.1,13_1_1
336821.3,1192392.9,13_1_1
336434.6,1192731.1,13_1_1
337649.5,1196680.4,13_1_1
337214.2,1197034.9,13_1_1
336985.5,1198516.3,13_1_1
336249,1199592.3,13_1_1
336743.5,1200315.9,13_1_1
336336.2,1201119.8,13_1_1
336489.6,1201720,13_1_1
336208.3,1201880.6,13_1_1
336502.8,1202291.7,13_1_1
336166.4,1202831.9,13_1_1
336313,1203086.1,13_1_1
335834.4,1203774.5,13_1_1
335269.8,1203755.1,13_1_1
335392,1204182.4,13_1_1
334953.9,1204350,13_1_1
334835.6,1205079.1,13_1_1
332779.2,1206266.3,13_1_1
332744.4,1206587.7,13_1_1
332394.4,1206497.8,13_1_1
332041.1,1207497.8,13_1_1
331796.7,1207419.3,13_1_1
331427.5,1208243.1,13_1_1
330963.6,1208434.5,13_1_1
330739.7,1209939,13_1_1
330386.3,1210094.5,13_1_1
330573.3,1210560.1,13_1_1
330324.4,1211542.1,13_1_1
329399.1,1211917.2,13_1_1
329405.4,1212893.5,13_1_1
329134.1,1212860.2,13_1_1
328289.2,1214526.9,13_1_1
326880.6,1215137.5,13_1_1
327123.4,1215528.3,13_1_1
326666.6,1215998,13_1_1
326256.5,1215828.9,13_1_1
326426.1,1216019.7,13_1_1
326219.2,1216019.7,13_1_1
326172.4,1216189.5,13_1_1
326416.3,1216147.4,13_1_1
326142.6,1216511.2,13_1_1
325413,1216722.1,13_1_1
324877.6,1217606.4,13_1_1
324987.9,1217961.5,13_1_1
323204.4,1217918.5,13_1_1
323215.3,1227353.6,13_1_1
347471.5,1228943,13_1_1
370593.9,1230035.3,13_1_1
256558.1,1157846.5,14_1_1
266224.5,1157894.3,14_1_1
266236.8,1149772.3,14_1_1
279220.6,1149850.4,14_1_1
279547.5,1109669,14_1_1
232959,1108477,14_1_1
233070.2,1135403.6,14_1_1
236758.9,1135297.6,14_1_1
237191.7,1136107.6,14_1_1
237547.2,1137345.4,14_1_1
237202.3,1138804.9,14_1_1
238389.4,1140287.9,14_1_1
237771.5,1141757.9,14_1_1
238263,1142349.5,14_1_1
238878.9,1144973.7,14_1_1
239388.9,1145908.8,14_1_1
239121.7,1146976.9,14_1_1
240104.5,1148300.3,14_1_1
240514.3,1151080.4,14_1_1
241204.5,1151695.2,14_1_1
242256.8,1154984.2,14_1_1
243254.7,1156284.3,14_1_1
256581.9,1156216.2,14_1_1
256558.1,1157846.5,14_1_1
269396.3,1339540.3,15_1_1
269453.2,1339530.7,15_1_1
269338.2,1339549.8,15_1_1
269396.3,1339540.3,15_1_1
292227.5,1339837.8,15_2_1
267554.3,1339573.8,15_2_1
268860.8,1341183.5,15_2_1
268620.9,1342081.3,15_2_1
267563.7,1342539.7,15_2_1
267463,1343179,15_2_1
268847.3,1343499.1,15_2_1
269350,1344236.8,15_2_1
269964.9,1343827,15_2_1
272748.5,1344200,15_2_1
273098.9,1344604.1,15_2_1
272831.1,1344912.7,15_2_1
273305.6,1345098.6,15_2_1
272929.5,1345865.3,15_2_1
275015.6,1346959,15_2_1
275641.5,1348098.7,15_2_1
277657.5,1350090.2,15_2_1
283984.8,1350833.2,15_2_1
283303.8,1383304.5,15_2_1
316709.5,1383628.9,15_2_1
316954.7,1363485,15_2_1
316210.5,1363309.4,15_2_1
315736.5,1362526.7,15_2_1
316228.6,1362468.6,15_2_1
315106.1,1361459.2,15_2_1
314389.3,1361312.4,15_2_1
314809.1,1360456.1,15_2_1
315381.8,1360279.3,15_2_1
315393.8,1359472,15_2_1
314741.5,1359438.1,15_2_1
314731.1,1360042.4,15_2_1
314430.2,1358654.3,15_2_1
313767.6,1358434.6,15_2_1
313839.8,1357999.9,15_2_1
313305.1,1358370.4,15_2_1
312963.5,1357606.7,15_2_1
313217,1357015.2,15_2_1
313767.5,1357377.9,15_2_1
313577.4,1356911.2,15_2_1
314126.7,1356815.5,15_2_1
313999.3,1356488.2,15_2_1
313719.2,1356669.4,15_2_1
313680.3,1356146.1,15_2_1
313374.4,1355986.6,15_2_1
313695.9,1355466,15_2_1
313261,1354445.1,15_2_1
313527.6,1354214.3,15_2_1
313318.4,1353767.5,15_2_1
313844.5,1353744,15_2_1
313908.8,1353328.7,15_2_1
314235.6,1353527.3,15_2_1
314243.2,1353139.2,15_2_1
316043.9,1352170.4,15_2_1
315720.8,1351905.6,15_2_1
315985.4,1351492,15_2_1
315401,1351319,15_2_1
315925.6,1350890,15_2_1
315761.6,1349080.8,15_2_1
314965.8,1348710.8,15_2_1
315493.2,1348490.3,15_2_1
315629.3,1348065.3,15_2_1
314833.9,1347131.4,15_2_1
314329.6,1345385.7,15_2_1
313160.7,1345373.1,15_2_1
312304.7,1346610.6,15_2_1
311351.6,1345562.5,15_2_1
311332.4,1345119.8,15_2_1
310535.8,1345376.5,15_2_1
309945.5,1345056,15_2_1
306830.5,1341411.6,15_2_1
304248.3,1340712.1,15_2_1
303346.6,1340701.9,15_2_1
303263.4,1341163.2,15_2_1
303550.5,1341771.9,15_2_1
305047.3,1342617.4,15_2_1
305387.4,1343194.2,15_2_1
305307.6,1344104.6,15_2_1
304593.7,1344662.4,15_2_1
303786.7,1344529.1,15_2_1
302826.7,1343847.5,15_2_1
300566.6,1340836.9,15_2_1
297127.2,1339915.7,15_2_1
296655.4,1340145.2,15_2_1
292227.5,1339837.8,15_2_1
509930.1,1453661.4,16_1_1
512130.4,1420536.4,16_1_1
502826.8,1420122.7,16_1_1
492875.7,1420224.2,16_1_1
482939.7,1419322.9,16_1_1
444896,1417724.2,16_1_1
444263.4,1437482.2,16_1_1
458559,1437770.8,16_1_1
458350.6,1442640.9,16_1_1
459405.6,1442784.2,16_1_1
459500.8,1443262.6,16_1_1
459135.3,1443364.1,16_1_1
459108.6,1444295.1,16_1_1
458803,1444550,16_1_1
459315.2,1444732.2,16_1_1
458874.1,1445233.6,16_1_1
459539.3,1445582.3,16_1_1
459111.2,1446181.4,16_1_1
459429.4,1446701,16_1_1
459736.8,1446630.4,16_1_1
459637.7,1446945.9,16_1_1
460047.1,1447329,16_1_1
459867.7,1447609.6,16_1_1
501369.4,1449595.1,16_1_1
501305.2,1452220.4,16_1_1
502011,1453107.8,16_1_1
509930.1,1453661.4,16_1_1
144015.3,1378152.8,17_1_1
143781.6,1378126.6,17_1_1
143777.8,1378135.2,17_1_1
144015.3,1378152.8,17_1_1
144023.3,1378160.8,17_2_1
144090.7,1378167.4,17_2_1
144015.3,1378152.8,17_2_1
144023.3,1378160.8,17_2_1
144492.7,1378186.4,17_3_1
144476.9,1378203.9,17_3_1
144502.6,1378187.4,17_3_1
144492.7,1378186.4,17_3_1
165667.5,1376405.4,17_4_1
167558.1,1374188,17_4_1
167935.3,1372982.5,17_4_1
167759,1371695,17_4_1
166975.6,1370927.3,17_4_1
165577.4,1370583.4,17_4_1
162997.9,1371765.4,17_4_1
162383.9,1371026.1,17_4_1
161912.1,1368854.6,17_4_1
159985.9,1367861.8,17_4_1
158321.3,1368123.5,17_4_1
156960.5,1367770.6,17_4_1
154792.7,1368477,17_4_1
154308.9,1368329.2,17_4_1
153539.2,1367409,17_4_1
151340.7,1368327.3,17_4_1
149069.6,1370648.9,17_4_1
149564.9,1373501.6,17_4_1
149248.7,1374579.4,17_4_1
147314.9,1376478.1,17_4_1
144570.6,1378433,17_4_1
143249.4,1378207.3,17_4_1
143179.6,1377924.3,17_4_1
143375.3,1377995,17_4_1
142570.3,1377017,17_4_1
142580.6,1376726.2,17_4_1
142899.5,1377120.4,17_4_1
142707.3,1376784.5,17_4_1
142495,1376669.3,17_4_1
142497.7,1376056.2,17_4_1
141812.6,1376009.6,17_4_1
142019.1,1375384.5,17_4_1
141208.9,1372048.1,17_4_1
135044.6,1412841.5,17_4_1
168063.2,1412450.3,17_4_1
168086.7,1414042,17_4_1
188876.1,1413915.5,17_4_1
188892.1,1412295.5,17_4_1
187228.3,1412297.6,17_4_1
187233.8,1410650.3,17_4_1
182510,1410694.6,17_4_1
182520.2,1407481.4,17_4_1
180912.8,1407517.4,17_4_1
180882.2,1402674.1,17_4_1
172849.5,1402693.9,17_4_1
172837.1,1392951.9,17_4_1
177600.1,1392909.4,17_4_1
177599.2,1390919.5,17_4_1
176539.2,1390420.2,17_4_1
176579.9,1389657,17_4_1
176086.1,1389221.9,17_4_1
176075,1387986.9,17_4_1
176418.3,1387822.7,17_4_1
177201.2,1385378.6,17_4_1
176730.2,1384614.3,17_4_1
176162.1,1384487.6,17_4_1
175315.4,1383652.3,17_4_1
175326.2,1383374.5,17_4_1
176370.9,1382945.2,17_4_1
176223.8,1382573.1,17_4_1
174934.4,1382000.2,17_4_1
174695.8,1381569.2,17_4_1
177509.7,1380210.3,17_4_1
172185.3,1378052.7,17_4_1
168455.4,1378900.1,17_4_1
167145.8,1378820.8,17_4_1
165994.1,1378009.2,17_4_1
165959.4,1377537.9,17_4_1
165725.7,1377685.3,17_4_1
165452.3,1377051.5,17_4_1
165667.5,1376405.4,17_4_1
165527.4,1376504.7,17_4_2
165565.1,1376612.9,17_4_2
165546.1,1376668.2,17_4_2
165527.4,1376504.7,17_4_2
173811.8,1402701.5,17_5_1
173802.2,1402701.5,17_5_1
173800.7,1402712.2,17_5_1
173811.8,1402701.5,17_5_1
494680.3,1390550.8,18_1_1
527060.2,1391918.9,18_1_1
524579.4,1390108.2,18_1_1
524012.9,1385614.6,18_1_1
525150.5,1384860.6,18_1_1
527832.9,1385251.5,18_1_1
526985.6,1386747.9,18_1_1
526799.8,1387968.8,18_1_1
527340.8,1389019.3,18_1_1
528189.9,1389421.8,18_1_1
529736.9,1389114.5,18_1_1
531265,1387539,18_1_1
533289.1,1386419.8,18_1_1
531615,1382036.6,18_1_1
531052.8,1377602.9,18_1_1
530069.3,1377509.2,18_1_1
528142.3,1376547,18_1_1
527121.8,1376969.2,18_1_1
526671.9,1376798.5,18_1_1
525926.9,1376024.1,18_1_1
525590.4,1374291.6,18_1_1
526229.8,1372954.6,18_1_1
527435,1371575.8,18_1_1
528318.5,1371343,18_1_1
530410.5,1371845.3,18_1_1
531489.1,1371736.7,18_1_1
532268.1,1371237,18_1_1
533979.9,1369046.4,18_1_1
534562.1,1367515.1,18_1_1
534132.9,1366160.3,18_1_1
533159,1366932.6,18_1_1
532589.5,1365142.6,18_1_1
531113.6,1365494,18_1_1
530844,1365325.3,18_1_1
530836.3,1364259.7,18_1_1
531614.8,1363254.5,18_1_1
531917.7,1361949.4,18_1_1
533259.4,1361024.6,18_1_1
535473.3,1360653.3,18_1_1
535920.8,1359088,18_1_1
534075.5,1356824.6,18_1_1
533209.5,1356473.8,18_1_1
532035.6,1356598.2,18_1_1
528911,1358221.1,18_1_1
526946.4,1356994.2,18_1_1
525997.9,1355462.9,18_1_1
525729.6,1353127.2,18_1_1
524807.3,1349735.2,18_1_1
525028.7,1347463.2,18_1_1
523643.7,1345729.4,18_1_1
523091.6,1345628.2,18_1_1
518502.3,1346958.3,18_1_1
515767.3,1346771,18_1_1
514680.9,1343304.6,18_1_1
514989.3,1341317.2,18_1_1
516221.6,1339584,18_1_1
519781.9,1337418.7,18_1_1
520846.7,1336439.5,18_1_1
521193.6,1333308.9,18_1_1
520787.4,1332205.6,18_1_1
515279.3,1327867.6,18_1_1
516356.4,1326159,18_1_1
516242.3,1325454,18_1_1
515658.9,1324811.7,18_1_1
514389.7,1325106.3,18_1_1
512933,1326455.4,18_1_1
511899.7,1325592.5,18_1_1
509443.4,1324632.5,18_1_1
506979.7,1323034.6,18_1_1
505873.8,1341968,18_1_1
506357.1,1341994.7,18_1_1
505585.7,1358282.5,18_1_1
496363.2,1357297.1,18_1_1
496214.8,1361158.8,18_1_1
495827.7,1361129.9,18_1_1
494680.3,1390550.8,18_1_1
475238.8,1390343,19_1_1
484711.5,1390769.9,19_1_1
484742.3,1389975,19_1_1
494488.9,1390541,19_1_1
495827.7,1361129.9,19_1_1
496214.8,1361158.8,19_1_1
496366.7,1357202.5,19_1_1
476626.6,1356593,19_1_1
447655.4,1355060.8,19_1_1
446231.4,1388023.1,19_1_1
455955.9,1388416.4,19_1_1
465582.1,1389369.5,19_1_1
475262.1,1389902.6,19_1_1
475238.8,1390343,19_1_1
284886.7,1237066.3,20_1_1
291530.3,1236812.7,20_1_1
320850.2,1237017.5,20_1_1
321100.5,1235763.8,20_1_1
322206.1,1235756.6,20_1_1
322531.2,1236104.4,20_1_1
322483.4,1235695.1,20_1_1
322875.8,1236066.1,20_1_1
323302.3,1235930.9,20_1_1
323182,1236310.7,20_1_1
323527.9,1235900.8,20_1_1
324270.7,1235810.9,20_1_1
324156.2,1235230.1,20_1_1
324654.4,1235335.8,20_1_1
325038.4,1234789.9,20_1_1
325670.9,1234877.7,20_1_1
325591.2,1235250.6,20_1_1
326567.8,1235251.3,20_1_1
326636.6,1234967.6,20_1_1
327061.3,1235145.3,20_1_1
327219.3,1234702.5,20_1_1
328453.6,1233794.8,20_1_1
328568,1234104.4,20_1_1
328740.6,1233843.5,20_1_1
329039,1234085.6,20_1_1
329500.5,1233460.5,20_1_1
329042,1233302.5,20_1_1
329303.2,1232879.4,20_1_1
329778.3,1233044.3,20_1_1
330436.2,1232699,20_1_1
330687.5,1231850.1,20_1_1
331143.1,1232015.8,20_1_1
331598.4,1231049,20_1_1
331972.7,1230912,20_1_1
332411.7,1229940.2,20_1_1
332095.4,1229638.3,20_1_1
333855.4,1228894.3,20_1_1
333889.7,1229371.9,20_1_1
334390.6,1229084.1,20_1_1
334516,1229299.2,20_1_1
334692.2,1228726.8,20_1_1
335492.3,1228591.1,20_1_1
335572.3,1228110.5,20_1_1
323215.3,1227353.6,20_1_1
323204.4,1217918.5,20_1_1
324987.9,1217961.5,20_1_1
324877.6,1217606.4,20_1_1
325413,1216722.1,20_1_1
326142.6,1216511.2,20_1_1
326416.3,1216147.4,20_1_1
326172.4,1216189.5,20_1_1
326426.1,1216019.7,20_1_1
326256.5,1215828.9,20_1_1
326666.6,1215998,20_1_1
327123.4,1215528.3,20_1_1
326880.6,1215137.5,20_1_1
328289.2,1214526.9,20_1_1
329134.1,1212860.2,20_1_1
329405.4,1212893.5,20_1_1
329399.1,1211917.2,20_1_1
330324.4,1211542.1,20_1_1
330573.3,1210560.1,20_1_1
330386.3,1210094.5,20_1_1
330739.7,1209939,20_1_1
330963.6,1208434.5,20_1_1
331427.5,1208243.1,20_1_1
331796.7,1207419.3,20_1_1
332041.1,1207497.8,20_1_1
332394.4,1206497.8,20_1_1
332744.4,1206587.7,20_1_1
332779.2,1206266.3,20_1_1
334835.6,1205079.1,20_1_1
334953.9,1204350,20_1_1
335392,1204182.4,20_1_1
335269.8,1203755.1,20_1_1
335834.4,1203774.5,20_1_1
336313,1203086.1,20_1_1
336166.4,1202831.9,20_1_1
336502.8,1202291.7,20_1_1
336208.3,1201880.6,20_1_1
336489.6,1201720,20_1_1
336336.2,1201119.8,20_1_1
336743.5,1200315.9,20_1_1
336242.8,1199622.8,20_1_1
336931.6,1198572.8,20_1_1
285517.2,1198403,20_1_1
284871.8,1199046,20_1_1
285251,1199803.9,20_1_1
285930.9,1200016.4,20_1_1
285385.3,1201079.9,20_1_1
286737.7,1201490.6,20_1_1
286886.4,1202401.5,20_1_1
286501.5,1202618.9,20_1_1
286128.1,1203612.9,20_1_1
285650.7,1203858.7,20_1_1
284739.3,1203616.2,20_1_1
284114.7,1204267.8,20_1_1
284639.3,1204665.1,20_1_1
284045.8,1205582.4,20_1_1
284351.9,1206470,20_1_1
283413,1207720.5,20_1_1
283696.6,1208215,20_1_1
285133.9,1208927.6,20_1_1
283639.6,1209500.5,20_1_1
283738,1210362,20_1_1
282610.5,1211310.7,20_1_1
283241.1,1211798.2,20_1_1
283159.8,1212145.8,20_1_1
282645.4,1212410.2,20_1_1
282182.2,1211624.9,20_1_1
281360.9,1211915.2,20_1_1
281207,1212636.3,20_1_1
281791.2,1213603.9,20_1_1
280818.6,1213904.5,20_1_1
280765.1,1215931.9,20_1_1
280347.9,1215961.7,20_1_1
280119.1,1215282,20_1_1
279847.6,1215266.6,20_1_1
279571.8,1215999.8,20_1_1
278941.5,1216108.7,20_1_1
278663.7,1216543.6,20_1_1
279346.5,1216903.7,20_1_1
279799.1,1217939.5,20_1_1
284892.6,1217765.3,20_1_1
284886.7,1237066.3,20_1_1
446777.6,1239767,21_1_1
461657.9,1240514.6,21_1_1
462523,1239501.8,21_1_1
464905.5,1237903.3,21_1_1
465571.8,1237804.4,21_1_1
468174.5,1238460.3,21_1_1
468996.6,1238006,21_1_1
469619.9,1236901,21_1_1
469380.3,1235835,21_1_1
468194.9,1233764.4,21_1_1
468396.2,1231312.6,21_1_1
467947,1230556.5,21_1_1
467033.9,1230095,21_1_1
464981.1,1229907.3,21_1_1
463400.6,1229326.9,21_1_1
460810.4,1229589,21_1_1
459249.1,1229217.5,21_1_1
460118,1226871.8,21_1_1
460959.1,1226277,21_1_1
461897.4,1224982.4,21_1_1
461855,1223910.3,21_1_1
461438.5,1223098.1,21_1_1
460016.2,1222671.7,21_1_1
458612.9,1223138.6,21_1_1
456565,1227280.1,21_1_1
455193.2,1226350.2,21_1_1
454419.9,1225357.2,21_1_1
451450.4,1224841.9,21_1_1
450255.1,1223556.5,21_1_1
450288.4,1222503.6,21_1_1
450810.5,1221741.8,21_1_1
455293,1220585,21_1_1
456785.5,1219921.1,21_1_1
457727.2,1219100.5,21_1_1
456379.9,1216638.4,21_1_1
452539.2,1211820.7,21_1_1
452444.4,1210498.6,21_1_1
453000.8,1208905.1,21_1_1
455230.5,1206084.6,21_1_1
459425.9,1204665.8,21_1_1
460234.2,1203930.6,21_1_1
460582.9,1203046.5,21_1_1
460375.6,1202169.7,21_1_1
459604.4,1201275.9,21_1_1
457511.8,1200475.1,21_1_1
454609.9,1202081.1,21_1_1
451719.1,1201674.6,21_1_1
449749.7,1200925.1,21_1_1
448200.8,1202130.5,21_1_1
447392.7,1202236,21_1_1
446723,1201496.6,21_1_1
446297.2,1200381.1,21_1_1
446740.8,1199553,21_1_1
446412.6,1198555.2,21_1_1
446344.8,1196246.1,21_1_1
447811.4,1194480.7,21_1_1
449167.7,1193592.7,21_1_1
451088.1,1193726.6,21_1_1
453647.8,1195070,21_1_1
454429.4,1194924.8,21_1_1
455684,1194038.8,21_1_1
456764,1192171.2,21_1_1
457297.5,1192048.5,21_1_1
457198.4,1190793.4,21_1_1
456296.9,1189927.8,21_1_1
454775.6,1189526.8,21_1_1
453045.3,1188528.8,21_1_1
451939.1,1188394.4,21_1_1
448175,1190094.2,21_1_1
445192.8,1193585.5,21_1_1
440535.4,1192359.8,21_1_1
439784.4,1191726.2,21_1_1
439169.7,1190593.4,21_1_1
439371.9,1188992.1,21_1_1
440389.8,1188086.3,21_1_1
444257.8,1187098.4,21_1_1
447502.2,1184732.3,21_1_1
448497.4,1182996.7,21_1_1
448302.3,1181148.9,21_1_1
446473.8,1179641.3,21_1_1
444302.9,1179616.1,21_1_1
442515.2,1178346.1,21_1_1
440162.6,1177702.7,21_1_1
439572,1177005.4,21_1_1
438311.1,1176945,21_1_1
438450.3,1172000.5,21_1_1
431164.3,1171799.9,21_1_1
431146.2,1172637.4,21_1_1
430323,1172620.5,21_1_1
430306.5,1173432.3,21_1_1
429108.1,1173372.2,21_1_1
429145.4,1171793.1,21_1_1
428757,1171780,21_1_1
428633.1,1176713.9,21_1_1
419065.5,1176267.3,21_1_1
418192.1,1200451.9,21_1_1
408349.8,1200314.3,21_1_1
408047.7,1210101.5,21_1_1
408131.9,1221943.8,21_1_1
415735.7,1222191.5,21_1_1
415625.8,1225430.7,21_1_1
417473.4,1225490.5,21_1_1
417491.2,1224880.9,21_1_1
419600.9,1224918.9,21_1_1
419560.4,1226702.1,21_1_1
420980.3,1225466.6,21_1_1
422020.9,1223590.6,21_1_1
423149.6,1223035.3,21_1_1
424143.5,1223314.7,21_1_1
426509.2,1225829.3,21_1_1
427679.8,1226096.8,21_1_1
428670.5,1225673.4,21_1_1
429275.5,1224852.7,21_1_1
428780.6,1223532.9,21_1_1
425745.6,1221370,21_1_1
425841.1,1220854.1,21_1_1
426475.9,1220412,21_1_1
430160.7,1221131.6,21_1_1
432831.3,1222813,21_1_1
433569.3,1222660.8,21_1_1
434459.8,1221034.3,21_1_1
435229.7,1220954.1,21_1_1
436550.2,1223069.4,21_1_1
437486.9,1223505.5,21_1_1
438785.4,1222942.4,21_1_1
439244.4,1221028.4,21_1_1
440452.7,1220879.2,21_1_1
442913.4,1221623,21_1_1
443480.5,1221076.8,21_1_1
443863,1219864.8,21_1_1
444753.3,1219341.2,21_1_1
444883.3,1219935.5,21_1_1
445678.2,1220274.9,21_1_1
445788.6,1221020.2,21_1_1
446364.6,1221534.1,21_1_1
445086.1,1223324.8,21_1_1
443881.2,1223873.8,21_1_1
443968,1225400.6,21_1_1
443072.1,1227348.8,21_1_1
442404.4,1227992.9,21_1_1
441275.7,1228118,21_1_1
441183.8,1229527.6,21_1_1
440223.7,1229960.8,21_1_1
439971.3,1231881.3,21_1_1
440706,1233060.4,21_1_1
440082.9,1234220.9,21_1_1
441030.9,1234267.8,21_1_1
440741.2,1235223.7,21_1_1
442309.8,1236758.5,21_1_1
443308.2,1235873.4,21_1_1
444047.5,1235843.8,21_1_1
443861.6,1237846.9,21_1_1
444741.5,1237709.8,21_1_1
444474.9,1238124.7,21_1_1
444582.2,1238781,21_1_1
446194.2,1238258.7,21_1_1
446777.6,1239767,21_1_1
369853.3,1199530.8,22_1_1
398529.4,1200855.3,22_1_1
410213.6,1200205,22_1_1
418192.1,1200451.9,22_1_1
419634.3,1156748.2,22_1_1
370403.7,1155564.3,22_1_1
369423.4,1156952.4,22_1_1
369296.9,1158763.3,22_1_1
370059.4,1159856.8,22_1_1
369635.6,1160437.9,22_1_1
368194.5,1160835.4,22_1_1
367804.7,1162035.7,22_1_1
368398.8,1163301.4,22_1_1
369168.6,1163881.4,22_1_1
368264.6,1165307.6,22_1_1
368302.6,1166208.8,22_1_1
369098.5,1166898.6,22_1_1
368883.9,1167838.4,22_1_1
368390.4,1168079,22_1_1
368985.8,1168551.8,22_1_1
368481.9,1168655.6,22_1_1
368691.9,1169095.3,22_1_1
368146.6,1169369.8,22_1_1
368135.3,1170142,22_1_1
371082.5,1170290.4,22_1_1
369853.3,1199530.8,22_1_1
316873.2,1373892.6,23_1_1
340597.8,1374156.4,23_1_1
350220.7,1374557.8,23_1_1
350915.8,1335334.8,23_1_1
341318.3,1335196.8,23_1_1
341499,1325470.1,23_1_1
324323.1,1325280.5,23_1_1
324920.8,1324482.5,23_1_1
324488.6,1324367.6,23_1_1
324823.1,1324166,23_1_1
324585.8,1324016.1,23_1_1
324749.8,1323715.7,23_1_1
324468.5,1323709.9,23_1_1
324714.1,1323591.7,23_1_1
324534,1323185.2,23_1_1
323992.9,1322826.4,23_1_1
323574.9,1322927.6,23_1_1
323070,1322384.4,23_1_1
322873.6,1322529.5,23_1_1
323076.1,1322198.8,23_1_1
322813.3,1321960.9,23_1_1
322281.8,1322353.8,23_1_1
321676.1,1321951,23_1_1
321966,1319794.3,23_1_1
322542.1,1318212.5,23_1_1
322212.1,1316825.2,23_1_1
323179.6,1315208.8,23_1_1
321213.1,1316341.1,23_1_1
320586.6,1317208.1,23_1_1
320655.9,1318475.1,23_1_1
321533.4,1320721.8,23_1_1
321450,1322049.7,23_1_1
320451.4,1323590.9,23_1_1
320290.2,1324782.7,23_1_1
319205.6,1326578,23_1_1
318108.5,1327287.6,23_1_1
314649.1,1327039.1,23_1_1
311258.5,1327773.5,23_1_1
308835.3,1329705.1,23_1_1
307840,1332320.6,23_1_1
308225.9,1333641.4,23_1_1
311313.5,1336656.6,23_1_1
312402.7,1338649.8,23_1_1
312625.6,1342399,23_1_1
311327.9,1345518.1,23_1_1
312304.7,1346610.6,23_1_1
313160.7,1345373.1,23_1_1
314329.6,1345385.7,23_1_1
314833.9,1347131.4,23_1_1
315629.3,1348065.3,23_1_1
315493.2,1348490.3,23_1_1
314965.8,1348710.8,23_1_1
315761.6,1349080.8,23_1_1
315925.6,1350890,23_1_1
315401,1351319,23_1_1
316015,1351532.4,23_1_1
315720.8,1351905.6,23_1_1
316037,1352201.4,23_1_1
314243.2,1353139.2,23_1_1
314235.6,1353527.3,23_1_1
313908.8,1353328.7,23_1_1
313844.5,1353744,23_1_1
313318.4,1353767.5,23_1_1
313527.6,1354214.3,23_1_1
313261,1354445.1,23_1_1
313695.9,1355466,23_1_1
313374.4,1355986.6,23_1_1
313680.3,1356146.1,23_1_1
313719.2,1356669.4,23_1_1
313999.3,1356488.2,23_1_1
314126.7,1356815.5,23_1_1
313577.4,1356911.2,23_1_1
313767.5,1357377.9,23_1_1
313217,1357015.2,23_1_1
312965,1357624.2,23_1_1
313305.1,1358370.4,23_1_1
313839.8,1357999.9,23_1_1
313767.6,1358434.6,23_1_1
314430.2,1358654.3,23_1_1
314731.1,1360042.4,23_1_1
314741.5,1359438.1,23_1_1
315393.8,1359472,23_1_1
315381.8,1360279.3,23_1_1
314809.1,1360456.1,23_1_1
314389.3,1361312.4,23_1_1
315106.1,1361459.2,23_1_1
316228.6,1362468.6,23_1_1
315736.5,1362526.7,23_1_1
316210.5,1363309.4,23_1_1
316954.7,1363485,23_1_1
316873.2,1373892.6,23_1_1
172849.5,1402693.9,24_1_1
180882.2,1402674.1,24_1_1
180912.8,1407517.4,24_1_1
182520.2,1407481.4,24_1_1
182510,1410694.6,24_1_1
187233.8,1410650.3,24_1_1
187228.3,1412297.6,24_1_1
188892.1,1412295.5,24_1_1
188876.1,1413915.5,24_1_1
187219.3,1413895.5,24_1_1
187207.2,1415517.2,24_1_1
206439.7,1415332.3,24_1_1
206245.6,1371277.6,24_1_1
205488.5,1370558.1,24_1_1
204115,1370544.8,24_1_1
202858.4,1369997.2,24_1_1
202327.4,1370188.2,24_1_1
201722.4,1371407.2,24_1_1
198709.8,1373967.7,24_1_1
197389.8,1377200.6,24_1_1
197397.6,1364107.8,24_1_1
187738.1,1364560.2,24_1_1
187679.8,1354527.1,24_1_1
177923.6,1354510.2,24_1_1
177941.1,1352571.2,24_1_1
176319.6,1352587.2,24_1_1
176214,1350933.7,24_1_1
174694.8,1350941.8,24_1_1
174717.6,1352600.5,24_1_1
173044.4,1352595,24_1_1
173225.2,1378191.2,24_1_1
175604.8,1379576.3,24_1_1
177509.7,1380210.3,24_1_1
174695.8,1381569.2,24_1_1
174934.4,1382000.2,24_1_1
176223.8,1382573.1,24_1_1
176370.9,1382945.2,24_1_1
175326.2,1383374.5,24_1_1
175315.4,1383652.3,24_1_1
176162.1,1384487.6,24_1_1
176730.2,1384614.3,24_1_1
177201.2,1385378.6,24_1_1
176418.3,1387822.7,24_1_1
176075,1387986.9,24_1_1
176086.1,1389221.9,24_1_1
176579.9,1389657,24_1_1
176539.2,1390420.2,24_1_1
177599.2,1390919.5,24_1_1
177600.1,1392909.4,24_1_1
172837.1,1392951.9,24_1_1
172849.5,1402693.9,24_1_1
173811.8,1402701.5,24_1_2
173800.7,1402712.2,24_1_2
173802.2,1402701.5,24_1_2
173811.8,1402701.5,24_1_2
341574.2,1501502.2,25_1_1
403670.1,1504161.2,25_1_1
404146.1,1485975.7,25_1_1
394236.3,1485726.3,25_1_1
394672.8,1475934,25_1_1
341857.2,1474911.6,25_1_1
341574.2,1501502.2,25_1_1
278565.9,1269636.8,26_1_1
278546.4,1269635.7,26_1_1
278542.2,1269642,26_1_1
278565.9,1269636.8,26_1_1
281336.6,1269664.9,26_2_1
278207.3,1269646.8,26_2_1
278397.8,1262960.2,26_2_1
236501.7,1262565.5,26_2_1
236079.8,1294811.2,26_2_1
236833.9,1294831.9,26_2_1
236515.1,1304576.1,26_2_1
275100.7,1305710.8,26_2_1
275362.8,1295942.4,26_2_1
274486.3,1295907.4,26_2_1
274611.9,1290583.9,26_2_1
284115.7,1290655.2,26_2_1
284144.5,1285732.1,26_2_1
290412.6,1285860.6,26_2_1
290434.2,1282704.3,26_2_1
292022.7,1282723.5,26_2_1
292089.5,1276203.9,26_2_1
280981.1,1276118.3,26_2_1
281336.6,1269664.9,26_2_1
327617.3,1276610.9,27_1_1
345404.7,1276959.7,27_1_1
346117.7,1248619.2,27_1_1
346101.9,1247626.5,27_1_1
344337.4,1247616.1,27_1_1
345009.3,1228778.5,27_1_1
335572.3,1228110.5,27_1_1
335492.3,1228591.1,27_1_1
334692.2,1228726.8,27_1_1
334516,1229299.2,27_1_1
334390.6,1229084.1,27_1_1
333889.7,1229371.9,27_1_1
333855.4,1228894.3,27_1_1
332095.4,1229638.3,27_1_1
332411.7,1229940.2,27_1_1
331972.7,1230912,27_1_1
331598.4,1231049,27_1_1
331143.1,1232015.8,27_1_1
330687.5,1231850.1,27_1_1
330436.2,1232699,27_1_1
329778.3,1233044.3,27_1_1
329303.2,1232879.4,27_1_1
329042,1233302.5,27_1_1
329500.5,1233460.5,27_1_1
328997.2,1234114.5,27_1_1
328740.6,1233843.5,27_1_1
328568,1234104.4,27_1_1
328453.6,1233794.8,27_1_1
327219.3,1234702.5,27_1_1
327061.3,1235145.3,27_1_1
326636.6,1234967.6,27_1_1
326567.8,1235251.3,27_1_1
325591.2,1235250.6,27_1_1
325670.9,1234877.7,27_1_1
325038.4,1234789.9,27_1_1
324654.4,1235335.8,27_1_1
324156.2,1235230.1,27_1_1
324270.7,1235810.9,27_1_1
323527.9,1235900.8,27_1_1
323182,1236310.7,27_1_1
323302.3,1235930.9,27_1_1
322875.8,1236066.1,27_1_1
322483.4,1235695.1,27_1_1
322531.2,1236104.4,27_1_1
322206.1,1235756.6,27_1_1
321100.5,1235763.8,27_1_1
320850.2,1237017.5,27_1_1
303924.4,1237009.8,27_1_1
303624.3,1245141.1,27_1_1
303782.6,1247040.1,27_1_1
304030.9,1247045.5,27_1_1
303773.2,1266607.5,27_1_1
307957,1266705.9,27_1_1
308156.5,1266420.8,27_1_1
308087.3,1266871.9,27_1_1
308424.7,1266676.6,27_1_1
308508.9,1266930.8,27_1_1
307798.7,1267456.1,27_1_1
307878.5,1268040.9,27_1_1
308543.2,1268841.5,27_1_1
308790,1268435.2,27_1_1
310067.8,1270115.1,27_1_1
310166.5,1271109.5,27_1_1
310851.4,1271490.6,27_1_1
327679.2,1271695.2,27_1_1
327617.3,1276610.9,27_1_1
470171.5,1481824.6,28_1_1
491136.5,1482104,28_1_1
505426.5,1482887.8,28_1_1
505715,1476295,28_1_1
517354.6,1477122.5,28_1_1
516931.4,1476996.5,28_1_1
516759.4,1476469.8,28_1_1
516359.7,1476453.1,28_1_1
516173.5,1475417.2,28_1_1
515478.6,1474953.6,28_1_1
514767.3,1475087.3,28_1_1
514050,1473795.5,28_1_1
513611.6,1472143.5,28_1_1
514046.4,1470845.2,28_1_1
513726.2,1469942.3,28_1_1
512888.6,1469544.5,28_1_1
512240.2,1468495.7,28_1_1
511577.1,1468458.5,28_1_1
510537,1467234.7,28_1_1
508774.6,1466826.3,28_1_1
508277.3,1464986.5,28_1_1
506617.3,1463960.4,28_1_1
506601.5,1461867,28_1_1
505512,1461373.1,28_1_1
505297.6,1459144.7,28_1_1
504377,1458437.4,28_1_1
504366.4,1457604.9,28_1_1
503892.6,1457142.7,28_1_1
504146.6,1456562.3,28_1_1
501319.9,1452270,28_1_1
501369.4,1449595.1,28_1_1
459867.7,1447609.6,28_1_1
459860.1,1447991.4,28_1_1
460592.4,1448303.6,28_1_1
460125,1448733.6,28_1_1
460721.5,1448787,28_1_1
460760.4,1449239,28_1_1
460191.4,1449480.1,28_1_1
460259.7,1449933.6,28_1_1
459205.2,1450083.1,28_1_1
458983.6,1450650.2,28_1_1
459213.5,1450441.8,28_1_1
459591.8,1450677.9,28_1_1
459401.5,1451424.5,28_1_1
460827.3,1453792.2,28_1_1
460511,1455474.4,28_1_1
461771.7,1457635.6,28_1_1
461902.9,1460078.9,28_1_1
462939.3,1460620.8,28_1_1
463376.9,1461240.2,28_1_1
463623.5,1461061.1,28_1_1
463860.4,1461430.8,28_1_1
464282,1461325.5,28_1_1
464634.8,1462758.5,28_1_1
465385.1,1463275.3,28_1_1
465524.6,1462982.5,28_1_1
466243.6,1463707.2,28_1_1
466094.9,1465369.9,28_1_1
468095.9,1468376.2,28_1_1
462542.6,1468121.3,28_1_1
462110,1481254.7,28_1_1
470171.5,1481824.6,28_1_1
199567.5,1218221.6,29_1_1
206302.2,1218174.6,29_1_1
206773,1217681.8,29_1_1
208147.5,1217664.1,29_1_1
208836.4,1217128.4,29_1_1
210948.3,1216960.4,29_1_1
212565.4,1215754.2,29_1_1
215746.2,1215762.7,29_1_1
215844.8,1215237.6,29_1_1
216359.7,1215122,29_1_1
216398.1,1214795.2,29_1_1
217510.8,1214783.9,29_1_1
217362.6,1214137.5,29_1_1
217733.9,1214325.9,29_1_1
218624.7,1213193.5,29_1_1
219258.4,1213253.5,29_1_1
219695.4,1213796.9,29_1_1
219837.6,1213491.3,29_1_1
220019.6,1213853.3,29_1_1
220198.5,1213561.1,29_1_1
220877.1,1213540,29_1_1
221028.6,1213817.8,29_1_1
221366.6,1213247.3,29_1_1
222133.7,1212970.1,29_1_1
222960.8,1213491.4,29_1_1
223029.5,1213080.6,29_1_1
224428,1212963.3,29_1_1
225396.6,1212381.1,29_1_1
226390.1,1212869.9,29_1_1
226812.2,1211575.5,29_1_1
228330.1,1211995.3,29_1_1
229433.9,1211944.5,29_1_1
229297.6,1212291.7,29_1_1
229965.3,1212247.1,29_1_1
229536.7,1212798.6,29_1_1
230214.7,1213169.2,29_1_1
230611.5,1212953,29_1_1
230798.5,1213261.8,29_1_1
231545.7,1212690.2,29_1_1
231253,1213250.9,29_1_1
231459.6,1213825,29_1_1
231844.5,1213679,29_1_1
232308.1,1214075.7,29_1_1
232501,1213468.8,29_1_1
233015.6,1213661.9,29_1_1
232920.8,1213994.9,29_1_1
233293.5,1213738.6,29_1_1
233324.7,1198539.8,29_1_1
232367.6,1198539.3,29_1_1
232352.3,1197795.2,29_1_1
232309.5,1159530.4,29_1_1
210165.8,1159619.4,29_1_1
208842.9,1161763.2,29_1_1
207268.8,1163121.8,29_1_1
207225.2,1163444.5,29_1_1
208251.7,1164585.2,29_1_1
207913.7,1165344,29_1_1
206324.5,1163650,29_1_1
206296.8,1163004.9,29_1_1
207025.8,1161774.4,29_1_1
206575.6,1161380.3,29_1_1
205525.6,1161356.2,29_1_1
205346.6,1162707.8,29_1_1
204768.7,1163699.2,29_1_1
204935.1,1164389.1,29_1_1
204004.9,1165380.1,29_1_1
203262.7,1165671.2,29_1_1
204390.1,1166781.7,29_1_1
204484.7,1167519.4,29_1_1
203776.6,1167662.3,29_1_1
203286.8,1166339.7,29_1_1
202403.4,1166086.5,29_1_1
202219.7,1166681.6,29_1_1
203279.5,1167628.3,29_1_1
203181.5,1168428.7,29_1_1
202562,1168721.1,29_1_1
200843.3,1168766.8,29_1_1
200291.7,1169188.8,29_1_1
200330.6,1169974.4,29_1_1
201364.4,1171320.4,29_1_1
201585.7,1172304.8,29_1_1
201515.7,1173250.3,29_1_1
201013.6,1174124.5,29_1_1
199586.3,1173489.5,29_1_1
198812.1,1174696,29_1_1
198172,1174149.2,29_1_1
197612.3,1174104.2,29_1_1
197067.7,1174540,29_1_1
197111,1175463.8,29_1_1
196761.7,1175947.1,29_1_1
195702,1176300.7,29_1_1
195310.7,1175577.4,29_1_1
194920.7,1175482.1,29_1_1
193965.9,1176866.2,29_1_1
192921.3,1176484,29_1_1
192627.1,1175699,29_1_1
192110.9,1175559.8,29_1_1
191949.6,1175800.7,29_1_1
192355.6,1176872.2,29_1_1
193015.8,1177207.4,29_1_1
193252.5,1177708.1,29_1_1
193151.2,1178135.3,29_1_1
191965.8,1178939,29_1_1
192106.7,1179470.9,29_1_1
191485.6,1179683.8,29_1_1
190498.2,1179420.2,29_1_1
190535.8,1178403.7,29_1_1
189681.9,1177670.8,29_1_1
189260.3,1178120.5,29_1_1
189088.7,1179034.1,29_1_1
187289.6,1180108.9,29_1_1
187086.2,1180926.3,29_1_1
187713.4,1182741.3,29_1_1
187117.8,1183905.1,29_1_1
187473.5,1184242.1,29_1_1
188509.8,1184210.6,29_1_1
188082.1,1184990.9,29_1_1
188503.7,1185866.6,29_1_1
188268.5,1186635.6,29_1_1
187769,1186588.9,29_1_1
187835,1185031.5,29_1_1
187363.4,1184920.5,29_1_1
186825.5,1186592.1,29_1_1
187388.2,1187499.7,29_1_1
186768.3,1187903.6,29_1_1
187021.1,1188097.4,29_1_1
187709.2,1187859.8,29_1_1
187764.3,1187305,29_1_1
188036.5,1187838.9,29_1_1
188328.9,1187832.6,29_1_1
187885.3,1189165.8,29_1_1
199468.2,1189061.2,29_1_1
199567.5,1218221.6,29_1_1
278207.3,1269646.8,30_1_1
281336.6,1269664.9,30_1_1
280981.1,1276118.3,30_1_1
297091.9,1276338.9,30_1_1
297147.8,1273052.6,30_1_1
302055.5,1273130.7,30_1_1
302181.5,1266603,30_1_1
303773.2,1266607.5,30_1_1
304030.9,1247045.5,30_1_1
303782.6,1247040.1,30_1_1
303624.3,1245141.1,30_1_1
303924.4,1237009.8,30_1_1
291530.3,1236812.7,30_1_1
271878.6,1237303.1,30_1_1
271457,1236580.4,30_1_1
271000.2,1236530.8,30_1_1
270638.4,1236991.4,30_1_1
270458.4,1239331.6,30_1_1
271005.7,1240991.8,30_1_1
271969.8,1241816.6,30_1_1
271857.8,1242742.6,30_1_1
271133.3,1243396.9,30_1_1
271491.9,1243915.9,30_1_1
270661.3,1244052.1,30_1_1
271130.4,1244853,30_1_1
271032.6,1245644.2,30_1_1
269527.3,1245459.3,30_1_1
269088.1,1245712.2,30_1_1
266892.1,1245345.8,30_1_1
266933.4,1245823.3,30_1_1
266663.1,1245891.7,30_1_1
266436.6,1245397.7,30_1_1
265905,1245588.2,30_1_1
265940.9,1246512.1,30_1_1
255931.6,1246488.5,30_1_1
255949.7,1249749.7,30_1_1
241456.1,1249668.9,30_1_1
241372.8,1256194.9,30_1_1
236594.6,1256156,30_1_1
236510.5,1262567.6,30_1_1
278397.8,1262960.2,30_1_1
278207.3,1269646.8,30_1_1
278542.2,1269642,30_1_2
278546.4,1269635.7,30_1_2
278565.9,1269636.8,30_1_2
278542.2,1269642,30_1_2
159296.4,1256175.2,31_1_1
188448.7,1256159,31_1_1
188510.9,1246435.3,31_1_1
189667.8,1246441.4,31_1_1
189717.4,1237891.7,31_1_1
199337.7,1237805.9,31_1_1
199468.2,1189061.2,31_1_1
187746,1189168.8,31_1_1
187679.3,1189626.6,31_1_1
187094.6,1189530.4,31_1_1
187451.9,1189951.2,31_1_1
186947.2,1190340.1,31_1_1
186748.8,1191023,31_1_1
187011,1191140.7,31_1_1
186712.9,1191629.7,31_1_1
187348.4,1191714.4,31_1_1
187149.5,1192040.7,31_1_1
187658.1,1192101.6,31_1_1
187296.5,1192311.3,31_1_1
187522.5,1193049,31_1_1
186839.6,1193244.1,31_1_1
186964.7,1193677.9,31_1_1
186698.7,1193690.9,31_1_1
187124.6,1194180.2,31_1_1
186323.4,1195014.7,31_1_1
186457.9,1195357.5,31_1_1
186126.5,1195417.2,31_1_1
186314.2,1195689.6,31_1_1
185751.6,1196510.9,31_1_1
185705.1,1196189.2,31_1_1
185172,1196928.3,31_1_1
184867.3,1196771.6,31_1_1
184552.1,1197618.6,31_1_1
184279.8,1197544.1,31_1_1
184284.4,1198014.7,31_1_1
183858.9,1197972.1,31_1_1
183498.7,1198289.7,31_1_1
183643.9,1198487,31_1_1
183352.8,1198459.8,31_1_1
183636.7,1198815,31_1_1
183301.4,1198805.6,31_1_1
183530.8,1199061.2,31_1_1
183288.6,1199307.1,31_1_1
183121.2,1199101.4,31_1_1
182932.7,1199932.1,31_1_1
181956.3,1200157.6,31_1_1
182288,1200489.7,31_1_1
181760.1,1200919.4,31_1_1
181724.2,1201534.7,31_1_1
182137.8,1202122.2,31_1_1
181883.8,1202621.5,31_1_1
181668.3,1202422.8,31_1_1
181587.1,1202815.3,31_1_1
181219.8,1202644.1,31_1_1
181002.1,1203064.3,31_1_1
180481.1,1203002.5,31_1_1
180269.9,1203461.6,31_1_1
179926,1203254.9,31_1_1
178776.3,1204094.2,31_1_1
179007.4,1204508.6,31_1_1
178536.9,1205318.1,31_1_1
178699.6,1206117.6,31_1_1
178417.9,1206695.6,31_1_1
178050.3,1206497.1,31_1_1
178050.3,1207033.7,31_1_1
177643.6,1207307.1,31_1_1
177088.1,1208649,31_1_1
177046.3,1209133.1,31_1_1
177594.9,1209321,31_1_1
177080.6,1209930,31_1_1
177559.9,1210667,31_1_1
177345.7,1211771.1,31_1_1
177089.2,1211858.1,31_1_1
177348.4,1212282,31_1_1
177925.6,1212420.1,31_1_1
178173.3,1213239.7,31_1_1
177179.6,1214482.6,31_1_1
177499.4,1214809.4,31_1_1
177189.2,1215854.3,31_1_1
177369.3,1216172.9,31_1_1
177009.2,1216270.6,31_1_1
177332.3,1216685,31_1_1
176717.7,1216971.3,31_1_1
176431.4,1217521.2,31_1_1
176924.8,1217695.1,31_1_1
176881.8,1217952.9,31_1_1
176169.1,1218335.8,31_1_1
176233,1218740.5,31_1_1
176033.7,1218624,31_1_1
175667.3,1219286.1,31_1_1
176054.2,1219451.8,31_1_1
175466.1,1219967.3,31_1_1
175698,1220340.8,31_1_1
175300.9,1220519.6,31_1_1
175740.9,1222075.1,31_1_1
175353,1223148.7,31_1_1
175702.4,1223715.6,31_1_1
176457.7,1223897.5,31_1_1
176518.1,1224397.9,31_1_1
176193.2,1224875.3,31_1_1
175580.3,1224506.9,31_1_1
174442.4,1225488.1,31_1_1
174545.7,1225773.3,31_1_1
174958.6,1225764.2,31_1_1
175662.3,1228118.1,31_1_1
174572.2,1229295.4,31_1_1
175723,1230810.3,31_1_1
173614,1231896,31_1_1
173905.1,1232335.2,31_1_1
174590.8,1232235.4,31_1_1
174665.1,1232511.1,31_1_1
174194.1,1232788.8,31_1_1
174317.6,1233195.6,31_1_1
174712,1233387.6,31_1_1
174825.6,1234155.7,31_1_1
175658.1,1234359.9,31_1_1
173587.9,1234577.9,31_1_1
174176.1,1234950.7,31_1_1
173877.3,1235269.7,31_1_1
174238.4,1235692.9,31_1_1
174035.2,1236536.1,31_1_1
174633.6,1236848,31_1_1
174726.4,1237650.5,31_1_1
173709.3,1238108,31_1_1
160631.6,1237977.1,31_1_1
160458.8,1246576,31_1_1
159340.2,1246538.1,31_1_1
159296.4,1256175.2,31_1_1
379553.7,1440823.5,32_1_1
405498.3,1441343.4,32_1_1
405602.9,1436379.4,32_1_1
429397,1437272.3,32_1_1
429013.6,1437023.9,32_1_1
429500.3,1436589.4,32_1_1
428311.8,1436405.4,32_1_1
428822.9,1435242.8,32_1_1
428464.2,1435291.6,32_1_1
428141.7,1436298.3,32_1_1
427660.4,1436096.4,32_1_1
428538.2,1434277.2,32_1_1
428375.1,1433760.5,32_1_1
427753.1,1433508.3,32_1_1
427576.5,1432830,32_1_1
427894.4,1432630.6,32_1_1
428519.6,1433009.6,32_1_1
428726.1,1432671.8,32_1_1
427034.7,1431989.4,32_1_1
426381.7,1430732,32_1_1
425265.1,1430718.6,32_1_1
425404.6,1430206.9,32_1_1
426749.9,1429818.8,32_1_1
426213.2,1429594.2,32_1_1
426189.9,1429156.2,32_1_1
426967,1428629.2,32_1_1
425517.3,1428402.9,32_1_1
424792,1427843.4,32_1_1
424393,1428179.7,32_1_1
424315.4,1427328.4,32_1_1
425355.4,1427317.8,32_1_1
425524.3,1426893.8,32_1_1
424515.5,1426513.3,32_1_1
423431.1,1425532.9,32_1_1
422881.6,1426028.4,32_1_1
422580.2,1425933.8,32_1_1
422559.3,1425165,32_1_1
421962,1424708.2,32_1_1
422730,1423942,32_1_1
421825.1,1423798.9,32_1_1
421827.4,1422943.9,32_1_1
419982,1422856.3,32_1_1
420118.7,1421910.3,32_1_1
419425.8,1421798.6,32_1_1
419492.9,1420990.2,32_1_1
418842.3,1420795.5,32_1_1
418185.2,1419959.1,32_1_1
418744.2,1418848.7,32_1_1
418266.9,1418220.8,32_1_1
418397.3,1417468.3,32_1_1
417688.2,1416771.6,32_1_1
417451.2,1417678.2,32_1_1
417104.8,1417716.2,32_1_1
416988.7,1416712.5,32_1_1
416520.5,1416422.2,32_1_1
416437.1,1414802.3,32_1_1
417257.3,1413915.9,32_1_1
417251.7,1413093.4,32_1_1
416724.9,1412934.5,32_1_1
417718.7,1412274.4,32_1_1
417368.3,1411479.2,32_1_1
418185.9,1411320.8,32_1_1
418063.7,1410024.2,32_1_1
419146.2,1409470.2,32_1_1
419634.1,1409597.2,32_1_1
419817.3,1408704.7,32_1_1
419482.5,1408418.1,32_1_1
418335.2,1408647.8,32_1_1
417529,1408242.2,32_1_1
416397.8,1408841.4,32_1_1
415549.6,1408558.2,32_1_1
416098.5,1395847.1,32_1_1
377949.9,1394940.9,32_1_1
377440.6,1414822.4,32_1_1
375937.3,1413948.1,32_1_1
373231.4,1413874.5,32_1_1
373114.3,1418791.8,32_1_1
372100.5,1420012.8,32_1_1
370409,1421135.6,32_1_1
369688.7,1425557.7,32_1_1
371376,1429302.2,32_1_1
371337.7,1432000.9,32_1_1
379553.7,1440823.5,32_1_1
342055.8,1474912.6,33_1_1
374735.3,1475376.4,33_1_1
383505.4,1475812,33_1_1
383660.2,1470864.6,33_1_1
385272,1470862.8,33_1_1
385433.9,1465962.4,33_1_1
384980,1465930.6,33_1_1
385558.7,1450060.2,33_1_1
384721.8,1449599.1,33_1_1
384755.7,1448782.2,33_1_1
385572.4,1448804.1,33_1_1
385606.7,1447558.1,33_1_1
383187.4,1447491.2,33_1_1
383380.4,1440868.9,33_1_1
379553.7,1440823.5,33_1_1
371337.7,1432000.9,33_1_1
370867.2,1433045.7,33_1_1
370252.7,1433503.3,33_1_1
368081.2,1433273.1,33_1_1
367068.7,1433541.8,33_1_1
363326.6,1436684.6,33_1_1
361733.6,1438832.7,33_1_1
360345.9,1439688.4,33_1_1
358870.4,1439404,33_1_1
357604.2,1437568.6,33_1_1
356131.5,1436805.3,33_1_1
355162.5,1437528,33_1_1
354862.8,1439346.2,33_1_1
354128.3,1439913.2,33_1_1
353279.2,1439750.7,33_1_1
351839.2,1438374.6,33_1_1
350606.6,1437840.5,33_1_1
349286.7,1437648.3,33_1_1
347880.8,1438153.5,33_1_1
347404.3,1439117.5,33_1_1
347637.7,1440353.1,33_1_1
349540.9,1441770.5,33_1_1
349969.1,1443161.7,33_1_1
349793.4,1444148.5,33_1_1
348512.7,1445989.4,33_1_1
348341.9,1447260.6,33_1_1
349323.9,1448385.2,33_1_1
351463.7,1448747,33_1_1
352023.8,1449413.5,33_1_1
351903.4,1450099.4,33_1_1
349843.8,1452316.5,33_1_1
347960.4,1452445.4,33_1_1
346866.7,1453061.2,33_1_1
345621.7,1455055,33_1_1
344100,1458549.4,33_1_1
343124.2,1458690.9,33_1_1
341135.7,1457086.6,33_1_1
340462.7,1457053.3,33_1_1
339718.4,1457588.4,33_1_1
339662.7,1459676.4,33_1_1
339240,1460372.2,33_1_1
337446.5,1460402.5,33_1_1
337371.5,1465060,33_1_1
342196,1465110,33_1_1
342055.8,1474912.6,33_1_1
429436.2,1437268.4,34_1_1
444263.4,1437482.2,34_1_1
445176,1410006.7,34_1_1
446736,1378103.8,34_1_1
427637.9,1377509,34_1_1
427021.6,1387362.7,34_1_1
418305.6,1386833.3,34_1_1
418580,1386189.7,34_1_1
397218.6,1385545.5,34_1_1
397012.8,1395395.6,34_1_1
416098.5,1395847.1,34_1_1
415549.6,1408558.2,34_1_1
416397.8,1408841.4,34_1_1
417529,1408242.2,34_1_1
418335.2,1408647.8,34_1_1
419482.5,1408418.1,34_1_1
419817.3,1408704.7,34_1_1
419634.1,1409597.2,34_1_1
419146.2,1409470.2,34_1_1
418063.7,1410024.2,34_1_1
418185.9,1411320.8,34_1_1
417368.3,1411479.2,34_1_1
417718.7,1412274.4,34_1_1
416724.9,1412934.5,34_1_1
417251.7,1413093.4,34_1_1
417257.3,1413915.9,34_1_1
416437.1,1414802.3,34_1_1
416520.5,1416422.2,34_1_1
416988.7,1416712.5,34_1_1
417104.8,1417716.2,34_1_1
417451.2,1417678.2,34_1_1
417688.2,1416771.6,34_1_1
418397.3,1417468.3,34_1_1
418266.9,1418220.8,34_1_1
418744.2,1418848.7,34_1_1
418185.2,1419959.1,34_1_1
418842.3,1420795.5,34_1_1
419492.9,1420990.2,34_1_1
419425.8,1421798.6,34_1_1
420118.7,1421910.3,34_1_1
419982,1422856.3,34_1_1
421827.4,1422943.9,34_1_1
421825.1,1423798.9,34_1_1
422730,1423942,34_1_1
421962,1424708.2,34_1_1
422559.3,1425165,34_1_1
422580.2,1425933.8,34_1_1
422881.6,1426028.4,34_1_1
423431.1,1425532.9,34_1_1
424515.5,1426513.3,34_1_1
425524.3,1426893.8,34_1_1
425355.4,1427317.8,34_1_1
424315.4,1427328.4,34_1_1
424393,1428179.7,34_1_1
424792,1427843.4,34_1_1
425517.3,1428402.9,34_1_1
426967,1428629.2,34_1_1
426189.9,1429156.2,34_1_1
426213.2,1429594.2,34_1_1
426749.9,1429818.8,34_1_1
425404.6,1430206.9,34_1_1
425265.1,1430718.6,34_1_1
426381.7,1430732,34_1_1
427034.7,1431989.4,34_1_1
428726.1,1432671.8,34_1_1
428519.6,1433009.6,34_1_1
427894.4,1432630.6,34_1_1
427576.5,1432830,34_1_1
427753.1,1433508.3,34_1_1
428375.1,1433760.5,34_1_1
428538.2,1434277.2,34_1_1
427660.4,1436096.4,34_1_1
428141.7,1436298.3,34_1_1
428464.2,1435291.6,34_1_1
428822.9,1435242.8,34_1_1
428311.8,1436405.4,34_1_1
429500.3,1436589.4,34_1_1
429013.6,1437023.9,34_1_1
429436.2,1437268.4,34_1_1
345395,1276922.6,35_1_1
391236.3,1277776.7,35_1_1
391889.1,1249965.9,35_1_1
402194.7,1250168.4,35_1_1
402206.5,1249878.4,35_1_1
402792.8,1249886.9,35_1_1
402434.7,1248503.2,35_1_1
402686.3,1248033.1,35_1_1
403120.6,1248081.6,35_1_1
403275.9,1248506.7,35_1_1
404038.8,1248436.5,35_1_1
403768.6,1248682.1,35_1_1
404272.3,1249359.9,35_1_1
406043.7,1249686.5,35_1_1
406623.6,1249372.8,35_1_1
407932.7,1249498,35_1_1
408719.5,1248645.5,35_1_1
408593.7,1247210,35_1_1
409261,1246074.5,35_1_1
408967.2,1245074,35_1_1
410204.4,1243870.9,35_1_1
409686,1242919,35_1_1
410239.3,1242198.3,35_1_1
410299.9,1240640.4,35_1_1
411027.9,1240669.8,35_1_1
411365.8,1241323.8,35_1_1
412083.4,1241457.7,35_1_1
412064.2,1239337.6,35_1_1
412420.1,1238970.2,35_1_1
413529.6,1239464.5,35_1_1
413919.5,1239962.5,35_1_1
416102.1,1239923.8,35_1_1
416298.2,1239256.5,35_1_1
416610.2,1239486.9,35_1_1
417034.4,1239010.1,35_1_1
416542.5,1238486.8,35_1_1
416927.3,1238041.4,35_1_1
416698.2,1237502.5,35_1_1
417155.3,1237603.7,35_1_1
417407.6,1236757.1,35_1_1
417197.6,1236511.5,35_1_1
417611.6,1235765.9,35_1_1
417268.5,1234794.1,35_1_1
417981.4,1235008.6,35_1_1
418243.8,1234808,35_1_1
416970.7,1233963.3,35_1_1
415645.2,1234490.1,35_1_1
414794.8,1234333.3,35_1_1
412805,1233137.4,35_1_1
411784,1232918.8,35_1_1
408913,1235671.2,35_1_1
407154.9,1236350.2,35_1_1
405742,1235930.1,35_1_1
404243.7,1234245.4,35_1_1
402745.2,1234100.1,35_1_1
401987.3,1234957.5,35_1_1
401958.2,1236315.6,35_1_1
402461.4,1237464.9,35_1_1
403632.3,1237805.3,35_1_1
404278,1238359.2,35_1_1
403927.2,1239045,35_1_1
403184.9,1239241,35_1_1
401348.2,1238557.7,35_1_1
400342.7,1238626.3,35_1_1
393705.1,1243052.7,35_1_1
390776,1243224.6,35_1_1
391381.5,1231055.6,35_1_1
389716.1,1230965.1,35_1_1
389557.6,1234207.3,35_1_1
384707.5,1234072.8,35_1_1
370474.6,1233298.1,35_1_1
370593.9,1230035.3,35_1_1
345009.3,1228778.5,35_1_1
344337.4,1247616.1,35_1_1
346101.9,1247626.5,35_1_1
346117.7,1248619.2,35_1_1
345395,1276922.6,35_1_1
206450.8,1415331.8,36_1_1
222298.5,1415160,36_1_1
222350.3,1411902.4,36_1_1
235417.9,1411784.1,36_1_1
254194,1412167,36_1_1
254331.6,1397483.3,36_1_1
249536.4,1397481.1,36_1_1
249741,1382888.6,36_1_1
243237.4,1382850.2,36_1_1
243410.1,1366898.9,36_1_1
240544.7,1368413.3,36_1_1
237585,1367103.6,36_1_1
232457.1,1366671.2,36_1_1
232285.1,1367709.2,36_1_1
234164.1,1368434.6,36_1_1
234652.4,1369026.4,36_1_1
232785.6,1371052.8,36_1_1
231907,1373498.1,36_1_1
231849.3,1375478.9,36_1_1
231410.1,1377048.3,36_1_1
231054.6,1377651,36_1_1
230344.3,1377906.8,36_1_1
228160.5,1377174.7,36_1_1
227278.9,1376234.9,36_1_1
226833.3,1375149.6,36_1_1
225582.1,1374196,36_1_1
224286.7,1374244.6,36_1_1
222193.3,1375485.4,36_1_1
221125.5,1374687.2,36_1_1
218666.3,1373979.5,36_1_1
217411.5,1372761.9,36_1_1
216621,1372479.7,36_1_1
213867.2,1372352.3,36_1_1
212466.5,1372658.4,36_1_1
211658.7,1373176.5,36_1_1
210620.2,1374590.2,36_1_1
209779.7,1374756.2,36_1_1
209282.9,1374222.4,36_1_1
209230.4,1373315.9,36_1_1
208519.3,1371981.7,36_1_1
207488.8,1371397.4,36_1_1
206245.6,1371277.6,36_1_1
206450.8,1415331.8,36_1_1
198513.3,1116755.3,37_1_1
198705.9,1116151.4,37_1_1
198511.8,1115770.9,37_1_1
198528.2,1116689,37_1_1
198354.1,1116390.5,37_1_1
198513.3,1116755.3,37_1_1
210165.8,1159619.4,37_2_1
232309.5,1159530.4,37_2_1
232311.9,1156297,37_2_1
243254.7,1156284.3,37_2_1
242256.8,1154984.2,37_2_1
241204.5,1151695.2,37_2_1
240549.9,1151163.3,37_2_1
240104.5,1148300.3,37_2_1
239121.7,1146976.9,37_2_1
239388.9,1145908.8,37_2_1
238878.9,1144973.7,37_2_1
238263,1142349.5,37_2_1
237771.5,1141757.9,37_2_1
238389.4,1140287.9,37_2_1
237202.3,1138804.9,37_2_1
237547.2,1137345.4,37_2_1
237191.7,1136107.6,37_2_1
236758.9,1135297.6,37_2_1
233070.2,1135403.6,37_2_1
232959,1108477,37_2_1
203793.8,1107808.9,37_2_1
201624.7,1109277.6,37_2_1
201442.8,1109607,37_2_1
201367.3,1109911.5,37_2_1
201499.1,1112238.3,37_2_1
200922.6,1113114.8,37_2_1
198806.3,1114890.7,37_2_1
198379.4,1115823.1,37_2_1
198652.7,1115537.4,37_2_1
198974.6,1117027.8,37_2_1
198805.4,1119503.3,37_2_1
199277.4,1121770.7,37_2_1
200010.3,1122136.4,37_2_1
201198.1,1122096.2,37_2_1
202292.7,1123246.4,37_2_1
204144.5,1124104.1,37_2_1
204975.4,1123603.7,37_2_1
205211.5,1121795.7,37_2_1
205754.7,1121361.3,37_2_1
206357.3,1121461.2,37_2_1
205991.1,1123348,37_2_1
206361.5,1124211,37_2_1
207766.1,1124171.7,37_2_1
209446.8,1122922.2,37_2_1
210000,1123159.6,37_2_1
210196.7,1123895.8,37_2_1
209633.3,1124391.8,37_2_1
207588.7,1124493.5,37_2_1
207386.2,1125879.1,37_2_1
207904.2,1126296.5,37_2_1
208398.7,1126269.2,37_2_1
210123.8,1124777.2,37_2_1
210481.1,1124802.5,37_2_1
210874.8,1125845.9,37_2_1
210003.5,1126717.2,37_2_1
209696.9,1126516.2,37_2_1
208818.3,1127964.7,37_2_1
209401.7,1129305.2,37_2_1
213049.7,1131268.4,37_2_1
212695.4,1131444.4,37_2_1
211467.6,1130753.8,37_2_1
210391.5,1130557.9,37_2_1
210187,1131349.2,37_2_1
210488.6,1132061.9,37_2_1
212679.6,1133305.7,37_2_1
212721.6,1133792.6,37_2_1
212360.2,1134598.2,37_2_1
210406.2,1135772.1,37_2_1
209994.3,1136767.8,37_2_1
211100.7,1138195.5,37_2_1
211972.9,1136833.7,37_2_1
212647.6,1136474.5,37_2_1
213246.3,1136528.8,37_2_1
214337.2,1137514.1,37_2_1
214340.1,1138962.8,37_2_1
213287.4,1139786.4,37_2_1
212788.4,1140770,37_2_1
213438.6,1141525.1,37_2_1
215578.5,1141836.1,37_2_1
215865.3,1143024.2,37_2_1
214516.8,1143881.5,37_2_1
212646.7,1143741.4,37_2_1
211926,1144034,37_2_1
211800.2,1145050.7,37_2_1
212267.9,1145726.8,37_2_1
212665.6,1147409.3,37_2_1
214996.5,1147699.3,37_2_1
215310.9,1148214.3,37_2_1
214498,1148996.6,37_2_1
212015,1149415.7,37_2_1
210765.8,1151446.3,37_2_1
209683.9,1152264.1,37_2_1
209467.1,1153149.6,37_2_1
211240,1153664.3,37_2_1
211823.2,1155012,37_2_1
210826.3,1155298.2,37_2_1
209536,1153663.8,37_2_1
208807.4,1153424.9,37_2_1
208350,1153695.8,37_2_1
208478.1,1154210.9,37_2_1
209422.9,1154323.3,37_2_1
209749.7,1154658,37_2_1
209581.9,1155557.6,37_2_1
208728.9,1156599,37_2_1
208821.3,1157276.3,37_2_1
210063.5,1158310.2,37_2_1
210165.8,1159619.4,37_2_1
203640.5,1108192.7,37_2_2
203716.9,1108151.8,37_2_2
203557.4,1108233.3,37_2_2
203640.5,1108192.7,37_2_2
203683.9,1108531,37_2_3
203783.6,1108477,37_2_3
203748.5,1108550.3,37_2_3
203683.9,1108531,37_2_3
203684.9,1108595,37_2_4
203721.1,1108612.9,37_2_4
203684.6,1108607.7,37_2_4
203684.9,1108595,37_2_4
201433.5,1109738.8,37_2_5
202348.9,1108934.7,37_2_5
201470.9,1109765.5,37_2_5
201611.5,1111147.8,37_2_5
201433.5,1109738.8,37_2_5
202451.2,1121435.2,37_2_6
201860.7,1122599.9,37_2_6
201757.8,1122584,37_2_6
201307.5,1122106.5,37_2_6
202463.3,1120604.8,37_2_6
202451.2,1121435.2,37_2_6
415563.2,1476370.2,38_1_1
421982.7,1476526,38_1_1
421947.9,1478147.2,38_1_1
423568.3,1478202.5,38_1_1
423631.2,1474617.6,38_1_1
424197.1,1476495.6,38_1_1
424842.6,1475747,38_1_1
425028.6,1474574.7,38_1_1
427010.7,1473997,38_1_1
427651.4,1474255,38_1_1
427857.7,1473386.5,38_1_1
428712.4,1472707.7,38_1_1
429696.8,1472941.9,38_1_1
430343.8,1472435.1,38_1_1
430959.8,1472671.3,38_1_1
431509.7,1471684.2,38_1_1
431382.1,1471041.9,38_1_1
432600,1470118.2,38_1_1
432220.1,1469708.4,38_1_1
432603.6,1468818.2,38_1_1
432997.5,1468456.6,38_1_1
433490.9,1468576.5,38_1_1
433723.9,1467817.1,38_1_1
434355,1467849,38_1_1
434974.1,1467134.1,38_1_1
435281.1,1467296.6,38_1_1
437311.9,1466800.1,38_1_1
438220.8,1466986.1,38_1_1
438029.8,1464921.8,38_1_1
438721.7,1464150.2,38_1_1
439338.9,1464305.6,38_1_1
438552.4,1463711.8,38_1_1
439309.5,1462984.6,38_1_1
440124.7,1463500.2,38_1_1
439865.9,1466194.7,38_1_1
440958.2,1467339.2,38_1_1
441300.8,1466762.7,38_1_1
441572.5,1467203,38_1_1
468095.9,1468376.2,38_1_1
466094.9,1465369.9,38_1_1
466243.6,1463707.2,38_1_1
465524.6,1462982.5,38_1_1
465385.1,1463275.3,38_1_1
464634.8,1462758.5,38_1_1
464282,1461325.5,38_1_1
463860.4,1461430.8,38_1_1
463623.5,1461061.1,38_1_1
463376.9,1461240.2,38_1_1
462939.3,1460620.8,38_1_1
461902.9,1460078.9,38_1_1
461771.7,1457635.6,38_1_1
460511,1455474.4,38_1_1
460827.3,1453792.2,38_1_1
459401.5,1451424.5,38_1_1
459591.8,1450677.9,38_1_1
459213.5,1450441.8,38_1_1
458983.6,1450650.2,38_1_1
459227.9,1450069.3,38_1_1
460296.9,1449911.7,38_1_1
460191.4,1449480.1,38_1_1
460783.4,1449017.7,38_1_1
460125,1448733.6,38_1_1
460587,1448281.7,38_1_1
459851.5,1447981.2,38_1_1
459991.7,1447147.9,38_1_1
459108.2,1446159.7,38_1_1
459539.3,1445582.3,38_1_1
458874.1,1445233.6,38_1_1
459280.8,1444990,38_1_1
459295.2,1444701.7,38_1_1
458803,1444550,38_1_1
459108.6,1444295.1,38_1_1
459135.3,1443364.1,38_1_1
459500.8,1443262.6,38_1_1
459405.6,1442784.2,38_1_1
458350.6,1442640.9,38_1_1
458559,1437770.8,38_1_1
434727.4,1437541.3,38_1_1
415184.2,1436632,38_1_1
414714.9,1461609.1,38_1_1
414510.8,1466551.7,38_1_1
414224.6,1466560.2,38_1_1
414011.8,1474734.7,38_1_1
415560.1,1474811,38_1_1
415563.2,1476370.2,38_1_1
421220.5,1476503.5,38_1_2
421219.7,1476441.7,38_1_2
421240.8,1476350.9,38_1_2
421220.5,1476503.5,38_1_2
443914.3,1328378.5,39_1_1
459686.1,1328634.8,39_1_1
506461.9,1330977.5,39_1_1
506979.7,1323034.6,39_1_1
505674.3,1323036.8,39_1_1
505047.1,1323860.4,39_1_1
504684.2,1325373.9,39_1_1
504816.9,1326902.7,39_1_1
503618.5,1328814.8,39_1_1
502441.4,1329284.9,39_1_1
501334.7,1329205.4,39_1_1
500143.5,1328270.3,39_1_1
499772.5,1327333.5,39_1_1
500001.9,1325634.1,39_1_1
502628.2,1321626.3,39_1_1
502479,1320694.2,39_1_1
501356.1,1319286.8,39_1_1
501207,1318240,39_1_1
503557.8,1313547.7,39_1_1
503361,1311906.9,39_1_1
502062.7,1310875.8,39_1_1
500364.1,1310407.3,39_1_1
499199.7,1310396.4,39_1_1
497491.5,1311138.7,39_1_1
497051.4,1311962.5,39_1_1
496952.8,1313306.3,39_1_1
498591.9,1314880.1,39_1_1
498957,1315642.9,39_1_1
497517,1318986.1,39_1_1
496835.4,1319008.4,39_1_1
495390,1318355.6,39_1_1
494645.9,1316895.8,39_1_1
495893.3,1312904.8,39_1_1
495591.1,1312494.4,39_1_1
493813.1,1311940.4,39_1_1
493193.8,1311084.3,39_1_1
493172.9,1310112.7,39_1_1
493668.5,1309440.4,39_1_1
495979.8,1307358.8,39_1_1
497526.2,1307203.8,39_1_1
501077.6,1307969.8,39_1_1
502127.8,1307746.3,39_1_1
502948.4,1306682.6,39_1_1
502755.6,1305009.6,39_1_1
499181.9,1300586.2,39_1_1
498192.5,1299769.3,39_1_1
497054.1,1299433.2,39_1_1
495702.2,1299758.7,39_1_1
494976,1300813.2,39_1_1
494990.3,1302924.2,39_1_1
496247.8,1304607.4,39_1_1
495804.4,1306081.9,39_1_1
494474.5,1307178.6,39_1_1
493621.2,1306766.4,39_1_1
492467,1305483.8,39_1_1
491671.2,1303995.3,39_1_1
492331.1,1300719.9,39_1_1
449746.5,1298879.6,39_1_1
449469.1,1308767.5,39_1_1
444633.2,1308601,39_1_1
443914.3,1328378.5,39_1_1
400901.4,1238523.1,40_1_1
403413,1239263.4,40_1_1
404270.5,1238574.6,40_1_1
403849.2,1237927.4,40_1_1
402653,1237599.3,40_1_1
402124.4,1236925.6,40_1_1
401987.3,1234957.5,40_1_1
402745.2,1234100.1,40_1_1
404243.7,1234245.4,40_1_1
405742,1235930.1,40_1_1
407154.9,1236350.2,40_1_1
408913,1235671.2,40_1_1
411784,1232918.8,40_1_1
412805,1233137.4,40_1_1
415180.7,1234438.5,40_1_1
416676.7,1234194.9,40_1_1
417972.8,1232663.6,40_1_1
418202.8,1227957.2,40_1_1
419560.4,1226702.1,40_1_1
419600.9,1224918.9,40_1_1
417491.2,1224880.9,40_1_1
417473.4,1225490.5,40_1_1
415625.8,1225430.7,40_1_1
415735.7,1222191.5,40_1_1
408131.9,1221943.8,40_1_1
408047.7,1210101.5,40_1_1
408349.8,1200314.3,40_1_1
398529.4,1200855.3,40_1_1
369853.3,1199530.8,40_1_1
368933,1220250.5,40_1_1
371076.8,1220328.9,40_1_1
370474.6,1233298.1,40_1_1
389557.6,1234207.3,40_1_1
389716.1,1230965.1,40_1_1
391381.5,1231055.6,40_1_1
390776,1243224.6,40_1_1
393705.1,1243052.7,40_1_1
398705,1239548.9,40_1_1
400901.4,1238523.1,40_1_1
146214,1210012.6,41_1_1
146871.3,1209568.9,41_1_1
148153,1209629,41_1_1
148632.8,1209224,41_1_1
148643.4,1208667,41_1_1
147990.7,1207763.4,41_1_1
147153.3,1208154.9,41_1_1
146841.4,1207919.9,41_1_1
147342.9,1207072.7,41_1_1
147842.1,1207294.8,41_1_1
148209.7,1206941.6,41_1_1
147794,1204644.3,41_1_1
150440.6,1203664.1,41_1_1
149939,1202956.5,41_1_1
149317.4,1203029.5,41_1_1
149480.3,1202564.6,41_1_1
150944.3,1202633.8,41_1_1
152573.7,1203147.4,41_1_1
152966.4,1202705.8,41_1_1
152499.5,1201855.2,41_1_1
152920.9,1200872.3,41_1_1
153302,1200714,41_1_1
154035.6,1201071.5,41_1_1
154411.9,1200755.1,41_1_1
153690.2,1200007.6,41_1_1
154607.8,1200262.7,41_1_1
155004.1,1199938,41_1_1
155946.3,1199959.3,41_1_1
155691.9,1197942.9,41_1_1
156582.9,1197214.2,41_1_1
156491.8,1196869.6,41_1_1
155868,1196847.2,41_1_1
155950.5,1196402,41_1_1
156825.6,1196646.8,41_1_1
157449.8,1197360.6,41_1_1
157980.4,1197334.7,41_1_1
159207.2,1195981.7,41_1_1
159674.6,1196277.1,41_1_1
160682.7,1196131.2,41_1_1
160814.5,1195350.9,41_1_1
161818.2,1195021.8,41_1_1
161936.7,1194356.5,41_1_1
162662.8,1194262.2,41_1_1
162811.8,1195191,41_1_1
163513.7,1195989.3,41_1_1
163772.8,1195800.8,41_1_1
163935.4,1194450.7,41_1_1
164427.9,1195001.4,41_1_1
166687.5,1195545.1,41_1_1
167012.1,1195047,41_1_1
166640.8,1194554.4,41_1_1
166876.7,1193641.2,41_1_1
166378.3,1192923,41_1_1
166600.1,1192554.7,41_1_1
167424.5,1193063.7,41_1_1
168241.6,1193050.9,41_1_1
167831.7,1193556.5,41_1_1
168133.6,1193760.9,41_1_1
168989.4,1192489.1,41_1_1
169940.6,1192576.2,41_1_1
169644.4,1193216.9,41_1_1
170046.3,1193383.5,41_1_1
170655.3,1192291.1,41_1_1
171091.3,1192101.6,41_1_1
171585.5,1192929.4,41_1_1
172678.8,1192679.3,41_1_1
172783,1193416.6,41_1_1
175689.6,1192897.8,41_1_1
175926.2,1192526.8,41_1_1
180131.3,1192478.7,41_1_1
180111.7,1189246.4,41_1_1
187885.3,1189165.8,41_1_1
188328.9,1187832.6,41_1_1
188036.5,1187838.9,41_1_1
187764.3,1187305,41_1_1
187709.2,1187859.8,41_1_1
187021.1,1188097.4,41_1_1
186768.3,1187903.6,41_1_1
187388.2,1187499.7,41_1_1
186825.5,1186592.1,41_1_1
187363.4,1184920.5,41_1_1
187835,1185031.5,41_1_1
187769,1186588.9,41_1_1
188268.5,1186635.6,41_1_1
188503.7,1185866.6,41_1_1
188082.1,1184990.9,41_1_1
188509.8,1184210.6,41_1_1
187473.5,1184242.1,41_1_1
187117.8,1183905.1,41_1_1
187713.4,1182741.3,41_1_1
187086.2,1180926.3,41_1_1
187289.6,1180108.9,41_1_1
189088.7,1179034.1,41_1_1
189260.3,1178120.5,41_1_1
189681.9,1177670.8,41_1_1
190535.8,1178403.7,41_1_1
190498.2,1179420.2,41_1_1
191485.6,1179683.8,41_1_1
192106.7,1179470.9,41_1_1
191965.8,1178939,41_1_1
193151.2,1178135.3,41_1_1
193252.5,1177708.1,41_1_1
193015.8,1177207.4,41_1_1
192355.6,1176872.2,41_1_1
191949.6,1175800.7,41_1_1
192110.9,1175559.8,41_1_1
192544.4,1175605.5,41_1_1
192921.3,1176484,41_1_1
193750.1,1176880.2,41_1_1
194239.5,1176709.2,41_1_1
194920.7,1175482.1,41_1_1
195310.7,1175577.4,41_1_1
195612.2,1176254.2,41_1_1
196010.4,1176303.6,41_1_1
197074.7,1175612.3,41_1_1
197295.9,1174263.6,41_1_1
198004.4,1174081.4,41_1_1
198812.1,1174696,41_1_1
199472.2,1173540,41_1_1
200493.9,1173688.6,41_1_1
200468.8,1173213.2,41_1_1
199426.3,1172879.5,41_1_1
197606.1,1173747.2,41_1_1
196611.1,1173555.4,41_1_1
196614.9,1171960.8,41_1_1
195837.7,1171477.3,41_1_1
194456.2,1171593.3,41_1_1
194017,1169512.6,41_1_1
193435.9,1168997.7,41_1_1
191846.3,1170304.6,41_1_1
190579.5,1170325.9,41_1_1
189829.2,1169209.6,41_1_1
190437.4,1167337.1,41_1_1
190368.8,1166788.2,41_1_1
189941.5,1166479.4,41_1_1
189173.7,1166508.4,41_1_1
188670.5,1166904.3,41_1_1
187777.8,1168384.7,41_1_1
187779.7,1169810.2,41_1_1
187385.8,1170167.5,41_1_1
186743.2,1170123,41_1_1
186429.6,1169573.5,41_1_1
187058.4,1166874.4,41_1_1
186570.6,1165515.1,41_1_1
185885.6,1164863,41_1_1
184555.7,1165555.9,41_1_1
184493.7,1166094.5,41_1_1
185226.5,1167336.3,41_1_1
184380.7,1168264.9,41_1_1
183462.9,1168308.8,41_1_1
182255.4,1167301.9,41_1_1
180427.8,1166760.3,41_1_1
178725.7,1166496.4,41_1_1
177770.3,1166934.8,41_1_1
177614,1167425.6,41_1_1
177866.4,1167638,41_1_1
178892.7,1167559.3,41_1_1
179276,1167836.5,41_1_1
179172.9,1168523.1,41_1_1
178225.7,1168624.9,41_1_1
177594.3,1170388.6,41_1_1
177681.4,1168985.3,41_1_1
176174.4,1169299.9,41_1_1
173989.9,1168325.6,41_1_1
173250.7,1168317.6,41_1_1
173095.3,1166757.2,41_1_1
172567.2,1166505.5,41_1_1
171925.5,1168736.4,41_1_1
171007.8,1168043,41_1_1
170427.3,1168411.5,41_1_1
171255.8,1169880.2,41_1_1
170896.2,1169938.5,41_1_1
170303.2,1169250.8,41_1_1
169920.5,1169224,41_1_1
169427.5,1169787.3,41_1_1
169386.5,1170683.5,41_1_1
167379.2,1171290.3,41_1_1
166253.6,1169773,41_1_1
165574.1,1169590.4,41_1_1
164722.6,1169989.3,41_1_1
164341.1,1169674.9,41_1_1
164896.7,1168907.3,41_1_1
165787.1,1169323.4,41_1_1
166483.1,1168903.6,41_1_1
166899.6,1167570.6,41_1_1
166312.7,1166850.5,41_1_1
165860.6,1167143.9,41_1_1
165435.4,1168186.3,41_1_1
163551.6,1166551.6,41_1_1
162490.7,1166505.4,41_1_1
161282.7,1166996.1,41_1_1
161247.3,1167890.6,41_1_1
162530.7,1169660.9,41_1_1
162504.7,1170386.2,41_1_1
161964.9,1170632.9,41_1_1
160661.5,1169888.7,41_1_1
158847.6,1166959.9,41_1_1
157591.7,1167108.1,41_1_1
157622.3,1168117.8,41_1_1
158508.5,1168916.1,41_1_1
158307.9,1169590.6,41_1_1
157901.6,1169743.3,41_1_1
156746.4,1168866.7,41_1_1
156168.3,1166719,41_1_1
155648.9,1166157,41_1_1
154811.6,1165959.2,41_1_1
153887.6,1166381,41_1_1
153464.3,1167664,41_1_1
152889.6,1168039.4,41_1_1
151912.2,1167376.6,41_1_1
152399.4,1166145.6,41_1_1
151765.5,1165303.5,41_1_1
150335.7,1165505,41_1_1
149251.5,1165304.8,41_1_1
148246.8,1165762.1,41_1_1
147756.2,1166531.4,41_1_1
150381.5,1169097.9,41_1_1
150574.5,1169515.3,41_1_1
150328.2,1169925.1,41_1_1
148902.7,1169952.3,41_1_1
148313.4,1168359.4,41_1_1
146418.9,1168002.2,41_1_1
144703.9,1170488.7,41_1_1
143824.7,1170812.7,41_1_1
143567.7,1170483.3,41_1_1
142568.2,1170527.1,41_1_1
142161.7,1171484.8,41_1_1
141640,1171251,41_1_1
140818.3,1171714.8,41_1_1
141042.4,1172237.8,41_1_1
142567.6,1173386.2,41_1_1
142557.1,1173972.3,41_1_1
141856,1174162,41_1_1
141618.5,1174883,41_1_1
142927.9,1175305.1,41_1_1
142934.3,1176188.3,41_1_1
142015.8,1176500.4,41_1_1
141301.3,1175475.8,41_1_1
140344.1,1175760.3,41_1_1
139474.7,1175625.8,41_1_1
139722.1,1209494.9,41_1_1
140101,1209349,41_1_1
140758.1,1209912.4,41_1_1
141329.7,1208994.8,41_1_1
142306.4,1208240.2,41_1_1
143813.8,1208589.1,41_1_1
144389.9,1208143.7,41_1_1
145571.6,1207938.7,41_1_1
145807.9,1208116.6,41_1_1
145472.3,1209125.3,41_1_1
144840.4,1209356.9,41_1_1
144777.5,1209721.4,41_1_1
146214,1210012.6,41_1_1
202662,1370013.8,42_1_1
204320,1370586.3,42_1_1
205488.5,1370558.1,42_1_1
205898.8,1371124.6,42_1_1
208316.1,1371822.4,42_1_1
208912.4,1372526.2,42_1_1
209282.9,1374222.4,42_1_1
209779.7,1374756.2,42_1_1
210620.2,1374590.2,42_1_1
211658.7,1373176.5,42_1_1
212466.5,1372658.4,42_1_1
213867.2,1372352.3,42_1_1
216621,1372479.7,42_1_1
217411.5,1372761.9,42_1_1
218666.3,1373979.5,42_1_1
221125.5,1374687.2,42_1_1
222193.3,1375485.4,42_1_1
224286.7,1374244.6,42_1_1
225582.1,1374196,42_1_1
226833.3,1375149.6,42_1_1
227278.9,1376234.9,42_1_1
228350.6,1377306.8,42_1_1
229970.7,1377870.6,42_1_1
230814.5,1377797.9,42_1_1
231533,1376680.2,42_1_1
231907,1373498.1,42_1_1
232785.6,1371052.8,42_1_1
234652.4,1369026.4,42_1_1
234164.1,1368434.6,42_1_1
232285.1,1367709.2,42_1_1
232457.1,1366671.2,42_1_1
237585,1367103.6,42_1_1
240544.7,1368413.3,42_1_1
245310.8,1365831.9,42_1_1
245496,1354094.1,42_1_1
229509.6,1354017.2,42_1_1
229535.2,1353200.7,42_1_1
227949.9,1353297.5,42_1_1
227907.3,1352493.6,42_1_1
227131.2,1352385.2,42_1_1
227184.2,1350001.5,42_1_1
226294.1,1350009,42_1_1
226323.3,1349227.8,42_1_1
224744.9,1349239.4,42_1_1
224763.6,1347611.4,42_1_1
223153.5,1347605.1,42_1_1
223141.4,1345976,42_1_1
211111.3,1345982.2,42_1_1
211125.2,1344371.9,42_1_1
207198.8,1344399,42_1_1
207223,1334533.7,42_1_1
207646.2,1334525.7,42_1_1
207673.3,1331513.1,42_1_1
174232.4,1331540.6,42_1_1
174224.9,1334608.7,42_1_1
168068.5,1334673.8,42_1_1
168099.7,1344487.7,42_1_1
177867.6,1344404.1,42_1_1
177923.6,1354510.2,42_1_1
187679.8,1354527.1,42_1_1
187738.1,1364560.2,42_1_1
197397.6,1364107.8,42_1_1
197389.8,1377200.6,42_1_1
198709.8,1373967.7,42_1_1
201722.4,1371407.2,42_1_1
202096.2,1370475.2,42_1_1
202662,1370013.8,42_1_1
355505.2,1335460.4,43_1_1
350915.8,1335334.8,43_1_1
350936.6,1341448.1,43_1_1
352055.2,1341330.9,43_1_1
352299.8,1341736.3,43_1_1
352982.4,1341234.2,43_1_1
353120.3,1341467,43_1_1
353620,1341319,43_1_1
354455.1,1341815.1,43_1_1
354695.8,1342475.7,43_1_1
355426,1342582.6,43_1_1
356287.7,1342423.1,43_1_1
356416.6,1341881.6,43_1_1
357118.8,1341730.3,43_1_1
358413.5,1342467,43_1_1
359349,1342270.3,43_1_1
360439.8,1342910.7,43_1_1
361070.7,1341763,43_1_1
361439.2,1341710.6,43_1_1
361518.2,1341371.9,43_1_1
361882.5,1341578.2,43_1_1
362004.6,1341056,43_1_1
361981.5,1341584.4,43_1_1
363475.1,1340980,43_1_1
363283,1340775.9,43_1_1
363545.1,1340474.6,43_1_1
363760,1340663,43_1_1
364409.9,1340075.6,43_1_1
365151.2,1340418.5,43_1_1
366324.6,1339590.8,43_1_1
366755.6,1339796.8,43_1_1
367319.7,1339542.6,43_1_1
367573.3,1339836,43_1_1
368034.8,1339641.5,43_1_1
368427.6,1339916.2,43_1_1
369052.5,1339635.1,43_1_1
369405.9,1338856.4,43_1_1
370087.8,1338677.5,43_1_1
370604.8,1337886.9,43_1_1
371321.9,1338511.7,43_1_1
373125.4,1337534.5,43_1_1
375217.7,1337773.5,43_1_1
375459,1338148.7,43_1_1
376010.9,1338065.9,43_1_1
376697.1,1338475.2,43_1_1
376996.8,1338241.7,43_1_1
377402,1338568.3,43_1_1
379674.5,1338591.3,43_1_1
380099,1326409.4,43_1_1
390077.6,1326644.9,43_1_1
390674.9,1298961.1,43_1_1
390780.6,1298686.5,43_1_1
391742,1298789.1,43_1_1
391954.4,1298268.1,43_1_1
392678.1,1297881.9,43_1_1
393012.6,1298080,43_1_1
392915,1297760.2,43_1_1
394134.2,1296882.3,43_1_1
394192.9,1296310.6,43_1_1
395361.9,1295899.6,43_1_1
396306.4,1294953.3,43_1_1
396431.4,1293379,43_1_1
395745.7,1292560.8,43_1_1
395377.3,1291346.7,43_1_1
394771.8,1291070.4,43_1_1
394385.5,1288799.2,43_1_1
395053,1288471.4,43_1_1
395215.3,1287652,43_1_1
395658.7,1287354.1,43_1_1
395957.7,1287755.1,43_1_1
397072.4,1287409.4,43_1_1
397446.8,1285936,43_1_1
397019.8,1284729.6,43_1_1
394461,1282305.2,43_1_1
394367.8,1281712.8,43_1_1
393817.6,1281320.6,43_1_1
393521.6,1280592.6,43_1_1
393806.8,1280284.4,43_1_1
393347.2,1279729,43_1_1
393539.1,1278961.6,43_1_1
393160,1278999.1,43_1_1
393664.5,1278726.4,43_1_1
393460.6,1278337.8,43_1_1
393762,1278369,43_1_1
393948.4,1277929.9,43_1_1
361634.4,1277236.8,43_1_1
361059.1,1291993.3,43_1_1
353438.3,1291852.9,43_1_1
354597.2,1295961.6,43_1_1
354370.8,1297014.3,43_1_1
354849.4,1301771.7,43_1_1
356129.2,1304224.1,43_1_1
355539.6,1334616.9,43_1_1
355505.2,1335460.4,43_1_1
355505.1,1335466.8,43_1_2
355462,1335467.1,43_1_2
355505.2,1335460.4,43_1_2
355505.1,1335466.8,43_1_2
361956.5,1341627.3,43_2_1
361892.9,1341626.3,43_2_1
361890.1,1341668.9,43_2_1
361956.5,1341627.3,43_2_1
182524.4,1417421.7,44_1_1
182426.8,1417397.2,44_1_1
182432.6,1417450.1,44_1_1
182524.4,1417421.7,44_1_1
189588.2,1475296.2,44_2_1
208406.3,1475249.7,44_2_1
208666.6,1474694.1,44_2_1
208208.8,1474264.8,44_2_1
208537.3,1473487.9,44_2_1
207879.3,1473128.5,44_2_1
207957.1,1472201.9,44_2_1
208899,1472293.7,44_2_1
209259.7,1472994.8,44_2_1
209765.2,1472459.7,44_2_1
210064.7,1473048.2,44_2_1
210823,1472478.8,44_2_1
209920,1471288.7,44_2_1
210464,1471286.5,44_2_1
211125.4,1470502.4,44_2_1
212040.9,1470386.7,44_2_1
212034.8,1463930.3,44_2_1
212377,1463536.7,44_2_1
212829,1463554.4,44_2_1
212828.7,1462304.7,44_2_1
215214.6,1462273.7,44_2_1
215246.1,1458908.6,44_2_1
218344.8,1458912.1,44_2_1
218389.1,1455690.5,44_2_1
224779,1455737.1,44_2_1
224837.8,1450827.6,44_2_1
227936,1450843.8,44_2_1
227802.3,1438146.7,44_2_1
226280.2,1438120.5,44_2_1
226293.6,1436498.7,44_2_1
224698.8,1436480,44_2_1
224719.9,1433242.6,44_2_1
223102,1433289,44_2_1
223135.1,1428349.3,44_2_1
221556.1,1428363.3,44_2_1
221507,1421868.3,44_2_1
222312.8,1421859.5,44_2_1
222298.5,1415160,44_2_1
187207.2,1415517.2,44_2_1
187219.3,1413895.5,44_2_1
182553.5,1413924.9,44_2_1
182583.4,1422028.5,44_2_1
183368.8,1422042.5,44_2_1
183388.1,1422776.5,44_2_1
183430.8,1450924,44_2_1
188104.1,1467151.5,44_2_1
189720.5,1467165.9,44_2_1
189588.2,1475296.2,44_2_1
307977.1,1500206.4,45_1_1
308072.7,1487651.5,45_1_1
306615.7,1487639,45_1_1
306380.9,1486790.8,45_1_1
302935,1484364.5,45_1_1
302738.6,1483773.9,45_1_1
303489.4,1482863.3,45_1_1
304220.9,1482540.6,45_1_1
306788.4,1483354.6,45_1_1
308553.3,1483406.3,45_1_1
308361.2,1481382.4,45_1_1
307804.3,1481173.3,45_1_1
306851.6,1481851.3,45_1_1
305883.3,1481795.1,45_1_1
304999.8,1480377,45_1_1
304702.3,1478696.9,45_1_1
305108.9,1478469.5,45_1_1
307100.1,1479425.1,45_1_1
309194.8,1478034.2,45_1_1
309219.9,1476529.7,45_1_1
307672.1,1474471.2,45_1_1
307743,1473780.1,45_1_1
309653.3,1474522.6,45_1_1
312097,1473200.5,45_1_1
314116.1,1473235.4,45_1_1
314331.4,1472767.5,45_1_1
313791.9,1471709.3,45_1_1
313783.4,1470025.9,45_1_1
314422.9,1469436.2,45_1_1
315244.7,1469324.9,45_1_1
315392.3,1468864.2,45_1_1
313627,1467105.4,45_1_1
313678.6,1466221.3,45_1_1
314610.9,1464941.6,45_1_1
317121.2,1463067.5,45_1_1
317938.4,1463580.6,45_1_1
318482.3,1464705.3,45_1_1
318320.9,1463064.5,45_1_1
319680.2,1462997.9,45_1_1
320163.9,1462527.9,45_1_1
320141.4,1461513.9,45_1_1
318558.3,1461458.5,45_1_1
318581.5,1459826.9,45_1_1
320155.7,1459868.8,45_1_1
320252.4,1451812.6,45_1_1
282197.5,1451286,45_1_1
282123.1,1456175,45_1_1
277315.6,1456055.4,45_1_1
276438.4,1498230.3,45_1_1
277501.3,1496577.4,45_1_1
278620.3,1496305.2,45_1_1
279226.2,1495396.3,45_1_1
279147.8,1499075.8,45_1_1
307977.1,1500206.4,45_1_1
203640.5,1108192.7,46_1_1
203557.4,1108233.3,46_1_1
203716.9,1108151.8,46_1_1
203640.5,1108192.7,46_1_1
203683.9,1108531,46_2_1
203748.5,1108550.3,46_2_1
203783.6,1108477,46_2_1
203683.9,1108531,46_2_1
203714.6,1108583.6,46_3_1
203721.1,1108612.9,46_3_1
203734.4,1108582.1,46_3_1
203714.6,1108583.6,46_3_1
201611.5,1111147.8,46_4_1
201470.9,1109765.5,46_4_1
202348.9,1108934.7,46_4_1
201433.5,1109738.8,46_4_1
201611.5,1111147.8,46_4_1
201860.7,1122599.9,46_5_1
202512.6,1121276.6,46_5_1
202463.3,1120604.8,46_5_1
201307.5,1122106.5,46_5_1
201860.7,1122599.9,46_5_1
201424.7,1173461.6,46_6_1
201467.6,1171625,46_6_1
200330.6,1169974.4,46_6_1
200332.3,1169098,46_6_1
200843.3,1168766.8,46_6_1
202562,1168721.1,46_6_1
203181.5,1168428.7,46_6_1
203279.5,1167628.3,46_6_1
202219.7,1166681.6,46_6_1
202403.4,1166086.5,46_6_1
203286.8,1166339.7,46_6_1
203776.6,1167662.3,46_6_1
204484.7,1167519.4,46_6_1
204390.1,1166781.7,46_6_1
203262.7,1165671.2,46_6_1
204004.9,1165380.1,46_6_1
204935.1,1164389.1,46_6_1
204768.7,1163699.2,46_6_1
205346.6,1162707.8,46_6_1
205525.6,1161356.2,46_6_1
206575.6,1161380.3,46_6_1
207025.8,1161774.4,46_6_1
206296.8,1163004.9,46_6_1
206324.5,1163650,46_6_1
207241.6,1164835.7,46_6_1
208008.6,1165310.7,46_6_1
208251.7,1164585.2,46_6_1
207225.2,1163444.5,46_6_1
207268.8,1163121.8,46_6_1
208842.9,1161763.2,46_6_1
210156.8,1159654.7,46_6_1
210221.1,1158593.1,46_6_1
208702.5,1156948.7,46_6_1
208877.3,1156288.8,46_6_1
209581.9,1155557.6,46_6_1
209749.7,1154658,46_6_1
209422.9,1154323.3,46_6_1
208478.1,1154210.9,46_6_1
208376,1153622.9,46_6_1
209327.7,1153543,46_6_1
210190,1154281.5,46_6_1
210679.3,1155212.5,46_6_1
211610.1,1155225.8,46_6_1
211842.1,1154606.5,46_6_1
211240,1153664.3,46_6_1
209467.1,1153149.6,46_6_1
209683.9,1152264.1,46_6_1
210765.8,1151446.3,46_6_1
212015,1149415.7,46_6_1
214498,1148996.6,46_6_1
215310.9,1148214.3,46_6_1
214996.5,1147699.3,46_6_1
212665.6,1147409.3,46_6_1
212267.9,1145726.8,46_6_1
211800.2,1145050.7,46_6_1
211926,1144034,46_6_1
212238.5,1143766.8,46_6_1
214516.8,1143881.5,46_6_1
215865.3,1143024.2,46_6_1
215578.5,1141836.1,46_6_1
213438.6,1141525.1,46_6_1
212788.4,1140770,46_6_1
213287.4,1139786.4,46_6_1
214340.1,1138962.8,46_6_1
214337.2,1137514.1,46_6_1
213246.3,1136528.8,46_6_1
212647.6,1136474.5,46_6_1
211972.9,1136833.7,46_6_1
211100.7,1138195.5,46_6_1
209994.3,1136767.8,46_6_1
210406.2,1135772.1,46_6_1
212360.2,1134598.2,46_6_1
212721.6,1133792.6,46_6_1
212679.6,1133305.7,46_6_1
210488.6,1132061.9,46_6_1
210187,1131349.2,46_6_1
210391.5,1130557.9,46_6_1
211467.6,1130753.8,46_6_1
212695.4,1131444.4,46_6_1
213049.7,1131268.4,46_6_1
209401.7,1129305.2,46_6_1
208818.3,1127964.7,46_6_1
209696.9,1126516.2,46_6_1
210003.5,1126717.2,46_6_1
210874.8,1125845.9,46_6_1
210481.1,1124802.5,46_6_1
210123.8,1124777.2,46_6_1
208398.7,1126269.2,46_6_1
207904.2,1126296.5,46_6_1
207386.2,1125879.1,46_6_1
207588.7,1124493.5,46_6_1
209633.3,1124391.8,46_6_1
210196.7,1123895.8,46_6_1
210000,1123159.6,46_6_1
209446.8,1122922.2,46_6_1
207766.1,1124171.7,46_6_1
206361.5,1124211,46_6_1
205991.1,1123348,46_6_1
206357.3,1121461.2,46_6_1
205754.7,1121361.3,46_6_1
205211.5,1121795.7,46_6_1
204975.4,1123603.7,46_6_1
204109.4,1124098.9,46_6_1
202292.7,1123246.4,46_6_1
201198.1,1122096.2,46_6_1
199668.7,1122037.3,46_6_1
199070.8,1121275.7,46_6_1
198805.4,1119503.3,46_6_1
198974.6,1117027.8,46_6_1
198652.7,1115537.4,46_6_1
198379.4,1115823.1,46_6_1
198806.3,1114890.7,46_6_1
200922.6,1113114.8,46_6_1
201499.1,1112238.3,46_6_1
201367.3,1109911.5,46_6_1
201442.8,1109607,46_6_1
201624.7,1109277.6,46_6_1
203793.8,1107808.9,46_6_1
181691.1,1107309.9,46_6_1
180427.8,1166760.3,46_6_1
182255.4,1167301.9,46_6_1
183462.9,1168308.8,46_6_1
184652.8,1168188,46_6_1
185234.2,1167208.5,46_6_1
184493.7,1166094.5,46_6_1
184555.7,1165555.9,46_6_1
185282.9,1164957.5,46_6_1
186023.7,1164896.8,46_6_1
186682.1,1165722.3,46_6_1
187058.4,1166874.4,46_6_1
186429.6,1169573.5,46_6_1
186743.2,1170123,46_6_1
187385.8,1170167.5,46_6_1
187779.7,1169810.2,46_6_1
187777.8,1168384.7,46_6_1
188670.5,1166904.3,46_6_1
189173.7,1166508.4,46_6_1
189941.5,1166479.4,46_6_1
190368.8,1166788.2,46_6_1
190437.4,1167337.1,46_6_1
189829.2,1169209.6,46_6_1
190579.5,1170325.9,46_6_1
191846.3,1170304.6,46_6_1
193435.9,1168997.7,46_6_1
194017,1169512.6,46_6_1
194456.2,1171593.3,46_6_1
195837.7,1171477.3,46_6_1
196614.9,1171960.8,46_6_1
196806.1,1172646.1,46_6_1
196517.7,1173445.7,46_6_1
196800.4,1173664.7,46_6_1
197814.2,1173695.7,46_6_1
198889.7,1173016.5,46_6_1
199830.5,1172878.9,46_6_1
200438.6,1173171.9,46_6_1
200574,1173584.2,46_6_1
200332.9,1173677.2,46_6_1
200903.5,1174162.1,46_6_1
201424.7,1173461.6,46_6_1
198386.3,1116452.6,46_6_2
198528.2,1116689,46_6_2
198544,1115771.7,46_6_2
198705.9,1116151.4,46_6_2
198513.3,1116755.3,46_6_2
198386.3,1116452.6,46_6_2
559470.6,1457259.3,47_1_1
560820.4,1455706.4,47_1_1
560886.1,1454023.4,47_1_1
561400.6,1453170.3,47_1_1
563979.7,1451622.4,47_1_1
566888.7,1449357.9,47_1_1
568058.4,1447028,47_1_1
567637.6,1445488,47_1_1
566355.9,1444551.7,47_1_1
565325.3,1444754.5,47_1_1
564248.4,1445942.7,47_1_1
561787.9,1446823.1,47_1_1
560132.4,1446539.9,47_1_1
557367.5,1444854.1,47_1_1
556838,1443129.9,47_1_1
557098.2,1441664.3,47_1_1
557729.8,1441176.4,47_1_1
560919.1,1440188,47_1_1
563065.5,1439159.6,47_1_1
563580.7,1438375.7,47_1_1
563371.4,1437205.5,47_1_1
560877.8,1435541,47_1_1
560020.5,1435436.6,47_1_1
557977.4,1435907.7,47_1_1
556560.9,1435126.9,47_1_1
555114.5,1433171.8,47_1_1
555361,1432531,47_1_1
555217.3,1431712.6,47_1_1
554101.4,1430037,47_1_1
553389.2,1429492.6,47_1_1
551080.6,1429206.1,47_1_1
548796.4,1427438.6,47_1_1
545556.1,1429322.2,47_1_1
541773.8,1426534.3,47_1_1
541300.1,1425459.6,47_1_1
541826.5,1421332.8,47_1_1
544408.7,1417947.5,47_1_1
545930.5,1417286.9,47_1_1
547585,1417314.2,47_1_1
548422,1417771.2,47_1_1
549038.9,1419048.4,47_1_1
550116.4,1419594.6,47_1_1
550740.6,1419403,47_1_1
551428.4,1418226.3,47_1_1
551465.6,1416751.2,47_1_1
551069.4,1415591.4,47_1_1
549264.8,1414560.7,47_1_1
547863.4,1413296,47_1_1
546021.2,1413266.4,47_1_1
543272,1411372.7,47_1_1
542415.9,1410002.2,47_1_1
542750.1,1408613.8,47_1_1
544064.6,1406434.9,47_1_1
546881.8,1405592.4,47_1_1
546692.5,1404281.6,47_1_1
547142.5,1404559.7,47_1_1
547592.7,1404152,47_1_1
547074.2,1402331.3,47_1_1
546203.4,1401790.7,47_1_1
543140.7,1402552.8,47_1_1
542718.9,1403146.7,47_1_1
542963.3,1403815.6,47_1_1
542602.2,1404705.5,47_1_1
539691.6,1406565.7,47_1_1
538033.1,1406444.8,47_1_1
535517.9,1405353.9,47_1_1
534577.8,1401727.6,47_1_1
534768.2,1399947,47_1_1
536050.2,1397607.1,47_1_1
537591.5,1396346.4,47_1_1
537768.4,1395747.3,47_1_1
536885.2,1391524.4,47_1_1
535937.6,1390740.1,47_1_1
535639.5,1389798.2,47_1_1
534788.1,1388723.9,47_1_1
536210.9,1387945.1,47_1_1
535133.5,1387081.2,47_1_1
533621,1389133.1,47_1_1
534238.3,1389958.7,47_1_1
533415.2,1390816.8,47_1_1
533023.2,1391991.6,47_1_1
533443.5,1395598.6,47_1_1
531789.2,1396936.1,47_1_1
529727.3,1396606.8,47_1_1
528945.4,1395939.1,47_1_1
527942.3,1392516.1,47_1_1
527060.2,1391918.9,47_1_1
513856.4,1391331,47_1_1
509930.1,1453661.4,47_1_1
559470.6,1457259.3,47_1_1
430885.6,1338079.8,48_1_1
438806,1338274.9,48_1_1
439017.6,1330658.9,48_1_1
439259.1,1330089.4,48_1_1
439041.8,1330001.3,48_1_1
439100.3,1328145.5,48_1_1
442339,1328298.6,48_1_1
442493,1323328.8,48_1_1
444122.4,1323401.6,48_1_1
444633.2,1308601,48_1_1
449469.1,1308767.5,48_1_1
450504.2,1279340.6,48_1_1
455458.7,1279433.9,48_1_1
456031.8,1264572.2,48_1_1
450539.9,1264287,48_1_1
449316.6,1265021.4,48_1_1
449079.6,1265538.2,48_1_1
448760.4,1265147.3,48_1_1
447728.4,1264986.3,48_1_1
447426.3,1265750.7,48_1_1
446224.8,1266138.4,48_1_1
446552.2,1267279.4,48_1_1
445458.5,1267734.9,48_1_1
444131.3,1268909.1,48_1_1
443496.3,1271217.5,48_1_1
442232.1,1271235.4,48_1_1
440725.9,1272251.2,48_1_1
440733.5,1272952.4,48_1_1
441541.5,1272886.2,48_1_1
441825.2,1273325.6,48_1_1
441281,1273854.3,48_1_1
441018.3,1274855.4,48_1_1
440212.7,1274633.6,48_1_1
440256.3,1275258.3,48_1_1
439636.1,1276556.2,48_1_1
439125.2,1276547.4,48_1_1
438287.7,1275238.9,48_1_1
437239.1,1275804.8,48_1_1
435818,1275376.9,48_1_1
435538.6,1276617.1,48_1_1
436476.6,1276357.9,48_1_1
436801.3,1276861.6,48_1_1
436471.2,1277309,48_1_1
435544.9,1277383.6,48_1_1
435255.7,1277764.6,48_1_1
436382.2,1279998.4,48_1_1
435619.5,1280401.6,48_1_1
435190,1279680.9,48_1_1
434707.5,1279489.5,48_1_1
433511.7,1280327.4,48_1_1
432450.2,1280298.9,48_1_1
432133,1280782.9,48_1_1
432420.2,1281929,48_1_1
431323.3,1281832.2,48_1_1
431021.5,1282178,48_1_1
431499.2,1283215.3,48_1_1
431435.8,1284601.4,48_1_1
429826.1,1284996.7,48_1_1
428705,1284783.2,48_1_1
427821,1285127.3,48_1_1
427723.4,1285492.3,48_1_1
428417.3,1286614.8,48_1_1
428455.1,1288395.8,48_1_1
420599.2,1288202.1,48_1_1
420504.6,1291487.8,48_1_1
417268,1291433.6,48_1_1
417227.8,1293105.8,48_1_1
413988.2,1292999.5,48_1_1
413753.1,1299521.9,48_1_1
420315.8,1299663.8,48_1_1
419831.1,1317434.1,48_1_1
419189.2,1318373.9,48_1_1
419608,1319473.4,48_1_1
420364.5,1319443.7,48_1_1
420661.4,1319727.1,48_1_1
420315.8,1321023.7,48_1_1
420522.7,1321641.5,48_1_1
420146.9,1322324.6,48_1_1
421523.2,1322345.7,48_1_1
422008.7,1323234.6,48_1_1
421322,1323094.3,48_1_1
420511.9,1323659.1,48_1_1
419374.3,1325352.5,48_1_1
418258.4,1325313.7,48_1_1
417986.6,1326039.3,48_1_1
418365.8,1326353,48_1_1
418961.5,1325731.6,48_1_1
419528.7,1325797.9,48_1_1
419541.3,1327263,48_1_1
426213,1327558.7,48_1_1
425962.5,1335683.8,48_1_1
430938.7,1335909.7,48_1_1
430885.6,1338079.8,48_1_1
204750.3,1300866.6,49_1_1
236619,1301338.1,49_1_1
236833.9,1294831.9,49_1_1
236079.8,1294811.2,49_1_1
236594.6,1256156,49_1_1
188448.7,1256159,49_1_1
188124.2,1291442.1,49_1_1
192883.8,1291509.3,49_1_1
192838,1294364.7,49_1_1
193515.1,1294379.5,49_1_1
193487.4,1296829.1,49_1_1
198323.3,1296782.1,49_1_1
198295.7,1297587,49_1_1
201520.4,1297650.4,49_1_1
201491.8,1299260.7,49_1_1
204745.2,1299236.6,49_1_1
204750.3,1300866.6,49_1_1
234066.9,1213434.9,50_1_1
234380.2,1213657.6,50_1_1
234409,1213244.9,50_1_1
234910.1,1213522.3,50_1_1
235402.9,1213104.9,50_1_1
235959.3,1213645.5,50_1_1
235755.5,1213145,50_1_1
236089.1,1213236,50_1_1
236245.4,1212873.4,50_1_1
236664.4,1213074.5,50_1_1
236794,1212488.6,50_1_1
237609.4,1213125,50_1_1
238550.8,1212835.5,50_1_1
238699.5,1213304.8,50_1_1
238855.6,1212943.6,50_1_1
239012.2,1213219.2,50_1_1
239324.5,1212864,50_1_1
239610.8,1213376.2,50_1_1
239379.3,1213636.3,50_1_1
240935.3,1213491.6,50_1_1
241211,1213094.2,50_1_1
240982.7,1212860.3,50_1_1
241507.8,1213032.9,50_1_1
241445.6,1212626.7,50_1_1
242046.8,1212180.2,50_1_1
242318,1212321.6,50_1_1
242134.8,1212559.9,50_1_1
242440.4,1212463.6,50_1_1
243072.1,1210977.2,50_1_1
243487.9,1210991.6,50_1_1
243593.1,1211320.6,50_1_1
244086.6,1211088.7,50_1_1
243900.7,1210699.3,50_1_1
244454.9,1209572.8,50_1_1
244341.2,1209044.5,50_1_1
245536.6,1209247.3,50_1_1
245929.1,1208804.7,50_1_1
245745.6,1208163.3,50_1_1
246839.9,1207971.2,50_1_1
246785.6,1207715.2,50_1_1
247727.4,1206977.2,50_1_1
248052.9,1205870.5,50_1_1
247197.6,1205230.8,50_1_1
247554.2,1204830.2,50_1_1
247627.8,1203834.8,50_1_1
248934.2,1201181.2,50_1_1
250401.7,1200769.4,50_1_1
250177,1200201.7,50_1_1
250933.3,1200586,50_1_1
251645.6,1200465.1,50_1_1
251210.6,1200140.6,50_1_1
251327.2,1199854.7,50_1_1
251961.6,1199465.3,50_1_1
253230.1,1199594.9,50_1_1
253525.9,1199007.2,50_1_1
253467.9,1199570.8,50_1_1
253989.8,1199831.8,50_1_1
254161.7,1199264.5,50_1_1
254411.7,1199649.8,50_1_1
254651,1199196.3,50_1_1
254954.5,1199403.3,50_1_1
254820.6,1199733.7,50_1_1
255425.7,1199603.9,50_1_1
255500.9,1198784.2,50_1_1
255891.2,1199323.4,50_1_1
256390.1,1198495.5,50_1_1
256517.4,1198967.9,50_1_1
256844.8,1198649.7,50_1_1
257413.9,1198692.2,50_1_1
257288.3,1198332.7,50_1_1
257792.1,1198531.9,50_1_1
257834.9,1198195.2,50_1_1
258173.4,1198184.7,50_1_1
258094.6,1197775.3,50_1_1
258548,1197888.5,50_1_1
258646.8,1196941.4,50_1_1
259229.3,1196528.4,50_1_1
259694.2,1197240.2,50_1_1
260352.1,1197016,50_1_1
261238.6,1198047.5,50_1_1
261437.2,1197646.2,50_1_1
262243.5,1197601,50_1_1
261855.9,1197994.1,50_1_1
262765.1,1198364.9,50_1_1
264033,1196406.9,50_1_1
263944.7,1195807.5,50_1_1
265206.3,1195149.7,50_1_1
265643.9,1194622.9,50_1_1
265539.8,1194312.6,50_1_1
266235.8,1194142.7,50_1_1
266224.5,1157894.3,50_1_1
256558.1,1157846.5,50_1_1
256581.9,1156216.2,50_1_1
232311.9,1156297,50_1_1
232367.6,1198539.3,50_1_1
233324.7,1198539.8,50_1_1
233305.2,1213302.7,50_1_1
233623,1213762.4,50_1_1
234066.9,1213434.9,50_1_1
236554.8,1213034.9,50_1_2
236533.4,1213030.1,50_1_2
236556.7,1213031.8,50_1_2
236554.8,1213034.9,50_1_2
224777.2,1455725.3,51_1_1
272498.5,1456065.8,51_1_1
272564.8,1451172.6,51_1_1
273203.8,1451170.6,51_1_1
273228.7,1450343.2,51_1_1
273311.5,1412282,51_1_1
251001.3,1412201.2,51_1_1
235417.9,1411784.1,51_1_1
222350.3,1411902.4,51_1_1
222312.8,1421859.5,51_1_1
221507,1421868.3,51_1_1
221556.1,1428363.3,51_1_1
223135.1,1428349.3,51_1_1
223102,1433289,51_1_1
224719.9,1433242.6,51_1_1
224698.8,1436480,51_1_1
226293.6,1436498.7,51_1_1
226280.2,1438120.5,51_1_1
227802.3,1438146.7,51_1_1
227936,1450843.8,51_1_1
224837.8,1450827.6,51_1_1
224777.2,1455725.3,51_1_1
282316.4,1198816.4,52_1_1
282759.5,1199317.3,52_1_1
283162.9,1199251,52_1_1
282957.6,1199436.4,52_1_1
283191,1199633.5,52_1_1
285238.1,1197958.5,52_1_1
285517.2,1198403,52_1_1
286321.6,1198436.1,52_1_1
314039.9,1198519.7,52_1_1
314121.7,1191180.6,52_1_1
313569.6,1189964.6,52_1_1
312805.5,1189596.4,52_1_1
312880.6,1188299,52_1_1
312257.3,1187658.5,52_1_1
311528.1,1187567.9,52_1_1
310993.7,1186708.7,52_1_1
309652.8,1186165.4,52_1_1
309634.1,1185244.5,52_1_1
309116.2,1184617.7,52_1_1
308609,1182882.4,52_1_1
308182,1182508,52_1_1
306533.3,1182422.5,52_1_1
306173,1182071.3,52_1_1
305329.6,1182298.9,52_1_1
303501.5,1181056.6,52_1_1
302408.8,1181641.6,52_1_1
301406,1180973.5,52_1_1
301478.5,1179752.4,52_1_1
300867.1,1178899.2,52_1_1
300732.9,1177664.1,52_1_1
301719.5,1176429.3,52_1_1
302785,1176128.3,52_1_1
303226.6,1173502.2,52_1_1
302851.7,1170672.2,52_1_1
302423.4,1170134.9,52_1_1
301495,1171421.2,52_1_1
300454.5,1170557.9,52_1_1
300118.9,1169465.7,52_1_1
299676,1169100.5,52_1_1
298753.3,1170050.5,52_1_1
298221,1170122.2,52_1_1
297701.2,1169586.2,52_1_1
297396,1169967.7,52_1_1
297247.3,1168375.3,52_1_1
298884.7,1167639.7,52_1_1
298404.4,1166972.5,52_1_1
298629.9,1166201.4,52_1_1
297654.8,1165265.6,52_1_1
298734.5,1164596.2,52_1_1
299411.7,1164638.7,52_1_1
299357.5,1164316.2,52_1_1
298641.6,1164302.7,52_1_1
298454.1,1163343.7,52_1_1
299555.5,1162505.8,52_1_1
300586.8,1162442.1,52_1_1
301158,1162888.9,52_1_1
301144.4,1163720.3,52_1_1
301879.9,1163141.4,52_1_1
302529.2,1163075,52_1_1
302946.5,1162564.6,52_1_1
302542.2,1161336.4,52_1_1
302674.1,1160620.3,52_1_1
302107.4,1160810.8,52_1_1
302043.5,1160589.1,52_1_1
302349,1159877.7,52_1_1
303057.3,1159651.3,52_1_1
303114.3,1158977.2,52_1_1
304080.5,1159195.2,52_1_1
303942,1159812.3,52_1_1
304307.5,1159706.9,52_1_1
304006.3,1158182.3,52_1_1
304264.8,1156709,52_1_1
307023.7,1156729.6,52_1_1
308224.4,1157306.8,52_1_1
308869.8,1157293.6,52_1_1
309265.2,1156728.6,52_1_1
308861.2,1155984.7,52_1_1
309925,1156275.3,52_1_1
309772.2,1155163.4,52_1_1
310834.7,1154936.8,52_1_1
310772.6,1153943,52_1_1
310079,1154182.7,52_1_1
309744.1,1153915.1,52_1_1
310001,1153074.5,52_1_1
310803.8,1153188.9,52_1_1
312335.1,1154555.3,52_1_1
313619.8,1153747.2,52_1_1
314943.6,1153925.4,52_1_1
315675.4,1152791.4,52_1_1
315428.3,1151934.6,52_1_1
315964,1150714.7,52_1_1
316573.4,1150601.8,52_1_1
317085.2,1151312.9,52_1_1
317255.1,1150016.3,52_1_1
316432.3,1150339.5,52_1_1
316314.7,1149968,52_1_1
315959.2,1150300.8,52_1_1
315654.6,1150064.5,52_1_1
314724.6,1150640.2,52_1_1
313941.6,1149595.7,52_1_1
314352.4,1149200.9,52_1_1
313291,1149564.5,52_1_1
313034.4,1149050.7,52_1_1
312362.7,1148897.1,52_1_1
311492,1149180.7,52_1_1
311196,1149625.9,52_1_1
309998.2,1149869.7,52_1_1
309236.6,1149395.1,52_1_1
308659.2,1148410.4,52_1_1
306673.7,1148837.4,52_1_1
306351.4,1149176.9,52_1_1
306715.1,1149438.9,52_1_1
305940.1,1149716.4,52_1_1
305270.3,1149800.7,52_1_1
304749.1,1149465.2,52_1_1
303600.7,1149896,52_1_1
303033.9,1151259.8,52_1_1
300494.2,1151278.5,52_1_1
299546.8,1151703.6,52_1_1
298737.2,1150909.3,52_1_1
298199,1150903.1,52_1_1
297787.9,1150171.8,52_1_1
297072.8,1150402.2,52_1_1
296237.6,1149871.4,52_1_1
266236.8,1149772.3,52_1_1
266235.8,1194142.7,52_1_1
267904.7,1194125.8,52_1_1
268568.8,1194776.7,52_1_1
268235.2,1195113.1,52_1_1
268911,1195072,52_1_1
269391.4,1195532.4,52_1_1
270103.9,1195262.5,52_1_1
270064.3,1194910.5,52_1_1
270801.8,1194892.3,52_1_1
270712.5,1194420.3,52_1_1
271352.3,1194214.6,52_1_1
271804,1194545.9,52_1_1
272105.4,1193776.7,52_1_1
272707.4,1193899.8,52_1_1
272987.7,1193558.3,52_1_1
273407.6,1194117.6,52_1_1
273811.3,1193881.7,52_1_1
275133.1,1194626.4,52_1_1
276466.6,1194478.9,52_1_1
276646.6,1194856.4,52_1_1
276416.8,1195017.9,52_1_1
277453.2,1195202.5,52_1_1
277407,1195697.9,52_1_1
278559.5,1195727.3,52_1_1
278471.5,1196031.8,52_1_1
279750.6,1196436.6,52_1_1
279878.8,1196924.7,52_1_1
280312.5,1196769.6,52_1_1
280783.7,1197250.4,52_1_1
281004.6,1196838.2,52_1_1
281249.3,1197915.7,52_1_1
281554.4,1198017.9,52_1_1
281206.9,1198367.6,52_1_1
281902.1,1198590.4,52_1_1
281780.4,1198922.1,52_1_1
282202.2,1199693.8,52_1_1
282316.4,1198816.4,52_1_1
266602,1339550.4,53_1_1
292227.5,1339837.8,53_1_1
296655.4,1340145.2,53_1_1
297127.2,1339915.7,53_1_1
300566.6,1340836.9,53_1_1
302826.7,1343847.5,53_1_1
304345.7,1344666.3,53_1_1
305131.9,1344402.2,53_1_1
305387.4,1343194.2,53_1_1
305047.3,1342617.4,53_1_1
303550.5,1341771.9,53_1_1
303264.6,1340980,53_1_1
303346.6,1340701.9,53_1_1
304558,1340752.6,53_1_1
306830.5,1341411.6,53_1_1
309945.5,1345056,53_1_1
310758,1345341.6,53_1_1
311786.4,1344720,53_1_1
312460.9,1342992.1,53_1_1
312751.5,1341346,53_1_1
312500.3,1339074.7,53_1_1
311313.5,1336656.6,53_1_1
308225.9,1333641.4,53_1_1
307840,1332320.6,53_1_1
308212.7,1330949,53_1_1
309239.9,1329206.7,53_1_1
311258.5,1327773.5,53_1_1
312917.4,1327267.9,53_1_1
312963.4,1325354.1,53_1_1
303589.9,1325350.2,53_1_1
303547,1322087.2,53_1_1
294134.6,1321895.5,53_1_1
294190.5,1315457,53_1_1
295610.3,1315477.4,53_1_1
295633.2,1312621.9,53_1_1
294155.6,1314212.8,53_1_1
293407.6,1313835.1,53_1_1
292849.6,1314151.2,53_1_1
291688.5,1313816.3,53_1_1
290144.5,1314877.4,53_1_1
288569.4,1314551.3,53_1_1
287454.4,1315415.6,53_1_1
274680.2,1315419.1,53_1_1
265311.2,1315009.2,53_1_1
265490,1305367.6,53_1_1
246192.7,1304940.7,53_1_1
245867.2,1314757,53_1_1
244271.5,1314722.9,53_1_1
244243.2,1316343.3,53_1_1
245830.8,1316356.2,53_1_1
245787.9,1317854.8,53_1_1
247372.1,1317956.1,53_1_1
247343.2,1319600.4,53_1_1
248974,1319635.7,53_1_1
248953.7,1321261.7,53_1_1
250503.8,1321281.1,53_1_1
250447.7,1322902.1,53_1_1
252050.2,1322960,53_1_1
252009.9,1324649.3,53_1_1
253531.6,1324671.6,53_1_1
253528.5,1326316.9,53_1_1
255186.1,1326330.6,53_1_1
255165.6,1327943.4,53_1_1
257094.6,1327956,53_1_1
257036.5,1329586.8,53_1_1
258666.7,1329603.9,53_1_1
258661.6,1331214.8,53_1_1
260261.9,1331194.7,53_1_1
260233.7,1332821.5,53_1_1
261854,1332818.9,53_1_1
261831.3,1334630.2,53_1_1
263483.5,1334653.8,53_1_1
263442.3,1336243.4,53_1_1
265050.1,1336267,53_1_1
265021.1,1337894.5,53_1_1
266648.6,1337955.1,53_1_1
266602,1339550.4,53_1_1
269440.1,1339533.1,53_1_2
269427.2,1339523.9,53_1_2
269453.2,1339530.7,53_1_2
269440.1,1339533.1,53_1_2
449746.5,1298879.6,54_1_1
492331.1,1300719.9,54_1_1
491968.4,1299044.3,54_1_1
492131.3,1297834.2,54_1_1
493864,1294765.9,54_1_1
496221.7,1292190.1,54_1_1
496755.7,1290212.9,54_1_1
496104.9,1289018.8,54_1_1
494335.2,1287781.7,54_1_1
493422.1,1286572.8,54_1_1
492767,1283904.9,54_1_1
493155.2,1280910.1,54_1_1
494990.4,1278532.7,54_1_1
495233.7,1277698.1,54_1_1
495060.8,1276615.9,54_1_1
494033.6,1274961.1,54_1_1
491129.7,1272574.9,54_1_1
489244.8,1271979.9,54_1_1
487421.5,1270839,54_1_1
486535.1,1268406.8,54_1_1
486573.8,1267597,54_1_1
487572.5,1265269.8,54_1_1
487280.3,1263922.2,54_1_1
485772.2,1263572.5,54_1_1
485034.3,1263837.8,54_1_1
484342.1,1264560.4,54_1_1
484385.8,1266360,54_1_1
485283.3,1268298,54_1_1
485387.7,1270057.4,54_1_1
481972.6,1269020.4,54_1_1
478316.3,1269229.6,54_1_1
477369.4,1268395.1,54_1_1
477390.7,1266896,54_1_1
479511.2,1264766.2,54_1_1
480069.3,1263303.6,54_1_1
479981,1262205.5,54_1_1
479118,1260541,54_1_1
478033.1,1259502.3,54_1_1
474576.2,1259529.7,54_1_1
472878.4,1258880,54_1_1
472198.4,1258275.7,54_1_1
471548,1254844.8,54_1_1
471553.8,1252715.7,54_1_1
470942.1,1250830,54_1_1
470098.6,1251351.6,54_1_1
468028.9,1251671.1,54_1_1
466565.6,1252592,54_1_1
465193.9,1254821.6,54_1_1
463823,1254924.6,54_1_1
462672,1253762.4,54_1_1
462797.3,1252152.1,54_1_1
463281,1251151.7,54_1_1
464949.2,1249270.4,54_1_1
466785.6,1248283.2,54_1_1
469286.4,1248147.1,54_1_1
470765.8,1248600.9,54_1_1
473389.3,1248462.2,54_1_1
474352.3,1248117,54_1_1
474761.8,1247392.5,54_1_1
474877.4,1246033.9,54_1_1
473624.8,1243982,54_1_1
472428.1,1243225.2,54_1_1
470194.8,1243250.7,54_1_1
466962.3,1245512.9,54_1_1
465507.3,1245944.6,54_1_1
461620.8,1242713.6,54_1_1
461210.5,1241779.8,54_1_1
461657.9,1240514.6,54_1_1
446777.6,1239767,54_1_1
447434.3,1241233.5,54_1_1
448343,1241003.3,54_1_1
448684.3,1242293.9,54_1_1
449689.6,1242368.6,54_1_1
450244.8,1242750,54_1_1
449667.9,1242962.8,54_1_1
449098.7,1243831.5,54_1_1
449700.8,1244628.8,54_1_1
448623.2,1246210.6,54_1_1
449246.7,1246816.1,54_1_1
448534.7,1247602.8,54_1_1
449081.5,1249165.9,54_1_1
449935.9,1248609.4,54_1_1
450462.7,1248778.5,54_1_1
450692,1250343.9,54_1_1
451451.6,1250936.1,54_1_1
450837.9,1251848.6,54_1_1
450816.7,1253523.2,54_1_1
449951.9,1253891.1,54_1_1
449551.6,1254636.6,54_1_1
449715.9,1254838.5,54_1_1
450339.5,1254543.6,54_1_1
451046.1,1255192.5,54_1_1
450468.5,1255765,54_1_1
450809.9,1256299.1,54_1_1
449825,1256551.7,54_1_1
449920.7,1257727.5,54_1_1
449486.5,1258173.6,54_1_1
450142.8,1259987.1,54_1_1
450605.2,1259717.7,54_1_1
450673.8,1258836.4,54_1_1
451219.2,1258983.6,54_1_1
450929.1,1260802.6,54_1_1
450520.1,1261481.4,54_1_1
451339,1261299.8,54_1_1
451637.5,1261550.5,54_1_1
451406.5,1262246.5,54_1_1
450513.5,1262296.7,54_1_1
451404.7,1262755.8,54_1_1
451186.3,1263209.6,54_1_1
451454.3,1263915.6,54_1_1
451148.1,1264340,54_1_1
456031.8,1264572.2,54_1_1
455458.7,1279433.9,54_1_1
450504.2,1279340.6,54_1_1
449746.5,1298879.6,54_1_1
236554.8,1213034.9,55_1_1
236533.4,1213030.1,55_1_1
236523,1213045.1,55_1_1
236554.8,1213034.9,55_1_1
238072.9,1219029.6,55_2_1
238067.2,1219033.3,55_2_1
238073,1219041.6,55_2_1
238072.9,1219029.6,55_2_1
238284.4,1219600.6,55_3_1
237908.2,1218734.1,55_3_1
238978.5,1218482.6,55_3_1
239101.9,1218018.4,55_3_1
239399.1,1218036.5,55_3_1
239302.7,1217755.1,55_3_1
239690.3,1217787.4,55_3_1
240319.9,1216827.1,55_3_1
240105.9,1216321.8,55_3_1
240356,1216317.9,55_3_1
240407,1215648.9,55_3_1
240622.1,1215713.5,55_3_1
240173.4,1215345.5,55_3_1
240650.7,1215140.7,55_3_1
240604,1214348.1,55_3_1
241061.1,1214399.1,55_3_1
240604.6,1214135.5,55_3_1
240810.4,1213836.3,55_3_1
241189,1213977.5,55_3_1
240935.3,1213491.6,55_3_1
239379.3,1213636.3,55_3_1
239610.8,1213376.2,55_3_1
239324.5,1212864,55_3_1
239012.2,1213219.2,55_3_1
238855.6,1212943.6,55_3_1
238699.5,1213304.8,55_3_1
238550.8,1212835.5,55_3_1
237609.4,1213125,55_3_1
236794,1212488.6,55_3_1
236664.4,1213074.5,55_3_1
236245.4,1212873.4,55_3_1
236089.1,1213236,55_3_1
235755.5,1213145,55_3_1
235959.3,1213645.5,55_3_1
235402.9,1213104.9,55_3_1
234910.1,1213522.3,55_3_1
234452.2,1213225.7,55_3_1
234380.2,1213657.6,55_3_1
234066.9,1213434.9,55_3_1
233675.6,1213771.5,55_3_1
233341,1213291.7,55_3_1
233017.3,1213971.9,55_3_1
233015.6,1213661.9,55_3_1
232501,1213468.8,55_3_1
232247.5,1214076.7,55_3_1
231844.5,1213679,55_3_1
231375.5,1213761.2,55_3_1
231253,1213250.9,55_3_1
231545.7,1212690.2,55_3_1
230798.5,1213261.8,55_3_1
230611.5,1212953,55_3_1
230214.7,1213169.2,55_3_1
229536.7,1212798.6,55_3_1
229965.3,1212247.1,55_3_1
229297.6,1212291.7,55_3_1
229433.9,1211944.5,55_3_1
228330.1,1211995.3,55_3_1
226863.6,1211572.5,55_3_1
226390.1,1212869.9,55_3_1
225396.6,1212381.1,55_3_1
224428,1212963.3,55_3_1
223029.5,1213080.6,55_3_1
222960.8,1213491.4,55_3_1
222133.7,1212970.1,55_3_1
221366.6,1213247.3,55_3_1
221028.6,1213817.8,55_3_1
220877.1,1213540,55_3_1
220198.5,1213561.1,55_3_1
220019.6,1213853.3,55_3_1
219837.6,1213491.3,55_3_1
219695.4,1213796.9,55_3_1
219258.4,1213253.5,55_3_1
218624.7,1213193.5,55_3_1
217733.9,1214325.9,55_3_1
217362.6,1214137.5,55_3_1
217510.8,1214783.9,55_3_1
216398.1,1214795.2,55_3_1
216359.7,1215122,55_3_1
215844.8,1215237.6,55_3_1
215746.2,1215762.7,55_3_1
212565.4,1215754.2,55_3_1
210948.3,1216960.4,55_3_1
208836.4,1217128.4,55_3_1
208147.5,1217664.1,55_3_1
206773,1217681.8,55_3_1
206302.2,1218174.6,55_3_1
199568.5,1218250.3,55_3_1
199337.7,1237805.9,55_3_1
189717.4,1237891.7,55_3_1
189667.8,1246441.4,55_3_1
188510.9,1246435.3,55_3_1
188448.7,1256159,55_3_1
230154.8,1256130.8,55_3_1
230255.4,1246344.2,55_3_1
228326.9,1246343.7,55_3_1
228376.4,1241907.8,55_3_1
229563.3,1241689.7,55_3_1
229529.9,1241253.8,55_3_1
230601.6,1241435.2,55_3_1
231957.4,1240994.7,55_3_1
232412.8,1241820.2,55_3_1
233190.8,1241034.3,55_3_1
233805.6,1241432.8,55_3_1
233257.1,1240249.3,55_3_1
232285.8,1239384.9,55_3_1
233438.9,1238237.4,55_3_1
232823,1237901.4,55_3_1
233510.6,1237590,55_3_1
232858.4,1237432.2,55_3_1
232799.4,1235779.3,55_3_1
233939.6,1234594.3,55_3_1
233435.1,1234473.7,55_3_1
233096.1,1233680.5,55_3_1
232742.3,1234168.7,55_3_1
232464.6,1234066.3,55_3_1
232900.7,1233436.6,55_3_1
232759.5,1232676.3,55_3_1
233616.3,1232910.3,55_3_1
233950.9,1232678.6,55_3_1
233227.2,1232100.8,55_3_1
233413.3,1231738.6,55_3_1
234208.9,1231581.4,55_3_1
233916.1,1230861.6,55_3_1
234209.9,1230626.5,55_3_1
233995.8,1230160,55_3_1
234437,1227568.9,55_3_1
234107.5,1227056.1,55_3_1
234942.6,1226027,55_3_1
235246.9,1224436.9,55_3_1
235057.5,1223820.7,55_3_1
236924.2,1222258.9,55_3_1
237522.4,1221017.1,55_3_1
237508.1,1219672.2,55_3_1
238284.4,1219600.6,55_3_1
444896,1417724.2,56_1_1
482939.7,1419322.9,56_1_1
492875.7,1420224.2,56_1_1
502826.8,1420122.7,56_1_1
512130.4,1420536.4,56_1_1
513856.4,1391331,56_1_1
484742.3,1389975,56_1_1
484711.5,1390769.9,56_1_1
479045.2,1390529.9,56_1_1
475238.8,1390343,56_1_1
475262.1,1389902.6,56_1_1
465582.1,1389369.5,56_1_1
455955.9,1388416.4,56_1_1
446231.4,1388023.1,56_1_1
445046.7,1413314.9,56_1_1
444896,1417724.2,56_1_1
188125.9,1293063.6,57_1_1
188448.7,1256159,57_1_1
159296.4,1256175.2,57_1_1
159340.2,1246538.1,57_1_1
160458.8,1246576,57_1_1
160631.6,1237977.1,57_1_1
139912.8,1237324,57_1_1
140375.3,1297621.2,57_1_1
152888.2,1297558.8,57_1_1
152872,1294303.8,57_1_1
180093.9,1294277.1,57_1_1
180112.4,1293253.2,57_1_1
188125.9,1293063.6,57_1_1
254194,1412167,58_1_1
286002.7,1412455.2,58_1_1
286326.5,1393043,58_1_1
283095.8,1392958,58_1_1
283984.8,1350833.2,58_1_1
279919,1350460.7,58_1_1
277767.4,1350999.5,58_1_1
275655.5,1350162.3,58_1_1
273838.6,1350429.7,58_1_1
268850.9,1349249.8,58_1_1
268224.4,1348061,58_1_1
268432.8,1345400.7,58_1_1
266685.5,1344125.3,58_1_1
264906.1,1344214.2,58_1_1
263387.7,1345115.4,58_1_1
262771.9,1345907,58_1_1
262684.7,1347021.1,58_1_1
263295.2,1348083.4,58_1_1
263356.6,1349181.1,58_1_1
264005.5,1350123.2,58_1_1
263605.4,1351130.2,58_1_1
263114.7,1351257.5,58_1_1
262128.8,1350268.6,58_1_1
260915.6,1349907.3,58_1_1
259586.4,1350397.7,58_1_1
258593.3,1351794.5,58_1_1
258127.8,1354147.5,58_1_1
256525.2,1357294.3,58_1_1
254037.3,1359920.5,58_1_1
252646.4,1360929.5,58_1_1
250130.9,1360910.9,58_1_1
248310.8,1361403.8,58_1_1
247443.4,1364098.3,58_1_1
245888.5,1365467.5,58_1_1
243410.1,1366898.9,58_1_1
243237.4,1382850.2,58_1_1
249741,1382888.6,58_1_1
249536.4,1397481.1,58_1_1
254331.6,1397483.3,58_1_1
254194,1412167,58_1_1
399098.8,1346321.5,59_1_1
409851.2,1346590.5,59_1_1
409571.5,1345989.4,59_1_1
410382.9,1345722.9,59_1_1
411691.7,1344273.3,59_1_1
410387.3,1343670.1,59_1_1
409344.3,1344107.5,59_1_1
408995.7,1343976.3,59_1_1
408828,1343028.2,59_1_1
410192,1342413.1,59_1_1
411747.9,1343029.5,59_1_1
412241.8,1343568.1,59_1_1
412146.8,1342529,59_1_1
419209.4,1342836.4,59_1_1
419640.7,1325979.2,59_1_1
418961.5,1325731.6,59_1_1
418365.8,1326353,59_1_1
417969,1325703.7,59_1_1
418258.4,1325313.7,59_1_1
419374.3,1325352.5,59_1_1
420005.1,1324167.6,59_1_1
421322,1323094.3,59_1_1
422009.8,1323206,59_1_1
421523.2,1322345.7,59_1_1
420146.9,1322324.6,59_1_1
420522.7,1321641.5,59_1_1
420315.8,1321023.7,59_1_1
420661.4,1319727.1,59_1_1
420364.5,1319443.7,59_1_1
419608,1319473.4,59_1_1
419189.2,1318373.9,59_1_1
419831.1,1317434.1,59_1_1
420315.8,1299663.8,59_1_1
413753.1,1299521.9,59_1_1
413778.7,1298067.3,59_1_1
413988.2,1292999.5,59_1_1
417227.8,1293105.8,59_1_1
417268,1291433.6,59_1_1
420504.6,1291487.8,59_1_1
420599.2,1288202.1,59_1_1
400878,1287771.1,59_1_1
401229.8,1277994.7,59_1_1
393711.5,1277805.2,59_1_1
393994.8,1278035,59_1_1
393478.9,1278306.1,59_1_1
393664.5,1278726.4,59_1_1
393160,1278999.1,59_1_1
393539.1,1278961.6,59_1_1
393347.2,1279729,59_1_1
393806.8,1280284.4,59_1_1
393521.6,1280592.6,59_1_1
393817.6,1281320.6,59_1_1
394367.8,1281712.8,59_1_1
394461,1282305.2,59_1_1
397019.8,1284729.6,59_1_1
397446.8,1285936,59_1_1
397072.4,1287409.4,59_1_1
395957.7,1287755.1,59_1_1
395658.7,1287354.1,59_1_1
395215.3,1287652,59_1_1
395053,1288471.4,59_1_1
394385.5,1288799.2,59_1_1
394771.8,1291070.4,59_1_1
395377.3,1291346.7,59_1_1
395745.7,1292560.8,59_1_1
396431.4,1293379,59_1_1
396306.4,1294953.3,59_1_1
395361.9,1295899.6,59_1_1
394192.9,1296310.6,59_1_1
394134.2,1296882.3,59_1_1
392915,1297760.2,59_1_1
393012.6,1298080,59_1_1
392678.1,1297881.9,59_1_1
391954.4,1298268.1,59_1_1
391742,1298789.1,59_1_1
390780.6,1298686.5,59_1_1
390674.9,1298961.1,59_1_1
390077.6,1326644.9,59_1_1
380099,1326409.4,59_1_1
379614.7,1339709.2,59_1_1
380280,1339946.7,59_1_1
380450.6,1339564.4,59_1_1
380785.5,1339633,59_1_1
381799.9,1340529.3,59_1_1
382907.5,1340916.7,59_1_1
384799.3,1340670.1,59_1_1
385153.3,1341094,59_1_1
385977.6,1341211,59_1_1
386043.4,1341596.1,59_1_1
386600.7,1341652.2,59_1_1
386832.3,1342050.1,59_1_1
387464,1342076.2,59_1_1
387795.2,1342558,59_1_1
388301.5,1342291.2,59_1_1
388659.5,1342625.5,59_1_1
389973.8,1342338.3,59_1_1
389797,1341991.7,59_1_1
390662.7,1341326.9,59_1_1
391572.9,1341826.7,59_1_1
392725.9,1341591.7,59_1_1
393904.7,1340621.9,59_1_1
393769.7,1340261.8,59_1_1
394371.3,1338842.5,59_1_1
395761.5,1338862.3,59_1_1
397290,1338289.8,59_1_1
397679.2,1338923.6,59_1_1
398711.9,1339140.3,59_1_1
399349.9,1338878.8,59_1_1
399098.8,1346321.5,59_1_1
355505.2,1335460.4,60_1_1
356129.2,1304224.1,60_1_1
354849.4,1301771.7,60_1_1
354370.8,1297014.3,60_1_1
354597.2,1295961.6,60_1_1
353438.3,1291852.9,60_1_1
361059.1,1291993.3,60_1_1
361634.4,1277236.8,60_1_1
341966.9,1276902,60_1_1
341727.3,1286681.4,60_1_1
332214.4,1286452.1,60_1_1
332210.6,1291304,60_1_1
323263.2,1291116.2,60_1_1
323242.9,1296162.5,60_1_1
318041.6,1296159.5,60_1_1
318110.6,1297747.4,60_1_1
313291.5,1297738.8,60_1_1
313193.6,1305831.1,60_1_1
303705.7,1305806.1,60_1_1
303641.4,1315557.9,60_1_1
294190.5,1315457,60_1_1
294134.6,1321895.5,60_1_1
303547,1322087.2,60_1_1
303563,1325342.2,60_1_1
312963.4,1325354.1,60_1_1
312917.4,1327267.9,60_1_1
314968.9,1327017,60_1_1
317154.8,1327372.1,60_1_1
318851.3,1326917.6,60_1_1
320236.5,1324910.4,60_1_1
320383.5,1323756.3,60_1_1
321368.9,1322338.8,60_1_1
321556.7,1321094,60_1_1
320655.9,1318475.1,60_1_1
320559.2,1317288.5,60_1_1
321213.1,1316341.1,60_1_1
323179.6,1315208.8,60_1_1
322212.1,1316825.2,60_1_1
322542.1,1318212.5,60_1_1
321966,1319794.3,60_1_1
321676.1,1321951,60_1_1
322281.8,1322353.8,60_1_1
322813.3,1321960.9,60_1_1
323076.1,1322198.8,60_1_1
322873.6,1322529.5,60_1_1
323070,1322384.4,60_1_1
323574.9,1322927.6,60_1_1
323992.9,1322826.4,60_1_1
324534,1323185.2,60_1_1
324714.1,1323591.7,60_1_1
324468.5,1323709.9,60_1_1
324749.8,1323715.7,60_1_1
324585.8,1324016.1,60_1_1
324823.1,1324166,60_1_1
324488.6,1324367.6,60_1_1
324920.8,1324482.5,60_1_1
324323.1,1325280.5,60_1_1
341499,1325470.1,60_1_1
341318.3,1335196.8,60_1_1
355505.2,1335460.4,60_1_1
355462,1335467.1,60_2_1
355505.1,1335466.8,60_2_1
355505.2,1335460.4,60_2_1
355462,1335467.1,60_2_1
407474.5,1504273.6,61_1_1
462659.1,1507273.4,61_1_1
463316.8,1506245.3,61_1_1
464008.4,1506077.4,61_1_1
463915.6,1505362.5,61_1_1
464211,1504867.6,61_1_1
463774.3,1504617.3,61_1_1
463834.5,1501592.4,61_1_1
463440.1,1500583.2,61_1_1
464510.8,1499955.9,61_1_1
464102.9,1499447.2,61_1_1
463578.5,1499501.6,61_1_1
464144.7,1499050.1,61_1_1
464682.3,1499101.8,61_1_1
465010.8,1499569.2,61_1_1
465562.7,1499030.3,61_1_1
465133.2,1498735.2,61_1_1
465184.8,1498364.8,61_1_1
464524.2,1498631.1,61_1_1
464410.7,1497778.4,61_1_1
466383.1,1497870.5,61_1_1
466847.8,1483352.4,61_1_1
467109,1483046.2,61_1_1
466581,1483391.8,61_1_1
466231,1483203.2,61_1_1
466152.4,1483535.3,61_1_1
465610.3,1483726.5,61_1_1
464641.5,1483193.3,61_1_1
464212,1483306,61_1_1
464262.5,1483858.2,61_1_1
463709.1,1484392.8,61_1_1
463302.9,1484309.1,61_1_1
463362,1483688.4,61_1_1
463066.8,1483510.5,61_1_1
462674.2,1483455.6,61_1_1
462606.5,1483865.4,61_1_1
462462.4,1483456.9,61_1_1
462290.8,1483876.4,61_1_1
462016.1,1483645.6,61_1_1
462542.6,1468121.3,61_1_1
441572.5,1467203,61_1_1
441300.8,1466762.7,61_1_1
440958.2,1467339.2,61_1_1
439865.9,1466194.7,61_1_1
440124.7,1463500.2,61_1_1
439309.5,1462984.6,61_1_1
438552.4,1463711.8,61_1_1
439338.9,1464305.6,61_1_1
438721.7,1464150.2,61_1_1
438029.8,1464921.8,61_1_1
438220.8,1466986.1,61_1_1
437311.9,1466800.1,61_1_1
435281.1,1467296.6,61_1_1
434974.1,1467134.1,61_1_1
434355,1467849,61_1_1
433723.9,1467817.1,61_1_1
433490.9,1468576.5,61_1_1
432997.5,1468456.6,61_1_1
432603.6,1468818.2,61_1_1
432220.1,1469708.4,61_1_1
432600,1470118.2,61_1_1
431382.1,1471041.9,61_1_1
431509.7,1471684.2,61_1_1
430959.8,1472671.3,61_1_1
430343.8,1472435.1,61_1_1
429696.8,1472941.9,61_1_1
428712.4,1472707.7,61_1_1
427857.7,1473386.5,61_1_1
427651.4,1474255,61_1_1
427010.7,1473997,61_1_1
425028.6,1474574.7,61_1_1
424842.6,1475747,61_1_1
424197.1,1476495.6,61_1_1
423631.2,1474617.6,61_1_1
423568.3,1478202.5,61_1_1
421947.9,1478147.2,61_1_1
421571.1,1486311.8,61_1_1
420019.3,1486235.1,61_1_1
419872.9,1491054.1,61_1_1
418313.3,1491071,61_1_1
418311.9,1492687.9,61_1_1
416665.9,1492673.8,61_1_1
416621.1,1496102.5,61_1_1
413033.5,1495982.5,61_1_1
412973.3,1497652.9,61_1_1
412560.9,1497623.6,61_1_1
412500.4,1499259.9,61_1_1
412096.1,1499248.5,61_1_1
412039.6,1500878.8,61_1_1
411638.7,1500859.5,61_1_1
411608,1501677.2,61_1_1
409930.5,1501618.2,61_1_1
409909.5,1502413.4,61_1_1
408321.2,1502358.7,61_1_1
408320.8,1503193.7,61_1_1
407499.4,1503158.1,61_1_1
407474.5,1504273.6,61_1_1
465075.7,1356053.2,62_1_1
496366.7,1357202.5,62_1_1
505585.7,1358282.5,62_1_1
506334.8,1342741.1,62_1_1
506357.1,1341994.7,62_1_1
505873.8,1341968,62_1_1
506461.9,1330977.5,62_1_1
459686.1,1328634.8,62_1_1
443914.3,1328378.5,62_1_1
444122.4,1323401.6,62_1_1
442493,1323328.8,62_1_1
442339,1328298.6,62_1_1
439100.3,1328145.5,62_1_1
439041.8,1330001.3,62_1_1
439259.1,1330089.4,62_1_1
439017.6,1330658.9,62_1_1
438806,1338274.9,62_1_1
448280.7,1338590.5,62_1_1
447655.4,1355060.8,62_1_1
465075.7,1356053.2,62_1_1
277929.3,1315444.7,63_1_1
287454.4,1315415.6,63_1_1
288569.4,1314551.3,63_1_1
290144.5,1314877.4,63_1_1
291688.5,1313816.3,63_1_1
292849.6,1314151.2,63_1_1
293407.6,1313835.1,63_1_1
294155.6,1314212.8,63_1_1
295633.2,1312621.9,63_1_1
295610.3,1315477.4,63_1_1
303641.4,1315557.9,63_1_1
303705.7,1305806.1,63_1_1
313193.6,1305831.1,63_1_1
313291.5,1297738.8,63_1_1
318110.6,1297747.4,63_1_1
318041.6,1296159.5,63_1_1
323242.9,1296162.5,63_1_1
323263.2,1291116.2,63_1_1
332210.6,1291304,63_1_1
332214.4,1286452.1,63_1_1
341727.3,1286681.4,63_1_1
341966.9,1276902,63_1_1
327597.9,1276609,63_1_1
327679.2,1271695.2,63_1_1
310851.4,1271490.6,63_1_1
310166.5,1271109.5,63_1_1
310067.8,1270115.1,63_1_1
308790,1268435.2,63_1_1
308543.2,1268841.5,63_1_1
307878.5,1268040.9,63_1_1
307798.7,1267456.1,63_1_1
308508.9,1266930.8,63_1_1
308424.7,1266676.6,63_1_1
308087.3,1266871.9,63_1_1
308114.5,1266396.3,63_1_1
307957,1266705.9,63_1_1
302181.5,1266603,63_1_1
302055.5,1273130.7,63_1_1
297147.8,1273052.6,63_1_1
297091.9,1276338.9,63_1_1
292089.5,1276203.9,63_1_1
292022.7,1282723.5,63_1_1
290434.2,1282704.3,63_1_1
290412.6,1285860.6,63_1_1
284144.5,1285732.1,63_1_1
284115.7,1290655.2,63_1_1
274611.9,1290583.9,63_1_1
274486.3,1295907.4,63_1_1
275362.8,1295942.4,63_1_1
275100.7,1305710.8,63_1_1
265490,1305367.6,63_1_1
265311.2,1315009.2,63_1_1
277929.3,1315444.7,63_1_1
168081.3,1339598,64_1_1
168068.5,1334673.8,64_1_1
174224.9,1334608.7,64_1_1
174232.4,1331540.6,64_1_1
207673.3,1331513.1,64_1_1
207923.8,1300811.8,64_1_1
204750.3,1300866.6,64_1_1
204745.2,1299236.6,64_1_1
201491.8,1299260.7,64_1_1
201520.4,1297650.4,64_1_1
198295.7,1297587,64_1_1
198323.3,1296782.1,64_1_1
193487.4,1296829.1,64_1_1
193515.1,1294379.5,64_1_1
192838,1294364.7,64_1_1
192883.8,1291509.3,64_1_1
188124.2,1291442.1,64_1_1
188125.9,1293063.6,64_1_1
180112.4,1293253.2,64_1_1
180093.9,1294277.1,64_1_1
152872,1294303.8,64_1_1
152888.2,1297558.8,64_1_1
140375.3,1297621.2,64_1_1
140617.6,1320558,64_1_1
142247.7,1320240.3,64_1_1
144066.5,1322396.9,64_1_1
145655.5,1321717.6,64_1_1
147100.3,1322309.5,64_1_1
147824.9,1323846.4,64_1_1
148469.7,1323849.3,64_1_1
149398.5,1322330.3,64_1_1
150101.4,1322207.8,64_1_1
150751.5,1322360,64_1_1
151233,1323019.9,64_1_1
151787.1,1323207.7,64_1_1
154383.6,1322897.7,64_1_1
157116.8,1323469.8,64_1_1
160224.3,1324769.9,64_1_1
160244.9,1334742,64_1_1
158200,1334785,64_1_1
158207.6,1335595.7,64_1_1
160701.4,1336349.3,64_1_1
160680.7,1337113.1,64_1_1
163159,1337136.2,64_1_1
163165,1337958.9,64_1_1
164394.8,1337955.6,64_1_1
164787.3,1338747.2,64_1_1
166438.4,1338759.7,64_1_1
166447.6,1339585.4,64_1_1
168081.3,1339598,64_1_1
272499.6,1456010.8,65_1_1
282123.1,1456175,65_1_1
282197.5,1451286,65_1_1
320252.4,1451812.6,65_1_1
320483.5,1432347.4,65_1_1
320699.2,1432347.7,65_1_1
320944.2,1421116.6,65_1_1
301855.4,1420668.1,65_1_1
302020.1,1412556.4,65_1_1
273311.5,1412282,65_1_1
273228.7,1450343.2,65_1_1
273203.8,1451170.6,65_1_1
272564.8,1451172.6,65_1_1
272499.6,1456010.8,65_1_1
165506.8,1376775.8,66_1_1
165839.5,1377839.6,66_1_1
165959.4,1377537.9,66_1_1
165994.1,1378009.2,66_1_1
167145.8,1378820.8,66_1_1
168455.4,1378900.1,66_1_1
171724,1378060.6,66_1_1
173233.5,1378400.4,66_1_1
173044.4,1352595,66_1_1
174717.6,1352600.5,66_1_1
174694.8,1350941.8,66_1_1
175534.5,1350929.8,66_1_1
176214,1350933.7,66_1_1
176319.6,1352587.2,66_1_1
177941.1,1352571.2,66_1_1
177867.6,1344404.1,66_1_1
168099.7,1344487.7,66_1_1
168081.3,1339598,66_1_1
166447.6,1339585.4,66_1_1
166438.4,1338759.7,66_1_1
164787.3,1338747.2,66_1_1
164394.8,1337955.6,66_1_1
163165,1337958.9,66_1_1
163159,1337136.2,66_1_1
160680.7,1337113.1,66_1_1
160701.4,1336349.3,66_1_1
158207.6,1335595.7,66_1_1
158200,1334785,66_1_1
160244.9,1334742,66_1_1
160224.3,1324769.9,66_1_1
157116.8,1323469.8,66_1_1
154383.6,1322897.7,66_1_1
151787.1,1323207.7,66_1_1
151233,1323019.9,66_1_1
150751.5,1322360,66_1_1
150101.4,1322207.8,66_1_1
149398.5,1322330.3,66_1_1
148469.7,1323849.3,66_1_1
147824.9,1323846.4,66_1_1
147100.3,1322309.5,66_1_1
145655.5,1321717.6,66_1_1
144066.5,1322396.9,66_1_1
142247.7,1320240.3,66_1_1
140617.6,1320558,66_1_1
141282.3,1369274.7,66_1_1
141052.5,1371369.3,66_1_1
142019.1,1375384.5,66_1_1
141812.6,1376009.6,66_1_1
142497.7,1376056.2,66_1_1
142495,1376669.3,66_1_1
142707.3,1376784.5,66_1_1
142899.5,1377120.4,66_1_1
142580.6,1376726.2,66_1_1
142570.3,1377017,66_1_1
143375.3,1377995,66_1_1
143179.6,1377924.3,66_1_1
143249.4,1378207.3,66_1_1
144386.7,1378459.6,66_1_1
145407.8,1377992.7,66_1_1
149248.7,1374579.4,66_1_1
149532.7,1372956.1,66_1_1
148989.6,1371102,66_1_1
149352.7,1370088.3,66_1_1
151340.7,1368327.3,66_1_1
153539.2,1367409,66_1_1
154308.9,1368329.2,66_1_1
154792.7,1368477,66_1_1
156960.5,1367770.6,66_1_1
158321.3,1368123.5,66_1_1
159916.6,1367850.4,66_1_1
161251.1,1368323.3,66_1_1
162164,1369275.4,66_1_1
162329.1,1370869.6,66_1_1
163021.2,1371775.3,66_1_1
165577.4,1370583.4,66_1_1
167387.5,1371235.1,66_1_1
167913.7,1372493.1,66_1_1
167726.5,1373724.6,66_1_1
167194.3,1374897.2,66_1_1
165704.1,1376183.2,66_1_1
165697.1,1376347.7,66_1_1
165506.8,1376775.8,66_1_1
143950.9,1378157.8,66_1_2
143777.9,1378130.3,66_1_2
144015.3,1378152.8,66_1_2
143950.9,1378157.8,66_1_2
144090.7,1378167.4,66_1_3
144071.5,1378170.3,66_1_3
144015.3,1378152.8,66_1_3
144090.7,1378167.4,66_1_3
144501.6,1378189.6,66_1_4
144484.1,1378189.9,66_1_4
144502.6,1378187.4,66_1_4
144501.6,1378189.6,66_1_4
165565.1,1376612.9,66_2_1
165527.4,1376504.7,66_2_1
165546.1,1376668.2,66_2_1
165565.1,1376612.9,66_2_1
139912.8,1237324,67_1_1
173709.3,1238108,67_1_1
174726.4,1237650.5,67_1_1
174633.6,1236848,67_1_1
174035.2,1236536.1,67_1_1
174238.4,1235692.9,67_1_1
173877.3,1235269.7,67_1_1
174176.1,1234950.7,67_1_1
173587.9,1234577.9,67_1_1
175658.1,1234359.9,67_1_1
174825.6,1234155.7,67_1_1
174712,1233387.6,67_1_1
174317.6,1233195.6,67_1_1
174194.1,1232788.8,67_1_1
174665.1,1232511.1,67_1_1
174590.8,1232235.4,67_1_1
173905.1,1232335.2,67_1_1
173614,1231896,67_1_1
175723,1230810.3,67_1_1
174572.2,1229295.4,67_1_1
175662.3,1228118.1,67_1_1
174958.6,1225764.2,67_1_1
174545.7,1225773.3,67_1_1
174442.4,1225488.1,67_1_1
175580.3,1224506.9,67_1_1
176193.2,1224875.3,67_1_1
176518.1,1224397.9,67_1_1
176457.7,1223897.5,67_1_1
175702.4,1223715.6,67_1_1
175353,1223148.7,67_1_1
175740.9,1222075.1,67_1_1
175300.9,1220519.6,67_1_1
175698,1220340.8,67_1_1
175466.1,1219967.3,67_1_1
176054.2,1219451.8,67_1_1
175667.3,1219286.1,67_1_1
176033.7,1218624,67_1_1
176233,1218740.5,67_1_1
176169.1,1218335.8,67_1_1
176881.8,1217952.9,67_1_1
176924.8,1217695.1,67_1_1
176431.4,1217521.2,67_1_1
176717.7,1216971.3,67_1_1
177332.3,1216685,67_1_1
177009.2,1216270.6,67_1_1
177369.3,1216172.9,67_1_1
177189.2,1215854.3,67_1_1
177499.4,1214809.4,67_1_1
177179.6,1214482.6,67_1_1
178173.3,1213239.7,67_1_1
177925.6,1212420.1,67_1_1
177348.4,1212282,67_1_1
177089.2,1211858.1,67_1_1
177345.7,1211771.1,67_1_1
177559.9,1210667,67_1_1
177080.6,1209930,67_1_1
177594.9,1209321,67_1_1
177046.3,1209133.1,67_1_1
177088.1,1208649,67_1_1
177643.6,1207307.1,67_1_1
178050.3,1207033.7,67_1_1
178050.3,1206497.1,67_1_1
178417.9,1206695.6,67_1_1
178699.6,1206117.6,67_1_1
178536.9,1205318.1,67_1_1
179007.4,1204508.6,67_1_1
178776.3,1204094.2,67_1_1
179926,1203254.9,67_1_1
180269.9,1203461.6,67_1_1
180481.1,1203002.5,67_1_1
181002.1,1203064.3,67_1_1
181219.8,1202644.1,67_1_1
181587.1,1202815.3,67_1_1
181668.3,1202422.8,67_1_1
181883.8,1202621.5,67_1_1
182137.8,1202122.2,67_1_1
181724.2,1201534.7,67_1_1
181760.1,1200919.4,67_1_1
182288,1200489.7,67_1_1
181956.3,1200157.6,67_1_1
182932.7,1199932.1,67_1_1
183121.2,1199101.4,67_1_1
183288.6,1199307.1,67_1_1
183530.8,1199061.2,67_1_1
183301.4,1198805.6,67_1_1
183636.7,1198815,67_1_1
183352.8,1198459.8,67_1_1
183643.9,1198487,67_1_1
183498.7,1198289.7,67_1_1
183858.9,1197972.1,67_1_1
184284.4,1198014.7,67_1_1
184279.8,1197544.1,67_1_1
184552.1,1197618.6,67_1_1
184867.3,1196771.6,67_1_1
185172,1196928.3,67_1_1
185719.1,1196188,67_1_1
185739.6,1196522.4,67_1_1
186314.2,1195689.6,67_1_1
186323.4,1195014.7,67_1_1
187131.5,1194159.3,67_1_1
186834.9,1193741.5,67_1_1
186697.2,1193902.9,67_1_1
186718.9,1193615.2,67_1_1
186964.7,1193677.9,67_1_1
186823.9,1193272,67_1_1
187536,1193009.6,67_1_1
187296.5,1192311.3,67_1_1
187643.7,1192066.7,67_1_1
186712.9,1191629.7,67_1_1
187011,1191140.7,67_1_1
186748.8,1191023,67_1_1
186947.2,1190340.1,67_1_1
187451.9,1189951.2,67_1_1
187070.1,1189587.6,67_1_1
187679.3,1189626.6,67_1_1
187746,1189168.8,67_1_1
180111.7,1189246.4,67_1_1
180131.3,1192478.7,67_1_1
175926.2,1192526.8,67_1_1
175689.6,1192897.8,67_1_1
172783,1193416.6,67_1_1
172678.8,1192679.3,67_1_1
171585.5,1192929.4,67_1_1
171091.3,1192101.6,67_1_1
170655.3,1192291.1,67_1_1
170046.3,1193383.5,67_1_1
169644.4,1193216.9,67_1_1
169940.6,1192576.2,67_1_1
168989.4,1192489.1,67_1_1
168133.6,1193760.9,67_1_1
167831.7,1193556.5,67_1_1
168241.6,1193050.9,67_1_1
167424.5,1193063.7,67_1_1
166600.1,1192554.7,67_1_1
166378.3,1192923,67_1_1
166876.7,1193641.2,67_1_1
166640.8,1194554.4,67_1_1
167012.1,1195047,67_1_1
166687.5,1195545.1,67_1_1
164427.9,1195001.4,67_1_1
163935.4,1194450.7,67_1_1
163772.8,1195800.8,67_1_1
163513.7,1195989.3,67_1_1
162811.8,1195191,67_1_1
162662.8,1194262.2,67_1_1
161936.7,1194356.5,67_1_1
161818.2,1195021.8,67_1_1
160814.5,1195350.9,67_1_1
160682.7,1196131.2,67_1_1
159674.6,1196277.1,67_1_1
159207.2,1195981.7,67_1_1
157980.4,1197334.7,67_1_1
157449.8,1197360.6,67_1_1
156825.6,1196646.8,67_1_1
155950.5,1196402,67_1_1
155868,1196847.2,67_1_1
156491.8,1196869.6,67_1_1
156582.9,1197214.2,67_1_1
155691.9,1197942.9,67_1_1
155946.3,1199959.3,67_1_1
155004.1,1199938,67_1_1
154607.8,1200262.7,67_1_1
153762.1,1199949.9,67_1_1
153717.7,1200274.4,67_1_1
154411.9,1200755.1,67_1_1
154035.6,1201071.5,67_1_1
153302,1200714,67_1_1
152920.9,1200872.3,67_1_1
152499.5,1201855.2,67_1_1
152969.9,1202600.3,67_1_1
152732.4,1203030.7,67_1_1
152349.5,1203187.6,67_1_1
150944.3,1202633.8,67_1_1
149480.3,1202564.6,67_1_1
149317.4,1203029.5,67_1_1
149939,1202956.5,67_1_1
150440.6,1203664.1,67_1_1
147794,1204644.3,67_1_1
148209.7,1206941.6,67_1_1
147842.1,1207294.8,67_1_1
147272.3,1207126.6,67_1_1
146846.7,1207988.6,67_1_1
147153.3,1208154.9,67_1_1
147990.7,1207763.4,67_1_1
148685.1,1208763.8,67_1_1
148351.1,1209513.7,67_1_1
146701.8,1209608.4,67_1_1
146023.2,1210082.3,67_1_1
144908.2,1209892.4,67_1_1
144840.4,1209356.9,67_1_1
145331.5,1209307,67_1_1
145561.2,1208919.5,67_1_1
145807.9,1208116.6,67_1_1
145571.6,1207938.7,67_1_1
144389.9,1208143.7,67_1_1
143813.8,1208589.1,67_1_1
142306.4,1208240.2,67_1_1
141329.7,1208994.8,67_1_1
140758.1,1209912.4,67_1_1
140101,1209349,67_1_1
139722.1,1209494.9,67_1_1
139912.8,1237324,67_1_1
421212.9,1476506.4,68_1_1
415563.2,1476370.2,68_1_1
415560.1,1474811,68_1_1
414011.8,1474734.7,68_1_1
414224.6,1466560.2,68_1_1
414510.8,1466551.7,68_1_1
414714.9,1461609.1,68_1_1
415184.2,1436632,68_1_1
405602.9,1436379.4,68_1_1
405498.3,1441343.4,68_1_1
383380.4,1440868.9,68_1_1
383187.4,1447491.2,68_1_1
385606.7,1447558.1,68_1_1
385572.4,1448804.1,68_1_1
384755.7,1448782.2,68_1_1
384721.8,1449599.1,68_1_1
385558.7,1450060.2,68_1_1
384980,1465930.6,68_1_1
385433.9,1465962.4,68_1_1
385272,1470862.8,68_1_1
383660.2,1470864.6,68_1_1
383505.4,1475812,68_1_1
394672.8,1475934,68_1_1
394236.3,1485726.3,68_1_1
404146.1,1485975.7,68_1_1
403670.1,1504161.2,68_1_1
407474.5,1504273.6,68_1_1
407499.4,1503158.1,68_1_1
408320.8,1503193.7,68_1_1
408321.2,1502358.7,68_1_1
409909.5,1502413.4,68_1_1
409930.5,1501618.2,68_1_1
411608,1501677.2,68_1_1
411638.7,1500859.5,68_1_1
412039.6,1500878.8,68_1_1
412096.1,1499248.5,68_1_1
412500.4,1499259.9,68_1_1
412560.9,1497623.6,68_1_1
412973.3,1497652.9,68_1_1
413033.5,1495982.5,68_1_1
416621.1,1496102.5,68_1_1
416665.9,1492673.8,68_1_1
418311.9,1492687.9,68_1_1
418313.3,1491071,68_1_1
419872.9,1491054.1,68_1_1
420019.3,1486235.1,68_1_1
421571.1,1486311.8,68_1_1
421982.7,1476526,68_1_1
421899.7,1476526.5,68_1_1
421212.9,1476506.4,68_1_1
421220.5,1476503.5,68_2_1
421240.8,1476350.9,68_2_1
421219.7,1476441.7,68_2_1
421220.5,1476503.5,68_2_1
340751,1457021.6,69_1_1
342032.1,1457652.4,69_1_1
343124.2,1458690.9,69_1_1
344100,1458549.4,69_1_1
345621.7,1455055,69_1_1
346866.7,1453061.2,69_1_1
347960.4,1452445.4,69_1_1
349843.8,1452316.5,69_1_1
351983.3,1449907.8,69_1_1
351956.4,1449250.9,69_1_1
351463.7,1448747,69_1_1
349323.9,1448385.2,69_1_1
348341.9,1447260.6,69_1_1
348512.7,1445989.4,69_1_1
349793.4,1444148.5,69_1_1
349969.1,1443161.7,69_1_1
349540.9,1441770.5,69_1_1
347637.7,1440353.1,69_1_1
347404.3,1439117.5,69_1_1
347880.8,1438153.5,69_1_1
349286.7,1437648.3,69_1_1
350606.6,1437840.5,69_1_1
351839.2,1438374.6,69_1_1
353279.2,1439750.7,69_1_1
354128.3,1439913.2,69_1_1
354862.8,1439346.2,69_1_1
355162.5,1437528,69_1_1
356131.5,1436805.3,69_1_1
357604.2,1437568.6,69_1_1
358870.4,1439404,69_1_1
360345.9,1439688.4,69_1_1
361733.6,1438832.7,69_1_1
363326.6,1436684.6,69_1_1
367068.7,1433541.8,69_1_1
368081.2,1433273.1,69_1_1
369767.8,1433589.9,69_1_1
370867.2,1433045.7,69_1_1
371335.5,1432036.9,69_1_1
371421.8,1429511,69_1_1
371036.9,1428167.9,69_1_1
369777.3,1426061.8,69_1_1
369893.5,1423640.1,69_1_1
370452.1,1421059.9,69_1_1
371957,1420135.7,69_1_1
373114.3,1418791.8,69_1_1
373231.4,1413874.5,69_1_1
321095.6,1412990.6,69_1_1
320367.2,1442078.5,69_1_1
329940.1,1442239.6,69_1_1
329763.9,1451989.4,69_1_1
339344,1452165.6,69_1_1
339190.2,1460419.4,69_1_1
339662.7,1459676.4,69_1_1
339718.4,1457588.4,69_1_1
340751,1457021.6,69_1_1
299354.7,1151697.1,70_1_1
300494.2,1151278.5,70_1_1
303033.9,1151259.8,70_1_1
303600.7,1149896,70_1_1
304749.1,1149465.2,70_1_1
305270.3,1149800.7,70_1_1
305940.1,1149716.4,70_1_1
306715.1,1149438.9,70_1_1
306351.4,1149176.9,70_1_1
306673.7,1148837.4,70_1_1
308659.2,1148410.4,70_1_1
309236.6,1149395.1,70_1_1
309998.2,1149869.7,70_1_1
311196,1149625.9,70_1_1
312081.5,1148912.4,70_1_1
312999.8,1149028.9,70_1_1
313291,1149564.5,70_1_1
314352.4,1149200.9,70_1_1
313941.6,1149595.7,70_1_1
314724.6,1150640.2,70_1_1
315654.6,1150064.5,70_1_1
315959.2,1150300.8,70_1_1
316191.7,1149945.7,70_1_1
316640.9,1150307.5,70_1_1
317873.6,1149410.1,70_1_1
319095.4,1149955.3,70_1_1
319210.1,1149194,70_1_1
320530.9,1148831.8,70_1_1
320239.5,1148068,70_1_1
320874.3,1147479.8,70_1_1
321144.4,1146216.3,70_1_1
321790.1,1146293.5,70_1_1
321276.2,1144639.5,70_1_1
321677.3,1144530,70_1_1
323607.9,1145820.3,70_1_1
324724.9,1144524.3,70_1_1
325055,1144599.9,70_1_1
324954,1145297.4,70_1_1
325407.9,1145911.9,70_1_1
326362.8,1144454.4,70_1_1
327348,1145136.1,70_1_1
327477.2,1144541.4,70_1_1
326400.2,1143561.1,70_1_1
326908,1143279.5,70_1_1
327485.7,1143563.9,70_1_1
327536.8,1143299.8,70_1_1
326225,1142170.1,70_1_1
327574.4,1140973.6,70_1_1
327891.6,1141497,70_1_1
328171.7,1141468.1,70_1_1
328878.2,1140766.6,70_1_1
328914.4,1140068.9,70_1_1
330032,1140389,70_1_1
330152.7,1139626.4,70_1_1
335141.6,1140902.6,70_1_1
335699.1,1141835,70_1_1
336581.6,1142256.1,70_1_1
336962.5,1143447.2,70_1_1
337596.2,1142989.7,70_1_1
336951.9,1142028.6,70_1_1
336907.9,1141187,70_1_1
338015.2,1141245.6,70_1_1
338971.4,1140579.1,70_1_1
339760.8,1141054.8,70_1_1
340071.8,1139148.2,70_1_1
340974.7,1139112.8,70_1_1
341466.8,1139432.4,70_1_1
341168.7,1140369.3,70_1_1
342046.2,1140381.2,70_1_1
342276.1,1141153.3,70_1_1
342629.4,1141319.4,70_1_1
343135.1,1140667.8,70_1_1
342990.1,1139554.2,70_1_1
343615.8,1139429.4,70_1_1
344251.3,1139984.6,70_1_1
345056.1,1139793.8,70_1_1
345370.5,1138521.4,70_1_1
346511,1138814.5,70_1_1
347045.9,1138267.3,70_1_1
347721.4,1138114.2,70_1_1
348236.8,1139049.9,70_1_1
349354.3,1138547.5,70_1_1
349372.9,1137310.2,70_1_1
348623,1136202.2,70_1_1
350788.7,1135371.3,70_1_1
349739.2,1135027.8,70_1_1
349654.5,1133758.5,70_1_1
350438.4,1133664.9,70_1_1
351004.4,1132829.2,70_1_1
351711.5,1133206.8,70_1_1
352323.7,1132848.3,70_1_1
353125,1133286.1,70_1_1
353760.8,1134223.4,70_1_1
353865.8,1132448.7,70_1_1
354320.6,1132132.9,70_1_1
353809.6,1131916.4,70_1_1
353640.7,1131413.5,70_1_1
354026.8,1131214.8,70_1_1
354449.4,1131614.5,70_1_1
354356.2,1130817.1,70_1_1
354969.7,1131083.2,70_1_1
354905,1130406.3,70_1_1
355480.2,1129814.3,70_1_1
354646.3,1128858.4,70_1_1
354750.9,1128634.9,70_1_1
355686.8,1128500.5,70_1_1
355617.6,1129275.5,70_1_1
356659.7,1129535.9,70_1_1
357151.9,1129316.5,70_1_1
356945,1128556.7,70_1_1
357766,1128860.7,70_1_1
358019.2,1128458.4,70_1_1
359375.7,1128669.2,70_1_1
360393.2,1128226.1,70_1_1
360647,1126827.3,70_1_1
359649.3,1126773.7,70_1_1
360263.4,1125695.3,70_1_1
359842.5,1124208,70_1_1
359435.9,1123808.2,70_1_1
358919.7,1123953.6,70_1_1
358218.7,1121982.5,70_1_1
357597.4,1121515.4,70_1_1
358638.1,1121352.2,70_1_1
358416.8,1120531.4,70_1_1
359042.2,1118446,70_1_1
359850.3,1118699.1,70_1_1
360431.9,1118495.1,70_1_1
360575.3,1117258.4,70_1_1
361017.6,1116498.7,70_1_1
360455.7,1115865.6,70_1_1
360960,1115424.8,70_1_1
361155.5,1114258.3,70_1_1
361669.5,1114073.5,70_1_1
362326.8,1114508.5,70_1_1
363551.7,1114276.4,70_1_1
364072.6,1112615.2,70_1_1
364916.7,1111753.3,70_1_1
279547.5,1109669,70_1_1
279220.6,1149850.4,70_1_1
296237.6,1149871.4,70_1_1
297072.8,1150402.2,70_1_1
297787.9,1150171.8,70_1_1
298331.2,1151008.6,70_1_1
299113.7,1151155.1,70_1_1
299354.7,1151697.1,70_1_1
301855.4,1420668.1,71_1_1
320944.2,1421116.6,71_1_1
321095.6,1412990.6,71_1_1
337056.2,1413179.2,71_1_1
337497.2,1374157.7,71_1_1
316891.2,1373892.8,71_1_1
316696.5,1383641.1,71_1_1
283303.8,1383304.5,71_1_1
283095.8,1392958,71_1_1
286326.5,1393043,71_1_1
286002.7,1412455.2,71_1_1
302020.1,1412556.4,71_1_1
301855.4,1420668.1,71_1_1
188096.1,1467149.3,72_1_1
183430.8,1450924,72_1_1
183388.1,1422776.5,72_1_1
183368.8,1422042.5,72_1_1
182583.4,1422028.5,72_1_1
182553.5,1413924.9,72_1_1
168086.7,1414042,72_1_1
168063.2,1412450.3,72_1_1
135044.6,1412841.5,72_1_1
129173.1,1451153.1,72_1_1
143541.7,1451084.5,72_1_1
143573.7,1455933,72_1_1
148335.7,1455966.2,72_1_1
148448.2,1464086.3,72_1_1
176611.5,1463905,72_1_1
176893.1,1464735.1,72_1_1
176017.3,1464533.6,72_1_1
175876.4,1465455.2,72_1_1
177762.8,1466455.5,72_1_1
178212.9,1466293.3,72_1_1
178337.7,1465772.3,72_1_1
177279.6,1465492.7,72_1_1
177290.1,1464783,72_1_1
177894.6,1464977.6,72_1_1
178573.4,1464139.9,72_1_1
179583.6,1464418.7,72_1_1
180392.5,1463468.4,72_1_1
180250.5,1465706.2,72_1_1
180632.6,1466326,72_1_1
181185.6,1466231.2,72_1_1
181275.5,1465683.2,72_1_1
181841.9,1465420,72_1_1
182215.2,1466814.7,72_1_1
183196.1,1466696.9,72_1_1
183247.1,1467168.5,72_1_1
188096.1,1467149.3,72_1_1
182426.8,1417397.2,72_1_2
182524.4,1417421.7,72_1_2
182432.6,1417450.1,72_1_2
182426.8,1417397.2,72_1_2
377949.9,1394940.9,73_1_1
397012.8,1395395.6,73_1_1
397218.6,1385545.5,73_1_1
418580,1386189.7,73_1_1
417700.4,1384995.4,73_1_1
418841.6,1384486.3,73_1_1
418350.5,1382855.8,73_1_1
417910,1382678,73_1_1
417310.2,1383273.3,73_1_1
417300.5,1384761.9,73_1_1
416973.7,1385149.7,73_1_1
416443.8,1383958.8,73_1_1
416876.1,1383146.4,73_1_1
416805.6,1382620,73_1_1
414932,1381162.2,73_1_1
414026.2,1380812.1,73_1_1
415585.5,1379322,73_1_1
415587.6,1378869.1,73_1_1
414887.9,1378835.1,73_1_1
413709.5,1380028.4,73_1_1
413211.2,1379849.8,73_1_1
411874.9,1378689.4,73_1_1
412197.1,1378057.4,73_1_1
413207.6,1377977.3,73_1_1
413367.3,1377293.2,73_1_1
412931.3,1377126.2,73_1_1
411425.7,1378273.7,73_1_1
410984.4,1378214,73_1_1
410901.9,1377488.4,73_1_1
412047.4,1377087.2,73_1_1
412202.8,1376581,73_1_1
411599.2,1375886.8,73_1_1
410307.9,1375386.7,73_1_1
410688.8,1374620,73_1_1
411669.9,1374499.3,73_1_1
412180.7,1373917.6,73_1_1
411987.7,1372688.9,73_1_1
411304,1371801.9,73_1_1
412080,1371505.4,73_1_1
411139.3,1370908.7,73_1_1
411241.7,1369810.7,73_1_1
412045,1369515.8,73_1_1
413148.1,1370867.3,73_1_1
413438.4,1370693.7,73_1_1
413713.1,1366430.4,73_1_1
414733.7,1366453.2,73_1_1
415306.7,1365340.8,73_1_1
415941.9,1365013.3,73_1_1
416659.1,1365493.7,73_1_1
416666.4,1366774.4,73_1_1
417088.3,1366878.3,73_1_1
417402.2,1366396,73_1_1
417301.5,1365564.1,73_1_1
416226,1364461.4,73_1_1
415923.7,1363194.7,73_1_1
416964.8,1361801.2,73_1_1
416595,1361539.9,73_1_1
415833.3,1361907.8,73_1_1
415483.5,1361653.1,73_1_1
415760.7,1361286.7,73_1_1
416879.9,1361011.2,73_1_1
415977.3,1359549.3,73_1_1
416177.3,1359142.3,73_1_1
417178.3,1358965.7,73_1_1
417056.2,1358116.4,73_1_1
416459,1357972.1,73_1_1
415734.2,1358483.1,73_1_1
415409.5,1360387.9,73_1_1
415130.7,1360780.4,73_1_1
414503.9,1360750.1,73_1_1
413982.5,1358536.2,73_1_1
412435.1,1358350.7,73_1_1
412824.2,1357297.1,73_1_1
411989.4,1357097.2,73_1_1
413337.8,1356613.7,73_1_1
412614.4,1356311.8,73_1_1
411897.4,1355186.3,73_1_1
410261.9,1355569,73_1_1
409649.2,1354552.7,73_1_1
409997.5,1353955.4,73_1_1
412326.5,1353813.1,73_1_1
412307.2,1352733,73_1_1
412872.3,1352002.8,73_1_1
412025.4,1351814.8,73_1_1
411127,1352489.4,73_1_1
410775.1,1352027.4,73_1_1
412059.3,1349875.2,73_1_1
411627.7,1348468.6,73_1_1
412127.1,1348315.3,73_1_1
413067.5,1349188,73_1_1
413416.7,1348367.2,73_1_1
411027,1348065.1,73_1_1
410825.4,1347575,73_1_1
411247.2,1346771.9,73_1_1
410928,1346497.5,73_1_1
410269.8,1347013.7,73_1_1
410088.1,1348041.6,73_1_1
409851.2,1346590.5,73_1_1
399098.8,1346321.5,73_1_1
399349.9,1338878.8,73_1_1
398711.9,1339140.3,73_1_1
397679.2,1338923.6,73_1_1
397242.8,1338279,73_1_1
395761.5,1338862.3,73_1_1
394371.3,1338842.5,73_1_1
393769.7,1340261.8,73_1_1
393904.7,1340621.9,73_1_1
392725.9,1341591.7,73_1_1
391572.9,1341826.7,73_1_1
390662.7,1341326.9,73_1_1
389797,1341991.7,73_1_1
389973.8,1342338.3,73_1_1
388659.5,1342625.5,73_1_1
388301.5,1342291.2,73_1_1
387795.2,1342558,73_1_1
387464,1342076.2,73_1_1
386832.3,1342050.1,73_1_1
386600.7,1341652.2,73_1_1
386043.4,1341596.1,73_1_1
385977.6,1341211,73_1_1
385153.3,1341094,73_1_1
384799.3,1340670.1,73_1_1
382907.5,1340916.7,73_1_1
381799.9,1340529.3,73_1_1
380785.5,1339633,73_1_1
379843.5,1339894.1,73_1_1
379614.7,1339709.2,73_1_1
379674.5,1338591.3,73_1_1
377402,1338568.3,73_1_1
376996.8,1338241.7,73_1_1
376697.1,1338475.2,73_1_1
376010.9,1338065.9,73_1_1
375459,1338148.7,73_1_1
375217.7,1337773.5,73_1_1
373125.4,1337534.5,73_1_1
371321.9,1338511.7,73_1_1
370604.8,1337886.9,73_1_1
370087.8,1338677.5,73_1_1
369405.9,1338856.4,73_1_1
369052.5,1339635.1,73_1_1
368417.2,1339920,73_1_1
368034.8,1339641.5,73_1_1
367573.3,1339836,73_1_1
367319.7,1339542.6,73_1_1
366755.6,1339796.8,73_1_1
366324.6,1339590.8,73_1_1
365151.2,1340418.5,73_1_1
364409.9,1340075.6,73_1_1
363760,1340663,73_1_1
363545.1,1340474.6,73_1_1
363283,1340775.9,73_1_1
363475.1,1340980,73_1_1
361981.5,1341584.4,73_1_1
362004.6,1341056,73_1_1
361882.5,1341578.2,73_1_1
361518.2,1341371.9,73_1_1
360883.4,1341986.8,73_1_1
360457.8,1342907.6,73_1_1
359349,1342270.3,73_1_1
358413.5,1342467,73_1_1
357118.8,1341730.3,73_1_1
356416.6,1341881.6,73_1_1
356287.7,1342423.1,73_1_1
355426,1342582.6,73_1_1
354695.8,1342475.7,73_1_1
354455.1,1341815.1,73_1_1
353620,1341319,73_1_1
353120.3,1341467,73_1_1
352982.4,1341234.2,73_1_1
352299.8,1341736.3,73_1_1
352071.4,1341334.9,73_1_1
351373.3,1341548,73_1_1
350831.8,1341347.6,73_1_1
350220.7,1374557.8,73_1_1
373600.2,1375049.2,73_1_1
373388.3,1383803.9,73_1_1
374652.2,1384440.4,73_1_1
375150.4,1385891.3,73_1_1
376003.1,1385418.4,73_1_1
376642.7,1385946.8,73_1_1
378168.4,1386152.5,73_1_1
377949.9,1394940.9,73_1_1
361892.9,1341626.3,73_1_2
361956.5,1341627.3,73_1_2
361890.1,1341668.9,73_1_2
361892.9,1341626.3,73_1_2
427021.6,1387362.7,74_1_1
427637.9,1377509,74_1_1
446736,1378103.8,74_1_1
448280.7,1338590.5,74_1_1
430885.6,1338079.8,74_1_1
430938.7,1335909.7,74_1_1
425962.5,1335683.8,74_1_1
426213,1327558.7,74_1_1
419541.3,1327263,74_1_1
419209.4,1342836.4,74_1_1
412146.8,1342529,74_1_1
412241.8,1343568.1,74_1_1
411747.9,1343029.5,74_1_1
410192,1342413.1,74_1_1
408748.7,1343217.8,74_1_1
409189.2,1344096.8,74_1_1
410387.3,1343670.1,74_1_1
411691.7,1344273.3,74_1_1
410382.9,1345722.9,74_1_1
409542.2,1346048.6,74_1_1
409956.1,1346870.5,74_1_1
410019,1348023.2,74_1_1
410269.8,1347013.7,74_1_1
410928,1346497.5,74_1_1
411247.2,1346771.9,74_1_1
410825.4,1347575,74_1_1
411027,1348065.1,74_1_1
413112.3,1348195.5,74_1_1
413449.7,1348477.9,74_1_1
413067.5,1349188,74_1_1
412127.1,1348315.3,74_1_1
411627.7,1348468.6,74_1_1
412059.3,1349875.2,74_1_1
411033.9,1351280.2,74_1_1
410799.3,1352248.6,74_1_1
411181.2,1352488,74_1_1
412181.1,1351800.5,74_1_1
412942.1,1352216.7,74_1_1
412330.3,1352671,74_1_1
412219.3,1353920.8,74_1_1
409755.2,1354102.3,74_1_1
409907.9,1355231.8,74_1_1
410540.4,1355620.7,74_1_1
411897.4,1355186.3,74_1_1
412614.4,1356311.8,74_1_1
413337.8,1356613.7,74_1_1
411989.4,1357097.2,74_1_1
412824.2,1357297.1,74_1_1
412435.1,1358350.7,74_1_1
413982.5,1358536.2,74_1_1
414503.9,1360750.1,74_1_1
415256.8,1360653,74_1_1
415545.4,1358850.2,74_1_1
415948.3,1358273.2,74_1_1
416918.5,1357972.7,74_1_1
417205.6,1358893.2,74_1_1
415987.5,1359420.5,74_1_1
416832.1,1361103.4,74_1_1
415760.7,1361286.7,74_1_1
415483.5,1361653.1,74_1_1
415833.3,1361907.8,74_1_1
416595,1361539.9,74_1_1
416964.8,1361801.2,74_1_1
415923.7,1363194.7,74_1_1
416226,1364461.4,74_1_1
417301.5,1365564.1,74_1_1
417344.8,1366593.3,74_1_1
417088.3,1366878.3,74_1_1
416666.4,1366774.4,74_1_1
416659.1,1365493.7,74_1_1
415941.9,1365013.3,74_1_1
415306.7,1365340.8,74_1_1
414733.7,1366453.2,74_1_1
413713.1,1366430.4,74_1_1
413438.4,1370693.7,74_1_1
413148.1,1370867.3,74_1_1
412045,1369515.8,74_1_1
411241.7,1369810.7,74_1_1
411139.3,1370908.7,74_1_1
412080,1371505.4,74_1_1
411304,1371801.9,74_1_1
411987.7,1372688.9,74_1_1
412180.7,1373917.6,74_1_1
411669.9,1374499.3,74_1_1
410688.8,1374620,74_1_1
410307.9,1375386.7,74_1_1
411599.2,1375886.8,74_1_1
412202.8,1376581,74_1_1
412047.4,1377087.2,74_1_1
410901.9,1377488.4,74_1_1
410984.4,1378214,74_1_1
411425.7,1378273.7,74_1_1
412931.3,1377126.2,74_1_1
413367.3,1377293.2,74_1_1
413207.6,1377977.3,74_1_1
412197.1,1378057.4,74_1_1
411874.9,1378689.4,74_1_1
413211.2,1379849.8,74_1_1
413709.5,1380028.4,74_1_1
414887.9,1378835.1,74_1_1
415587.6,1378869.1,74_1_1
415585.5,1379322,74_1_1
414026.2,1380812.1,74_1_1
414932,1381162.2,74_1_1
416805.6,1382620,74_1_1
416876.1,1383146.4,74_1_1
416443.8,1383958.8,74_1_1
416973.7,1385149.7,74_1_1
417300.5,1384761.9,74_1_1
417310.2,1383273.3,74_1_1
417910,1382678,74_1_1
418495.1,1383054.6,74_1_1
418814.7,1384568,74_1_1
417700.4,1384995.4,74_1_1
418552,1386035.6,74_1_1
418305.6,1386833.3,74_1_1
427021.6,1387362.7,74_1_1
250130.9,1360910.9,75_1_1
253142.7,1360734.1,75_1_1
256525.2,1357294.3,75_1_1
258127.8,1354147.5,75_1_1
258593.3,1351794.5,75_1_1
259586.4,1350397.7,75_1_1
260915.6,1349907.3,75_1_1
262128.8,1350268.6,75_1_1
263189.9,1351290.3,75_1_1
263838,1350862.8,75_1_1
263982,1350001.6,75_1_1
263356.6,1349181.1,75_1_1
263295.2,1348083.4,75_1_1
262615.3,1346356.2,75_1_1
263196.5,1345284.6,75_1_1
264906.1,1344214.2,75_1_1
266685.5,1344125.3,75_1_1
268128.5,1344980.9,75_1_1
268518.6,1345707.6,75_1_1
268260.2,1348390.1,75_1_1
268850.9,1349249.8,75_1_1
273838.6,1350429.7,75_1_1
275655.5,1350162.3,75_1_1
277767.4,1350999.5,75_1_1
280281.7,1350476.4,75_1_1
277510,1349987.3,75_1_1
275641.5,1348098.7,75_1_1
275015.6,1346959,75_1_1
272929.5,1345865.3,75_1_1
273305.6,1345098.6,75_1_1
272831.1,1344912.7,75_1_1
273098.9,1344604.1,75_1_1
272748.5,1344200,75_1_1
269964.9,1343827,75_1_1
269350,1344236.8,75_1_1
268847.3,1343499.1,75_1_1
267463,1343179,75_1_1
267563.7,1342539.7,75_1_1
268620.9,1342081.3,75_1_1
268844.8,1341076.6,75_1_1
267554.3,1339573.8,75_1_1
266602,1339550.4,75_1_1
266648.6,1337955.1,75_1_1
265021.1,1337894.5,75_1_1
265050.1,1336267,75_1_1
263442.3,1336243.4,75_1_1
263483.5,1334653.8,75_1_1
261831.3,1334630.2,75_1_1
261854,1332818.9,75_1_1
260233.7,1332821.5,75_1_1
260261.9,1331194.7,75_1_1
258661.6,1331214.8,75_1_1
258666.7,1329603.9,75_1_1
257036.5,1329586.8,75_1_1
257094.6,1327956,75_1_1
255165.6,1327943.4,75_1_1
255186.1,1326330.6,75_1_1
253528.5,1326316.9,75_1_1
253531.6,1324671.6,75_1_1
252009.9,1324649.3,75_1_1
252050.2,1322960,75_1_1
250447.7,1322902.1,75_1_1
250503.8,1321281.1,75_1_1
248953.7,1321261.7,75_1_1
248974,1319635.7,75_1_1
247343.2,1319600.4,75_1_1
247372.1,1317956.1,75_1_1
245787.9,1317854.8,75_1_1
245830.8,1316356.2,75_1_1
244243.2,1316343.3,75_1_1
244271.5,1314722.9,75_1_1
245867.2,1314757,75_1_1
246192.7,1304940.7,75_1_1
236515.1,1304576.1,75_1_1
236619,1301338.1,75_1_1
207923.8,1300811.8,75_1_1
207646.2,1334525.7,75_1_1
207223,1334533.7,75_1_1
207198.8,1344399,75_1_1
211125.2,1344371.9,75_1_1
211111.3,1345982.2,75_1_1
223141.4,1345976,75_1_1
223153.5,1347605.1,75_1_1
224763.6,1347611.4,75_1_1
224744.9,1349239.4,75_1_1
226323.3,1349227.8,75_1_1
226294.1,1350009,75_1_1
227184.2,1350001.5,75_1_1
227131.2,1352385.2,75_1_1
227907.3,1352493.6,75_1_1
227949.9,1353297.5,75_1_1
229535.2,1353200.7,75_1_1
229509.6,1354017.2,75_1_1
245496,1354094.1,75_1_1
245310.8,1365831.9,75_1_1
247752.7,1363716.2,75_1_1
247932.3,1362034.7,75_1_1
248310.8,1361403.8,75_1_1
250130.9,1360910.9,75_1_1
