station,variable,doy,lo,med,hi,current
"Five Oaks, DeWitt",Biomass_kgha,1,0,0,0,0
"Five Oaks, DeWitt",Biomass_kgha,2,0,0,0,0
"Five Oaks, DeWitt",Biomass_kgha,3,0,0,0,0
"Five Oaks, DeWitt",Biomass_kgha,4,0,0,0,0
"Five Oaks, DeWitt",Biomass_kgha,5,0,0,0,0
"Five Oaks, DeWitt",Biomass_kgha,6,0,0,0,0
"Five Oaks, DeWitt",Biomass_kgha,7,0,0,0,0
"Five Oaks, DeWitt",Biomass_kgha,8,0,0,0,0
"Five Oaks, DeWitt",Biomass_kgha,9,0,0,0,0
"Five Oaks, DeWitt",Biomass_kgha,10,0,0,0,0
"Five Oaks, DeWitt",Biomass_kgha,11,0,0,0,0
"Five Oaks, DeWitt",Biomass_kgha,12,0,0,0,0
"Five Oaks, DeWitt",Biomass_kgha,13,0,0,0,0
"Five Oaks, DeWitt",Biomass_kgha,14,0,0,0,0
"Five Oaks, DeWitt",Biomass_kgha,15,0,0,0,0
"Five Oaks, DeWitt",Biomass_kgha,16,0,0,0,0
"Five Oaks, DeWitt",Biomass_kgha,17,0,0,0,0
"Five Oaks, DeWitt",Biomass_kgha,18,0,0,0,0
"Five Oaks, DeWitt",Biomass_kgha,19,0,0,0,0
"Five Oaks, DeWitt",Biomass_kgha,20,0,0,0,0
"Five Oaks, DeWitt",Biomass_kgha,21,0,0,0,0
"Five Oaks, DeWitt",Biomass_kgha,22,0,0,0,0
"Five Oaks, DeWitt",Biomass_kgha,23,0,0,0,0
"Five Oaks, DeWitt",Biomass_kgha,24,0,0,0,0
"Five Oaks, DeWitt",Biomass_kgha,25,0,0,0,0
"Five Oaks, DeWitt",Biomass_kgha,26,0,0,0,0
"Five Oaks, DeWitt",Biomass_kgha,27,0,0,0,0
"Five Oaks, DeWitt",Biomass_kgha,28,0,0,0,0
"Five Oaks, DeWitt",Biomass_kgha,29,0,0,0,0
"Five Oaks, DeWitt",Biomass_kgha,30,0,0,0,0
"Five Oaks, DeWitt",Biomass_kgha,31,0,0,0,0
"Five Oaks, DeWitt",Biomass_kgha,32,0,0,0,0
"Five Oaks, DeWitt",Biomass_kgha,33,0,0,0,0
"Five Oaks, DeWitt",Biomass_kgha,34,0,0,0,0
"Five Oaks, DeWitt",Biomass_kgha,35,0,0,0,0
"Five Oaks, DeWitt",Biomass_kgha,36,0,0,0,0
"Five Oaks, DeWitt",Biomass_kgha,37,0,0,0,0
"Five Oaks, DeWitt",Biomass_kgha,38,0,0,0,0
"Five Oaks, DeWitt",Biomass_kgha,39,0,0,0,0
"Five Oaks, DeWitt",Biomass_kgha,40,0,0,0,0
"Five Oaks, DeWitt",Biomass_kgha,41,0,0,0,0
"Five Oaks, DeWitt",Biomass_kgha,42,0,0,0,0
"Five Oaks, DeWitt",Biomass_kgha,43,0,0,0,0
"Five Oaks, DeWitt",Biomass_kgha,44,0,0,0,0
"Five Oaks, DeWitt",Biomass_kgha,45,0,0,0,0
"Five Oaks, DeWitt",Biomass_kgha,46,0,0,0,0
"Five Oaks, DeWitt",Biomass_kgha,47,0,0,0,0
"Five Oaks, DeWitt",Biomass_kgha,48,0,0,0,0
"Five Oaks, DeWitt",Biomass_kgha,49,0,0,0,0
"Five Oaks, DeWitt",Biomass_kgha,50,0,0,0,0
"Five Oaks, DeWitt",Biomass_kgha,51,0,0,0,0
"Five Oaks, DeWitt",Biomass_kgha,52,0,0,0,0
"Five Oaks, DeWitt",Biomass_kgha,53,0,0,0,0
"Five Oaks, DeWitt",Biomass_kgha,54,0,0,0,0
"Five Oaks, DeWitt",Biomass_kgha,55,0,0,0,0
"Five Oaks, DeWitt",Biomass_kgha,56,0,0,0,0
"Five Oaks, DeWitt",Biomass_kgha,57,0,0,0,0
"Five Oaks, DeWitt",Biomass_kgha,58,0,0,0,0
"Five Oaks, DeWitt",Biomass_kgha,59,0,0,0,0
"Five Oaks, DeWitt",Biomass_kgha,60,0,0,0,0
"Five Oaks, DeWitt",Biomass_kgha,61,0,0,0,0
"Five Oaks, DeWitt",Biomass_kgha,62,0,0,0,0
"Five Oaks, DeWitt",Biomass_kgha,63,0,0,0,0
"Five Oaks, DeWitt",Biomass_kgha,64,0,0,0,0
"Five Oaks, DeWitt",Biomass_kgha,65,0,0,0,0
"Five Oaks, DeWitt",Biomass_kgha,66,0,0,0,0
"Five Oaks, DeWitt",Biomass_kgha,67,0,0,0,0
"Five Oaks, DeWitt",Biomass_kgha,68,0,0,0,0
"Five Oaks, DeWitt",Biomass_kgha,69,0,0,0,0
"Five Oaks, DeWitt",Biomass_kgha,70,0,0,0,0
"Five Oaks, DeWitt",Biomass_kgha,71,0,0,0,0
"Five Oaks, DeWitt",Biomass_kgha,72,0,0,0,0
"Five Oaks, DeWitt",Biomass_kgha,73,0,0,0,0
"Five Oaks, DeWitt",Biomass_kgha,74,0,0,0,0
"Five Oaks, DeWitt",Biomass_kgha,75,0,0,0,0
"Five Oaks, DeWitt",Biomass_kgha,76,0,0,0,0
"Five Oaks, DeWitt",Biomass_kgha,77,0,0,0,0
"Five Oaks, DeWitt",Biomass_kgha,78,0,0,0,0
"Five Oaks, DeWitt",Biomass_kgha,79,0,0,0,0
"Five Oaks, DeWitt",Biomass_kgha,80,0,0,0,0
"Five Oaks, DeWitt",Biomass_kgha,81,0,0,0,0
"Five Oaks, DeWitt",Biomass_kgha,82,0,0,0,0
"Five Oaks, DeWitt",Biomass_kgha,83,0,0,0,0
"Five Oaks, DeWitt",Biomass_kgha,84,0,0,0,0
"Five Oaks, DeWitt",Biomass_kgha,85,0,0,0,0
"Five Oaks, DeWitt",Biomass_kgha,86,0,0,0,0
"Five Oaks, DeWitt",Biomass_kgha,87,0,0,0,0
"Five Oaks, DeWitt",Biomass_kgha,88,0,0,0,0
"Five Oaks, DeWitt",Biomass_kgha,89,0,0,0,0
"Five Oaks, DeWitt",Biomass_kgha,90,0,0,0,0
"Five Oaks, DeWitt",Biomass_kgha,91,0,0,0,0
"Five Oaks, DeWitt",Biomass_kgha,92,0,0,0,0
"Five Oaks, DeWitt",Biomass_kgha,93,0,0,0,0
"Five Oaks, DeWitt",Biomass_kgha,94,0,0,0,0
"Five Oaks, DeWitt",Biomass_kgha,95,0,0,0,0
"Five Oaks, DeWitt",Biomass_kgha,96,0,0,0,0
"Five Oaks, DeWitt",Biomass_kgha,97,0,0,0,0
"Five Oaks, DeWitt",Biomass_kgha,98,0,0,0,0
"Five Oaks, DeWitt",Biomass_kgha,99,0,0,0,0
"Five Oaks, DeWitt",Biomass_kgha,100,0,0,0,0
"Five Oaks, DeWitt",Biomass_kgha,101,0,0,0,0
"Five Oaks, DeWitt",Biomass_kgha,102,0,0,0,0
"Five Oaks, DeWitt",Biomass_kgha,103,0,0,0,0
"Five Oaks, DeWitt",Biomass_kgha,104,0,0,0,0
"Five Oaks, DeWitt",Biomass_kgha,105,0,0,0,0
"Five Oaks, DeWitt",Biomass_kgha,106,0,0,0,0
"Five Oaks, DeWitt",Biomass_kgha,107,0,0,0,0
"Five Oaks, DeWitt",Biomass_kgha,108,0,0,0,0
"Five Oaks, DeWitt",Biomass_kgha,109,0,0,0,0
"Five Oaks, DeWitt",Biomass_kgha,110,0,0,0,0
"Five Oaks, DeWitt",Biomass_kgha,111,0,0,0,0
"Five Oaks, DeWitt",Biomass_kgha,112,0,0,0,0
"Five Oaks, DeWitt",Biomass_kgha,113,0,0,0,0
"Five Oaks, DeWitt",Biomass_kgha,114,0,0,0,0
"Five Oaks, DeWitt",Biomass_kgha,115,0,0,0,0
"Five Oaks, DeWitt",Biomass_kgha,116,0,0,0,0
"Five Oaks, DeWitt",Biomass_kgha,117,0,0,0,0
"Five Oaks, DeWitt",Biomass_kgha,118,0,0,0,0
"Five Oaks, DeWitt",Biomass_kgha,119,0,0,0,0
"Five Oaks, DeWitt",Biomass_kgha,120,0,0,0,0
"Five Oaks, DeWitt",Biomass_kgha,121,0,0,0,0
"Five Oaks, DeWitt",Biomass_kgha,122,0,0,0,0
"Five Oaks, DeWitt",Biomass_kgha,123,0,0,0,0
"Five Oaks, DeWitt",Biomass_kgha,124,0,0,0,0
"Five Oaks, DeWitt",Biomass_kgha,125,0,0,0,0
"Five Oaks, DeWitt",Biomass_kgha,126,0,0,0,0
"Five Oaks, DeWitt",Biomass_kgha,127,0,0,0,0
"Five Oaks, DeWitt",Biomass_kgha,128,0,0,0,0
"Five Oaks, DeWitt",Biomass_kgha,129,0,0,0,0
"Five Oaks, DeWitt",Biomass_kgha,130,0,0,0,0
"Five Oaks, DeWitt",Biomass_kgha,131,0,0,0,0
"Five Oaks, DeWitt",Biomass_kgha,132,0,0,0,0
"Five Oaks, DeWitt",Biomass_kgha,133,0,0,0,0
"Five Oaks, DeWitt",Biomass_kgha,134,0,0,0,0
"Five Oaks, DeWitt",Biomass_kgha,135,0,0,0,0
"Five Oaks, DeWitt",Biomass_kgha,136,0,0,0,0
"Five Oaks, DeWitt",Biomass_kgha,137,0,0,0,0
"Five Oaks, DeWitt",Biomass_kgha,138,0,0,0,0
"Five Oaks, DeWitt",Biomass_kgha,139,0,0,0,0
"Five Oaks, DeWitt",Biomass_kgha,140,0,0,0,0
"Five Oaks, DeWitt",Biomass_kgha,141,0,0,0,0
"Five Oaks, DeWitt",Biomass_kgha,142,0,10,10,10
"Five Oaks, DeWitt",Biomass_kgha,143,10,10,10,10
"Five Oaks, DeWitt",Biomass_kgha,144,10,10,10,10
"Five Oaks, DeWitt",Biomass_kgha,145,10,10,10,10
"Five Oaks, DeWitt",Biomass_kgha,146,10,10,10,10
"Five Oaks, DeWitt",Biomass_kgha,147,10,10,14.838,10
"Five Oaks, DeWitt",Biomass_kgha,148,10,13.257,18.429,12.342
"Five Oaks, DeWitt",Biomass_kgha,149,10,16.212,22.438,15.805
"Five Oaks, DeWitt",Biomass_kgha,150,11.028,19.761,27.667,19.679
"Five Oaks, DeWitt",Biomass_kgha,151,14.757,23.256,33.435,24.931
"Five Oaks, DeWitt",Biomass_kgha,152,19.127,28.148,40.925,30.937
"Five Oaks, DeWitt",Biomass_kgha,153,21.174,33.352,48.934,36.798
"Five Oaks, DeWitt",Biomass_kgha,154,23.707,39.58,57.483,44.565
"Five Oaks, DeWitt",Biomass_kgha,155,27.756,48.16,67.955,52.167
"Five Oaks, DeWitt",Biomass_kgha,156,33.379,58.776,78.147,62.773
"Five Oaks, DeWitt",Biomass_kgha,157,41.118,67.13,92.967,73.696
"Five Oaks, DeWitt",Biomass_kgha,158,47.033,80.003,110.999,83.153
"Five Oaks, DeWitt",Biomass_kgha,159,58.701,95.152,131.167,91.564
"Five Oaks, DeWitt",Biomass_kgha,160,66.967,111.59,150.867,112.089
"Five Oaks, DeWitt",Biomass_kgha,161,78.578,129.263,173.808,132.639
"Five Oaks, DeWitt",Biomass_kgha,162,94.053,150.603,199.238,157.66
"Five Oaks, DeWitt",Biomass_kgha,163,106.545,174.698,235.103,182.707
"Five Oaks, DeWitt",Biomass_kgha,164,120.879,201.548,278.32,216.376
"Five Oaks, DeWitt",Biomass_kgha,165,140.803,235.504,329.227,247.443
"Five Oaks, DeWitt",Biomass_kgha,166,166.501,272.097,386.444,287.411
"Five Oaks, DeWitt",Biomass_kgha,167,195.271,311.388,443.994,343.109
"Five Oaks, DeWitt",Biomass_kgha,168,231.202,363.735,512.006,391.224
"Five Oaks, DeWitt",Biomass_kgha,169,265.576,421.312,593.425,459.925
"Five Oaks, DeWitt",Biomass_kgha,170,315.336,482.526,669.49,494.183
"Five Oaks, DeWitt",Biomass_kgha,171,369.982,553.709,752.349,565.76
"Five Oaks, DeWitt",Biomass_kgha,172,422.282,643.307,834.802,637.872
"Five Oaks, DeWitt",Biomass_kgha,173,475.644,728.951,923.169,718.867
"Five Oaks, DeWitt",Biomass_kgha,174,542.506,829.775,1028.894,798.673
"Five Oaks, DeWitt",Biomass_kgha,175,613.321,927.028,1131.36,903.418
"Five Oaks, DeWitt",Biomass_kgha,176,703.932,1036.219,1241.587,1025.899
"Five Oaks, DeWitt",Biomass_kgha,177,768.985,1136.26,1371.316,1095.512
"Five Oaks, DeWitt",Biomass_kgha,178,870.751,1253.708,1495.457,1219.676
"Five Oaks, DeWitt",Biomass_kgha,179,981.903,1368.496,1636.563,1348.34
"Five Oaks, DeWitt",Biomass_kgha,180,1086.694,1487.903,1773.599,1475.233
"Five Oaks, DeWitt",Biomass_kgha,181,1156.241,1604.093,1911.563,1603.499
"Five Oaks, DeWitt",Biomass_kgha,182,1251.976,1742.322,2049.354,1740.799
"Five Oaks, DeWitt",Biomass_kgha,183,1367.846,1875.132,2173.523,1885.036
"Five Oaks, DeWitt",Biomass_kgha,184,1500.559,1994.912,2320.928,2023.769
"Five Oaks, DeWitt",Biomass_kgha,185,1626.859,2140.812,2475.063,2101.591
"Five Oaks, DeWitt",Biomass_kgha,186,1778.535,2270.99,2627.241,2243.474
"Five Oaks, DeWitt",Biomass_kgha,187,1890.799,2415.397,2782.895,2397.456
"Five Oaks, DeWitt",Biomass_kgha,188,2043.122,2559.466,2942.555,2556.695
"Five Oaks, DeWitt",Biomass_kgha,189,2181.276,2698.836,3076.554,2711.074
"Five Oaks, DeWitt",Biomass_kgha,190,2322.895,2817.332,3230.522,2867.277
"Five Oaks, DeWitt",Biomass_kgha,191,2466.586,2941.051,3388.591,3019.012
"Five Oaks, DeWitt",Biomass_kgha,192,2608.769,3082.272,3548.631,3174.162
"Five Oaks, DeWitt",Biomass_kgha,193,2735.334,3232.385,3713.345,3322.31
"Five Oaks, DeWitt",Biomass_kgha,194,2817.143,3386.803,3847.83,3473.751
"Five Oaks, DeWitt",Biomass_kgha,195,2938.558,3525.078,3969.559,3599.886
"Five Oaks, DeWitt",Biomass_kgha,196,3085.751,3680.083,4102.167,3735.051
"Five Oaks, DeWitt",Biomass_kgha,197,3229.171,3828.219,4209.073,3893.346
"Five Oaks, DeWitt",Biomass_kgha,198,3385.141,3963.714,4350.807,4036.622
"Five Oaks, DeWitt",Biomass_kgha,199,3539.411,4085.047,4462.103,4190.468
"Five Oaks, DeWitt",Biomass_kgha,200,3691.235,4232.721,4630.389,4343.31
"Five Oaks, DeWitt",Biomass_kgha,201,3826.453,4386.349,4782.129,4480.833
"Five Oaks, DeWitt",Biomass_kgha,202,3935.299,4538.223,4935.389,4603.741
"Five Oaks, DeWitt",Biomass_kgha,203,4079.249,4651.829,5088.549,4771.34
"Five Oaks, DeWitt",Biomass_kgha,204,4236.839,4800.375,5223.645,4926.634
"Five Oaks, DeWitt",Biomass_kgha,205,4402.141,4911.854,5384.477,5077.884
"Five Oaks, DeWitt",Biomass_kgha,206,4558.058,5043.839,5618.511,5288.119
"Five Oaks, DeWitt",Biomass_kgha,207,4645.945,5193.036,5853.238,5479.063
"Five Oaks, DeWitt",Biomass_kgha,208,4786.335,5324.981,6093.94,5671.605
"Five Oaks, DeWitt",Biomass_kgha,209,4920.169,5500.253,6342.025,5854.343
"Five Oaks, DeWitt",Biomass_kgha,210,5078.377,5696.412,6527.118,6069.389
"Five Oaks, DeWitt",Biomass_kgha,211,5241.526,5914.719,6778.914,6287.061
"Five Oaks, DeWitt",Biomass_kgha,212,5334.334,6104.579,7039.749,6524.266
"Five Oaks, DeWitt",Biomass_kgha,213,5459.473,6326.199,7234.517,6776.793
"Five Oaks, DeWitt",Biomass_kgha,214,5645.488,6542.543,7501.19,NA
"Five Oaks, DeWitt",Biomass_kgha,215,5831.197,6791.162,7765.989,NA
"Five Oaks, DeWitt",Biomass_kgha,216,5931.1,6981.757,8046.643,NA
"Five Oaks, DeWitt",Biomass_kgha,217,6048.005,7210.066,8332.564,NA
"Five Oaks, DeWitt",Biomass_kgha,218,6185.778,7408.54,8602.35,NA
"Five Oaks, DeWitt",Biomass_kgha,219,6300.078,7608.397,8819.864,NA
"Five Oaks, DeWitt",Biomass_kgha,220,6440.516,7811.103,8930.542,NA
"Five Oaks, DeWitt",Biomass_kgha,221,6622.35,8011.745,9053.095,NA
"Five Oaks, DeWitt",Biomass_kgha,222,6779.224,8240.955,9109.679,NA
"Five Oaks, DeWitt",Biomass_kgha,223,6922.091,8467.267,9330.173,NA
"Five Oaks, DeWitt",Biomass_kgha,224,7196.588,8674.929,9517.04,NA
"Five Oaks, DeWitt",Biomass_kgha,225,7359.053,8821.87,9666.913,NA
"Five Oaks, DeWitt",Biomass_kgha,226,7654.871,9065.819,9888.897,NA
"Five Oaks, DeWitt",Biomass_kgha,227,7930.698,9285.912,10125.304,NA
"Five Oaks, DeWitt",Biomass_kgha,228,8188.455,9466.675,10342.433,NA
"Five Oaks, DeWitt",Biomass_kgha,229,8424.927,9663.355,10557.591,NA
"Five Oaks, DeWitt",Biomass_kgha,230,8535.353,9849.059,10706.467,NA
"Five Oaks, DeWitt",Biomass_kgha,231,8799.579,10009.133,10883.028,NA
"Five Oaks, DeWitt",Biomass_kgha,232,8976.997,10110.257,11047.471,NA
"Five Oaks, DeWitt",Biomass_kgha,233,9098.355,10317.173,11163.559,NA
"Five Oaks, DeWitt",Biomass_kgha,234,9303.674,10466.033,11274.89,NA
"Five Oaks, DeWitt",Biomass_kgha,235,9454.36,10610.213,11387.574,NA
"Five Oaks, DeWitt",Biomass_kgha,236,9465.758,10777.704,11447.916,NA
"Five Oaks, DeWitt",Biomass_kgha,237,9652.062,10879.01,11488.013,NA
"Five Oaks, DeWitt",Biomass_kgha,238,9867.482,10981.717,11565.609,NA
"Five Oaks, DeWitt",Biomass_kgha,239,10061.518,11084.867,11628.193,NA
"Five Oaks, DeWitt",Biomass_kgha,240,10244.466,11177.048,11661.144,NA
"Five Oaks, DeWitt",Biomass_kgha,241,10386.781,11253.366,11724.348,NA
"Five Oaks, DeWitt",Biomass_kgha,242,10463.014,11277.237,11802.065,NA
"Five Oaks, DeWitt",Biomass_kgha,243,10416.244,11342.877,11884.71,NA
"Five Oaks, DeWitt",Biomass_kgha,244,10445.7,11377.352,11939.594,NA
"Five Oaks, DeWitt",Biomass_kgha,245,10462.371,11382.67,11997.702,NA
"Five Oaks, DeWitt",Biomass_kgha,246,10464.896,11394.758,12049.461,NA
"Five Oaks, DeWitt",Biomass_kgha,247,10415.467,11412.698,12138.497,NA
"Five Oaks, DeWitt",Biomass_kgha,248,10365.482,11432.359,12172.982,NA
"Five Oaks, DeWitt",Biomass_kgha,249,10316.705,11412.576,12242.116,NA
"Five Oaks, DeWitt",Biomass_kgha,250,10269.995,11396.179,12312.591,NA
"Five Oaks, DeWitt",Biomass_kgha,251,10225.621,11364.46,12291.063,NA
"Five Oaks, DeWitt",Biomass_kgha,252,0,11315.568,12342.796,NA
"Five Oaks, DeWitt",Biomass_kgha,253,0,11230.217,12374.932,NA
"Five Oaks, DeWitt",Biomass_kgha,254,0,11171.98,12338.333,NA
"Five Oaks, DeWitt",Biomass_kgha,255,0,11131.794,12289.142,NA
"Five Oaks, DeWitt",Biomass_kgha,256,0,11081.815,12239.733,NA
"Five Oaks, DeWitt",Biomass_kgha,257,0,10891.078,12190.112,NA
"Five Oaks, DeWitt",Biomass_kgha,258,0,0,12141.329,NA
"Five Oaks, DeWitt",Biomass_kgha,259,0,0,12094.985,NA
"Five Oaks, DeWitt",Biomass_kgha,260,0,0,12050.958,NA
"Five Oaks, DeWitt",Biomass_kgha,261,0,0,12009.132,NA
"Five Oaks, DeWitt",Biomass_kgha,262,0,0,11969.398,NA
"Five Oaks, DeWitt",Biomass_kgha,263,0,0,11931.651,NA
"Five Oaks, DeWitt",Biomass_kgha,264,0,0,11369.45,NA
"Five Oaks, DeWitt",Biomass_kgha,265,0,0,11330.582,NA
"Five Oaks, DeWitt",Biomass_kgha,266,0,0,0,NA
"Five Oaks, DeWitt",Biomass_kgha,267,0,0,0,NA
"Five Oaks, DeWitt",Biomass_kgha,268,0,0,0,NA
"Five Oaks, DeWitt",Biomass_kgha,269,0,0,0,NA
"Five Oaks, DeWitt",Biomass_kgha,270,0,0,0,NA
"Five Oaks, DeWitt",Biomass_kgha,271,0,0,0,NA
"Five Oaks, DeWitt",Biomass_kgha,272,0,0,0,NA
"Five Oaks, DeWitt",Biomass_kgha,273,0,0,0,NA
"Five Oaks, DeWitt",Biomass_kgha,274,0,0,0,NA
"Five Oaks, DeWitt",Biomass_kgha,275,0,0,0,NA
"Five Oaks, DeWitt",Biomass_kgha,276,0,0,0,NA
"Five Oaks, DeWitt",Biomass_kgha,277,0,0,0,NA
"Five Oaks, DeWitt",Biomass_kgha,278,0,0,0,NA
"Five Oaks, DeWitt",Biomass_kgha,279,0,0,0,NA
"Five Oaks, DeWitt",Biomass_kgha,280,0,0,0,NA
"Five Oaks, DeWitt",Biomass_kgha,281,0,0,0,NA
"Five Oaks, DeWitt",Biomass_kgha,282,0,0,0,NA
"Five Oaks, DeWitt",Biomass_kgha,283,0,0,0,NA
"Five Oaks, DeWitt",Biomass_kgha,284,0,0,0,NA
"Five Oaks, DeWitt",Biomass_kgha,285,0,0,0,NA
"Five Oaks, DeWitt",Biomass_kgha,286,0,0,0,NA
"Five Oaks, DeWitt",Biomass_kgha,287,0,0,0,NA
"Five Oaks, DeWitt",Biomass_kgha,288,0,0,0,NA
"Five Oaks, DeWitt",Biomass_kgha,289,0,0,0,NA
"Five Oaks, DeWitt",Biomass_kgha,290,0,0,0,NA
"Five Oaks, DeWitt",Biomass_kgha,291,0,0,0,NA
"Five Oaks, DeWitt",Biomass_kgha,292,0,0,0,NA
"Five Oaks, DeWitt",Biomass_kgha,293,0,0,0,NA
"Five Oaks, DeWitt",Biomass_kgha,294,0,0,0,NA
"Five Oaks, DeWitt",Biomass_kgha,295,0,0,0,NA
"Five Oaks, DeWitt",Biomass_kgha,296,0,0,0,NA
"Five Oaks, DeWitt",Biomass_kgha,297,0,0,0,NA
"Five Oaks, DeWitt",Biomass_kgha,298,0,0,0,NA
"Five Oaks, DeWitt",Biomass_kgha,299,0,0,0,NA
"Five Oaks, DeWitt",Biomass_kgha,300,0,0,0,NA
"Five Oaks, DeWitt",Biomass_kgha,301,0,0,0,NA
"Five Oaks, DeWitt",Biomass_kgha,302,0,0,0,NA
"Five Oaks, DeWitt",Biomass_kgha,303,0,0,0,NA
"Five Oaks, DeWitt",Biomass_kgha,304,0,0,0,NA
"Five Oaks, DeWitt",Biomass_kgha,305,0,0,0,NA
"Five Oaks, DeWitt",Biomass_kgha,306,0,0,0,NA
"Five Oaks, DeWitt",Biomass_kgha,307,0,0,0,NA
"Five Oaks, DeWitt",Biomass_kgha,308,0,0,0,NA
"Five Oaks, DeWitt",Biomass_kgha,309,0,0,0,NA
"Five Oaks, DeWitt",Biomass_kgha,310,0,0,0,NA
"Five Oaks, DeWitt",Biomass_kgha,311,0,0,0,NA
"Five Oaks, DeWitt",Biomass_kgha,312,0,0,0,NA
"Five Oaks, DeWitt",Biomass_kgha,313,0,0,0,NA
"Five Oaks, DeWitt",Biomass_kgha,314,0,0,0,NA
"Five Oaks, DeWitt",Biomass_kgha,315,0,0,0,NA
"Five Oaks, DeWitt",Biomass_kgha,316,0,0,0,NA
"Five Oaks, DeWitt",Biomass_kgha,317,0,0,0,NA
"Five Oaks, DeWitt",Biomass_kgha,318,0,0,0,NA
"Five Oaks, DeWitt",Biomass_kgha,319,0,0,0,NA
"Five Oaks, DeWitt",Biomass_kgha,320,0,0,0,NA
"Five Oaks, DeWitt",Biomass_kgha,321,0,0,0,NA
"Five Oaks, DeWitt",Biomass_kgha,322,0,0,0,NA
"Five Oaks, DeWitt",Biomass_kgha,323,0,0,0,NA
"Five Oaks, DeWitt",Biomass_kgha,324,0,0,0,NA
"Five Oaks, DeWitt",Biomass_kgha,325,0,0,0,NA
"Five Oaks, DeWitt",Biomass_kgha,326,0,0,0,NA
"Five Oaks, DeWitt",Biomass_kgha,327,0,0,0,NA
"Five Oaks, DeWitt",Biomass_kgha,328,0,0,0,NA
"Five Oaks, DeWitt",Biomass_kgha,329,0,0,0,NA
"Five Oaks, DeWitt",Biomass_kgha,330,0,0,0,NA
"Five Oaks, DeWitt",Biomass_kgha,331,0,0,0,NA
"Five Oaks, DeWitt",Biomass_kgha,332,0,0,0,NA
"Five Oaks, DeWitt",Biomass_kgha,333,0,0,0,NA
"Five Oaks, DeWitt",Biomass_kgha,334,0,0,0,NA
"Five Oaks, DeWitt",Biomass_kgha,335,0,0,0,NA
"Five Oaks, DeWitt",Biomass_kgha,336,0,0,0,NA
"Five Oaks, DeWitt",Biomass_kgha,337,0,0,0,NA
"Five Oaks, DeWitt",Biomass_kgha,338,0,0,0,NA
"Five Oaks, DeWitt",Biomass_kgha,339,0,0,0,NA
"Five Oaks, DeWitt",Biomass_kgha,340,0,0,0,NA
"Five Oaks, DeWitt",Biomass_kgha,341,0,0,0,NA
"Five Oaks, DeWitt",Biomass_kgha,342,0,0,0,NA
"Five Oaks, DeWitt",Biomass_kgha,343,0,0,0,NA
"Five Oaks, DeWitt",Biomass_kgha,344,0,0,0,NA
"Five Oaks, DeWitt",Biomass_kgha,345,0,0,0,NA
"Five Oaks, DeWitt",Biomass_kgha,346,0,0,0,NA
"Five Oaks, DeWitt",Biomass_kgha,347,0,0,0,NA
"Five Oaks, DeWitt",Biomass_kgha,348,0,0,0,NA
"Five Oaks, DeWitt",Biomass_kgha,349,0,0,0,NA
"Five Oaks, DeWitt",Biomass_kgha,350,0,0,0,NA
"Five Oaks, DeWitt",Biomass_kgha,351,0,0,0,NA
"Five Oaks, DeWitt",Biomass_kgha,352,0,0,0,NA
"Five Oaks, DeWitt",Biomass_kgha,353,0,0,0,NA
"Five Oaks, DeWitt",Biomass_kgha,354,0,0,0,NA
"Five Oaks, DeWitt",Biomass_kgha,355,0,0,0,NA
"Five Oaks, DeWitt",Biomass_kgha,356,0,0,0,NA
"Five Oaks, DeWitt",Biomass_kgha,357,0,0,0,NA
"Five Oaks, DeWitt",Biomass_kgha,358,0,0,0,NA
"Five Oaks, DeWitt",Biomass_kgha,359,0,0,0,NA
"Five Oaks, DeWitt",Biomass_kgha,360,0,0,0,NA
"Five Oaks, DeWitt",Biomass_kgha,361,0,0,0,NA
"Five Oaks, DeWitt",Biomass_kgha,362,0,0,0,NA
"Five Oaks, DeWitt",Biomass_kgha,363,0,0,0,NA
"Five Oaks, DeWitt",Biomass_kgha,364,0,0,0,NA
"Five Oaks, DeWitt",Biomass_kgha,365,0,0,0,NA
"Five Oaks, DeWitt",Biomass_kgha,366,0,0,0,NA
"Five Oaks, DeWitt",CummRain_in,1,24.458,36.702,64.807,36.017
"Five Oaks, DeWitt",CummRain_in,2,24.458,36.782,64.807,36.056
"Five Oaks, DeWitt",CummRain_in,3,24.458,37.094,64.809,36.056
"Five Oaks, DeWitt",CummRain_in,4,24.459,37.095,64.809,36.056
"Five Oaks, DeWitt",CummRain_in,5,24.663,37.1,64.809,36.056
"Five Oaks, DeWitt",CummRain_in,6,24.663,37.415,64.82,36.056
"Five Oaks, DeWitt",CummRain_in,7,24.663,37.416,64.903,36.056
"Five Oaks, DeWitt",CummRain_in,8,24.663,37.416,64.903,36.081
"Five Oaks, DeWitt",CummRain_in,9,25.036,37.418,64.903,36.685
"Five Oaks, DeWitt",CummRain_in,10,25.04,37.418,64.903,37.13
"Five Oaks, DeWitt",CummRain_in,11,25.04,37.759,64.903,37.13
"Five Oaks, DeWitt",CummRain_in,12,25.04,37.942,64.903,37.13
"Five Oaks, DeWitt",CummRain_in,13,25.04,38.274,64.903,37.141
"Five Oaks, DeWitt",CummRain_in,14,25.04,38.331,64.903,37.16
"Five Oaks, DeWitt",CummRain_in,15,25.042,38.356,64.903,37.16
"Five Oaks, DeWitt",CummRain_in,16,25.26,38.406,65.835,37.166
"Five Oaks, DeWitt",CummRain_in,17,25.432,38.943,66.145,37.166
"Five Oaks, DeWitt",CummRain_in,18,25.47,38.943,66.149,37.166
"Five Oaks, DeWitt",CummRain_in,19,25.471,38.943,66.155,37.166
"Five Oaks, DeWitt",CummRain_in,20,25.607,38.945,66.894,37.166
"Five Oaks, DeWitt",CummRain_in,21,25.607,38.945,67.37,37.781
"Five Oaks, DeWitt",CummRain_in,22,25.607,38.952,67.37,37.783
"Five Oaks, DeWitt",CummRain_in,23,25.667,38.962,68.14,37.861
"Five Oaks, DeWitt",CummRain_in,24,25.781,39.127,68.182,38.518
"Five Oaks, DeWitt",CummRain_in,25,26.226,39.259,68.182,38.821
"Five Oaks, DeWitt",CummRain_in,26,26.292,39.949,68.182,38.821
"Five Oaks, DeWitt",CummRain_in,27,26.296,39.949,68.182,38.823
"Five Oaks, DeWitt",CummRain_in,28,26.296,40.049,68.202,38.827
"Five Oaks, DeWitt",CummRain_in,29,26.296,40.354,69.541,38.833
"Five Oaks, DeWitt",CummRain_in,30,26.34,40.407,69.543,38.836
"Five Oaks, DeWitt",CummRain_in,31,26.371,40.409,69.544,38.836
"Five Oaks, DeWitt",CummRain_in,32,26.887,40.558,69.551,38.836
"Five Oaks, DeWitt",CummRain_in,33,26.887,40.908,69.553,38.837
"Five Oaks, DeWitt",CummRain_in,34,26.887,41.791,69.577,39.052
"Five Oaks, DeWitt",CummRain_in,35,26.887,41.819,70.511,39.052
"Five Oaks, DeWitt",CummRain_in,36,26.887,41.836,70.676,39.052
"Five Oaks, DeWitt",CummRain_in,37,26.887,41.858,70.676,39.052
"Five Oaks, DeWitt",CummRain_in,38,26.887,41.863,70.676,39.052
"Five Oaks, DeWitt",CummRain_in,39,26.887,41.865,72.149,39.052
"Five Oaks, DeWitt",CummRain_in,40,26.887,41.865,72.181,39.053
"Five Oaks, DeWitt",CummRain_in,41,26.887,42.349,72.181,39.059
"Five Oaks, DeWitt",CummRain_in,42,26.898,42.578,72.216,39.133
"Five Oaks, DeWitt",CummRain_in,43,26.905,42.879,72.236,39.133
"Five Oaks, DeWitt",CummRain_in,44,27.13,42.998,72.239,39.133
"Five Oaks, DeWitt",CummRain_in,45,27.13,43.574,72.429,39.389
"Five Oaks, DeWitt",CummRain_in,46,27.13,43.823,72.429,40.329
"Five Oaks, DeWitt",CummRain_in,47,27.175,44.458,72.429,40.33
"Five Oaks, DeWitt",CummRain_in,48,27.548,44.586,72.429,40.333
"Five Oaks, DeWitt",CummRain_in,49,27.806,44.592,72.429,40.334
"Five Oaks, DeWitt",CummRain_in,50,27.806,44.596,72.429,40.335
"Five Oaks, DeWitt",CummRain_in,51,27.806,44.649,72.429,40.356
"Five Oaks, DeWitt",CummRain_in,52,27.812,45.2,72.918,40.5
"Five Oaks, DeWitt",CummRain_in,53,27.814,45.619,72.989,40.5
"Five Oaks, DeWitt",CummRain_in,54,27.867,45.758,72.989,40.5
"Five Oaks, DeWitt",CummRain_in,55,27.875,45.948,72.989,40.5
"Five Oaks, DeWitt",CummRain_in,56,28.089,45.953,72.99,40.5
"Five Oaks, DeWitt",CummRain_in,57,28.891,46.25,73,40.522
"Five Oaks, DeWitt",CummRain_in,58,28.993,46.413,73,40.523
"Five Oaks, DeWitt",CummRain_in,59,29.136,46.414,73,40.523
"Five Oaks, DeWitt",CummRain_in,60,29.136,46.45,73.016,40.523
"Five Oaks, DeWitt",CummRain_in,61,29.136,46.451,73.016,40.525
"Five Oaks, DeWitt",CummRain_in,62,29.136,46.747,73.016,40.526
"Five Oaks, DeWitt",CummRain_in,63,29.416,46.785,73.016,40.529
"Five Oaks, DeWitt",CummRain_in,64,29.5,46.995,73.016,40.529
"Five Oaks, DeWitt",CummRain_in,65,29.5,47.29,73.016,40.534
"Five Oaks, DeWitt",CummRain_in,66,29.5,47.392,73.016,41.081
"Five Oaks, DeWitt",CummRain_in,67,29.507,47.439,73.126,41.696
"Five Oaks, DeWitt",CummRain_in,68,29.593,48.353,73.331,42.172
"Five Oaks, DeWitt",CummRain_in,69,29.678,48.49,73.678,42.21
"Five Oaks, DeWitt",CummRain_in,70,29.93,48.496,73.798,43.626
"Five Oaks, DeWitt",CummRain_in,71,30.261,48.709,73.926,43.626
"Five Oaks, DeWitt",CummRain_in,72,30.261,48.989,73.926,43.626
"Five Oaks, DeWitt",CummRain_in,73,30.261,49.287,73.926,43.626
"Five Oaks, DeWitt",CummRain_in,74,30.342,49.533,73.926,44.119
"Five Oaks, DeWitt",CummRain_in,75,30.846,49.535,73.926,44.12
"Five Oaks, DeWitt",CummRain_in,76,30.846,49.537,73.926,44.12
"Five Oaks, DeWitt",CummRain_in,77,30.846,49.538,73.926,44.12
"Five Oaks, DeWitt",CummRain_in,78,30.846,49.542,73.926,44.12
"Five Oaks, DeWitt",CummRain_in,79,30.846,49.542,74.245,44.12
"Five Oaks, DeWitt",CummRain_in,80,30.846,49.746,74.478,44.12
"Five Oaks, DeWitt",CummRain_in,81,30.846,50.089,74.493,44.12
"Five Oaks, DeWitt",CummRain_in,82,30.846,50.257,74.493,44.12
"Five Oaks, DeWitt",CummRain_in,83,30.846,50.426,74.507,44.12
"Five Oaks, DeWitt",CummRain_in,84,30.862,50.426,74.927,44.12
"Five Oaks, DeWitt",CummRain_in,85,30.927,50.692,74.927,44.12
"Five Oaks, DeWitt",CummRain_in,86,31.144,50.745,75.291,44.137
"Five Oaks, DeWitt",CummRain_in,87,31.152,50.827,75.317,44.137
"Five Oaks, DeWitt",CummRain_in,88,31.213,51.222,75.317,44.137
"Five Oaks, DeWitt",CummRain_in,89,31.276,51.511,75.317,44.137
"Five Oaks, DeWitt",CummRain_in,90,31.307,51.529,75.317,44.144
"Five Oaks, DeWitt",CummRain_in,91,0,0.001,70.702,0.001
"Five Oaks, DeWitt",CummRain_in,92,0,0.023,1.663,0.008
"Five Oaks, DeWitt",CummRain_in,93,0,0.232,2.288,0.031
"Five Oaks, DeWitt",CummRain_in,94,0,0.317,3.242,0.713
"Five Oaks, DeWitt",CummRain_in,95,0,0.493,4.573,0.715
"Five Oaks, DeWitt",CummRain_in,96,0,0.912,5.646,0.715
"Five Oaks, DeWitt",CummRain_in,97,0,1.028,5.646,0.715
"Five Oaks, DeWitt",CummRain_in,98,0.008,1.05,5.646,0.715
"Five Oaks, DeWitt",CummRain_in,99,0.008,1.113,5.646,0.715
"Five Oaks, DeWitt",CummRain_in,100,0.012,1.404,5.648,0.715
"Five Oaks, DeWitt",CummRain_in,101,0.012,1.648,5.648,0.715
"Five Oaks, DeWitt",CummRain_in,102,0.233,2.208,5.648,0.715
"Five Oaks, DeWitt",CummRain_in,103,0.351,2.415,7.078,0.717
"Five Oaks, DeWitt",CummRain_in,104,0.351,2.722,9.321,0.717
"Five Oaks, DeWitt",CummRain_in,105,0.36,2.748,9.326,0.717
"Five Oaks, DeWitt",CummRain_in,106,0.38,2.762,9.326,0.782
"Five Oaks, DeWitt",CummRain_in,107,0.437,2.78,9.497,0.782
"Five Oaks, DeWitt",CummRain_in,108,0.531,2.886,9.736,0.92
"Five Oaks, DeWitt",CummRain_in,109,0.781,3.306,9.801,0.92
"Five Oaks, DeWitt",CummRain_in,110,0.844,3.505,9.81,0.935
"Five Oaks, DeWitt",CummRain_in,111,1.013,3.527,9.958,0.935
"Five Oaks, DeWitt",CummRain_in,112,1.048,3.536,10.058,0.937
"Five Oaks, DeWitt",CummRain_in,113,1.084,3.649,10.063,0.937
"Five Oaks, DeWitt",CummRain_in,114,1.19,3.802,10.066,1.772
"Five Oaks, DeWitt",CummRain_in,115,1.191,3.838,10.107,2.607
"Five Oaks, DeWitt",CummRain_in,116,1.254,4.384,11.071,2.702
"Five Oaks, DeWitt",CummRain_in,117,1.254,4.756,13.459,2.733
"Five Oaks, DeWitt",CummRain_in,118,1.254,4.759,16.093,3.376
"Five Oaks, DeWitt",CummRain_in,119,1.254,4.844,16.792,3.705
"Five Oaks, DeWitt",CummRain_in,120,1.265,4.924,16.792,3.707
"Five Oaks, DeWitt",CummRain_in,121,1.272,4.927,16.792,3.716
"Five Oaks, DeWitt",CummRain_in,122,2.172,5.263,16.798,3.717
"Five Oaks, DeWitt",CummRain_in,123,2.172,5.331,18.077,3.717
"Five Oaks, DeWitt",CummRain_in,124,2.172,5.777,18.676,3.717
"Five Oaks, DeWitt",CummRain_in,125,2.172,6.118,18.963,3.827
"Five Oaks, DeWitt",CummRain_in,126,2.172,6.118,18.963,4.233
"Five Oaks, DeWitt",CummRain_in,127,2.172,6.119,18.985,4.233
"Five Oaks, DeWitt",CummRain_in,128,2.173,6.339,19.263,4.263
"Five Oaks, DeWitt",CummRain_in,129,2.173,6.518,19.482,4.285
"Five Oaks, DeWitt",CummRain_in,130,2.173,6.552,19.813,4.469
"Five Oaks, DeWitt",CummRain_in,131,2.182,6.775,19.943,4.497
"Five Oaks, DeWitt",CummRain_in,132,2.468,6.775,19.984,4.497
"Five Oaks, DeWitt",CummRain_in,133,2.537,7.313,19.993,4.501
"Five Oaks, DeWitt",CummRain_in,134,2.541,7.358,20.072,4.598
"Five Oaks, DeWitt",CummRain_in,135,2.744,7.46,20.39,4.713
"Five Oaks, DeWitt",CummRain_in,136,2.806,7.679,20.432,4.713
"Five Oaks, DeWitt",CummRain_in,137,2.834,7.947,20.584,4.726
"Five Oaks, DeWitt",CummRain_in,138,2.89,7.999,20.696,4.731
"Five Oaks, DeWitt",CummRain_in,139,3.216,7.999,20.967,5.379
"Five Oaks, DeWitt",CummRain_in,140,3.352,7.999,21.189,5.618
"Five Oaks, DeWitt",CummRain_in,141,3.352,8.153,21.229,6.274
"Five Oaks, DeWitt",CummRain_in,142,3.352,8.241,21.281,7.134
"Five Oaks, DeWitt",CummRain_in,143,3.352,8.319,21.504,7.919
"Five Oaks, DeWitt",CummRain_in,144,3.354,8.437,21.883,7.952
"Five Oaks, DeWitt",CummRain_in,145,3.445,8.589,22.534,8.23
"Five Oaks, DeWitt",CummRain_in,146,3.704,8.672,22.595,8.557
"Five Oaks, DeWitt",CummRain_in,147,4.013,8.763,22.61,8.776
"Five Oaks, DeWitt",CummRain_in,148,4.072,9.026,22.628,9.385
"Five Oaks, DeWitt",CummRain_in,149,4.074,9.186,22.668,9.595
"Five Oaks, DeWitt",CummRain_in,150,4.074,9.238,22.754,9.604
"Five Oaks, DeWitt",CummRain_in,151,4.275,9.76,22.818,9.746
"Five Oaks, DeWitt",CummRain_in,152,4.484,10.31,22.836,10.109
"Five Oaks, DeWitt",CummRain_in,153,4.485,10.365,22.864,10.221
"Five Oaks, DeWitt",CummRain_in,154,4.486,10.373,22.904,10.223
"Five Oaks, DeWitt",CummRain_in,155,4.49,10.384,23.02,10.235
"Five Oaks, DeWitt",CummRain_in,156,5.115,10.721,23.403,10.235
"Five Oaks, DeWitt",CummRain_in,157,5.148,11.074,23.439,10.244
"Five Oaks, DeWitt",CummRain_in,158,5.148,11.074,23.446,10.467
"Five Oaks, DeWitt",CummRain_in,159,5.149,11.494,23.446,10.672
"Five Oaks, DeWitt",CummRain_in,160,5.149,11.511,23.447,10.699
"Five Oaks, DeWitt",CummRain_in,161,5.156,11.737,23.567,10.699
"Five Oaks, DeWitt",CummRain_in,162,5.163,12.179,23.969,10.699
"Five Oaks, DeWitt",CummRain_in,163,5.333,12.179,24.049,10.909
"Five Oaks, DeWitt",CummRain_in,164,5.333,12.331,24.069,11.063
"Five Oaks, DeWitt",CummRain_in,165,5.333,12.372,24.126,11.161
"Five Oaks, DeWitt",CummRain_in,166,5.333,12.425,24.46,11.2
"Five Oaks, DeWitt",CummRain_in,167,5.333,12.451,24.67,11.204
"Five Oaks, DeWitt",CummRain_in,168,5.334,12.644,24.705,11.207
"Five Oaks, DeWitt",CummRain_in,169,5.427,12.672,24.71,11.248
"Five Oaks, DeWitt",CummRain_in,170,5.439,12.672,24.724,11.511
"Five Oaks, DeWitt",CummRain_in,171,5.441,13.071,24.744,12.341
"Five Oaks, DeWitt",CummRain_in,172,5.443,13.314,24.817,12.596
"Five Oaks, DeWitt",CummRain_in,173,5.487,13.478,24.987,13.003
"Five Oaks, DeWitt",CummRain_in,174,5.496,13.479,25.275,13.043
"Five Oaks, DeWitt",CummRain_in,175,5.508,13.616,25.449,13.107
"Five Oaks, DeWitt",CummRain_in,176,5.511,13.622,25.483,13.165
"Five Oaks, DeWitt",CummRain_in,177,5.513,13.739,25.484,13.17
"Five Oaks, DeWitt",CummRain_in,178,5.522,14.033,25.487,13.17
"Five Oaks, DeWitt",CummRain_in,179,5.523,14.033,25.497,13.17
"Five Oaks, DeWitt",CummRain_in,180,5.523,14.072,25.497,13.17
"Five Oaks, DeWitt",CummRain_in,181,5.778,14.212,25.498,13.17
"Five Oaks, DeWitt",CummRain_in,182,5.878,14.22,25.561,13.217
"Five Oaks, DeWitt",CummRain_in,183,6.559,14.445,25.642,13.309
"Five Oaks, DeWitt",CummRain_in,184,6.714,14.481,25.795,13.353
"Five Oaks, DeWitt",CummRain_in,185,6.763,14.481,25.872,13.578
"Five Oaks, DeWitt",CummRain_in,186,6.876,15.169,25.874,13.854
"Five Oaks, DeWitt",CummRain_in,187,6.89,15.217,25.88,13.963
"Five Oaks, DeWitt",CummRain_in,188,6.912,15.219,25.886,14.007
"Five Oaks, DeWitt",CummRain_in,189,7.024,15.219,25.887,14.057
"Five Oaks, DeWitt",CummRain_in,190,7.211,15.276,25.887,14.16
"Five Oaks, DeWitt",CummRain_in,191,7.275,15.349,25.887,14.218
"Five Oaks, DeWitt",CummRain_in,192,7.718,15.349,25.887,14.403
"Five Oaks, DeWitt",CummRain_in,193,8.198,15.746,25.903,14.67
"Five Oaks, DeWitt",CummRain_in,194,8.894,15.763,26.006,14.811
"Five Oaks, DeWitt",CummRain_in,195,9.03,15.835,26.04,15.209
"Five Oaks, DeWitt",CummRain_in,196,9.031,15.837,26.393,15.825
"Five Oaks, DeWitt",CummRain_in,197,9.031,16.026,27.319,15.844
"Five Oaks, DeWitt",CummRain_in,198,9.077,16.218,27.377,15.917
"Five Oaks, DeWitt",CummRain_in,199,9.093,16.246,27.625,15.933
"Five Oaks, DeWitt",CummRain_in,200,9.145,16.267,27.919,15.936
"Five Oaks, DeWitt",CummRain_in,201,9.355,16.305,27.957,16.069
"Five Oaks, DeWitt",CummRain_in,202,9.398,16.343,28.008,16.137
"Five Oaks, DeWitt",CummRain_in,203,9.449,16.489,28.094,16.165
"Five Oaks, DeWitt",CummRain_in,204,9.568,16.581,28.3,16.185
"Five Oaks, DeWitt",CummRain_in,205,9.693,16.614,28.492,16.499
"Five Oaks, DeWitt",CummRain_in,206,9.83,16.748,28.916,16.637
"Five Oaks, DeWitt",CummRain_in,207,9.891,16.75,29.088,16.672
"Five Oaks, DeWitt",CummRain_in,208,9.892,16.751,29.302,16.678
"Five Oaks, DeWitt",CummRain_in,209,9.903,16.774,29.376,16.68
"Five Oaks, DeWitt",CummRain_in,210,9.911,16.775,29.435,17.034
"Five Oaks, DeWitt",CummRain_in,211,9.911,16.776,29.536,17.21
"Five Oaks, DeWitt",CummRain_in,212,9.912,16.837,29.719,17.414
"Five Oaks, DeWitt",CummRain_in,213,9.912,17.091,29.842,17.476
"Five Oaks, DeWitt",CummRain_in,214,9.94,17.105,29.883,NA
"Five Oaks, DeWitt",CummRain_in,215,9.988,17.327,29.884,NA
"Five Oaks, DeWitt",CummRain_in,216,10.024,17.372,29.889,NA
"Five Oaks, DeWitt",CummRain_in,217,10.027,17.483,29.91,NA
"Five Oaks, DeWitt",CummRain_in,218,10.07,17.713,30.022,NA
"Five Oaks, DeWitt",CummRain_in,219,10.122,17.966,30.037,NA
"Five Oaks, DeWitt",CummRain_in,220,10.132,18.244,30.037,NA
"Five Oaks, DeWitt",CummRain_in,221,10.323,18.247,30.039,NA
"Five Oaks, DeWitt",CummRain_in,222,10.593,18.253,30.039,NA
"Five Oaks, DeWitt",CummRain_in,223,10.626,18.58,30.039,NA
"Five Oaks, DeWitt",CummRain_in,224,10.626,18.695,30.053,NA
"Five Oaks, DeWitt",CummRain_in,225,10.671,18.921,30.053,NA
"Five Oaks, DeWitt",CummRain_in,226,11.311,19.024,30.053,NA
"Five Oaks, DeWitt",CummRain_in,227,11.319,19.05,30.054,NA
"Five Oaks, DeWitt",CummRain_in,228,11.333,19.067,30.13,NA
"Five Oaks, DeWitt",CummRain_in,229,11.424,19.067,30.374,NA
"Five Oaks, DeWitt",CummRain_in,230,11.622,19.067,30.411,NA
"Five Oaks, DeWitt",CummRain_in,231,11.703,19.104,30.417,NA
"Five Oaks, DeWitt",CummRain_in,232,11.714,19.134,30.424,NA
"Five Oaks, DeWitt",CummRain_in,233,11.771,19.146,30.65,NA
"Five Oaks, DeWitt",CummRain_in,234,11.771,19.187,30.654,NA
"Five Oaks, DeWitt",CummRain_in,235,11.771,19.201,30.752,NA
"Five Oaks, DeWitt",CummRain_in,236,11.771,19.239,30.994,NA
"Five Oaks, DeWitt",CummRain_in,237,11.771,19.293,31.043,NA
"Five Oaks, DeWitt",CummRain_in,238,11.771,19.293,31.077,NA
"Five Oaks, DeWitt",CummRain_in,239,11.778,19.293,31.164,NA
"Five Oaks, DeWitt",CummRain_in,240,11.922,19.293,31.368,NA
"Five Oaks, DeWitt",CummRain_in,241,11.984,19.298,31.717,NA
"Five Oaks, DeWitt",CummRain_in,242,11.984,19.3,32.06,NA
"Five Oaks, DeWitt",CummRain_in,243,11.996,19.3,32.161,NA
"Five Oaks, DeWitt",CummRain_in,244,11.998,19.331,32.35,NA
"Five Oaks, DeWitt",CummRain_in,245,11.998,19.623,32.513,NA
"Five Oaks, DeWitt",CummRain_in,246,11.998,19.724,32.677,NA
"Five Oaks, DeWitt",CummRain_in,247,11.998,19.755,32.738,NA
"Five Oaks, DeWitt",CummRain_in,248,11.998,19.762,32.83,NA
"Five Oaks, DeWitt",CummRain_in,249,11.998,20.035,32.936,NA
"Five Oaks, DeWitt",CummRain_in,250,11.998,20.041,32.983,NA
"Five Oaks, DeWitt",CummRain_in,251,11.998,20.095,33.074,NA
"Five Oaks, DeWitt",CummRain_in,252,11.998,20.303,33.196,NA
"Five Oaks, DeWitt",CummRain_in,253,12.002,20.331,33.231,NA
"Five Oaks, DeWitt",CummRain_in,254,12.341,20.344,33.237,NA
"Five Oaks, DeWitt",CummRain_in,255,13.951,20.739,33.237,NA
"Five Oaks, DeWitt",CummRain_in,256,14.206,20.806,33.569,NA
"Five Oaks, DeWitt",CummRain_in,257,14.717,20.809,33.68,NA
"Five Oaks, DeWitt",CummRain_in,258,14.863,20.811,35.502,NA
"Five Oaks, DeWitt",CummRain_in,259,15.006,20.812,35.857,NA
"Five Oaks, DeWitt",CummRain_in,260,15.12,20.9,36.501,NA
"Five Oaks, DeWitt",CummRain_in,261,15.121,21.074,36.832,NA
"Five Oaks, DeWitt",CummRain_in,262,15.122,21.212,36.891,NA
"Five Oaks, DeWitt",CummRain_in,263,15.144,21.212,36.913,NA
"Five Oaks, DeWitt",CummRain_in,264,15.294,21.212,37.357,NA
"Five Oaks, DeWitt",CummRain_in,265,15.296,21.479,37.561,NA
"Five Oaks, DeWitt",CummRain_in,266,15.297,21.57,37.686,NA
"Five Oaks, DeWitt",CummRain_in,267,15.297,21.57,38.187,NA
"Five Oaks, DeWitt",CummRain_in,268,15.302,21.873,38.262,NA
"Five Oaks, DeWitt",CummRain_in,269,15.302,22.284,38.293,NA
"Five Oaks, DeWitt",CummRain_in,270,15.302,22.352,38.295,NA
"Five Oaks, DeWitt",CummRain_in,271,15.303,22.352,38.295,NA
"Five Oaks, DeWitt",CummRain_in,272,15.303,22.356,38.295,NA
"Five Oaks, DeWitt",CummRain_in,273,15.305,22.381,38.295,NA
"Five Oaks, DeWitt",CummRain_in,274,15.309,22.641,38.641,NA
"Five Oaks, DeWitt",CummRain_in,275,15.563,22.842,39.092,NA
"Five Oaks, DeWitt",CummRain_in,276,15.889,22.974,39.146,NA
"Five Oaks, DeWitt",CummRain_in,277,15.967,22.974,40.974,NA
"Five Oaks, DeWitt",CummRain_in,278,16.236,22.974,40.988,NA
"Five Oaks, DeWitt",CummRain_in,279,16.506,22.974,41.254,NA
"Five Oaks, DeWitt",CummRain_in,280,16.506,22.974,41.422,NA
"Five Oaks, DeWitt",CummRain_in,281,16.506,22.974,41.52,NA
"Five Oaks, DeWitt",CummRain_in,282,16.506,23.009,42.525,NA
"Five Oaks, DeWitt",CummRain_in,283,16.506,23.602,42.528,NA
"Five Oaks, DeWitt",CummRain_in,284,16.506,24.334,43.037,NA
"Five Oaks, DeWitt",CummRain_in,285,16.742,24.335,43.709,NA
"Five Oaks, DeWitt",CummRain_in,286,16.744,24.335,46.518,NA
"Five Oaks, DeWitt",CummRain_in,287,16.744,24.335,46.569,NA
"Five Oaks, DeWitt",CummRain_in,288,16.744,24.335,46.678,NA
"Five Oaks, DeWitt",CummRain_in,289,16.744,24.335,46.678,NA
"Five Oaks, DeWitt",CummRain_in,290,16.744,24.944,46.678,NA
"Five Oaks, DeWitt",CummRain_in,291,16.744,25.1,46.678,NA
"Five Oaks, DeWitt",CummRain_in,292,16.935,25.19,46.678,NA
"Five Oaks, DeWitt",CummRain_in,293,16.945,25.239,46.678,NA
"Five Oaks, DeWitt",CummRain_in,294,16.945,25.239,46.733,NA
"Five Oaks, DeWitt",CummRain_in,295,16.945,25.633,48.437,NA
"Five Oaks, DeWitt",CummRain_in,296,16.946,25.638,48.487,NA
"Five Oaks, DeWitt",CummRain_in,297,17.807,25.638,48.487,NA
"Five Oaks, DeWitt",CummRain_in,298,17.928,25.733,48.487,NA
"Five Oaks, DeWitt",CummRain_in,299,17.937,25.733,48.548,NA
"Five Oaks, DeWitt",CummRain_in,300,17.937,25.769,49.409,NA
"Five Oaks, DeWitt",CummRain_in,301,17.937,25.956,49.657,NA
"Five Oaks, DeWitt",CummRain_in,302,17.937,25.997,51.062,NA
"Five Oaks, DeWitt",CummRain_in,303,17.946,26.127,54.255,NA
"Five Oaks, DeWitt",CummRain_in,304,17.963,26.127,54.255,NA
"Five Oaks, DeWitt",CummRain_in,305,18.024,26.956,54.255,NA
"Five Oaks, DeWitt",CummRain_in,306,18.104,26.972,54.255,NA
"Five Oaks, DeWitt",CummRain_in,307,18.104,26.972,54.255,NA
"Five Oaks, DeWitt",CummRain_in,308,18.106,27.017,54.255,NA
"Five Oaks, DeWitt",CummRain_in,309,18.106,27.113,54.255,NA
"Five Oaks, DeWitt",CummRain_in,310,18.106,27.572,54.255,NA
"Five Oaks, DeWitt",CummRain_in,311,18.486,27.866,54.255,NA
"Five Oaks, DeWitt",CummRain_in,312,18.715,27.875,54.255,NA
"Five Oaks, DeWitt",CummRain_in,313,18.885,27.978,54.255,NA
"Five Oaks, DeWitt",CummRain_in,314,19.218,27.978,54.255,NA
"Five Oaks, DeWitt",CummRain_in,315,19.218,27.998,54.255,NA
"Five Oaks, DeWitt",CummRain_in,316,19.291,28.007,54.255,NA
"Five Oaks, DeWitt",CummRain_in,317,19.457,28.022,54.255,NA
"Five Oaks, DeWitt",CummRain_in,318,19.65,28.072,54.255,NA
"Five Oaks, DeWitt",CummRain_in,319,19.702,28.276,54.429,NA
"Five Oaks, DeWitt",CummRain_in,320,19.707,28.781,54.62,NA
"Five Oaks, DeWitt",CummRain_in,321,19.711,29.28,54.621,NA
"Five Oaks, DeWitt",CummRain_in,322,19.733,29.518,54.621,NA
"Five Oaks, DeWitt",CummRain_in,323,19.802,29.644,54.621,NA
"Five Oaks, DeWitt",CummRain_in,324,20.285,29.653,54.621,NA
"Five Oaks, DeWitt",CummRain_in,325,20.289,29.675,54.623,NA
"Five Oaks, DeWitt",CummRain_in,326,20.289,29.719,54.625,NA
"Five Oaks, DeWitt",CummRain_in,327,20.291,29.759,54.628,NA
"Five Oaks, DeWitt",CummRain_in,328,20.291,29.909,54.636,NA
"Five Oaks, DeWitt",CummRain_in,329,20.291,30.176,54.636,NA
"Five Oaks, DeWitt",CummRain_in,330,20.291,30.378,54.636,NA
"Five Oaks, DeWitt",CummRain_in,331,20.291,30.872,54.636,NA
"Five Oaks, DeWitt",CummRain_in,332,20.309,30.873,54.64,NA
"Five Oaks, DeWitt",CummRain_in,333,20.347,30.876,55.146,NA
"Five Oaks, DeWitt",CummRain_in,334,20.563,30.876,56.153,NA
"Five Oaks, DeWitt",CummRain_in,335,20.564,30.978,56.154,NA
"Five Oaks, DeWitt",CummRain_in,336,20.564,31.1,56.846,NA
"Five Oaks, DeWitt",CummRain_in,337,20.6,31.105,56.846,NA
"Five Oaks, DeWitt",CummRain_in,338,20.737,31.109,56.846,NA
"Five Oaks, DeWitt",CummRain_in,339,20.796,31.276,56.846,NA
"Five Oaks, DeWitt",CummRain_in,340,21.035,31.35,56.881,NA
"Five Oaks, DeWitt",CummRain_in,341,21.582,31.704,56.957,NA
"Five Oaks, DeWitt",CummRain_in,342,22.081,31.755,58.323,NA
"Five Oaks, DeWitt",CummRain_in,343,22.111,32.172,58.324,NA
"Five Oaks, DeWitt",CummRain_in,344,23.027,32.216,58.324,NA
"Five Oaks, DeWitt",CummRain_in,345,23.244,33.041,58.324,NA
"Five Oaks, DeWitt",CummRain_in,346,23.402,33.209,58.828,NA
"Five Oaks, DeWitt",CummRain_in,347,23.402,33.24,58.848,NA
"Five Oaks, DeWitt",CummRain_in,348,23.402,33.244,58.852,NA
"Five Oaks, DeWitt",CummRain_in,349,23.424,33.389,58.852,NA
"Five Oaks, DeWitt",CummRain_in,350,23.433,33.617,58.852,NA
"Five Oaks, DeWitt",CummRain_in,351,23.434,34.403,58.855,NA
"Five Oaks, DeWitt",CummRain_in,352,23.434,34.5,58.856,NA
"Five Oaks, DeWitt",CummRain_in,353,23.434,34.505,58.856,NA
"Five Oaks, DeWitt",CummRain_in,354,23.434,34.631,58.856,NA
"Five Oaks, DeWitt",CummRain_in,355,23.434,34.635,58.856,NA
"Five Oaks, DeWitt",CummRain_in,356,23.434,34.951,58.919,NA
"Five Oaks, DeWitt",CummRain_in,357,23.434,35.345,61.196,NA
"Five Oaks, DeWitt",CummRain_in,358,23.465,35.345,64.567,NA
"Five Oaks, DeWitt",CummRain_in,359,23.539,35.543,64.572,NA
"Five Oaks, DeWitt",CummRain_in,360,23.539,35.543,64.572,NA
"Five Oaks, DeWitt",CummRain_in,361,23.539,35.961,64.572,NA
"Five Oaks, DeWitt",CummRain_in,362,23.591,36.017,64.572,NA
"Five Oaks, DeWitt",CummRain_in,363,23.931,36.017,64.578,NA
"Five Oaks, DeWitt",CummRain_in,364,23.963,36.4,64.728,NA
"Five Oaks, DeWitt",CummRain_in,365,24.372,36.4,64.803,NA
"Five Oaks, DeWitt",CummRain_in,366,28.678,36.128,48.735,NA
"Five Oaks, DeWitt",rel_sw_12in,1,0.501,0.507,0.597,0.502
"Five Oaks, DeWitt",rel_sw_12in,2,0.495,0.507,0.699,0.505
"Five Oaks, DeWitt",rel_sw_12in,3,0.491,0.509,0.709,0.502
"Five Oaks, DeWitt",rel_sw_12in,4,0.485,0.518,0.671,0.496
"Five Oaks, DeWitt",rel_sw_12in,5,0.477,0.53,0.634,0.491
"Five Oaks, DeWitt",rel_sw_12in,6,0.471,0.534,0.67,0.483
"Five Oaks, DeWitt",rel_sw_12in,7,0.468,0.534,0.72,0.476
"Five Oaks, DeWitt",rel_sw_12in,8,0.46,0.538,0.692,0.476
"Five Oaks, DeWitt",rel_sw_12in,9,0.464,0.547,0.654,0.543
"Five Oaks, DeWitt",rel_sw_12in,10,0.469,0.544,0.681,0.586
"Five Oaks, DeWitt",rel_sw_12in,11,0.465,0.539,0.713,0.567
"Five Oaks, DeWitt",rel_sw_12in,12,0.461,0.533,0.734,0.548
"Five Oaks, DeWitt",rel_sw_12in,13,0.458,0.53,0.8,0.531
"Five Oaks, DeWitt",rel_sw_12in,14,0.455,0.521,0.799,0.521
"Five Oaks, DeWitt",rel_sw_12in,15,0.452,0.516,0.748,0.508
"Five Oaks, DeWitt",rel_sw_12in,16,0.45,0.524,0.707,0.499
"Five Oaks, DeWitt",rel_sw_12in,17,0.459,0.548,0.667,0.492
"Five Oaks, DeWitt",rel_sw_12in,18,0.454,0.548,0.725,0.486
"Five Oaks, DeWitt",rel_sw_12in,19,0.451,0.549,0.712,0.481
"Five Oaks, DeWitt",rel_sw_12in,20,0.449,0.54,0.724,0.477
"Five Oaks, DeWitt",rel_sw_12in,21,0.449,0.538,0.676,0.548
"Five Oaks, DeWitt",rel_sw_12in,22,0.446,0.538,0.68,0.535
"Five Oaks, DeWitt",rel_sw_12in,23,0.445,0.547,0.667,0.535
"Five Oaks, DeWitt",rel_sw_12in,24,0.444,0.54,0.727,0.599
"Five Oaks, DeWitt",rel_sw_12in,25,0.443,0.539,0.74,0.62
"Five Oaks, DeWitt",rel_sw_12in,26,0.44,0.532,0.73,0.6
"Five Oaks, DeWitt",rel_sw_12in,27,0.438,0.537,0.784,0.578
"Five Oaks, DeWitt",rel_sw_12in,28,0.44,0.53,0.73,0.558
"Five Oaks, DeWitt",rel_sw_12in,29,0.444,0.527,0.737,0.538
"Five Oaks, DeWitt",rel_sw_12in,30,0.442,0.525,0.751,0.524
"Five Oaks, DeWitt",rel_sw_12in,31,0.44,0.516,0.704,0.516
"Five Oaks, DeWitt",rel_sw_12in,32,0.438,0.526,0.688,0.507
"Five Oaks, DeWitt",rel_sw_12in,33,0.446,0.521,0.777,0.497
"Five Oaks, DeWitt",rel_sw_12in,34,0.463,0.522,0.85,0.517
"Five Oaks, DeWitt",rel_sw_12in,35,0.455,0.538,0.787,0.509
"Five Oaks, DeWitt",rel_sw_12in,36,0.468,0.537,0.74,0.501
"Five Oaks, DeWitt",rel_sw_12in,37,0.466,0.546,0.704,0.49
"Five Oaks, DeWitt",rel_sw_12in,38,0.463,0.544,0.676,0.48
"Five Oaks, DeWitt",rel_sw_12in,39,0.46,0.529,0.675,0.474
"Five Oaks, DeWitt",rel_sw_12in,40,0.458,0.519,0.753,0.47
"Five Oaks, DeWitt",rel_sw_12in,41,0.456,0.535,0.805,0.466
"Five Oaks, DeWitt",rel_sw_12in,42,0.453,0.531,0.777,0.468
"Five Oaks, DeWitt",rel_sw_12in,43,0.451,0.536,0.825,0.463
"Five Oaks, DeWitt",rel_sw_12in,44,0.456,0.544,0.766,0.46
"Five Oaks, DeWitt",rel_sw_12in,45,0.455,0.539,0.721,0.488
"Five Oaks, DeWitt",rel_sw_12in,46,0.452,0.541,0.748,0.584
"Five Oaks, DeWitt",rel_sw_12in,47,0.459,0.537,0.818,0.565
"Five Oaks, DeWitt",rel_sw_12in,48,0.457,0.534,0.759,0.55
"Five Oaks, DeWitt",rel_sw_12in,49,0.462,0.535,0.735,0.532
"Five Oaks, DeWitt",rel_sw_12in,50,0.462,0.53,0.795,0.515
"Five Oaks, DeWitt",rel_sw_12in,51,0.459,0.528,0.787,0.503
"Five Oaks, DeWitt",rel_sw_12in,52,0.457,0.536,0.765,0.508
"Five Oaks, DeWitt",rel_sw_12in,53,0.454,0.539,0.815,0.495
"Five Oaks, DeWitt",rel_sw_12in,54,0.454,0.531,0.845,0.489
"Five Oaks, DeWitt",rel_sw_12in,55,0.462,0.534,0.79,0.484
"Five Oaks, DeWitt",rel_sw_12in,56,0.459,0.559,0.742,0.48
"Five Oaks, DeWitt",rel_sw_12in,57,0.456,0.552,0.728,0.476
"Five Oaks, DeWitt",rel_sw_12in,58,0.454,0.559,0.775,0.473
"Five Oaks, DeWitt",rel_sw_12in,59,0.454,0.537,0.793,0.47
"Five Oaks, DeWitt",rel_sw_12in,60,0.451,0.539,0.869,0.468
"Five Oaks, DeWitt",rel_sw_12in,61,0.449,0.533,0.839,0.465
"Five Oaks, DeWitt",rel_sw_12in,62,0.447,0.517,0.808,0.463
"Five Oaks, DeWitt",rel_sw_12in,63,0.445,0.536,0.818,0.461
"Five Oaks, DeWitt",rel_sw_12in,64,0.443,0.543,0.824,0.459
"Five Oaks, DeWitt",rel_sw_12in,65,0.441,0.529,0.794,0.457
"Five Oaks, DeWitt",rel_sw_12in,66,0.439,0.54,0.763,0.522
"Five Oaks, DeWitt",rel_sw_12in,67,0.437,0.54,0.751,0.576
"Five Oaks, DeWitt",rel_sw_12in,68,0.435,0.549,0.717,0.616
"Five Oaks, DeWitt",rel_sw_12in,69,0.446,0.532,0.77,0.597
"Five Oaks, DeWitt",rel_sw_12in,70,0.462,0.533,0.825,0.689
"Five Oaks, DeWitt",rel_sw_12in,71,0.459,0.529,0.843,0.643
"Five Oaks, DeWitt",rel_sw_12in,72,0.46,0.524,0.852,0.599
"Five Oaks, DeWitt",rel_sw_12in,73,0.467,0.518,0.842,0.567
"Five Oaks, DeWitt",rel_sw_12in,74,0.458,0.53,0.8,0.599
"Five Oaks, DeWitt",rel_sw_12in,75,0.456,0.538,0.759,0.567
"Five Oaks, DeWitt",rel_sw_12in,76,0.453,0.535,0.734,0.539
"Five Oaks, DeWitt",rel_sw_12in,77,0.451,0.53,0.724,0.518
"Five Oaks, DeWitt",rel_sw_12in,78,0.449,0.54,0.749,0.505
"Five Oaks, DeWitt",rel_sw_12in,79,0.465,0.539,0.774,0.494
"Five Oaks, DeWitt",rel_sw_12in,80,0.468,0.526,0.722,0.487
"Five Oaks, DeWitt",rel_sw_12in,81,0.465,0.515,0.676,0.481
"Five Oaks, DeWitt",rel_sw_12in,82,0.462,0.527,0.656,0.477
"Five Oaks, DeWitt",rel_sw_12in,83,0.461,0.526,0.683,0.473
"Five Oaks, DeWitt",rel_sw_12in,84,0.459,0.529,0.667,0.47
"Five Oaks, DeWitt",rel_sw_12in,85,0.458,0.525,0.655,0.467
"Five Oaks, DeWitt",rel_sw_12in,86,0.466,0.523,0.66,0.465
"Five Oaks, DeWitt",rel_sw_12in,87,0.46,0.513,0.662,0.462
"Five Oaks, DeWitt",rel_sw_12in,88,0.457,0.513,0.704,0.46
"Five Oaks, DeWitt",rel_sw_12in,89,0.455,0.528,0.701,0.458
"Five Oaks, DeWitt",rel_sw_12in,90,0.459,0.528,0.752,0.456
"Five Oaks, DeWitt",rel_sw_12in,91,0.457,0.521,0.722,0.454
"Five Oaks, DeWitt",rel_sw_12in,92,0.454,0.521,0.693,0.452
"Five Oaks, DeWitt",rel_sw_12in,93,0.461,0.521,0.677,0.451
"Five Oaks, DeWitt",rel_sw_12in,94,0.463,0.545,0.726,0.532
"Five Oaks, DeWitt",rel_sw_12in,95,0.46,0.532,0.768,0.513
"Five Oaks, DeWitt",rel_sw_12in,96,0.458,0.527,0.822,0.499
"Five Oaks, DeWitt",rel_sw_12in,97,0.468,0.532,0.756,0.49
"Five Oaks, DeWitt",rel_sw_12in,98,0.47,0.52,0.733,0.484
"Five Oaks, DeWitt",rel_sw_12in,99,0.466,0.522,0.677,0.479
"Five Oaks, DeWitt",rel_sw_12in,100,0.467,0.516,0.707,0.474
"Five Oaks, DeWitt",rel_sw_12in,101,0.469,0.527,0.766,0.471
"Five Oaks, DeWitt",rel_sw_12in,102,0.466,0.539,0.743,0.468
"Five Oaks, DeWitt",rel_sw_12in,103,0.463,0.533,0.801,0.465
"Five Oaks, DeWitt",rel_sw_12in,104,0.46,0.561,0.893,0.462
"Five Oaks, DeWitt",rel_sw_12in,105,0.458,0.546,0.834,0.459
"Five Oaks, DeWitt",rel_sw_12in,106,0.455,0.529,0.787,0.457
"Five Oaks, DeWitt",rel_sw_12in,107,0.453,0.512,0.772,0.455
"Five Oaks, DeWitt",rel_sw_12in,108,0.451,0.509,0.767,0.469
"Five Oaks, DeWitt",rel_sw_12in,109,0.457,0.509,0.737,0.455
"Five Oaks, DeWitt",rel_sw_12in,110,0.465,0.509,0.712,0.453
"Five Oaks, DeWitt",rel_sw_12in,111,0.463,0.521,0.702,0.451
"Five Oaks, DeWitt",rel_sw_12in,112,0.46,0.525,0.69,0.449
"Five Oaks, DeWitt",rel_sw_12in,113,0.462,0.523,0.682,0.447
"Five Oaks, DeWitt",rel_sw_12in,114,0.459,0.517,0.644,0.546
"Five Oaks, DeWitt",rel_sw_12in,115,0.457,0.536,0.656,0.608
"Five Oaks, DeWitt",rel_sw_12in,116,0.454,0.533,0.76,0.586
"Five Oaks, DeWitt",rel_sw_12in,117,0.452,0.529,0.802,0.563
"Five Oaks, DeWitt",rel_sw_12in,118,0.45,0.518,0.925,0.608
"Five Oaks, DeWitt",rel_sw_12in,119,0.448,0.514,0.971,0.619
"Five Oaks, DeWitt",rel_sw_12in,120,0.446,0.533,0.938,0.585
"Five Oaks, DeWitt",rel_sw_12in,121,0.444,0.525,0.911,0.553
"Five Oaks, DeWitt",rel_sw_12in,122,0.464,0.521,0.886,0.532
"Five Oaks, DeWitt",rel_sw_12in,123,0.465,0.542,0.975,0.516
"Five Oaks, DeWitt",rel_sw_12in,124,0.462,0.541,0.982,0.504
"Five Oaks, DeWitt",rel_sw_12in,125,0.461,0.534,0.982,0.507
"Five Oaks, DeWitt",rel_sw_12in,126,0.459,0.523,0.947,0.547
"Five Oaks, DeWitt",rel_sw_12in,127,0.457,0.517,0.918,0.52
"Five Oaks, DeWitt",rel_sw_12in,128,0.464,0.509,0.926,0.499
"Five Oaks, DeWitt",rel_sw_12in,129,0.462,0.511,0.926,0.489
"Five Oaks, DeWitt",rel_sw_12in,130,0.46,0.512,0.937,0.499
"Five Oaks, DeWitt",rel_sw_12in,131,0.458,0.502,0.917,0.479
"Five Oaks, DeWitt",rel_sw_12in,132,0.458,0.509,0.926,0.474
"Five Oaks, DeWitt",rel_sw_12in,133,0.456,0.504,0.9,0.469
"Five Oaks, DeWitt",rel_sw_12in,134,0.454,0.511,0.872,0.465
"Five Oaks, DeWitt",rel_sw_12in,135,0.452,0.509,0.841,0.462
"Five Oaks, DeWitt",rel_sw_12in,136,0.45,0.507,0.833,0.459
"Five Oaks, DeWitt",rel_sw_12in,137,0.448,0.506,0.804,0.456
"Five Oaks, DeWitt",rel_sw_12in,138,0.446,0.5,0.776,0.454
"Five Oaks, DeWitt",rel_sw_12in,139,0.444,0.498,0.765,0.522
"Five Oaks, DeWitt",rel_sw_12in,140,0.443,0.501,0.759,0.537
"Five Oaks, DeWitt",rel_sw_12in,141,0.445,0.501,0.732,0.59
"Five Oaks, DeWitt",rel_sw_12in,142,0.447,0.489,0.709,0.648
"Five Oaks, DeWitt",rel_sw_12in,143,0.445,0.486,0.746,0.694
"Five Oaks, DeWitt",rel_sw_12in,144,0.444,0.491,0.804,0.644
"Five Oaks, DeWitt",rel_sw_12in,145,0.442,0.491,0.794,0.63
"Five Oaks, DeWitt",rel_sw_12in,146,0.448,0.486,0.761,0.617
"Five Oaks, DeWitt",rel_sw_12in,147,0.448,0.499,0.733,0.598
"Five Oaks, DeWitt",rel_sw_12in,148,0.469,0.513,0.707,0.627
"Five Oaks, DeWitt",rel_sw_12in,149,0.468,0.525,0.682,0.604
"Five Oaks, DeWitt",rel_sw_12in,150,0.472,0.519,0.685,0.565
"Five Oaks, DeWitt",rel_sw_12in,151,0.467,0.502,0.677,0.536
"Five Oaks, DeWitt",rel_sw_12in,152,0.468,0.516,0.648,0.538
"Five Oaks, DeWitt",rel_sw_12in,153,0.471,0.514,0.622,0.518
"Five Oaks, DeWitt",rel_sw_12in,154,0.468,0.504,0.661,0.498
"Five Oaks, DeWitt",rel_sw_12in,155,0.468,0.503,0.686,0.485
"Five Oaks, DeWitt",rel_sw_12in,156,0.471,0.502,0.651,0.474
"Five Oaks, DeWitt",rel_sw_12in,157,0.465,0.503,0.638,0.49
"Five Oaks, DeWitt",rel_sw_12in,158,0.465,0.501,0.683,0.502
"Five Oaks, DeWitt",rel_sw_12in,159,0.462,0.498,0.796,0.514
"Five Oaks, DeWitt",rel_sw_12in,160,0.462,0.489,0.857,0.491
"Five Oaks, DeWitt",rel_sw_12in,161,0.46,0.486,0.872,0.473
"Five Oaks, DeWitt",rel_sw_12in,162,0.457,0.497,0.797,0.461
"Five Oaks, DeWitt",rel_sw_12in,163,0.46,0.489,0.742,0.513
"Five Oaks, DeWitt",rel_sw_12in,164,0.456,0.493,0.7,0.504
"Five Oaks, DeWitt",rel_sw_12in,165,0.446,0.489,0.717,0.495
"Five Oaks, DeWitt",rel_sw_12in,166,0.453,0.487,0.671,0.482
"Five Oaks, DeWitt",rel_sw_12in,167,0.452,0.485,0.635,0.464
"Five Oaks, DeWitt",rel_sw_12in,168,0.452,0.486,0.686,0.485
"Five Oaks, DeWitt",rel_sw_12in,169,0.452,0.486,0.669,0.466
"Five Oaks, DeWitt",rel_sw_12in,170,0.445,0.483,0.617,0.528
"Five Oaks, DeWitt",rel_sw_12in,171,0.441,0.485,0.577,0.59
"Five Oaks, DeWitt",rel_sw_12in,172,0.454,0.485,0.574,0.59
"Five Oaks, DeWitt",rel_sw_12in,173,0.433,0.478,0.597,0.606
"Five Oaks, DeWitt",rel_sw_12in,174,0.449,0.479,0.642,0.576
"Five Oaks, DeWitt",rel_sw_12in,175,0.429,0.471,0.65,0.549
"Five Oaks, DeWitt",rel_sw_12in,176,0.434,0.474,0.632,0.52
"Five Oaks, DeWitt",rel_sw_12in,177,0.429,0.487,0.64,0.501
"Five Oaks, DeWitt",rel_sw_12in,178,0.426,0.482,0.641,0.477
"Five Oaks, DeWitt",rel_sw_12in,179,0.433,0.476,0.697,0.453
"Five Oaks, DeWitt",rel_sw_12in,180,0.413,0.476,0.692,0.48
"Five Oaks, DeWitt",rel_sw_12in,181,0.432,0.484,0.778,0.455
"Five Oaks, DeWitt",rel_sw_12in,182,0.413,0.469,0.849,0.481
"Five Oaks, DeWitt",rel_sw_12in,183,0.418,0.481,0.803,0.471
"Five Oaks, DeWitt",rel_sw_12in,184,0.412,0.471,0.775,0.456
"Five Oaks, DeWitt",rel_sw_12in,185,0.422,0.469,0.727,0.474
"Five Oaks, DeWitt",rel_sw_12in,186,0.417,0.479,0.698,0.49
"Five Oaks, DeWitt",rel_sw_12in,187,0.397,0.476,0.722,0.481
"Five Oaks, DeWitt",rel_sw_12in,188,0.405,0.47,0.712,0.465
"Five Oaks, DeWitt",rel_sw_12in,189,0.416,0.468,0.68,0.45
"Five Oaks, DeWitt",rel_sw_12in,190,0.417,0.475,0.643,0.438
"Five Oaks, DeWitt",rel_sw_12in,191,0.411,0.478,0.697,0.465
"Five Oaks, DeWitt",rel_sw_12in,192,0.424,0.469,0.655,0.465
"Five Oaks, DeWitt",rel_sw_12in,193,0.408,0.473,0.732,0.48
"Five Oaks, DeWitt",rel_sw_12in,194,0.413,0.478,0.756,0.477
"Five Oaks, DeWitt",rel_sw_12in,195,0.418,0.469,0.696,0.511
"Five Oaks, DeWitt",rel_sw_12in,196,0.393,0.468,0.688,0.567
"Five Oaks, DeWitt",rel_sw_12in,197,0.414,0.461,0.746,0.542
"Five Oaks, DeWitt",rel_sw_12in,198,0.399,0.475,0.71,0.525
"Five Oaks, DeWitt",rel_sw_12in,199,0.415,0.468,0.709,0.499
"Five Oaks, DeWitt",rel_sw_12in,200,0.396,0.461,0.7,0.474
"Five Oaks, DeWitt",rel_sw_12in,201,0.406,0.459,0.666,0.467
"Five Oaks, DeWitt",rel_sw_12in,202,0.403,0.463,0.632,0.452
"Five Oaks, DeWitt",rel_sw_12in,203,0.403,0.452,0.604,0.478
"Five Oaks, DeWitt",rel_sw_12in,204,0.39,0.466,0.595,0.462
"Five Oaks, DeWitt",rel_sw_12in,205,0.398,0.458,0.584,0.484
"Five Oaks, DeWitt",rel_sw_12in,206,0.389,0.456,0.605,0.482
"Five Oaks, DeWitt",rel_sw_12in,207,0.397,0.461,0.647,0.462
"Five Oaks, DeWitt",rel_sw_12in,208,0.394,0.452,0.613,0.438
"Five Oaks, DeWitt",rel_sw_12in,209,0.391,0.467,0.634,0.455
"Five Oaks, DeWitt",rel_sw_12in,210,0.385,0.449,0.706,0.481
"Five Oaks, DeWitt",rel_sw_12in,211,0.391,0.464,0.769,0.481
"Five Oaks, DeWitt",rel_sw_12in,212,0.388,0.463,0.709,0.486
"Five Oaks, DeWitt",rel_sw_12in,213,0.395,0.459,0.733,0.472
"Five Oaks, DeWitt",rel_sw_12in,214,0.395,0.448,0.676,NA
"Five Oaks, DeWitt",rel_sw_12in,215,0.39,0.444,0.643,NA
"Five Oaks, DeWitt",rel_sw_12in,216,0.394,0.451,0.602,NA
"Five Oaks, DeWitt",rel_sw_12in,217,0.394,0.441,0.641,NA
"Five Oaks, DeWitt",rel_sw_12in,218,0.374,0.445,0.703,NA
"Five Oaks, DeWitt",rel_sw_12in,219,0.386,0.445,0.667,NA
"Five Oaks, DeWitt",rel_sw_12in,220,0.391,0.457,0.618,NA
"Five Oaks, DeWitt",rel_sw_12in,221,0.38,0.443,0.577,NA
"Five Oaks, DeWitt",rel_sw_12in,222,0.376,0.46,0.567,NA
"Five Oaks, DeWitt",rel_sw_12in,223,0.379,0.461,0.56,NA
"Five Oaks, DeWitt",rel_sw_12in,224,0.376,0.457,0.619,NA
"Five Oaks, DeWitt",rel_sw_12in,225,0.393,0.466,0.679,NA
"Five Oaks, DeWitt",rel_sw_12in,226,0.368,0.467,0.65,NA
"Five Oaks, DeWitt",rel_sw_12in,227,0.38,0.458,0.62,NA
"Five Oaks, DeWitt",rel_sw_12in,228,0.36,0.451,0.636,NA
"Five Oaks, DeWitt",rel_sw_12in,229,0.381,0.449,0.627,NA
"Five Oaks, DeWitt",rel_sw_12in,230,0.355,0.457,0.625,NA
"Five Oaks, DeWitt",rel_sw_12in,231,0.385,0.451,0.647,NA
"Five Oaks, DeWitt",rel_sw_12in,232,0.361,0.461,0.672,NA
"Five Oaks, DeWitt",rel_sw_12in,233,0.374,0.453,0.67,NA
"Five Oaks, DeWitt",rel_sw_12in,234,0.357,0.448,0.668,NA
"Five Oaks, DeWitt",rel_sw_12in,235,0.364,0.443,0.634,NA
"Five Oaks, DeWitt",rel_sw_12in,236,0.359,0.439,0.597,NA
"Five Oaks, DeWitt",rel_sw_12in,237,0.363,0.433,0.585,NA
"Five Oaks, DeWitt",rel_sw_12in,238,0.353,0.438,0.595,NA
"Five Oaks, DeWitt",rel_sw_12in,239,0.365,0.442,0.559,NA
"Five Oaks, DeWitt",rel_sw_12in,240,0.343,0.437,0.636,NA
"Five Oaks, DeWitt",rel_sw_12in,241,0.349,0.447,0.678,NA
"Five Oaks, DeWitt",rel_sw_12in,242,0.341,0.442,0.645,NA
"Five Oaks, DeWitt",rel_sw_12in,243,0.342,0.45,0.67,NA
"Five Oaks, DeWitt",rel_sw_12in,244,0.339,0.455,0.737,NA
"Five Oaks, DeWitt",rel_sw_12in,245,0.366,0.439,0.73,NA
"Five Oaks, DeWitt",rel_sw_12in,246,0.342,0.456,0.678,NA
"Five Oaks, DeWitt",rel_sw_12in,247,0.366,0.459,0.802,NA
"Five Oaks, DeWitt",rel_sw_12in,248,0.347,0.467,0.779,NA
"Five Oaks, DeWitt",rel_sw_12in,249,0.358,0.463,0.725,NA
"Five Oaks, DeWitt",rel_sw_12in,250,0.35,0.459,0.668,NA
"Five Oaks, DeWitt",rel_sw_12in,251,0.373,0.451,0.652,NA
"Five Oaks, DeWitt",rel_sw_12in,252,0.358,0.458,0.697,NA
"Five Oaks, DeWitt",rel_sw_12in,253,0.38,0.461,0.651,NA
"Five Oaks, DeWitt",rel_sw_12in,254,0.375,0.479,0.615,NA
"Five Oaks, DeWitt",rel_sw_12in,255,0.4,0.473,0.589,NA
"Five Oaks, DeWitt",rel_sw_12in,256,0.39,0.476,0.637,NA
"Five Oaks, DeWitt",rel_sw_12in,257,0.397,0.468,0.708,NA
"Five Oaks, DeWitt",rel_sw_12in,258,0.402,0.464,0.799,NA
"Five Oaks, DeWitt",rel_sw_12in,259,0.396,0.466,0.788,NA
"Five Oaks, DeWitt",rel_sw_12in,260,0.391,0.47,0.802,NA
"Five Oaks, DeWitt",rel_sw_12in,261,0.387,0.474,0.779,NA
"Five Oaks, DeWitt",rel_sw_12in,262,0.384,0.471,0.723,NA
"Five Oaks, DeWitt",rel_sw_12in,263,0.385,0.472,0.679,NA
"Five Oaks, DeWitt",rel_sw_12in,264,0.383,0.474,0.685,NA
"Five Oaks, DeWitt",rel_sw_12in,265,0.38,0.471,0.67,NA
"Five Oaks, DeWitt",rel_sw_12in,266,0.395,0.485,0.661,NA
"Five Oaks, DeWitt",rel_sw_12in,267,0.392,0.486,0.703,NA
"Five Oaks, DeWitt",rel_sw_12in,268,0.389,0.494,0.741,NA
"Five Oaks, DeWitt",rel_sw_12in,269,0.386,0.489,0.697,NA
"Five Oaks, DeWitt",rel_sw_12in,270,0.383,0.484,0.654,NA
"Five Oaks, DeWitt",rel_sw_12in,271,0.384,0.484,0.698,NA
"Five Oaks, DeWitt",rel_sw_12in,272,0.382,0.486,0.655,NA
"Five Oaks, DeWitt",rel_sw_12in,273,0.38,0.489,0.615,NA
"Five Oaks, DeWitt",rel_sw_12in,274,0.378,0.484,0.61,NA
"Five Oaks, DeWitt",rel_sw_12in,275,0.376,0.482,0.662,NA
"Five Oaks, DeWitt",rel_sw_12in,276,0.374,0.481,0.627,NA
"Five Oaks, DeWitt",rel_sw_12in,277,0.372,0.478,0.675,NA
"Five Oaks, DeWitt",rel_sw_12in,278,0.371,0.477,0.657,NA
"Five Oaks, DeWitt",rel_sw_12in,279,0.369,0.481,0.667,NA
"Five Oaks, DeWitt",rel_sw_12in,280,0.367,0.479,0.668,NA
"Five Oaks, DeWitt",rel_sw_12in,281,0.366,0.482,0.75,NA
"Five Oaks, DeWitt",rel_sw_12in,282,0.365,0.488,0.793,NA
"Five Oaks, DeWitt",rel_sw_12in,283,0.364,0.483,0.738,NA
"Five Oaks, DeWitt",rel_sw_12in,284,0.362,0.48,0.777,NA
"Five Oaks, DeWitt",rel_sw_12in,285,0.361,0.479,0.796,NA
"Five Oaks, DeWitt",rel_sw_12in,286,0.359,0.479,0.933,NA
"Five Oaks, DeWitt",rel_sw_12in,287,0.358,0.477,0.914,NA
"Five Oaks, DeWitt",rel_sw_12in,288,0.357,0.488,0.906,NA
"Five Oaks, DeWitt",rel_sw_12in,289,0.355,0.489,0.881,NA
"Five Oaks, DeWitt",rel_sw_12in,290,0.354,0.49,0.856,NA
"Five Oaks, DeWitt",rel_sw_12in,291,0.353,0.52,0.83,NA
"Five Oaks, DeWitt",rel_sw_12in,292,0.351,0.513,0.801,NA
"Five Oaks, DeWitt",rel_sw_12in,293,0.35,0.509,0.774,NA
"Five Oaks, DeWitt",rel_sw_12in,294,0.349,0.501,0.756,NA
"Five Oaks, DeWitt",rel_sw_12in,295,0.348,0.494,0.865,NA
"Five Oaks, DeWitt",rel_sw_12in,296,0.369,0.489,0.849,NA
"Five Oaks, DeWitt",rel_sw_12in,297,0.367,0.493,0.82,NA
"Five Oaks, DeWitt",rel_sw_12in,298,0.366,0.515,0.794,NA
"Five Oaks, DeWitt",rel_sw_12in,299,0.41,0.516,0.778,NA
"Five Oaks, DeWitt",rel_sw_12in,300,0.43,0.521,0.847,NA
"Five Oaks, DeWitt",rel_sw_12in,301,0.428,0.517,0.852,NA
"Five Oaks, DeWitt",rel_sw_12in,302,0.445,0.519,0.949,NA
"Five Oaks, DeWitt",rel_sw_12in,303,0.443,0.513,0.999,NA
"Five Oaks, DeWitt",rel_sw_12in,304,0.442,0.521,0.97,NA
"Five Oaks, DeWitt",rel_sw_12in,305,0.44,0.516,0.944,NA
"Five Oaks, DeWitt",rel_sw_12in,306,0.437,0.52,0.915,NA
"Five Oaks, DeWitt",rel_sw_12in,307,0.436,0.521,0.887,NA
"Five Oaks, DeWitt",rel_sw_12in,308,0.434,0.518,0.861,NA
"Five Oaks, DeWitt",rel_sw_12in,309,0.432,0.519,0.838,NA
"Five Oaks, DeWitt",rel_sw_12in,310,0.43,0.528,0.815,NA
"Five Oaks, DeWitt",rel_sw_12in,311,0.428,0.523,0.792,NA
"Five Oaks, DeWitt",rel_sw_12in,312,0.43,0.528,0.816,NA
"Five Oaks, DeWitt",rel_sw_12in,313,0.429,0.525,0.783,NA
"Five Oaks, DeWitt",rel_sw_12in,314,0.427,0.514,0.775,NA
"Five Oaks, DeWitt",rel_sw_12in,315,0.425,0.509,0.794,NA
"Five Oaks, DeWitt",rel_sw_12in,316,0.423,0.518,0.75,NA
"Five Oaks, DeWitt",rel_sw_12in,317,0.422,0.519,0.727,NA
"Five Oaks, DeWitt",rel_sw_12in,318,0.42,0.517,0.717,NA
"Five Oaks, DeWitt",rel_sw_12in,319,0.419,0.523,0.694,NA
"Five Oaks, DeWitt",rel_sw_12in,320,0.417,0.526,0.74,NA
"Five Oaks, DeWitt",rel_sw_12in,321,0.416,0.515,0.702,NA
"Five Oaks, DeWitt",rel_sw_12in,322,0.414,0.509,0.728,NA
"Five Oaks, DeWitt",rel_sw_12in,323,0.45,0.508,0.686,NA
"Five Oaks, DeWitt",rel_sw_12in,324,0.452,0.52,0.731,NA
"Five Oaks, DeWitt",rel_sw_12in,325,0.445,0.523,0.692,NA
"Five Oaks, DeWitt",rel_sw_12in,326,0.445,0.515,0.718,NA
"Five Oaks, DeWitt",rel_sw_12in,327,0.448,0.516,0.772,NA
"Five Oaks, DeWitt",rel_sw_12in,328,0.456,0.518,0.837,NA
"Five Oaks, DeWitt",rel_sw_12in,329,0.454,0.53,0.883,NA
"Five Oaks, DeWitt",rel_sw_12in,330,0.452,0.538,0.862,NA
"Five Oaks, DeWitt",rel_sw_12in,331,0.45,0.537,0.841,NA
"Five Oaks, DeWitt",rel_sw_12in,332,0.448,0.533,0.819,NA
"Five Oaks, DeWitt",rel_sw_12in,333,0.446,0.54,0.897,NA
"Five Oaks, DeWitt",rel_sw_12in,334,0.445,0.549,0.835,NA
"Five Oaks, DeWitt",rel_sw_12in,335,0.443,0.537,0.769,NA
"Five Oaks, DeWitt",rel_sw_12in,336,0.441,0.532,0.812,NA
"Five Oaks, DeWitt",rel_sw_12in,337,0.44,0.537,0.76,NA
"Five Oaks, DeWitt",rel_sw_12in,338,0.441,0.524,0.771,NA
"Five Oaks, DeWitt",rel_sw_12in,339,0.457,0.537,0.77,NA
"Five Oaks, DeWitt",rel_sw_12in,340,0.456,0.536,0.737,NA
"Five Oaks, DeWitt",rel_sw_12in,341,0.47,0.545,0.724,NA
"Five Oaks, DeWitt",rel_sw_12in,342,0.471,0.54,0.835,NA
"Five Oaks, DeWitt",rel_sw_12in,343,0.474,0.533,0.908,NA
"Five Oaks, DeWitt",rel_sw_12in,344,0.473,0.55,0.886,NA
"Five Oaks, DeWitt",rel_sw_12in,345,0.471,0.544,0.863,NA
"Five Oaks, DeWitt",rel_sw_12in,346,0.469,0.543,0.841,NA
"Five Oaks, DeWitt",rel_sw_12in,347,0.475,0.546,0.931,NA
"Five Oaks, DeWitt",rel_sw_12in,348,0.471,0.549,0.911,NA
"Five Oaks, DeWitt",rel_sw_12in,349,0.468,0.551,0.912,NA
"Five Oaks, DeWitt",rel_sw_12in,350,0.466,0.555,0.999,NA
"Five Oaks, DeWitt",rel_sw_12in,351,0.478,0.54,0.995,NA
"Five Oaks, DeWitt",rel_sw_12in,352,0.477,0.551,0.969,NA
"Five Oaks, DeWitt",rel_sw_12in,353,0.473,0.54,0.944,NA
"Five Oaks, DeWitt",rel_sw_12in,354,0.474,0.532,0.918,NA
"Five Oaks, DeWitt",rel_sw_12in,355,0.471,0.545,0.892,NA
"Five Oaks, DeWitt",rel_sw_12in,356,0.468,0.538,0.937,NA
"Five Oaks, DeWitt",rel_sw_12in,357,0.469,0.533,0.923,NA
"Five Oaks, DeWitt",rel_sw_12in,358,0.47,0.548,0.898,NA
"Five Oaks, DeWitt",rel_sw_12in,359,0.466,0.547,0.876,NA
"Five Oaks, DeWitt",rel_sw_12in,360,0.463,0.556,0.873,NA
"Five Oaks, DeWitt",rel_sw_12in,361,0.461,0.563,0.923,NA
"Five Oaks, DeWitt",rel_sw_12in,362,0.465,0.563,0.875,NA
"Five Oaks, DeWitt",rel_sw_12in,363,0.459,0.566,0.833,NA
"Five Oaks, DeWitt",rel_sw_12in,364,0.456,0.561,0.831,NA
"Five Oaks, DeWitt",rel_sw_12in,365,0.454,0.556,0.836,NA
"Five Oaks, DeWitt",rel_sw_12in,366,0.496,0.566,0.76,NA
"Five Oaks, DeWitt",rel_sw_24in,1,0.567,0.57,0.619,0.568
"Five Oaks, DeWitt",rel_sw_24in,2,0.564,0.57,0.683,0.569
"Five Oaks, DeWitt",rel_sw_24in,3,0.562,0.572,0.692,0.568
"Five Oaks, DeWitt",rel_sw_24in,4,0.559,0.58,0.691,0.565
"Five Oaks, DeWitt",rel_sw_24in,5,0.555,0.595,0.688,0.562
"Five Oaks, DeWitt",rel_sw_24in,6,0.552,0.6,0.682,0.558
"Five Oaks, DeWitt",rel_sw_24in,7,0.551,0.605,0.711,0.555
"Five Oaks, DeWitt",rel_sw_24in,8,0.547,0.604,0.717,0.555
"Five Oaks, DeWitt",rel_sw_24in,9,0.549,0.618,0.715,0.59
"Five Oaks, DeWitt",rel_sw_24in,10,0.551,0.617,0.721,0.617
"Five Oaks, DeWitt",rel_sw_24in,11,0.549,0.624,0.759,0.614
"Five Oaks, DeWitt",rel_sw_24in,12,0.547,0.619,0.771,0.612
"Five Oaks, DeWitt",rel_sw_24in,13,0.546,0.611,0.789,0.607
"Five Oaks, DeWitt",rel_sw_24in,14,0.544,0.607,0.802,0.603
"Five Oaks, DeWitt",rel_sw_24in,15,0.543,0.604,0.797,0.597
"Five Oaks, DeWitt",rel_sw_24in,16,0.542,0.607,0.786,0.59
"Five Oaks, DeWitt",rel_sw_24in,17,0.546,0.618,0.773,0.584
"Five Oaks, DeWitt",rel_sw_24in,18,0.544,0.626,0.759,0.578
"Five Oaks, DeWitt",rel_sw_24in,19,0.542,0.632,0.745,0.573
"Five Oaks, DeWitt",rel_sw_24in,20,0.541,0.63,0.742,0.568
"Five Oaks, DeWitt",rel_sw_24in,21,0.541,0.624,0.737,0.603
"Five Oaks, DeWitt",rel_sw_24in,22,0.54,0.622,0.727,0.598
"Five Oaks, DeWitt",rel_sw_24in,23,0.539,0.624,0.727,0.599
"Five Oaks, DeWitt",rel_sw_24in,24,0.539,0.65,0.731,0.636
"Five Oaks, DeWitt",rel_sw_24in,25,0.538,0.64,0.753,0.655
"Five Oaks, DeWitt",rel_sw_24in,26,0.537,0.636,0.767,0.653
"Five Oaks, DeWitt",rel_sw_24in,27,0.536,0.634,0.815,0.649
"Five Oaks, DeWitt",rel_sw_24in,28,0.537,0.626,0.804,0.643
"Five Oaks, DeWitt",rel_sw_24in,29,0.539,0.618,0.791,0.634
"Five Oaks, DeWitt",rel_sw_24in,30,0.538,0.616,0.777,0.626
"Five Oaks, DeWitt",rel_sw_24in,31,0.537,0.611,0.763,0.618
"Five Oaks, DeWitt",rel_sw_24in,32,0.536,0.617,0.755,0.609
"Five Oaks, DeWitt",rel_sw_24in,33,0.54,0.617,0.797,0.598
"Five Oaks, DeWitt",rel_sw_24in,34,0.548,0.624,0.852,0.603
"Five Oaks, DeWitt",rel_sw_24in,35,0.544,0.623,0.841,0.595
"Five Oaks, DeWitt",rel_sw_24in,36,0.555,0.621,0.828,0.587
"Five Oaks, DeWitt",rel_sw_24in,37,0.558,0.625,0.817,0.578
"Five Oaks, DeWitt",rel_sw_24in,38,0.555,0.62,0.802,0.569
"Five Oaks, DeWitt",rel_sw_24in,39,0.552,0.612,0.8,0.564
"Five Oaks, DeWitt",rel_sw_24in,40,0.55,0.613,0.839,0.56
"Five Oaks, DeWitt",rel_sw_24in,41,0.547,0.611,0.864,0.556
"Five Oaks, DeWitt",rel_sw_24in,42,0.545,0.616,0.85,0.555
"Five Oaks, DeWitt",rel_sw_24in,43,0.544,0.615,0.835,0.552
"Five Oaks, DeWitt",rel_sw_24in,44,0.546,0.619,0.826,0.549
"Five Oaks, DeWitt",rel_sw_24in,45,0.544,0.616,0.819,0.563
"Five Oaks, DeWitt",rel_sw_24in,46,0.543,0.623,0.832,0.614
"Five Oaks, DeWitt",rel_sw_24in,47,0.547,0.623,0.818,0.61
"Five Oaks, DeWitt",rel_sw_24in,48,0.549,0.615,0.805,0.608
"Five Oaks, DeWitt",rel_sw_24in,49,0.551,0.621,0.81,0.604
"Five Oaks, DeWitt",rel_sw_24in,50,0.557,0.623,0.803,0.597
"Five Oaks, DeWitt",rel_sw_24in,51,0.553,0.621,0.856,0.592
"Five Oaks, DeWitt",rel_sw_24in,52,0.55,0.619,0.845,0.593
"Five Oaks, DeWitt",rel_sw_24in,53,0.548,0.617,0.833,0.584
"Five Oaks, DeWitt",rel_sw_24in,54,0.547,0.632,0.856,0.578
"Five Oaks, DeWitt",rel_sw_24in,55,0.55,0.624,0.843,0.573
"Five Oaks, DeWitt",rel_sw_24in,56,0.548,0.626,0.831,0.569
"Five Oaks, DeWitt",rel_sw_24in,57,0.546,0.623,0.822,0.564
"Five Oaks, DeWitt",rel_sw_24in,58,0.547,0.628,0.849,0.561
"Five Oaks, DeWitt",rel_sw_24in,59,0.546,0.622,0.861,0.558
"Five Oaks, DeWitt",rel_sw_24in,60,0.544,0.624,0.897,0.555
"Five Oaks, DeWitt",rel_sw_24in,61,0.543,0.616,0.882,0.553
"Five Oaks, DeWitt",rel_sw_24in,62,0.541,0.614,0.866,0.551
"Five Oaks, DeWitt",rel_sw_24in,63,0.54,0.621,0.871,0.549
"Five Oaks, DeWitt",rel_sw_24in,64,0.539,0.623,0.874,0.547
"Five Oaks, DeWitt",rel_sw_24in,65,0.537,0.625,0.858,0.546
"Five Oaks, DeWitt",rel_sw_24in,66,0.536,0.629,0.843,0.579
"Five Oaks, DeWitt",rel_sw_24in,67,0.535,0.635,0.83,0.61
"Five Oaks, DeWitt",rel_sw_24in,68,0.534,0.639,0.818,0.639
"Five Oaks, DeWitt",rel_sw_24in,69,0.54,0.634,0.846,0.64
"Five Oaks, DeWitt",rel_sw_24in,70,0.551,0.633,0.856,0.7
"Five Oaks, DeWitt",rel_sw_24in,71,0.549,0.636,0.841,0.692
"Five Oaks, DeWitt",rel_sw_24in,72,0.549,0.64,0.848,0.682
"Five Oaks, DeWitt",rel_sw_24in,73,0.555,0.638,0.862,0.672
"Five Oaks, DeWitt",rel_sw_24in,74,0.549,0.626,0.855,0.691
"Five Oaks, DeWitt",rel_sw_24in,75,0.547,0.63,0.84,0.676
"Five Oaks, DeWitt",rel_sw_24in,76,0.545,0.64,0.828,0.659
"Five Oaks, DeWitt",rel_sw_24in,77,0.544,0.642,0.823,0.644
"Five Oaks, DeWitt",rel_sw_24in,78,0.542,0.634,0.817,0.63
"Five Oaks, DeWitt",rel_sw_24in,79,0.551,0.633,0.825,0.616
"Five Oaks, DeWitt",rel_sw_24in,80,0.557,0.631,0.81,0.604
"Five Oaks, DeWitt",rel_sw_24in,81,0.555,0.621,0.796,0.594
"Five Oaks, DeWitt",rel_sw_24in,82,0.553,0.627,0.782,0.585
"Five Oaks, DeWitt",rel_sw_24in,83,0.551,0.626,0.77,0.577
"Five Oaks, DeWitt",rel_sw_24in,84,0.549,0.634,0.772,0.57
"Five Oaks, DeWitt",rel_sw_24in,85,0.547,0.628,0.776,0.564
"Five Oaks, DeWitt",rel_sw_24in,86,0.551,0.626,0.76,0.56
"Five Oaks, DeWitt",rel_sw_24in,87,0.548,0.617,0.75,0.556
"Five Oaks, DeWitt",rel_sw_24in,88,0.546,0.619,0.778,0.553
"Five Oaks, DeWitt",rel_sw_24in,89,0.545,0.613,0.811,0.55
"Five Oaks, DeWitt",rel_sw_24in,90,0.551,0.608,0.837,0.548
"Five Oaks, DeWitt",rel_sw_24in,91,0.548,0.608,0.822,0.546
"Five Oaks, DeWitt",rel_sw_24in,92,0.546,0.606,0.808,0.545
"Five Oaks, DeWitt",rel_sw_24in,93,0.549,0.627,0.795,0.543
"Five Oaks, DeWitt",rel_sw_24in,94,0.553,0.622,0.783,0.585
"Five Oaks, DeWitt",rel_sw_24in,95,0.551,0.626,0.77,0.577
"Five Oaks, DeWitt",rel_sw_24in,96,0.55,0.631,0.814,0.571
"Five Oaks, DeWitt",rel_sw_24in,97,0.552,0.626,0.802,0.568
"Five Oaks, DeWitt",rel_sw_24in,98,0.556,0.621,0.788,0.565
"Five Oaks, DeWitt",rel_sw_24in,99,0.554,0.613,0.775,0.562
"Five Oaks, DeWitt",rel_sw_24in,100,0.552,0.618,0.772,0.559
"Five Oaks, DeWitt",rel_sw_24in,101,0.552,0.623,0.771,0.557
"Five Oaks, DeWitt",rel_sw_24in,102,0.55,0.644,0.776,0.554
"Five Oaks, DeWitt",rel_sw_24in,103,0.549,0.644,0.819,0.552
"Five Oaks, DeWitt",rel_sw_24in,104,0.547,0.651,0.885,0.55
"Five Oaks, DeWitt",rel_sw_24in,105,0.546,0.643,0.87,0.548
"Five Oaks, DeWitt",rel_sw_24in,106,0.545,0.633,0.857,0.547
"Five Oaks, DeWitt",rel_sw_24in,107,0.544,0.62,0.849,0.545
"Five Oaks, DeWitt",rel_sw_24in,108,0.542,0.614,0.846,0.552
"Five Oaks, DeWitt",rel_sw_24in,109,0.546,0.619,0.831,0.545
"Five Oaks, DeWitt",rel_sw_24in,110,0.554,0.619,0.818,0.544
"Five Oaks, DeWitt",rel_sw_24in,111,0.552,0.622,0.813,0.543
"Five Oaks, DeWitt",rel_sw_24in,112,0.55,0.616,0.807,0.541
"Five Oaks, DeWitt",rel_sw_24in,113,0.551,0.608,0.788,0.54
"Five Oaks, DeWitt",rel_sw_24in,114,0.549,0.61,0.775,0.592
"Five Oaks, DeWitt",rel_sw_24in,115,0.547,0.615,0.762,0.629
"Five Oaks, DeWitt",rel_sw_24in,116,0.546,0.616,0.802,0.628
"Five Oaks, DeWitt",rel_sw_24in,117,0.544,0.615,0.862,0.626
"Five Oaks, DeWitt",rel_sw_24in,118,0.543,0.609,0.924,0.657
"Five Oaks, DeWitt",rel_sw_24in,119,0.541,0.608,0.947,0.673
"Five Oaks, DeWitt",rel_sw_24in,120,0.54,0.613,0.93,0.663
"Five Oaks, DeWitt",rel_sw_24in,121,0.539,0.613,0.917,0.652
"Five Oaks, DeWitt",rel_sw_24in,122,0.551,0.615,0.904,0.641
"Five Oaks, DeWitt",rel_sw_24in,123,0.555,0.627,0.949,0.631
"Five Oaks, DeWitt",rel_sw_24in,124,0.552,0.62,0.952,0.619
"Five Oaks, DeWitt",rel_sw_24in,125,0.55,0.624,0.952,0.615
"Five Oaks, DeWitt",rel_sw_24in,126,0.549,0.617,0.935,0.63
"Five Oaks, DeWitt",rel_sw_24in,127,0.547,0.612,0.92,0.613
"Five Oaks, DeWitt",rel_sw_24in,128,0.55,0.607,0.924,0.599
"Five Oaks, DeWitt",rel_sw_24in,129,0.549,0.61,0.924,0.59
"Five Oaks, DeWitt",rel_sw_24in,130,0.548,0.602,0.93,0.591
"Five Oaks, DeWitt",rel_sw_24in,131,0.546,0.598,0.92,0.577
"Five Oaks, DeWitt",rel_sw_24in,132,0.548,0.591,0.924,0.571
"Five Oaks, DeWitt",rel_sw_24in,133,0.546,0.606,0.912,0.565
"Five Oaks, DeWitt",rel_sw_24in,134,0.545,0.619,0.897,0.561
"Five Oaks, DeWitt",rel_sw_24in,135,0.543,0.614,0.882,0.557
"Five Oaks, DeWitt",rel_sw_24in,136,0.542,0.608,0.878,0.553
"Five Oaks, DeWitt",rel_sw_24in,137,0.541,0.605,0.863,0.55
"Five Oaks, DeWitt",rel_sw_24in,138,0.54,0.602,0.85,0.548
"Five Oaks, DeWitt",rel_sw_24in,139,0.539,0.596,0.844,0.582
"Five Oaks, DeWitt",rel_sw_24in,140,0.538,0.591,0.841,0.592
"Five Oaks, DeWitt",rel_sw_24in,141,0.54,0.592,0.827,0.624
"Five Oaks, DeWitt",rel_sw_24in,142,0.54,0.585,0.816,0.664
"Five Oaks, DeWitt",rel_sw_24in,143,0.54,0.58,0.834,0.704
"Five Oaks, DeWitt",rel_sw_24in,144,0.539,0.585,0.863,0.696
"Five Oaks, DeWitt",rel_sw_24in,145,0.538,0.583,0.858,0.703
"Five Oaks, DeWitt",rel_sw_24in,146,0.541,0.584,0.842,0.707
"Five Oaks, DeWitt",rel_sw_24in,147,0.541,0.581,0.828,0.705
"Five Oaks, DeWitt",rel_sw_24in,148,0.557,0.6,0.815,0.724
"Five Oaks, DeWitt",rel_sw_24in,149,0.555,0.598,0.802,0.715
"Five Oaks, DeWitt",rel_sw_24in,150,0.553,0.599,0.79,0.694
"Five Oaks, DeWitt",rel_sw_24in,151,0.553,0.594,0.777,0.676
"Five Oaks, DeWitt",rel_sw_24in,152,0.551,0.596,0.765,0.671
"Five Oaks, DeWitt",rel_sw_24in,153,0.554,0.607,0.752,0.653
"Five Oaks, DeWitt",rel_sw_24in,154,0.551,0.604,0.767,0.634
"Five Oaks, DeWitt",rel_sw_24in,155,0.554,0.602,0.779,0.618
"Five Oaks, DeWitt",rel_sw_24in,156,0.555,0.596,0.758,0.603
"Five Oaks, DeWitt",rel_sw_24in,157,0.551,0.6,0.74,0.602
"Five Oaks, DeWitt",rel_sw_24in,158,0.551,0.599,0.725,0.6
"Five Oaks, DeWitt",rel_sw_24in,159,0.549,0.594,0.767,0.6
"Five Oaks, DeWitt",rel_sw_24in,160,0.55,0.59,0.821,0.584
"Five Oaks, DeWitt",rel_sw_24in,161,0.547,0.587,0.855,0.57
"Five Oaks, DeWitt",rel_sw_24in,162,0.548,0.583,0.842,0.561
"Five Oaks, DeWitt",rel_sw_24in,163,0.548,0.582,0.827,0.584
"Five Oaks, DeWitt",rel_sw_24in,164,0.543,0.587,0.813,0.579
"Five Oaks, DeWitt",rel_sw_24in,165,0.536,0.587,0.798,0.573
"Five Oaks, DeWitt",rel_sw_24in,166,0.538,0.58,0.782,0.564
"Five Oaks, DeWitt",rel_sw_24in,167,0.542,0.571,0.766,0.553
"Five Oaks, DeWitt",rel_sw_24in,168,0.534,0.579,0.75,0.56
"Five Oaks, DeWitt",rel_sw_24in,169,0.535,0.577,0.75,0.547
"Five Oaks, DeWitt",rel_sw_24in,170,0.525,0.567,0.729,0.576
"Five Oaks, DeWitt",rel_sw_24in,171,0.521,0.563,0.706,0.61
"Five Oaks, DeWitt",rel_sw_24in,172,0.526,0.562,0.694,0.617
"Five Oaks, DeWitt",rel_sw_24in,173,0.508,0.551,0.669,0.634
"Five Oaks, DeWitt",rel_sw_24in,174,0.517,0.556,0.645,0.627
"Five Oaks, DeWitt",rel_sw_24in,175,0.497,0.549,0.65,0.617
"Five Oaks, DeWitt",rel_sw_24in,176,0.502,0.55,0.667,0.602
"Five Oaks, DeWitt",rel_sw_24in,177,0.486,0.541,0.68,0.589
"Five Oaks, DeWitt",rel_sw_24in,178,0.49,0.54,0.689,0.569
"Five Oaks, DeWitt",rel_sw_24in,179,0.478,0.535,0.729,0.547
"Five Oaks, DeWitt",rel_sw_24in,180,0.47,0.527,0.737,0.551
"Five Oaks, DeWitt",rel_sw_24in,181,0.465,0.522,0.752,0.529
"Five Oaks, DeWitt",rel_sw_24in,182,0.455,0.52,0.806,0.534
"Five Oaks, DeWitt",rel_sw_24in,183,0.455,0.515,0.807,0.521
"Five Oaks, DeWitt",rel_sw_24in,184,0.441,0.507,0.816,0.504
"Five Oaks, DeWitt",rel_sw_24in,185,0.441,0.495,0.804,0.509
"Five Oaks, DeWitt",rel_sw_24in,186,0.424,0.498,0.8,0.51
"Five Oaks, DeWitt",rel_sw_24in,187,0.406,0.483,0.816,0.497
"Five Oaks, DeWitt",rel_sw_24in,188,0.405,0.478,0.811,0.481
"Five Oaks, DeWitt",rel_sw_24in,189,0.404,0.477,0.793,0.465
"Five Oaks, DeWitt",rel_sw_24in,190,0.406,0.458,0.773,0.451
"Five Oaks, DeWitt",rel_sw_24in,191,0.391,0.458,0.752,0.457
"Five Oaks, DeWitt",rel_sw_24in,192,0.396,0.459,0.737,0.449
"Five Oaks, DeWitt",rel_sw_24in,193,0.377,0.455,0.764,0.452
"Five Oaks, DeWitt",rel_sw_24in,194,0.38,0.453,0.758,0.443
"Five Oaks, DeWitt",rel_sw_24in,195,0.372,0.443,0.743,0.456
"Five Oaks, DeWitt",rel_sw_24in,196,0.354,0.436,0.786,0.48
"Five Oaks, DeWitt",rel_sw_24in,197,0.363,0.429,0.791,0.464
"Five Oaks, DeWitt",rel_sw_24in,198,0.344,0.427,0.801,0.453
"Five Oaks, DeWitt",rel_sw_24in,199,0.353,0.415,0.805,0.437
"Five Oaks, DeWitt",rel_sw_24in,200,0.337,0.415,0.802,0.418
"Five Oaks, DeWitt",rel_sw_24in,201,0.339,0.417,0.787,0.408
"Five Oaks, DeWitt",rel_sw_24in,202,0.329,0.408,0.768,0.394
"Five Oaks, DeWitt",rel_sw_24in,203,0.323,0.399,0.753,0.403
"Five Oaks, DeWitt",rel_sw_24in,204,0.32,0.391,0.746,0.391
"Five Oaks, DeWitt",rel_sw_24in,205,0.315,0.391,0.739,0.398
"Five Oaks, DeWitt",rel_sw_24in,206,0.304,0.39,0.746,0.392
"Five Oaks, DeWitt",rel_sw_24in,207,0.301,0.377,0.735,0.377
"Five Oaks, DeWitt",rel_sw_24in,208,0.303,0.37,0.728,0.359
"Five Oaks, DeWitt",rel_sw_24in,209,0.303,0.378,0.711,0.363
"Five Oaks, DeWitt",rel_sw_24in,210,0.296,0.364,0.691,0.373
"Five Oaks, DeWitt",rel_sw_24in,211,0.287,0.365,0.672,0.368
"Five Oaks, DeWitt",rel_sw_24in,212,0.29,0.361,0.658,0.367
"Five Oaks, DeWitt",rel_sw_24in,213,0.301,0.357,0.642,0.355
"Five Oaks, DeWitt",rel_sw_24in,214,0.287,0.351,0.62,NA
"Five Oaks, DeWitt",rel_sw_24in,215,0.274,0.337,0.606,NA
"Five Oaks, DeWitt",rel_sw_24in,216,0.283,0.344,0.603,NA
"Five Oaks, DeWitt",rel_sw_24in,217,0.273,0.344,0.643,NA
"Five Oaks, DeWitt",rel_sw_24in,218,0.255,0.34,0.638,NA
"Five Oaks, DeWitt",rel_sw_24in,219,0.277,0.344,0.625,NA
"Five Oaks, DeWitt",rel_sw_24in,220,0.262,0.338,0.61,NA
"Five Oaks, DeWitt",rel_sw_24in,221,0.266,0.34,0.598,NA
"Five Oaks, DeWitt",rel_sw_24in,222,0.256,0.331,0.584,NA
"Five Oaks, DeWitt",rel_sw_24in,223,0.258,0.332,0.571,NA
"Five Oaks, DeWitt",rel_sw_24in,224,0.257,0.333,0.553,NA
"Five Oaks, DeWitt",rel_sw_24in,225,0.26,0.327,0.554,NA
"Five Oaks, DeWitt",rel_sw_24in,226,0.242,0.327,0.536,NA
"Five Oaks, DeWitt",rel_sw_24in,227,0.25,0.322,0.52,NA
"Five Oaks, DeWitt",rel_sw_24in,228,0.229,0.317,0.525,NA
"Five Oaks, DeWitt",rel_sw_24in,229,0.24,0.321,0.511,NA
"Five Oaks, DeWitt",rel_sw_24in,230,0.221,0.336,0.522,NA
"Five Oaks, DeWitt",rel_sw_24in,231,0.236,0.324,0.512,NA
"Five Oaks, DeWitt",rel_sw_24in,232,0.22,0.319,0.543,NA
"Five Oaks, DeWitt",rel_sw_24in,233,0.227,0.313,0.534,NA
"Five Oaks, DeWitt",rel_sw_24in,234,0.215,0.315,0.522,NA
"Five Oaks, DeWitt",rel_sw_24in,235,0.221,0.3,0.508,NA
"Five Oaks, DeWitt",rel_sw_24in,236,0.21,0.305,0.497,NA
"Five Oaks, DeWitt",rel_sw_24in,237,0.22,0.291,0.504,NA
"Five Oaks, DeWitt",rel_sw_24in,238,0.204,0.294,0.52,NA
"Five Oaks, DeWitt",rel_sw_24in,239,0.214,0.285,0.509,NA
"Five Oaks, DeWitt",rel_sw_24in,240,0.195,0.285,0.497,NA
"Five Oaks, DeWitt",rel_sw_24in,241,0.205,0.289,0.484,NA
"Five Oaks, DeWitt",rel_sw_24in,242,0.191,0.281,0.476,NA
"Five Oaks, DeWitt",rel_sw_24in,243,0.198,0.284,0.469,NA
"Five Oaks, DeWitt",rel_sw_24in,244,0.188,0.28,0.463,NA
"Five Oaks, DeWitt",rel_sw_24in,245,0.205,0.281,0.485,NA
"Five Oaks, DeWitt",rel_sw_24in,246,0.187,0.281,0.559,NA
"Five Oaks, DeWitt",rel_sw_24in,247,0.198,0.29,0.646,NA
"Five Oaks, DeWitt",rel_sw_24in,248,0.193,0.289,0.663,NA
"Five Oaks, DeWitt",rel_sw_24in,249,0.199,0.286,0.667,NA
"Five Oaks, DeWitt",rel_sw_24in,250,0.192,0.288,0.666,NA
"Five Oaks, DeWitt",rel_sw_24in,251,0.206,0.283,0.663,NA
"Five Oaks, DeWitt",rel_sw_24in,252,0.195,0.273,0.674,NA
"Five Oaks, DeWitt",rel_sw_24in,253,0.208,0.282,0.688,NA
"Five Oaks, DeWitt",rel_sw_24in,254,0.21,0.282,0.681,NA
"Five Oaks, DeWitt",rel_sw_24in,255,0.218,0.304,0.666,NA
"Five Oaks, DeWitt",rel_sw_24in,256,0.212,0.303,0.652,NA
"Five Oaks, DeWitt",rel_sw_24in,257,0.214,0.314,0.672,NA
"Five Oaks, DeWitt",rel_sw_24in,258,0.219,0.31,0.673,NA
"Five Oaks, DeWitt",rel_sw_24in,259,0.213,0.307,0.674,NA
"Five Oaks, DeWitt",rel_sw_24in,260,0.213,0.307,0.718,NA
"Five Oaks, DeWitt",rel_sw_24in,261,0.211,0.317,0.746,NA
"Five Oaks, DeWitt",rel_sw_24in,262,0.209,0.318,0.756,NA
"Five Oaks, DeWitt",rel_sw_24in,263,0.22,0.334,0.758,NA
"Five Oaks, DeWitt",rel_sw_24in,264,0.217,0.34,0.781,NA
"Five Oaks, DeWitt",rel_sw_24in,265,0.214,0.337,0.786,NA
"Five Oaks, DeWitt",rel_sw_24in,266,0.212,0.337,0.785,NA
"Five Oaks, DeWitt",rel_sw_24in,267,0.21,0.34,0.805,NA
"Five Oaks, DeWitt",rel_sw_24in,268,0.209,0.351,0.797,NA
"Five Oaks, DeWitt",rel_sw_24in,269,0.207,0.349,0.784,NA
"Five Oaks, DeWitt",rel_sw_24in,270,0.206,0.348,0.768,NA
"Five Oaks, DeWitt",rel_sw_24in,271,0.211,0.346,0.756,NA
"Five Oaks, DeWitt",rel_sw_24in,272,0.21,0.353,0.743,NA
"Five Oaks, DeWitt",rel_sw_24in,273,0.209,0.351,0.731,NA
"Five Oaks, DeWitt",rel_sw_24in,274,0.208,0.35,0.74,NA
"Five Oaks, DeWitt",rel_sw_24in,275,0.207,0.355,0.751,NA
"Five Oaks, DeWitt",rel_sw_24in,276,0.206,0.358,0.739,NA
"Five Oaks, DeWitt",rel_sw_24in,277,0.205,0.356,0.796,NA
"Five Oaks, DeWitt",rel_sw_24in,278,0.204,0.362,0.786,NA
"Five Oaks, DeWitt",rel_sw_24in,279,0.203,0.362,0.793,NA
"Five Oaks, DeWitt",rel_sw_24in,280,0.202,0.363,0.791,NA
"Five Oaks, DeWitt",rel_sw_24in,281,0.201,0.362,0.784,NA
"Five Oaks, DeWitt",rel_sw_24in,282,0.201,0.373,0.823,NA
"Five Oaks, DeWitt",rel_sw_24in,283,0.2,0.378,0.812,NA
"Five Oaks, DeWitt",rel_sw_24in,284,0.199,0.381,0.832,NA
"Five Oaks, DeWitt",rel_sw_24in,285,0.199,0.379,0.86,NA
"Five Oaks, DeWitt",rel_sw_24in,286,0.198,0.384,0.928,NA
"Five Oaks, DeWitt",rel_sw_24in,287,0.197,0.395,0.918,NA
"Five Oaks, DeWitt",rel_sw_24in,288,0.196,0.401,0.914,NA
"Five Oaks, DeWitt",rel_sw_24in,289,0.196,0.402,0.902,NA
"Five Oaks, DeWitt",rel_sw_24in,290,0.195,0.401,0.889,NA
"Five Oaks, DeWitt",rel_sw_24in,291,0.194,0.419,0.876,NA
"Five Oaks, DeWitt",rel_sw_24in,292,0.194,0.428,0.862,NA
"Five Oaks, DeWitt",rel_sw_24in,293,0.193,0.428,0.848,NA
"Five Oaks, DeWitt",rel_sw_24in,294,0.192,0.447,0.839,NA
"Five Oaks, DeWitt",rel_sw_24in,295,0.192,0.449,0.894,NA
"Five Oaks, DeWitt",rel_sw_24in,296,0.205,0.443,0.886,NA
"Five Oaks, DeWitt",rel_sw_24in,297,0.204,0.46,0.871,NA
"Five Oaks, DeWitt",rel_sw_24in,298,0.203,0.458,0.858,NA
"Five Oaks, DeWitt",rel_sw_24in,299,0.226,0.459,0.85,NA
"Five Oaks, DeWitt",rel_sw_24in,300,0.248,0.467,0.885,NA
"Five Oaks, DeWitt",rel_sw_24in,301,0.247,0.478,0.887,NA
"Five Oaks, DeWitt",rel_sw_24in,302,0.252,0.502,0.936,NA
"Five Oaks, DeWitt",rel_sw_24in,303,0.253,0.502,0.961,NA
"Five Oaks, DeWitt",rel_sw_24in,304,0.252,0.518,0.947,NA
"Five Oaks, DeWitt",rel_sw_24in,305,0.251,0.516,0.933,NA
"Five Oaks, DeWitt",rel_sw_24in,306,0.25,0.516,0.919,NA
"Five Oaks, DeWitt",rel_sw_24in,307,0.29,0.513,0.905,NA
"Five Oaks, DeWitt",rel_sw_24in,308,0.311,0.516,0.892,NA
"Five Oaks, DeWitt",rel_sw_24in,309,0.328,0.538,0.88,NA
"Five Oaks, DeWitt",rel_sw_24in,310,0.326,0.534,0.869,NA
"Five Oaks, DeWitt",rel_sw_24in,311,0.325,0.544,0.857,NA
"Five Oaks, DeWitt",rel_sw_24in,312,0.323,0.543,0.846,NA
"Five Oaks, DeWitt",rel_sw_24in,313,0.332,0.542,0.835,NA
"Five Oaks, DeWitt",rel_sw_24in,314,0.331,0.541,0.824,NA
"Five Oaks, DeWitt",rel_sw_24in,315,0.329,0.543,0.813,NA
"Five Oaks, DeWitt",rel_sw_24in,316,0.328,0.54,0.803,NA
"Five Oaks, DeWitt",rel_sw_24in,317,0.327,0.544,0.805,NA
"Five Oaks, DeWitt",rel_sw_24in,318,0.326,0.554,0.807,NA
"Five Oaks, DeWitt",rel_sw_24in,319,0.325,0.556,0.799,NA
"Five Oaks, DeWitt",rel_sw_24in,320,0.323,0.587,0.792,NA
"Five Oaks, DeWitt",rel_sw_24in,321,0.322,0.584,0.782,NA
"Five Oaks, DeWitt",rel_sw_24in,322,0.321,0.583,0.773,NA
"Five Oaks, DeWitt",rel_sw_24in,323,0.348,0.576,0.785,NA
"Five Oaks, DeWitt",rel_sw_24in,324,0.358,0.573,0.775,NA
"Five Oaks, DeWitt",rel_sw_24in,325,0.354,0.573,0.762,NA
"Five Oaks, DeWitt",rel_sw_24in,326,0.352,0.579,0.813,NA
"Five Oaks, DeWitt",rel_sw_24in,327,0.35,0.582,0.846,NA
"Five Oaks, DeWitt",rel_sw_24in,328,0.359,0.581,0.879,NA
"Five Oaks, DeWitt",rel_sw_24in,329,0.365,0.59,0.903,NA
"Five Oaks, DeWitt",rel_sw_24in,330,0.362,0.598,0.892,NA
"Five Oaks, DeWitt",rel_sw_24in,331,0.359,0.603,0.882,NA
"Five Oaks, DeWitt",rel_sw_24in,332,0.356,0.599,0.871,NA
"Five Oaks, DeWitt",rel_sw_24in,333,0.352,0.611,0.859,NA
"Five Oaks, DeWitt",rel_sw_24in,334,0.349,0.614,0.85,NA
"Five Oaks, DeWitt",rel_sw_24in,335,0.347,0.609,0.841,NA
"Five Oaks, DeWitt",rel_sw_24in,336,0.352,0.606,0.83,NA
"Five Oaks, DeWitt",rel_sw_24in,337,0.374,0.608,0.818,NA
"Five Oaks, DeWitt",rel_sw_24in,338,0.373,0.606,0.805,NA
"Five Oaks, DeWitt",rel_sw_24in,339,0.372,0.616,0.791,NA
"Five Oaks, DeWitt",rel_sw_24in,340,0.371,0.612,0.794,NA
"Five Oaks, DeWitt",rel_sw_24in,341,0.378,0.61,0.823,NA
"Five Oaks, DeWitt",rel_sw_24in,342,0.427,0.612,0.879,NA
"Five Oaks, DeWitt",rel_sw_24in,343,0.45,0.609,0.915,NA
"Five Oaks, DeWitt",rel_sw_24in,344,0.453,0.619,0.904,NA
"Five Oaks, DeWitt",rel_sw_24in,345,0.454,0.611,0.893,NA
"Five Oaks, DeWitt",rel_sw_24in,346,0.451,0.616,0.882,NA
"Five Oaks, DeWitt",rel_sw_24in,347,0.449,0.618,0.927,NA
"Five Oaks, DeWitt",rel_sw_24in,348,0.447,0.613,0.917,NA
"Five Oaks, DeWitt",rel_sw_24in,349,0.445,0.626,0.917,NA
"Five Oaks, DeWitt",rel_sw_24in,350,0.454,0.64,0.961,NA
"Five Oaks, DeWitt",rel_sw_24in,351,0.45,0.636,0.959,NA
"Five Oaks, DeWitt",rel_sw_24in,352,0.447,0.634,0.946,NA
"Five Oaks, DeWitt",rel_sw_24in,353,0.445,0.627,0.933,NA
"Five Oaks, DeWitt",rel_sw_24in,354,0.443,0.626,0.921,NA
"Five Oaks, DeWitt",rel_sw_24in,355,0.442,0.634,0.907,NA
"Five Oaks, DeWitt",rel_sw_24in,356,0.441,0.629,0.93,NA
"Five Oaks, DeWitt",rel_sw_24in,357,0.441,0.64,0.923,NA
"Five Oaks, DeWitt",rel_sw_24in,358,0.478,0.642,0.91,NA
"Five Oaks, DeWitt",rel_sw_24in,359,0.501,0.642,0.899,NA
"Five Oaks, DeWitt",rel_sw_24in,360,0.5,0.643,0.888,NA
"Five Oaks, DeWitt",rel_sw_24in,361,0.499,0.641,0.883,NA
"Five Oaks, DeWitt",rel_sw_24in,362,0.499,0.64,0.877,NA
"Five Oaks, DeWitt",rel_sw_24in,363,0.499,0.647,0.87,NA
"Five Oaks, DeWitt",rel_sw_24in,364,0.496,0.654,0.877,NA
"Five Oaks, DeWitt",rel_sw_24in,365,0.494,0.66,0.879,NA
"Five Oaks, DeWitt",rel_sw_24in,366,0.595,0.667,0.759,NA
"Five Oaks, DeWitt",rel_sw_6in,1,0.486,0.497,0.631,0.487
"Five Oaks, DeWitt",rel_sw_6in,2,0.474,0.497,0.765,0.494
"Five Oaks, DeWitt",rel_sw_6in,3,0.466,0.5,0.77,0.488
"Five Oaks, DeWitt",rel_sw_6in,4,0.453,0.504,0.667,0.477
"Five Oaks, DeWitt",rel_sw_6in,5,0.438,0.516,0.64,0.466
"Five Oaks, DeWitt",rel_sw_6in,6,0.427,0.515,0.716,0.45
"Five Oaks, DeWitt",rel_sw_6in,7,0.421,0.513,0.756,0.436
"Five Oaks, DeWitt",rel_sw_6in,8,0.405,0.533,0.682,0.436
"Five Oaks, DeWitt",rel_sw_6in,9,0.414,0.531,0.671,0.551
"Five Oaks, DeWitt",rel_sw_6in,10,0.424,0.529,0.721,0.603
"Five Oaks, DeWitt",rel_sw_6in,11,0.416,0.52,0.771,0.554
"Five Oaks, DeWitt",rel_sw_6in,12,0.409,0.513,0.795,0.524
"Five Oaks, DeWitt",rel_sw_6in,13,0.402,0.51,0.879,0.502
"Five Oaks, DeWitt",rel_sw_6in,14,0.397,0.502,0.841,0.493
"Five Oaks, DeWitt",rel_sw_6in,15,0.391,0.49,0.805,0.477
"Five Oaks, DeWitt",rel_sw_6in,16,0.387,0.507,0.703,0.466
"Five Oaks, DeWitt",rel_sw_6in,17,0.405,0.521,0.689,0.458
"Five Oaks, DeWitt",rel_sw_6in,18,0.396,0.53,0.79,0.449
"Five Oaks, DeWitt",rel_sw_6in,19,0.391,0.518,0.723,0.442
"Five Oaks, DeWitt",rel_sw_6in,20,0.386,0.513,0.74,0.436
"Five Oaks, DeWitt",rel_sw_6in,21,0.387,0.515,0.654,0.559
"Five Oaks, DeWitt",rel_sw_6in,22,0.382,0.536,0.721,0.524
"Five Oaks, DeWitt",rel_sw_6in,23,0.381,0.518,0.681,0.522
"Five Oaks, DeWitt",rel_sw_6in,24,0.379,0.514,0.793,0.618
"Five Oaks, DeWitt",rel_sw_6in,25,0.376,0.512,0.767,0.633
"Five Oaks, DeWitt",rel_sw_6in,26,0.372,0.509,0.725,0.588
"Five Oaks, DeWitt",rel_sw_6in,27,0.368,0.502,0.87,0.554
"Five Oaks, DeWitt",rel_sw_6in,28,0.372,0.509,0.744,0.527
"Five Oaks, DeWitt",rel_sw_6in,29,0.381,0.5,0.81,0.505
"Five Oaks, DeWitt",rel_sw_6in,30,0.377,0.503,0.787,0.494
"Five Oaks, DeWitt",rel_sw_6in,31,0.373,0.493,0.714,0.49
"Five Oaks, DeWitt",rel_sw_6in,32,0.369,0.5,0.688,0.481
"Five Oaks, DeWitt",rel_sw_6in,33,0.386,0.501,0.846,0.466
"Five Oaks, DeWitt",rel_sw_6in,34,0.413,0.49,0.925,0.505
"Five Oaks, DeWitt",rel_sw_6in,35,0.404,0.506,0.776,0.493
"Five Oaks, DeWitt",rel_sw_6in,36,0.42,0.519,0.733,0.48
"Five Oaks, DeWitt",rel_sw_6in,37,0.416,0.524,0.673,0.459
"Five Oaks, DeWitt",rel_sw_6in,38,0.411,0.51,0.705,0.44
"Five Oaks, DeWitt",rel_sw_6in,39,0.405,0.498,0.693,0.43
"Five Oaks, DeWitt",rel_sw_6in,40,0.401,0.49,0.664,0.423
"Five Oaks, DeWitt",rel_sw_6in,41,0.397,0.512,0.828,0.416
"Five Oaks, DeWitt",rel_sw_6in,42,0.392,0.505,0.825,0.42
"Five Oaks, DeWitt",rel_sw_6in,43,0.388,0.521,0.89,0.41
"Five Oaks, DeWitt",rel_sw_6in,44,0.399,0.513,0.754,0.405
"Five Oaks, DeWitt",rel_sw_6in,45,0.396,0.52,0.771,0.461
"Five Oaks, DeWitt",rel_sw_6in,46,0.392,0.52,0.783,0.614
"Five Oaks, DeWitt",rel_sw_6in,47,0.405,0.514,0.891,0.559
"Five Oaks, DeWitt",rel_sw_6in,48,0.399,0.512,0.75,0.53
"Five Oaks, DeWitt",rel_sw_6in,49,0.41,0.514,0.833,0.503
"Five Oaks, DeWitt",rel_sw_6in,50,0.408,0.51,0.895,0.481
"Five Oaks, DeWitt",rel_sw_6in,51,0.403,0.506,0.765,0.467
"Five Oaks, DeWitt",rel_sw_6in,52,0.399,0.522,0.739,0.486
"Five Oaks, DeWitt",rel_sw_6in,53,0.394,0.524,0.897,0.463
"Five Oaks, DeWitt",rel_sw_6in,54,0.393,0.507,0.916,0.455
"Five Oaks, DeWitt",rel_sw_6in,55,0.409,0.515,0.765,0.447
"Five Oaks, DeWitt",rel_sw_6in,56,0.404,0.521,0.705,0.441
"Five Oaks, DeWitt",rel_sw_6in,57,0.399,0.513,0.731,0.435
"Five Oaks, DeWitt",rel_sw_6in,58,0.394,0.514,0.796,0.43
"Five Oaks, DeWitt",rel_sw_6in,59,0.394,0.5,0.841,0.425
"Five Oaks, DeWitt",rel_sw_6in,60,0.39,0.509,0.825,0.42
"Five Oaks, DeWitt",rel_sw_6in,61,0.386,0.502,0.843,0.416
"Five Oaks, DeWitt",rel_sw_6in,62,0.382,0.493,0.722,0.411
"Five Oaks, DeWitt",rel_sw_6in,63,0.378,0.514,0.676,0.407
"Five Oaks, DeWitt",rel_sw_6in,64,0.374,0.512,0.695,0.404
"Five Oaks, DeWitt",rel_sw_6in,65,0.371,0.496,0.68,0.4
"Five Oaks, DeWitt",rel_sw_6in,66,0.367,0.491,0.768,0.521
"Five Oaks, DeWitt",rel_sw_6in,67,0.364,0.496,0.827,0.592
"Five Oaks, DeWitt",rel_sw_6in,68,0.361,0.53,0.71,0.636
"Five Oaks, DeWitt",rel_sw_6in,69,0.382,0.5,0.862,0.586
"Five Oaks, DeWitt",rel_sw_6in,70,0.409,0.495,0.918,0.719
"Five Oaks, DeWitt",rel_sw_6in,71,0.404,0.491,0.916,0.619
"Five Oaks, DeWitt",rel_sw_6in,72,0.405,0.491,0.91,0.548
"Five Oaks, DeWitt",rel_sw_6in,73,0.419,0.493,0.838,0.517
"Five Oaks, DeWitt",rel_sw_6in,74,0.403,0.497,0.71,0.582
"Five Oaks, DeWitt",rel_sw_6in,75,0.398,0.514,0.699,0.533
"Five Oaks, DeWitt",rel_sw_6in,76,0.393,0.493,0.695,0.498
"Five Oaks, DeWitt",rel_sw_6in,77,0.389,0.495,0.747,0.475
"Five Oaks, DeWitt",rel_sw_6in,78,0.385,0.495,0.758,0.462
"Five Oaks, DeWitt",rel_sw_6in,79,0.415,0.496,0.802,0.453
"Five Oaks, DeWitt",rel_sw_6in,80,0.42,0.492,0.702,0.445
"Five Oaks, DeWitt",rel_sw_6in,81,0.414,0.473,0.719,0.438
"Five Oaks, DeWitt",rel_sw_6in,82,0.409,0.493,0.693,0.433
"Five Oaks, DeWitt",rel_sw_6in,83,0.408,0.487,0.686,0.428
"Five Oaks, DeWitt",rel_sw_6in,84,0.404,0.499,0.669,0.423
"Five Oaks, DeWitt",rel_sw_6in,85,0.401,0.496,0.664,0.418
"Five Oaks, DeWitt",rel_sw_6in,86,0.419,0.483,0.706,0.414
"Five Oaks, DeWitt",rel_sw_6in,87,0.406,0.481,0.715,0.41
"Five Oaks, DeWitt",rel_sw_6in,88,0.401,0.491,0.743,0.406
"Five Oaks, DeWitt",rel_sw_6in,89,0.397,0.515,0.706,0.402
"Five Oaks, DeWitt",rel_sw_6in,90,0.403,0.509,0.73,0.399
"Five Oaks, DeWitt",rel_sw_6in,91,0.399,0.492,0.681,0.395
"Five Oaks, DeWitt",rel_sw_6in,92,0.396,0.49,0.665,0.392
"Five Oaks, DeWitt",rel_sw_6in,93,0.406,0.49,0.703,0.389
"Five Oaks, DeWitt",rel_sw_6in,94,0.411,0.512,0.776,0.537
"Five Oaks, DeWitt",rel_sw_6in,95,0.406,0.502,0.842,0.494
"Five Oaks, DeWitt",rel_sw_6in,96,0.401,0.5,0.903,0.468
"Five Oaks, DeWitt",rel_sw_6in,97,0.424,0.492,0.743,0.455
"Five Oaks, DeWitt",rel_sw_6in,98,0.422,0.501,0.756,0.445
"Five Oaks, DeWitt",rel_sw_6in,99,0.416,0.486,0.652,0.437
"Five Oaks, DeWitt",rel_sw_6in,100,0.419,0.48,0.781,0.43
"Five Oaks, DeWitt",rel_sw_6in,101,0.424,0.493,0.841,0.424
"Five Oaks, DeWitt",rel_sw_6in,102,0.419,0.504,0.788,0.419
"Five Oaks, DeWitt",rel_sw_6in,103,0.414,0.51,0.865,0.414
"Five Oaks, DeWitt",rel_sw_6in,104,0.409,0.522,0.959,0.409
"Five Oaks, DeWitt",rel_sw_6in,105,0.404,0.513,0.789,0.404
"Five Oaks, DeWitt",rel_sw_6in,106,0.4,0.493,0.664,0.4
"Five Oaks, DeWitt",rel_sw_6in,107,0.396,0.479,0.67,0.396
"Five Oaks, DeWitt",rel_sw_6in,108,0.392,0.475,0.668,0.424
"Five Oaks, DeWitt",rel_sw_6in,109,0.401,0.472,0.657,0.397
"Five Oaks, DeWitt",rel_sw_6in,110,0.415,0.478,0.666,0.393
"Five Oaks, DeWitt",rel_sw_6in,111,0.411,0.497,0.721,0.39
"Five Oaks, DeWitt",rel_sw_6in,112,0.407,0.496,0.673,0.386
"Five Oaks, DeWitt",rel_sw_6in,113,0.408,0.491,0.723,0.383
"Five Oaks, DeWitt",rel_sw_6in,114,0.404,0.49,0.68,0.559
"Five Oaks, DeWitt",rel_sw_6in,115,0.399,0.509,0.661,0.631
"Five Oaks, DeWitt",rel_sw_6in,116,0.395,0.506,0.822,0.569
"Five Oaks, DeWitt",rel_sw_6in,117,0.391,0.492,0.865,0.531
"Five Oaks, DeWitt",rel_sw_6in,118,0.387,0.487,0.911,0.604
"Five Oaks, DeWitt",rel_sw_6in,119,0.383,0.486,0.953,0.612
"Five Oaks, DeWitt",rel_sw_6in,120,0.38,0.5,0.876,0.551
"Five Oaks, DeWitt",rel_sw_6in,121,0.377,0.501,0.821,0.508
"Five Oaks, DeWitt",rel_sw_6in,122,0.412,0.489,0.772,0.488
"Five Oaks, DeWitt",rel_sw_6in,123,0.414,0.524,0.949,0.474
"Five Oaks, DeWitt",rel_sw_6in,124,0.41,0.505,0.963,0.464
"Five Oaks, DeWitt",rel_sw_6in,125,0.407,0.5,0.964,0.48
"Five Oaks, DeWitt",rel_sw_6in,126,0.404,0.485,0.894,0.547
"Five Oaks, DeWitt",rel_sw_6in,127,0.4,0.477,0.836,0.491
"Five Oaks, DeWitt",rel_sw_6in,128,0.414,0.479,0.852,0.458
"Five Oaks, DeWitt",rel_sw_6in,129,0.411,0.482,0.852,0.444
"Five Oaks, DeWitt",rel_sw_6in,130,0.407,0.477,0.874,0.469
"Five Oaks, DeWitt",rel_sw_6in,131,0.403,0.468,0.834,0.435
"Five Oaks, DeWitt",rel_sw_6in,132,0.403,0.464,0.852,0.426
"Five Oaks, DeWitt",rel_sw_6in,133,0.399,0.47,0.801,0.42
"Five Oaks, DeWitt",rel_sw_6in,134,0.395,0.462,0.744,0.413
"Five Oaks, DeWitt",rel_sw_6in,135,0.392,0.47,0.684,0.408
"Five Oaks, DeWitt",rel_sw_6in,136,0.388,0.466,0.671,0.403
"Five Oaks, DeWitt",rel_sw_6in,137,0.385,0.464,0.681,0.398
"Five Oaks, DeWitt",rel_sw_6in,138,0.382,0.458,0.629,0.393
"Five Oaks, DeWitt",rel_sw_6in,139,0.379,0.459,0.623,0.516
"Five Oaks, DeWitt",rel_sw_6in,140,0.376,0.468,0.67,0.532
"Five Oaks, DeWitt",rel_sw_6in,141,0.377,0.458,0.65,0.602
"Five Oaks, DeWitt",rel_sw_6in,142,0.382,0.445,0.628,0.668
"Five Oaks, DeWitt",rel_sw_6in,143,0.38,0.45,0.609,0.712
"Five Oaks, DeWitt",rel_sw_6in,144,0.378,0.452,0.696,0.607
"Five Oaks, DeWitt",rel_sw_6in,145,0.375,0.451,0.672,0.587
"Five Oaks, DeWitt",rel_sw_6in,146,0.386,0.455,0.744,0.572
"Five Oaks, DeWitt",rel_sw_6in,147,0.384,0.467,0.726,0.551
"Five Oaks, DeWitt",rel_sw_6in,148,0.42,0.481,0.631,0.606
"Five Oaks, DeWitt",rel_sw_6in,149,0.418,0.495,0.665,0.565
"Five Oaks, DeWitt",rel_sw_6in,150,0.427,0.487,0.701,0.512
"Five Oaks, DeWitt",rel_sw_6in,151,0.418,0.458,0.661,0.477
"Five Oaks, DeWitt",rel_sw_6in,152,0.418,0.472,0.635,0.493
"Five Oaks, DeWitt",rel_sw_6in,153,0.42,0.469,0.623,0.47
"Five Oaks, DeWitt",rel_sw_6in,154,0.415,0.466,0.699,0.447
"Five Oaks, DeWitt",rel_sw_6in,155,0.408,0.463,0.716,0.432
"Five Oaks, DeWitt",rel_sw_6in,156,0.421,0.467,0.655,0.42
"Five Oaks, DeWitt",rel_sw_6in,157,0.417,0.463,0.614,0.458
"Five Oaks, DeWitt",rel_sw_6in,158,0.416,0.459,0.725,0.481
"Five Oaks, DeWitt",rel_sw_6in,159,0.415,0.46,0.896,0.501
"Five Oaks, DeWitt",rel_sw_6in,160,0.417,0.455,0.928,0.459
"Five Oaks, DeWitt",rel_sw_6in,161,0.412,0.447,0.925,0.429
"Five Oaks, DeWitt",rel_sw_6in,162,0.412,0.472,0.758,0.412
"Five Oaks, DeWitt",rel_sw_6in,163,0.416,0.464,0.703,0.504
"Five Oaks, DeWitt",rel_sw_6in,164,0.412,0.47,0.673,0.483
"Five Oaks, DeWitt",rel_sw_6in,165,0.402,0.455,0.744,0.471
"Five Oaks, DeWitt",rel_sw_6in,166,0.413,0.466,0.647,0.451
"Five Oaks, DeWitt",rel_sw_6in,167,0.416,0.459,0.651,0.422
"Five Oaks, DeWitt",rel_sw_6in,168,0.407,0.463,0.703,0.468
"Five Oaks, DeWitt",rel_sw_6in,169,0.417,0.471,0.651,0.437
"Five Oaks, DeWitt",rel_sw_6in,170,0.41,0.464,0.648,0.539
"Five Oaks, DeWitt",rel_sw_6in,171,0.412,0.471,0.598,0.619
"Five Oaks, DeWitt",rel_sw_6in,172,0.418,0.468,0.583,0.596
"Five Oaks, DeWitt",rel_sw_6in,173,0.408,0.458,0.615,0.608
"Five Oaks, DeWitt",rel_sw_6in,174,0.417,0.474,0.69,0.556
"Five Oaks, DeWitt",rel_sw_6in,175,0.41,0.46,0.694,0.52
"Five Oaks, DeWitt",rel_sw_6in,176,0.413,0.478,0.639,0.489
"Five Oaks, DeWitt",rel_sw_6in,177,0.422,0.484,0.646,0.47
"Five Oaks, DeWitt",rel_sw_6in,178,0.425,0.484,0.633,0.441
"Five Oaks, DeWitt",rel_sw_6in,179,0.405,0.475,0.714,0.408
"Five Oaks, DeWitt",rel_sw_6in,180,0.412,0.482,0.725,0.471
"Five Oaks, DeWitt",rel_sw_6in,181,0.413,0.494,0.85,0.435
"Five Oaks, DeWitt",rel_sw_6in,182,0.425,0.486,0.926,0.489
"Five Oaks, DeWitt",rel_sw_6in,183,0.433,0.484,0.818,0.476
"Five Oaks, DeWitt",rel_sw_6in,184,0.423,0.481,0.755,0.456
"Five Oaks, DeWitt",rel_sw_6in,185,0.423,0.486,0.675,0.492
"Five Oaks, DeWitt",rel_sw_6in,186,0.41,0.491,0.739,0.517
"Five Oaks, DeWitt",rel_sw_6in,187,0.427,0.489,0.656,0.499
"Five Oaks, DeWitt",rel_sw_6in,188,0.431,0.486,0.623,0.476
"Five Oaks, DeWitt",rel_sw_6in,189,0.414,0.49,0.602,0.459
"Five Oaks, DeWitt",rel_sw_6in,190,0.411,0.489,0.667,0.451
"Five Oaks, DeWitt",rel_sw_6in,191,0.44,0.495,0.73,0.502
"Five Oaks, DeWitt",rel_sw_6in,192,0.414,0.495,0.643,0.502
"Five Oaks, DeWitt",rel_sw_6in,193,0.408,0.489,0.763,0.523
"Five Oaks, DeWitt",rel_sw_6in,194,0.426,0.49,0.775,0.511
"Five Oaks, DeWitt",rel_sw_6in,195,0.438,0.482,0.69,0.553
"Five Oaks, DeWitt",rel_sw_6in,196,0.428,0.485,0.733,0.612
"Five Oaks, DeWitt",rel_sw_6in,197,0.421,0.492,0.811,0.548
"Five Oaks, DeWitt",rel_sw_6in,198,0.438,0.498,0.697,0.517
"Five Oaks, DeWitt",rel_sw_6in,199,0.425,0.496,0.677,0.482
"Five Oaks, DeWitt",rel_sw_6in,200,0.434,0.491,0.651,0.451
"Five Oaks, DeWitt",rel_sw_6in,201,0.44,0.492,0.595,0.453
"Five Oaks, DeWitt",rel_sw_6in,202,0.44,0.492,0.663,0.438
"Five Oaks, DeWitt",rel_sw_6in,203,0.425,0.489,0.605,0.494
"Five Oaks, DeWitt",rel_sw_6in,204,0.427,0.487,0.563,0.472
"Five Oaks, DeWitt",rel_sw_6in,205,0.43,0.487,0.613,0.513
"Five Oaks, DeWitt",rel_sw_6in,206,0.414,0.482,0.672,0.507
"Five Oaks, DeWitt",rel_sw_6in,207,0.429,0.483,0.676,0.478
"Five Oaks, DeWitt",rel_sw_6in,208,0.428,0.497,0.607,0.446
"Five Oaks, DeWitt",rel_sw_6in,209,0.433,0.499,0.688,0.486
"Five Oaks, DeWitt",rel_sw_6in,210,0.433,0.497,0.767,0.528
"Five Oaks, DeWitt",rel_sw_6in,211,0.43,0.497,0.84,0.52
"Five Oaks, DeWitt",rel_sw_6in,212,0.432,0.496,0.707,0.52
"Five Oaks, DeWitt",rel_sw_6in,213,0.418,0.499,0.735,0.494
"Five Oaks, DeWitt",rel_sw_6in,214,0.412,0.481,0.642,NA
"Five Oaks, DeWitt",rel_sw_6in,215,0.426,0.483,0.638,NA
"Five Oaks, DeWitt",rel_sw_6in,216,0.432,0.492,0.577,NA
"Five Oaks, DeWitt",rel_sw_6in,217,0.424,0.488,0.687,NA
"Five Oaks, DeWitt",rel_sw_6in,218,0.437,0.487,0.817,NA
"Five Oaks, DeWitt",rel_sw_6in,219,0.422,0.497,0.695,NA
"Five Oaks, DeWitt",rel_sw_6in,220,0.427,0.492,0.651,NA
"Five Oaks, DeWitt",rel_sw_6in,221,0.414,0.495,0.6,NA
"Five Oaks, DeWitt",rel_sw_6in,222,0.43,0.499,0.634,NA
"Five Oaks, DeWitt",rel_sw_6in,223,0.448,0.496,0.676,NA
"Five Oaks, DeWitt",rel_sw_6in,224,0.428,0.494,0.692,NA
"Five Oaks, DeWitt",rel_sw_6in,225,0.43,0.499,0.737,NA
"Five Oaks, DeWitt",rel_sw_6in,226,0.438,0.487,0.68,NA
"Five Oaks, DeWitt",rel_sw_6in,227,0.42,0.497,0.625,NA
"Five Oaks, DeWitt",rel_sw_6in,228,0.421,0.479,0.672,NA
"Five Oaks, DeWitt",rel_sw_6in,229,0.441,0.494,0.69,NA
"Five Oaks, DeWitt",rel_sw_6in,230,0.423,0.496,0.647,NA
"Five Oaks, DeWitt",rel_sw_6in,231,0.435,0.495,0.713,NA
"Five Oaks, DeWitt",rel_sw_6in,232,0.438,0.497,0.708,NA
"Five Oaks, DeWitt",rel_sw_6in,233,0.428,0.489,0.716,NA
"Five Oaks, DeWitt",rel_sw_6in,234,0.43,0.492,0.684,NA
"Five Oaks, DeWitt",rel_sw_6in,235,0.412,0.492,0.619,NA
"Five Oaks, DeWitt",rel_sw_6in,236,0.424,0.491,0.58,NA
"Five Oaks, DeWitt",rel_sw_6in,237,0.432,0.479,0.572,NA
"Five Oaks, DeWitt",rel_sw_6in,238,0.421,0.479,0.585,NA
"Five Oaks, DeWitt",rel_sw_6in,239,0.428,0.492,0.607,NA
"Five Oaks, DeWitt",rel_sw_6in,240,0.424,0.488,0.738,NA
"Five Oaks, DeWitt",rel_sw_6in,241,0.431,0.49,0.74,NA
"Five Oaks, DeWitt",rel_sw_6in,242,0.428,0.504,0.648,NA
"Five Oaks, DeWitt",rel_sw_6in,243,0.43,0.493,0.791,NA
"Five Oaks, DeWitt",rel_sw_6in,244,0.423,0.495,0.889,NA
"Five Oaks, DeWitt",rel_sw_6in,245,0.422,0.504,0.801,NA
"Five Oaks, DeWitt",rel_sw_6in,246,0.406,0.502,0.745,NA
"Five Oaks, DeWitt",rel_sw_6in,247,0.435,0.499,0.91,NA
"Five Oaks, DeWitt",rel_sw_6in,248,0.418,0.501,0.818,NA
"Five Oaks, DeWitt",rel_sw_6in,249,0.44,0.493,0.703,NA
"Five Oaks, DeWitt",rel_sw_6in,250,0.431,0.475,0.706,NA
"Five Oaks, DeWitt",rel_sw_6in,251,0.421,0.473,0.646,NA
"Five Oaks, DeWitt",rel_sw_6in,252,0.423,0.497,0.703,NA
"Five Oaks, DeWitt",rel_sw_6in,253,0.424,0.483,0.617,NA
"Five Oaks, DeWitt",rel_sw_6in,254,0.423,0.495,0.595,NA
"Five Oaks, DeWitt",rel_sw_6in,255,0.413,0.493,0.709,NA
"Five Oaks, DeWitt",rel_sw_6in,256,0.405,0.485,0.67,NA
"Five Oaks, DeWitt",rel_sw_6in,257,0.398,0.479,0.747,NA
"Five Oaks, DeWitt",rel_sw_6in,258,0.392,0.469,0.878,NA
"Five Oaks, DeWitt",rel_sw_6in,259,0.386,0.458,0.819,NA
"Five Oaks, DeWitt",rel_sw_6in,260,0.38,0.459,0.821,NA
"Five Oaks, DeWitt",rel_sw_6in,261,0.375,0.459,0.76,NA
"Five Oaks, DeWitt",rel_sw_6in,262,0.37,0.456,0.672,NA
"Five Oaks, DeWitt",rel_sw_6in,263,0.366,0.465,0.696,NA
"Five Oaks, DeWitt",rel_sw_6in,264,0.361,0.467,0.651,NA
"Five Oaks, DeWitt",rel_sw_6in,265,0.357,0.47,0.613,NA
"Five Oaks, DeWitt",rel_sw_6in,266,0.353,0.461,0.66,NA
"Five Oaks, DeWitt",rel_sw_6in,267,0.35,0.451,0.763,NA
"Five Oaks, DeWitt",rel_sw_6in,268,0.346,0.467,0.848,NA
"Five Oaks, DeWitt",rel_sw_6in,269,0.342,0.458,0.71,NA
"Five Oaks, DeWitt",rel_sw_6in,270,0.339,0.451,0.661,NA
"Five Oaks, DeWitt",rel_sw_6in,271,0.336,0.456,0.732,NA
"Five Oaks, DeWitt",rel_sw_6in,272,0.332,0.451,0.633,NA
"Five Oaks, DeWitt",rel_sw_6in,273,0.329,0.456,0.598,NA
"Five Oaks, DeWitt",rel_sw_6in,274,0.326,0.448,0.65,NA
"Five Oaks, DeWitt",rel_sw_6in,275,0.323,0.445,0.697,NA
"Five Oaks, DeWitt",rel_sw_6in,276,0.32,0.44,0.617,NA
"Five Oaks, DeWitt",rel_sw_6in,277,0.317,0.438,0.702,NA
"Five Oaks, DeWitt",rel_sw_6in,278,0.315,0.435,0.633,NA
"Five Oaks, DeWitt",rel_sw_6in,279,0.312,0.438,0.664,NA
"Five Oaks, DeWitt",rel_sw_6in,280,0.309,0.439,0.693,NA
"Five Oaks, DeWitt",rel_sw_6in,281,0.307,0.446,0.804,NA
"Five Oaks, DeWitt",rel_sw_6in,282,0.331,0.455,0.849,NA
"Five Oaks, DeWitt",rel_sw_6in,283,0.328,0.448,0.735,NA
"Five Oaks, DeWitt",rel_sw_6in,284,0.326,0.441,0.876,NA
"Five Oaks, DeWitt",rel_sw_6in,285,0.339,0.437,0.815,NA
"Five Oaks, DeWitt",rel_sw_6in,286,0.336,0.442,0.922,NA
"Five Oaks, DeWitt",rel_sw_6in,287,0.333,0.44,0.836,NA
"Five Oaks, DeWitt",rel_sw_6in,288,0.33,0.453,0.812,NA
"Five Oaks, DeWitt",rel_sw_6in,289,0.327,0.465,0.762,NA
"Five Oaks, DeWitt",rel_sw_6in,290,0.324,0.459,0.711,NA
"Five Oaks, DeWitt",rel_sw_6in,291,0.321,0.479,0.671,NA
"Five Oaks, DeWitt",rel_sw_6in,292,0.319,0.482,0.824,NA
"Five Oaks, DeWitt",rel_sw_6in,293,0.316,0.472,0.738,NA
"Five Oaks, DeWitt",rel_sw_6in,294,0.314,0.465,0.647,NA
"Five Oaks, DeWitt",rel_sw_6in,295,0.311,0.458,0.771,NA
"Five Oaks, DeWitt",rel_sw_6in,296,0.323,0.451,0.725,NA
"Five Oaks, DeWitt",rel_sw_6in,297,0.32,0.45,0.816,NA
"Five Oaks, DeWitt",rel_sw_6in,298,0.317,0.503,0.703,NA
"Five Oaks, DeWitt",rel_sw_6in,299,0.36,0.485,0.772,NA
"Five Oaks, DeWitt",rel_sw_6in,300,0.359,0.505,0.732,NA
"Five Oaks, DeWitt",rel_sw_6in,301,0.375,0.494,0.727,NA
"Five Oaks, DeWitt",rel_sw_6in,302,0.381,0.488,0.899,NA
"Five Oaks, DeWitt",rel_sw_6in,303,0.379,0.494,0.997,NA
"Five Oaks, DeWitt",rel_sw_6in,304,0.379,0.494,0.941,NA
"Five Oaks, DeWitt",rel_sw_6in,305,0.375,0.495,0.888,NA
"Five Oaks, DeWitt",rel_sw_6in,306,0.371,0.489,0.831,NA
"Five Oaks, DeWitt",rel_sw_6in,307,0.368,0.494,0.853,NA
"Five Oaks, DeWitt",rel_sw_6in,308,0.364,0.5,0.76,NA
"Five Oaks, DeWitt",rel_sw_6in,309,0.361,0.493,0.724,NA
"Five Oaks, DeWitt",rel_sw_6in,310,0.358,0.5,0.699,NA
"Five Oaks, DeWitt",rel_sw_6in,311,0.354,0.503,0.833,NA
"Five Oaks, DeWitt",rel_sw_6in,312,0.357,0.507,0.89,NA
"Five Oaks, DeWitt",rel_sw_6in,313,0.357,0.489,0.794,NA
"Five Oaks, DeWitt",rel_sw_6in,314,0.352,0.481,0.763,NA
"Five Oaks, DeWitt",rel_sw_6in,315,0.349,0.482,0.751,NA
"Five Oaks, DeWitt",rel_sw_6in,316,0.346,0.486,0.669,NA
"Five Oaks, DeWitt",rel_sw_6in,317,0.343,0.487,0.651,NA
"Five Oaks, DeWitt",rel_sw_6in,318,0.341,0.488,0.659,NA
"Five Oaks, DeWitt",rel_sw_6in,319,0.338,0.505,0.679,NA
"Five Oaks, DeWitt",rel_sw_6in,320,0.336,0.505,0.818,NA
"Five Oaks, DeWitt",rel_sw_6in,321,0.333,0.492,0.707,NA
"Five Oaks, DeWitt",rel_sw_6in,322,0.331,0.484,0.779,NA
"Five Oaks, DeWitt",rel_sw_6in,323,0.389,0.48,0.673,NA
"Five Oaks, DeWitt",rel_sw_6in,324,0.397,0.485,0.791,NA
"Five Oaks, DeWitt",rel_sw_6in,325,0.384,0.503,0.689,NA
"Five Oaks, DeWitt",rel_sw_6in,326,0.384,0.496,0.76,NA
"Five Oaks, DeWitt",rel_sw_6in,327,0.391,0.49,0.729,NA
"Five Oaks, DeWitt",rel_sw_6in,328,0.4,0.499,0.767,NA
"Five Oaks, DeWitt",rel_sw_6in,329,0.396,0.508,0.861,NA
"Five Oaks, DeWitt",rel_sw_6in,330,0.392,0.525,0.747,NA
"Five Oaks, DeWitt",rel_sw_6in,331,0.388,0.518,0.759,NA
"Five Oaks, DeWitt",rel_sw_6in,332,0.385,0.523,0.879,NA
"Five Oaks, DeWitt",rel_sw_6in,333,0.382,0.519,0.98,NA
"Five Oaks, DeWitt",rel_sw_6in,334,0.379,0.537,0.826,NA
"Five Oaks, DeWitt",rel_sw_6in,335,0.376,0.517,0.819,NA
"Five Oaks, DeWitt",rel_sw_6in,336,0.373,0.509,0.906,NA
"Five Oaks, DeWitt",rel_sw_6in,337,0.37,0.509,0.782,NA
"Five Oaks, DeWitt",rel_sw_6in,338,0.372,0.509,0.847,NA
"Five Oaks, DeWitt",rel_sw_6in,339,0.402,0.513,0.871,NA
"Five Oaks, DeWitt",rel_sw_6in,340,0.4,0.514,0.757,NA
"Five Oaks, DeWitt",rel_sw_6in,341,0.428,0.52,0.687,NA
"Five Oaks, DeWitt",rel_sw_6in,342,0.428,0.514,0.776,NA
"Five Oaks, DeWitt",rel_sw_6in,343,0.432,0.52,0.872,NA
"Five Oaks, DeWitt",rel_sw_6in,344,0.429,0.531,0.793,NA
"Five Oaks, DeWitt",rel_sw_6in,345,0.425,0.52,0.739,NA
"Five Oaks, DeWitt",rel_sw_6in,346,0.421,0.521,0.795,NA
"Five Oaks, DeWitt",rel_sw_6in,347,0.431,0.52,0.93,NA
"Five Oaks, DeWitt",rel_sw_6in,348,0.425,0.535,0.839,NA
"Five Oaks, DeWitt",rel_sw_6in,349,0.42,0.54,0.823,NA
"Five Oaks, DeWitt",rel_sw_6in,350,0.417,0.523,0.997,NA
"Five Oaks, DeWitt",rel_sw_6in,351,0.441,0.516,0.99,NA
"Five Oaks, DeWitt",rel_sw_6in,352,0.436,0.516,0.938,NA
"Five Oaks, DeWitt",rel_sw_6in,353,0.429,0.51,0.889,NA
"Five Oaks, DeWitt",rel_sw_6in,354,0.434,0.516,0.837,NA
"Five Oaks, DeWitt",rel_sw_6in,355,0.428,0.524,0.815,NA
"Five Oaks, DeWitt",rel_sw_6in,356,0.423,0.514,0.875,NA
"Five Oaks, DeWitt",rel_sw_6in,357,0.424,0.517,0.846,NA
"Five Oaks, DeWitt",rel_sw_6in,358,0.425,0.539,0.903,NA
"Five Oaks, DeWitt",rel_sw_6in,359,0.419,0.523,0.872,NA
"Five Oaks, DeWitt",rel_sw_6in,360,0.413,0.532,0.955,NA
"Five Oaks, DeWitt",rel_sw_6in,361,0.409,0.528,0.991,NA
"Five Oaks, DeWitt",rel_sw_6in,362,0.417,0.535,0.842,NA
"Five Oaks, DeWitt",rel_sw_6in,363,0.405,0.536,0.807,NA
"Five Oaks, DeWitt",rel_sw_6in,364,0.4,0.535,0.732,NA
"Five Oaks, DeWitt",rel_sw_6in,365,0.396,0.531,0.714,NA
"Five Oaks, DeWitt",rel_sw_6in,366,0.465,0.544,0.829,NA
"LMCRS, Marianna",Biomass_kgha,1,0,0,0,0
"LMCRS, Marianna",Biomass_kgha,2,0,0,0,0
"LMCRS, Marianna",Biomass_kgha,3,0,0,0,0
"LMCRS, Marianna",Biomass_kgha,4,0,0,0,0
"LMCRS, Marianna",Biomass_kgha,5,0,0,0,0
"LMCRS, Marianna",Biomass_kgha,6,0,0,0,0
"LMCRS, Marianna",Biomass_kgha,7,0,0,0,0
"LMCRS, Marianna",Biomass_kgha,8,0,0,0,0
"LMCRS, Marianna",Biomass_kgha,9,0,0,0,0
"LMCRS, Marianna",Biomass_kgha,10,0,0,0,0
"LMCRS, Marianna",Biomass_kgha,11,0,0,0,0
"LMCRS, Marianna",Biomass_kgha,12,0,0,0,0
"LMCRS, Marianna",Biomass_kgha,13,0,0,0,0
"LMCRS, Marianna",Biomass_kgha,14,0,0,0,0
"LMCRS, Marianna",Biomass_kgha,15,0,0,0,0
"LMCRS, Marianna",Biomass_kgha,16,0,0,0,0
"LMCRS, Marianna",Biomass_kgha,17,0,0,0,0
"LMCRS, Marianna",Biomass_kgha,18,0,0,0,0
"LMCRS, Marianna",Biomass_kgha,19,0,0,0,0
"LMCRS, Marianna",Biomass_kgha,20,0,0,0,0
"LMCRS, Marianna",Biomass_kgha,21,0,0,0,0
"LMCRS, Marianna",Biomass_kgha,22,0,0,0,0
"LMCRS, Marianna",Biomass_kgha,23,0,0,0,0
"LMCRS, Marianna",Biomass_kgha,24,0,0,0,0
"LMCRS, Marianna",Biomass_kgha,25,0,0,0,0
"LMCRS, Marianna",Biomass_kgha,26,0,0,0,0
"LMCRS, Marianna",Biomass_kgha,27,0,0,0,0
"LMCRS, Marianna",Biomass_kgha,28,0,0,0,0
"LMCRS, Marianna",Biomass_kgha,29,0,0,0,0
"LMCRS, Marianna",Biomass_kgha,30,0,0,0,0
"LMCRS, Marianna",Biomass_kgha,31,0,0,0,0
"LMCRS, Marianna",Biomass_kgha,32,0,0,0,0
"LMCRS, Marianna",Biomass_kgha,33,0,0,0,0
"LMCRS, Marianna",Biomass_kgha,34,0,0,0,0
"LMCRS, Marianna",Biomass_kgha,35,0,0,0,0
"LMCRS, Marianna",Biomass_kgha,36,0,0,0,0
"LMCRS, Marianna",Biomass_kgha,37,0,0,0,0
"LMCRS, Marianna",Biomass_kgha,38,0,0,0,0
"LMCRS, Marianna",Biomass_kgha,39,0,0,0,0
"LMCRS, Marianna",Biomass_kgha,40,0,0,0,0
"LMCRS, Marianna",Biomass_kgha,41,0,0,0,0
"LMCRS, Marianna",Biomass_kgha,42,0,0,0,0
"LMCRS, Marianna",Biomass_kgha,43,0,0,0,0
"LMCRS, Marianna",Biomass_kgha,44,0,0,0,0
"LMCRS, Marianna",Biomass_kgha,45,0,0,0,0
"LMCRS, Marianna",Biomass_kgha,46,0,0,0,0
"LMCRS, Marianna",Biomass_kgha,47,0,0,0,0
"LMCRS, Marianna",Biomass_kgha,48,0,0,0,0
"LMCRS, Marianna",Biomass_kgha,49,0,0,0,0
"LMCRS, Marianna",Biomass_kgha,50,0,0,0,0
"LMCRS, Marianna",Biomass_kgha,51,0,0,0,0
"LMCRS, Marianna",Biomass_kgha,52,0,0,0,0
"LMCRS, Marianna",Biomass_kgha,53,0,0,0,0
"LMCRS, Marianna",Biomass_kgha,54,0,0,0,0
"LMCRS, Marianna",Biomass_kgha,55,0,0,0,0
"LMCRS, Marianna",Biomass_kgha,56,0,0,0,0
"LMCRS, Marianna",Biomass_kgha,57,0,0,0,0
"LMCRS, Marianna",Biomass_kgha,58,0,0,0,0
"LMCRS, Marianna",Biomass_kgha,59,0,0,0,0
"LMCRS, Marianna",Biomass_kgha,60,0,0,0,0
"LMCRS, Marianna",Biomass_kgha,61,0,0,0,0
"LMCRS, Marianna",Biomass_kgha,62,0,0,0,0
"LMCRS, Marianna",Biomass_kgha,63,0,0,0,0
"LMCRS, Marianna",Biomass_kgha,64,0,0,0,0
"LMCRS, Marianna",Biomass_kgha,65,0,0,0,0
"LMCRS, Marianna",Biomass_kgha,66,0,0,0,0
"LMCRS, Marianna",Biomass_kgha,67,0,0,0,0
"LMCRS, Marianna",Biomass_kgha,68,0,0,0,0
"LMCRS, Marianna",Biomass_kgha,69,0,0,0,0
"LMCRS, Marianna",Biomass_kgha,70,0,0,0,0
"LMCRS, Marianna",Biomass_kgha,71,0,0,0,0
"LMCRS, Marianna",Biomass_kgha,72,0,0,0,0
"LMCRS, Marianna",Biomass_kgha,73,0,0,0,0
"LMCRS, Marianna",Biomass_kgha,74,0,0,0,0
"LMCRS, Marianna",Biomass_kgha,75,0,0,0,0
"LMCRS, Marianna",Biomass_kgha,76,0,0,0,0
"LMCRS, Marianna",Biomass_kgha,77,0,0,0,0
"LMCRS, Marianna",Biomass_kgha,78,0,0,0,0
"LMCRS, Marianna",Biomass_kgha,79,0,0,0,0
"LMCRS, Marianna",Biomass_kgha,80,0,0,0,0
"LMCRS, Marianna",Biomass_kgha,81,0,0,0,0
"LMCRS, Marianna",Biomass_kgha,82,0,0,0,0
"LMCRS, Marianna",Biomass_kgha,83,0,0,0,0
"LMCRS, Marianna",Biomass_kgha,84,0,0,0,0
"LMCRS, Marianna",Biomass_kgha,85,0,0,0,0
"LMCRS, Marianna",Biomass_kgha,86,0,0,0,0
"LMCRS, Marianna",Biomass_kgha,87,0,0,0,0
"LMCRS, Marianna",Biomass_kgha,88,0,0,0,0
"LMCRS, Marianna",Biomass_kgha,89,0,0,0,0
"LMCRS, Marianna",Biomass_kgha,90,0,0,0,0
"LMCRS, Marianna",Biomass_kgha,91,0,0,0,0
"LMCRS, Marianna",Biomass_kgha,92,0,0,0,0
"LMCRS, Marianna",Biomass_kgha,93,0,0,0,0
"LMCRS, Marianna",Biomass_kgha,94,0,0,0,0
"LMCRS, Marianna",Biomass_kgha,95,0,0,0,0
"LMCRS, Marianna",Biomass_kgha,96,0,0,0,0
"LMCRS, Marianna",Biomass_kgha,97,0,0,0,0
"LMCRS, Marianna",Biomass_kgha,98,0,0,0,0
"LMCRS, Marianna",Biomass_kgha,99,0,0,0,0
"LMCRS, Marianna",Biomass_kgha,100,0,0,0,0
"LMCRS, Marianna",Biomass_kgha,101,0,0,0,0
"LMCRS, Marianna",Biomass_kgha,102,0,0,0,0
"LMCRS, Marianna",Biomass_kgha,103,0,0,0,0
"LMCRS, Marianna",Biomass_kgha,104,0,0,0,0
"LMCRS, Marianna",Biomass_kgha,105,0,0,0,0
"LMCRS, Marianna",Biomass_kgha,106,0,0,0,0
"LMCRS, Marianna",Biomass_kgha,107,0,0,0,0
"LMCRS, Marianna",Biomass_kgha,108,0,0,0,0
"LMCRS, Marianna",Biomass_kgha,109,0,0,0,0
"LMCRS, Marianna",Biomass_kgha,110,0,0,0,0
"LMCRS, Marianna",Biomass_kgha,111,0,0,0,0
"LMCRS, Marianna",Biomass_kgha,112,0,0,0,0
"LMCRS, Marianna",Biomass_kgha,113,0,0,0,0
"LMCRS, Marianna",Biomass_kgha,114,0,0,0,0
"LMCRS, Marianna",Biomass_kgha,115,0,0,0,0
"LMCRS, Marianna",Biomass_kgha,116,0,0,0,0
"LMCRS, Marianna",Biomass_kgha,117,0,0,0,0
"LMCRS, Marianna",Biomass_kgha,118,0,0,0,0
"LMCRS, Marianna",Biomass_kgha,119,0,0,0,0
"LMCRS, Marianna",Biomass_kgha,120,0,0,0,0
"LMCRS, Marianna",Biomass_kgha,121,0,0,0,0
"LMCRS, Marianna",Biomass_kgha,122,0,0,0,0
"LMCRS, Marianna",Biomass_kgha,123,0,0,0,0
"LMCRS, Marianna",Biomass_kgha,124,0,0,0,0
"LMCRS, Marianna",Biomass_kgha,125,0,0,0,0
"LMCRS, Marianna",Biomass_kgha,126,0,0,0,0
"LMCRS, Marianna",Biomass_kgha,127,0,0,0,0
"LMCRS, Marianna",Biomass_kgha,128,0,0,0,0
"LMCRS, Marianna",Biomass_kgha,129,0,0,0,0
"LMCRS, Marianna",Biomass_kgha,130,0,0,0,0
"LMCRS, Marianna",Biomass_kgha,131,0,0,0,0
"LMCRS, Marianna",Biomass_kgha,132,0,0,0,0
"LMCRS, Marianna",Biomass_kgha,133,0,0,0,0
"LMCRS, Marianna",Biomass_kgha,134,0,0,0,0
"LMCRS, Marianna",Biomass_kgha,135,0,0,0,0
"LMCRS, Marianna",Biomass_kgha,136,0,0,0,0
"LMCRS, Marianna",Biomass_kgha,137,0,0,0,0
"LMCRS, Marianna",Biomass_kgha,138,0,0,0,0
"LMCRS, Marianna",Biomass_kgha,139,0,0,0,0
"LMCRS, Marianna",Biomass_kgha,140,0,0,0,0
"LMCRS, Marianna",Biomass_kgha,141,0,0,0,0
"LMCRS, Marianna",Biomass_kgha,142,0,10,10,10
"LMCRS, Marianna",Biomass_kgha,143,10,10,10,10
"LMCRS, Marianna",Biomass_kgha,144,10,10,10,10
"LMCRS, Marianna",Biomass_kgha,145,10,10,10,10
"LMCRS, Marianna",Biomass_kgha,146,10,10,10,10
"LMCRS, Marianna",Biomass_kgha,147,10,10,14.748,10
"LMCRS, Marianna",Biomass_kgha,148,10,12.494,18.339,13.27
"LMCRS, Marianna",Biomass_kgha,149,10,14.89,22.315,16.298
"LMCRS, Marianna",Biomass_kgha,150,10,18.627,27.3,20.16
"LMCRS, Marianna",Biomass_kgha,151,13.406,22.191,32.891,25.498
"LMCRS, Marianna",Biomass_kgha,152,17.386,27.313,39.804,31.318
"LMCRS, Marianna",Biomass_kgha,153,19.574,31.614,47.628,37.552
"LMCRS, Marianna",Biomass_kgha,154,22.178,38.848,56.262,45.491
"LMCRS, Marianna",Biomass_kgha,155,26.374,47.476,65.693,54.009
"LMCRS, Marianna",Biomass_kgha,156,31.495,55.651,74.874,65.086
"LMCRS, Marianna",Biomass_kgha,157,38.455,63.206,89.518,75.497
"LMCRS, Marianna",Biomass_kgha,158,43.097,76.724,107.74,83.377
"LMCRS, Marianna",Biomass_kgha,159,53.085,91.122,127.373,94.771
"LMCRS, Marianna",Biomass_kgha,160,58.881,105.784,144.886,114.664
"LMCRS, Marianna",Biomass_kgha,161,70.175,124.737,168.847,135.332
"LMCRS, Marianna",Biomass_kgha,162,83.29,141.101,196.845,160.431
"LMCRS, Marianna",Biomass_kgha,163,93.616,164.956,225.144,171.446
"LMCRS, Marianna",Biomass_kgha,164,106.231,192.942,264.379,204.684
"LMCRS, Marianna",Biomass_kgha,165,120.682,222.587,312.063,237.175
"LMCRS, Marianna",Biomass_kgha,166,144.491,255.941,365.091,278.033
"LMCRS, Marianna",Biomass_kgha,167,170.447,296.434,418.293,331.673
"LMCRS, Marianna",Biomass_kgha,168,203.788,335.515,481.094,373.919
"LMCRS, Marianna",Biomass_kgha,169,239.432,391.477,554.769,421.622
"LMCRS, Marianna",Biomass_kgha,170,277.536,453.106,644.014,472.535
"LMCRS, Marianna",Biomass_kgha,171,323.796,524.869,741.288,549.104
"LMCRS, Marianna",Biomass_kgha,172,368.454,594.402,841.709,628.779
"LMCRS, Marianna",Biomass_kgha,173,426.77,676.696,947.351,707.175
"LMCRS, Marianna",Biomass_kgha,174,490.1,767.818,1061.142,804.93
"LMCRS, Marianna",Biomass_kgha,175,555.528,865.915,1174.072,908.184
"LMCRS, Marianna",Biomass_kgha,176,633.191,976.19,1288.442,1017.781
"LMCRS, Marianna",Biomass_kgha,177,697.933,1087.808,1404.122,1109.249
"LMCRS, Marianna",Biomass_kgha,178,788.472,1207.461,1534.733,1239.746
"LMCRS, Marianna",Biomass_kgha,179,891.916,1317.616,1664.551,1371.474
"LMCRS, Marianna",Biomass_kgha,180,996.109,1459.58,1793.45,1507.451
"LMCRS, Marianna",Biomass_kgha,181,1068.922,1580.799,1937.227,1647.247
"LMCRS, Marianna",Biomass_kgha,182,1152.824,1696.84,2062.319,1784.394
"LMCRS, Marianna",Biomass_kgha,183,1269.778,1837.137,2200.288,1922.309
"LMCRS, Marianna",Biomass_kgha,184,1401.965,1979.371,2346.169,2064.806
"LMCRS, Marianna",Biomass_kgha,185,1515.902,2082.453,2492.247,2208.346
"LMCRS, Marianna",Biomass_kgha,186,1658.845,2218.998,2647.101,2359.015
"LMCRS, Marianna",Biomass_kgha,187,1753.676,2343.152,2772.111,2512.556
"LMCRS, Marianna",Biomass_kgha,188,1906.444,2471.352,2920.796,2652.424
"LMCRS, Marianna",Biomass_kgha,189,2050.762,2617.455,3061.135,2803.988
"LMCRS, Marianna",Biomass_kgha,190,2190.065,2745.574,3202.538,2961.141
"LMCRS, Marianna",Biomass_kgha,191,2337.414,2877.066,3342.802,3101.378
"LMCRS, Marianna",Biomass_kgha,192,2482.992,3018.333,3496.746,3258.147
"LMCRS, Marianna",Biomass_kgha,193,2636.861,3177.067,3653.464,3411.783
"LMCRS, Marianna",Biomass_kgha,194,2774.039,3323.387,3787.173,3557.508
"LMCRS, Marianna",Biomass_kgha,195,2890.122,3469.805,3918.985,3672.968
"LMCRS, Marianna",Biomass_kgha,196,3043.696,3625.874,4047.487,3809.066
"LMCRS, Marianna",Biomass_kgha,197,3198.169,3781.466,4182.608,3969.433
"LMCRS, Marianna",Biomass_kgha,198,3335.456,3940.461,4332.848,4121.215
"LMCRS, Marianna",Biomass_kgha,199,3446.427,4045.322,4436.324,4276.074
"LMCRS, Marianna",Biomass_kgha,200,3594.335,4158.309,4583.008,4426.325
"LMCRS, Marianna",Biomass_kgha,201,3750.63,4296.396,4716.599,4559.64
"LMCRS, Marianna",Biomass_kgha,202,3894.655,4415.335,4856.895,4685.772
"LMCRS, Marianna",Biomass_kgha,203,4021.429,4534.074,5016.455,4852.692
"LMCRS, Marianna",Biomass_kgha,204,4152.465,4667.007,5177.529,5002.046
"LMCRS, Marianna",Biomass_kgha,205,4313.114,4813.449,5348.839,5103.084
"LMCRS, Marianna",Biomass_kgha,206,4473.173,4965.295,5524.598,5234.477
"LMCRS, Marianna",Biomass_kgha,207,4614.314,5098.337,5737.207,5434.474
"LMCRS, Marianna",Biomass_kgha,208,4724.546,5269.394,5943.443,5626.119
"LMCRS, Marianna",Biomass_kgha,209,4870.81,5472.974,6136.259,5810.295
"LMCRS, Marianna",Biomass_kgha,210,5028.419,5631.252,6331.886,5985.718
"LMCRS, Marianna",Biomass_kgha,211,5187.978,5816.011,6538.438,6225.37
"LMCRS, Marianna",Biomass_kgha,212,5360.875,6030.571,6795.126,6464.617
"LMCRS, Marianna",Biomass_kgha,213,5509.237,6226.585,7040.941,6715.085
"LMCRS, Marianna",Biomass_kgha,214,5660.395,6454.827,7311.327,NA
"LMCRS, Marianna",Biomass_kgha,215,5815.258,6697.753,7576.997,NA
"LMCRS, Marianna",Biomass_kgha,216,5959.776,6921.142,7786.624,NA
"LMCRS, Marianna",Biomass_kgha,217,6178.957,7110.043,8077.686,NA
"LMCRS, Marianna",Biomass_kgha,218,6368.594,7327.167,8353.382,NA
"LMCRS, Marianna",Biomass_kgha,219,6566.88,7557.641,8610.027,NA
"LMCRS, Marianna",Biomass_kgha,220,6796.135,7787.943,8786.764,NA
"LMCRS, Marianna",Biomass_kgha,221,7004.728,8028.295,9074.721,NA
"LMCRS, Marianna",Biomass_kgha,222,7245.015,8245.734,9342.764,NA
"LMCRS, Marianna",Biomass_kgha,223,7504.29,8437.854,9618.334,NA
"LMCRS, Marianna",Biomass_kgha,224,7788.667,8732.262,9843.422,NA
"LMCRS, Marianna",Biomass_kgha,225,8059.925,8936.167,10012.574,NA
"LMCRS, Marianna",Biomass_kgha,226,8252.248,9176.674,10202.421,NA
"LMCRS, Marianna",Biomass_kgha,227,8512.816,9388.187,10422.583,NA
"LMCRS, Marianna",Biomass_kgha,228,8725.914,9553.155,10615.333,NA
"LMCRS, Marianna",Biomass_kgha,229,8976.663,9730.435,10739.28,NA
"LMCRS, Marianna",Biomass_kgha,230,9107.599,9894.954,10888.059,NA
"LMCRS, Marianna",Biomass_kgha,231,9190.932,10070.794,10997.426,NA
"LMCRS, Marianna",Biomass_kgha,232,9450.051,10231.941,11155.87,NA
"LMCRS, Marianna",Biomass_kgha,233,9654.779,10383.365,11336.853,NA
"LMCRS, Marianna",Biomass_kgha,234,9823.536,10536.831,11499.525,NA
"LMCRS, Marianna",Biomass_kgha,235,9960.494,10672.975,11670.395,NA
"LMCRS, Marianna",Biomass_kgha,236,10122.607,10803.343,11780.638,NA
"LMCRS, Marianna",Biomass_kgha,237,10259.066,10931.188,11865.806,NA
"LMCRS, Marianna",Biomass_kgha,238,10399.64,11057.29,11919.734,NA
"LMCRS, Marianna",Biomass_kgha,239,10503.448,11104.243,12022.406,NA
"LMCRS, Marianna",Biomass_kgha,240,10530.245,11170.355,12005.459,NA
"LMCRS, Marianna",Biomass_kgha,241,10597.502,11230.386,12105.549,NA
"LMCRS, Marianna",Biomass_kgha,242,10632.084,11317.381,12208.439,NA
"LMCRS, Marianna",Biomass_kgha,243,10590.079,11371.543,12286.228,NA
"LMCRS, Marianna",Biomass_kgha,244,10620.11,11430.471,12339.032,NA
"LMCRS, Marianna",Biomass_kgha,245,10652.056,11485.206,12377.458,NA
"LMCRS, Marianna",Biomass_kgha,246,10674.58,11506.526,12408.131,NA
"LMCRS, Marianna",Biomass_kgha,247,10673.556,11500.85,12423.94,NA
"LMCRS, Marianna",Biomass_kgha,248,10623.808,11495.325,12415.194,NA
"LMCRS, Marianna",Biomass_kgha,249,10574.704,11502.177,12365.299,NA
"LMCRS, Marianna",Biomass_kgha,250,10526.167,11510.416,12315.097,NA
"LMCRS, Marianna",Biomass_kgha,251,10478.083,11488.552,12287.493,NA
"LMCRS, Marianna",Biomass_kgha,252,0,11443.879,12322.511,NA
"LMCRS, Marianna",Biomass_kgha,253,0,11380.443,12340.898,NA
"LMCRS, Marianna",Biomass_kgha,254,0,11330.801,12291.001,NA
"LMCRS, Marianna",Biomass_kgha,255,0,11197.815,12240.307,NA
"LMCRS, Marianna",Biomass_kgha,256,0,11156.466,12189.365,NA
"LMCRS, Marianna",Biomass_kgha,257,0,10732.338,12140.328,NA
"LMCRS, Marianna",Biomass_kgha,258,0,0,12093.743,NA
"LMCRS, Marianna",Biomass_kgha,259,0,0,12049.488,NA
"LMCRS, Marianna",Biomass_kgha,260,0,0,12007.445,NA
"LMCRS, Marianna",Biomass_kgha,261,0,0,11967.505,NA
"LMCRS, Marianna",Biomass_kgha,262,0,0,11636.453,NA
"LMCRS, Marianna",Biomass_kgha,263,0,0,11592.163,NA
"LMCRS, Marianna",Biomass_kgha,264,0,0,11550.088,NA
"LMCRS, Marianna",Biomass_kgha,265,0,0,11510.116,NA
"LMCRS, Marianna",Biomass_kgha,266,0,0,11472.143,NA
"LMCRS, Marianna",Biomass_kgha,267,0,0,0,NA
"LMCRS, Marianna",Biomass_kgha,268,0,0,0,NA
"LMCRS, Marianna",Biomass_kgha,269,0,0,0,NA
"LMCRS, Marianna",Biomass_kgha,270,0,0,0,NA
"LMCRS, Marianna",Biomass_kgha,271,0,0,0,NA
"LMCRS, Marianna",Biomass_kgha,272,0,0,0,NA
"LMCRS, Marianna",Biomass_kgha,273,0,0,0,NA
"LMCRS, Marianna",Biomass_kgha,274,0,0,0,NA
"LMCRS, Marianna",Biomass_kgha,275,0,0,0,NA
"LMCRS, Marianna",Biomass_kgha,276,0,0,0,NA
"LMCRS, Marianna",Biomass_kgha,277,0,0,0,NA
"LMCRS, Marianna",Biomass_kgha,278,0,0,0,NA
"LMCRS, Marianna",Biomass_kgha,279,0,0,0,NA
"LMCRS, Marianna",Biomass_kgha,280,0,0,0,NA
"LMCRS, Marianna",Biomass_kgha,281,0,0,0,NA
"LMCRS, Marianna",Biomass_kgha,282,0,0,0,NA
"LMCRS, Marianna",Biomass_kgha,283,0,0,0,NA
"LMCRS, Marianna",Biomass_kgha,284,0,0,0,NA
"LMCRS, Marianna",Biomass_kgha,285,0,0,0,NA
"LMCRS, Marianna",Biomass_kgha,286,0,0,0,NA
"LMCRS, Marianna",Biomass_kgha,287,0,0,0,NA
"LMCRS, Marianna",Biomass_kgha,288,0,0,0,NA
"LMCRS, Marianna",Biomass_kgha,289,0,0,0,NA
"LMCRS, Marianna",Biomass_kgha,290,0,0,0,NA
"LMCRS, Marianna",Biomass_kgha,291,0,0,0,NA
"LMCRS, Marianna",Biomass_kgha,292,0,0,0,NA
"LMCRS, Marianna",Biomass_kgha,293,0,0,0,NA
"LMCRS, Marianna",Biomass_kgha,294,0,0,0,NA
"LMCRS, Marianna",Biomass_kgha,295,0,0,0,NA
"LMCRS, Marianna",Biomass_kgha,296,0,0,0,NA
"LMCRS, Marianna",Biomass_kgha,297,0,0,0,NA
"LMCRS, Marianna",Biomass_kgha,298,0,0,0,NA
"LMCRS, Marianna",Biomass_kgha,299,0,0,0,NA
"LMCRS, Marianna",Biomass_kgha,300,0,0,0,NA
"LMCRS, Marianna",Biomass_kgha,301,0,0,0,NA
"LMCRS, Marianna",Biomass_kgha,302,0,0,0,NA
"LMCRS, Marianna",Biomass_kgha,303,0,0,0,NA
"LMCRS, Marianna",Biomass_kgha,304,0,0,0,NA
"LMCRS, Marianna",Biomass_kgha,305,0,0,0,NA
"LMCRS, Marianna",Biomass_kgha,306,0,0,0,NA
"LMCRS, Marianna",Biomass_kgha,307,0,0,0,NA
"LMCRS, Marianna",Biomass_kgha,308,0,0,0,NA
"LMCRS, Marianna",Biomass_kgha,309,0,0,0,NA
"LMCRS, Marianna",Biomass_kgha,310,0,0,0,NA
"LMCRS, Marianna",Biomass_kgha,311,0,0,0,NA
"LMCRS, Marianna",Biomass_kgha,312,0,0,0,NA
"LMCRS, Marianna",Biomass_kgha,313,0,0,0,NA
"LMCRS, Marianna",Biomass_kgha,314,0,0,0,NA
"LMCRS, Marianna",Biomass_kgha,315,0,0,0,NA
"LMCRS, Marianna",Biomass_kgha,316,0,0,0,NA
"LMCRS, Marianna",Biomass_kgha,317,0,0,0,NA
"LMCRS, Marianna",Biomass_kgha,318,0,0,0,NA
"LMCRS, Marianna",Biomass_kgha,319,0,0,0,NA
"LMCRS, Marianna",Biomass_kgha,320,0,0,0,NA
"LMCRS, Marianna",Biomass_kgha,321,0,0,0,NA
"LMCRS, Marianna",Biomass_kgha,322,0,0,0,NA
"LMCRS, Marianna",Biomass_kgha,323,0,0,0,NA
"LMCRS, Marianna",Biomass_kgha,324,0,0,0,NA
"LMCRS, Marianna",Biomass_kgha,325,0,0,0,NA
"LMCRS, Marianna",Biomass_kgha,326,0,0,0,NA
"LMCRS, Marianna",Biomass_kgha,327,0,0,0,NA
"LMCRS, Marianna",Biomass_kgha,328,0,0,0,NA
"LMCRS, Marianna",Biomass_kgha,329,0,0,0,NA
"LMCRS, Marianna",Biomass_kgha,330,0,0,0,NA
"LMCRS, Marianna",Biomass_kgha,331,0,0,0,NA
"LMCRS, Marianna",Biomass_kgha,332,0,0,0,NA
"LMCRS, Marianna",Biomass_kgha,333,0,0,0,NA
"LMCRS, Marianna",Biomass_kgha,334,0,0,0,NA
"LMCRS, Marianna",Biomass_kgha,335,0,0,0,NA
"LMCRS, Marianna",Biomass_kgha,336,0,0,0,NA
"LMCRS, Marianna",Biomass_kgha,337,0,0,0,NA
"LMCRS, Marianna",Biomass_kgha,338,0,0,0,NA
"LMCRS, Marianna",Biomass_kgha,339,0,0,0,NA
"LMCRS, Marianna",Biomass_kgha,340,0,0,0,NA
"LMCRS, Marianna",Biomass_kgha,341,0,0,0,NA
"LMCRS, Marianna",Biomass_kgha,342,0,0,0,NA
"LMCRS, Marianna",Biomass_kgha,343,0,0,0,NA
"LMCRS, Marianna",Biomass_kgha,344,0,0,0,NA
"LMCRS, Marianna",Biomass_kgha,345,0,0,0,NA
"LMCRS, Marianna",Biomass_kgha,346,0,0,0,NA
"LMCRS, Marianna",Biomass_kgha,347,0,0,0,NA
"LMCRS, Marianna",Biomass_kgha,348,0,0,0,NA
"LMCRS, Marianna",Biomass_kgha,349,0,0,0,NA
"LMCRS, Marianna",Biomass_kgha,350,0,0,0,NA
"LMCRS, Marianna",Biomass_kgha,351,0,0,0,NA
"LMCRS, Marianna",Biomass_kgha,352,0,0,0,NA
"LMCRS, Marianna",Biomass_kgha,353,0,0,0,NA
"LMCRS, Marianna",Biomass_kgha,354,0,0,0,NA
"LMCRS, Marianna",Biomass_kgha,355,0,0,0,NA
"LMCRS, Marianna",Biomass_kgha,356,0,0,0,NA
"LMCRS, Marianna",Biomass_kgha,357,0,0,0,NA
"LMCRS, Marianna",Biomass_kgha,358,0,0,0,NA
"LMCRS, Marianna",Biomass_kgha,359,0,0,0,NA
"LMCRS, Marianna",Biomass_kgha,360,0,0,0,NA
"LMCRS, Marianna",Biomass_kgha,361,0,0,0,NA
"LMCRS, Marianna",Biomass_kgha,362,0,0,0,NA
"LMCRS, Marianna",Biomass_kgha,363,0,0,0,NA
"LMCRS, Marianna",Biomass_kgha,364,0,0,0,NA
"LMCRS, Marianna",Biomass_kgha,365,0,0,0,NA
"LMCRS, Marianna",Biomass_kgha,366,0,0,0,NA
"LMCRS, Marianna",CummRain_in,1,24.624,37.6,58.835,40.454
"LMCRS, Marianna",CummRain_in,2,24.625,37.72,58.835,40.611
"LMCRS, Marianna",CummRain_in,3,24.625,37.736,58.838,40.611
"LMCRS, Marianna",CummRain_in,4,24.625,37.792,58.84,40.611
"LMCRS, Marianna",CummRain_in,5,24.625,37.826,58.84,40.611
"LMCRS, Marianna",CummRain_in,6,24.625,38.536,58.844,40.613
"LMCRS, Marianna",CummRain_in,7,24.625,38.593,58.875,40.613
"LMCRS, Marianna",CummRain_in,8,24.625,38.602,58.875,40.649
"LMCRS, Marianna",CummRain_in,9,24.695,38.607,58.875,41.035
"LMCRS, Marianna",CummRain_in,10,25.618,38.635,58.875,41.509
"LMCRS, Marianna",CummRain_in,11,25.618,39.102,58.875,41.509
"LMCRS, Marianna",CummRain_in,12,25.657,39.275,58.875,41.509
"LMCRS, Marianna",CummRain_in,13,26.066,39.753,58.875,41.585
"LMCRS, Marianna",CummRain_in,14,26.066,39.827,58.875,41.624
"LMCRS, Marianna",CummRain_in,15,26.066,39.871,58.875,41.624
"LMCRS, Marianna",CummRain_in,16,27.114,39.952,59.914,41.636
"LMCRS, Marianna",CummRain_in,17,27.89,40.547,60.207,41.636
"LMCRS, Marianna",CummRain_in,18,27.89,40.83,60.209,41.636
"LMCRS, Marianna",CummRain_in,19,27.89,40.83,60.23,41.636
"LMCRS, Marianna",CummRain_in,20,27.907,40.83,60.967,41.636
"LMCRS, Marianna",CummRain_in,21,27.934,40.925,61.55,42.176
"LMCRS, Marianna",CummRain_in,22,29.214,40.971,61.55,42.18
"LMCRS, Marianna",CummRain_in,23,29.221,41.112,62.264,42.207
"LMCRS, Marianna",CummRain_in,24,29.224,41.327,62.411,42.758
"LMCRS, Marianna",CummRain_in,25,29.226,41.565,62.411,42.955
"LMCRS, Marianna",CummRain_in,26,29.295,41.637,62.411,42.955
"LMCRS, Marianna",CummRain_in,27,29.444,41.949,62.411,42.955
"LMCRS, Marianna",CummRain_in,28,29.528,41.949,62.417,42.955
"LMCRS, Marianna",CummRain_in,29,29.611,42.125,63.372,43.007
"LMCRS, Marianna",CummRain_in,30,29.624,42.165,63.375,43.05
"LMCRS, Marianna",CummRain_in,31,29.624,42.212,63.375,43.05
"LMCRS, Marianna",CummRain_in,32,29.628,42.314,63.385,43.05
"LMCRS, Marianna",CummRain_in,33,29.628,42.536,63.385,43.053
"LMCRS, Marianna",CummRain_in,34,29.628,43.085,63.387,43.323
"LMCRS, Marianna",CummRain_in,35,29.628,43.109,64.173,43.323
"LMCRS, Marianna",CummRain_in,36,29.628,43.264,64.344,43.323
"LMCRS, Marianna",CummRain_in,37,29.628,43.485,64.344,43.323
"LMCRS, Marianna",CummRain_in,38,29.628,43.487,64.344,43.323
"LMCRS, Marianna",CummRain_in,39,29.628,43.494,65.68,43.324
"LMCRS, Marianna",CummRain_in,40,29.628,43.58,65.733,43.336
"LMCRS, Marianna",CummRain_in,41,29.629,43.859,65.733,43.358
"LMCRS, Marianna",CummRain_in,42,29.683,43.859,65.739,43.474
"LMCRS, Marianna",CummRain_in,43,29.719,43.86,65.746,43.474
"LMCRS, Marianna",CummRain_in,44,30.166,44.157,65.759,43.474
"LMCRS, Marianna",CummRain_in,45,30.167,45.466,66.024,43.698
"LMCRS, Marianna",CummRain_in,46,30.167,45.761,66.027,44.949
"LMCRS, Marianna",CummRain_in,47,30.208,45.765,66.027,44.954
"LMCRS, Marianna",CummRain_in,48,30.617,45.973,66.027,44.954
"LMCRS, Marianna",CummRain_in,49,30.942,45.975,66.027,44.955
"LMCRS, Marianna",CummRain_in,50,30.942,46.02,66.027,44.957
"LMCRS, Marianna",CummRain_in,51,30.942,46.146,66.027,44.965
"LMCRS, Marianna",CummRain_in,52,30.944,46.358,66.773,45.085
"LMCRS, Marianna",CummRain_in,53,30.945,46.533,66.836,45.085
"LMCRS, Marianna",CummRain_in,54,31.056,46.663,66.836,45.085
"LMCRS, Marianna",CummRain_in,55,31.087,47.04,66.836,45.085
"LMCRS, Marianna",CummRain_in,56,31.192,47.261,66.836,45.103
"LMCRS, Marianna",CummRain_in,57,32.719,47.689,66.836,45.236
"LMCRS, Marianna",CummRain_in,58,32.719,47.772,66.836,45.237
"LMCRS, Marianna",CummRain_in,59,32.72,47.776,66.836,45.237
"LMCRS, Marianna",CummRain_in,60,32.73,48.381,66.85,45.238
"LMCRS, Marianna",CummRain_in,61,32.735,49.055,66.858,45.248
"LMCRS, Marianna",CummRain_in,62,32.753,49.162,66.858,45.25
"LMCRS, Marianna",CummRain_in,63,32.865,49.202,66.858,45.254
"LMCRS, Marianna",CummRain_in,64,32.865,49.253,66.858,45.256
"LMCRS, Marianna",CummRain_in,65,32.867,49.463,66.858,45.261
"LMCRS, Marianna",CummRain_in,66,32.867,49.501,66.858,45.953
"LMCRS, Marianna",CummRain_in,67,32.882,49.88,66.876,46.439
"LMCRS, Marianna",CummRain_in,68,32.943,50.108,67.199,47.227
"LMCRS, Marianna",CummRain_in,69,33.056,50.108,67.546,47.253
"LMCRS, Marianna",CummRain_in,70,33.144,50.108,67.726,48.254
"LMCRS, Marianna",CummRain_in,71,33.431,50.115,67.973,48.254
"LMCRS, Marianna",CummRain_in,72,33.431,50.115,67.975,48.254
"LMCRS, Marianna",CummRain_in,73,33.431,50.119,68.391,48.254
"LMCRS, Marianna",CummRain_in,74,33.61,50.179,69.146,48.982
"LMCRS, Marianna",CummRain_in,75,34.333,50.45,69.588,48.982
"LMCRS, Marianna",CummRain_in,76,35.226,50.453,69.788,48.982
"LMCRS, Marianna",CummRain_in,77,35.257,50.453,69.806,48.982
"LMCRS, Marianna",CummRain_in,78,35.422,50.683,70.607,48.982
"LMCRS, Marianna",CummRain_in,79,36.433,50.69,70.728,48.982
"LMCRS, Marianna",CummRain_in,80,36.433,51.01,71.465,48.982
"LMCRS, Marianna",CummRain_in,81,36.435,51.375,71.574,48.982
"LMCRS, Marianna",CummRain_in,82,36.437,51.375,72.09,48.982
"LMCRS, Marianna",CummRain_in,83,36.438,51.62,72.828,48.983
"LMCRS, Marianna",CummRain_in,84,36.475,51.902,73.474,48.983
"LMCRS, Marianna",CummRain_in,85,36.683,52.329,73.531,48.983
"LMCRS, Marianna",CummRain_in,86,36.905,52.329,73.552,48.994
"LMCRS, Marianna",CummRain_in,87,37.126,52.355,73.648,48.994
"LMCRS, Marianna",CummRain_in,88,37.128,52.563,74.698,48.994
"LMCRS, Marianna",CummRain_in,89,37.193,53.131,74.817,48.994
"LMCRS, Marianna",CummRain_in,90,37.211,53.435,75.88,49.006
"LMCRS, Marianna",CummRain_in,91,0,0.001,76.541,0.002
"LMCRS, Marianna",CummRain_in,92,0,0.01,1.29,0.041
"LMCRS, Marianna",CummRain_in,93,0,0.238,2.265,0.054
"LMCRS, Marianna",CummRain_in,94,0,0.434,2.993,0.642
"LMCRS, Marianna",CummRain_in,95,0,0.557,5.557,0.645
"LMCRS, Marianna",CummRain_in,96,0,0.79,6.759,0.645
"LMCRS, Marianna",CummRain_in,97,0,0.897,6.759,0.645
"LMCRS, Marianna",CummRain_in,98,0.111,0.931,6.759,0.645
"LMCRS, Marianna",CummRain_in,99,0.111,1.035,6.759,0.645
"LMCRS, Marianna",CummRain_in,100,0.114,1.384,6.775,0.645
"LMCRS, Marianna",CummRain_in,101,0.114,1.659,6.776,0.645
"LMCRS, Marianna",CummRain_in,102,0.115,1.766,6.776,0.645
"LMCRS, Marianna",CummRain_in,103,0.366,2.107,6.776,0.648
"LMCRS, Marianna",CummRain_in,104,0.366,2.402,9.021,0.648
"LMCRS, Marianna",CummRain_in,105,0.367,2.542,9.041,0.649
"LMCRS, Marianna",CummRain_in,106,0.391,2.542,9.041,0.696
"LMCRS, Marianna",CummRain_in,107,0.476,2.614,9.339,0.696
"LMCRS, Marianna",CummRain_in,108,0.553,2.706,9.861,0.83
"LMCRS, Marianna",CummRain_in,109,0.553,3.04,9.937,0.83
"LMCRS, Marianna",CummRain_in,110,0.566,3.285,9.947,0.831
"LMCRS, Marianna",CummRain_in,111,0.781,3.437,10.069,0.831
"LMCRS, Marianna",CummRain_in,112,0.816,3.505,10.117,0.831
"LMCRS, Marianna",CummRain_in,113,0.875,3.789,10.121,0.831
"LMCRS, Marianna",CummRain_in,114,1.009,3.802,10.121,1.184
"LMCRS, Marianna",CummRain_in,115,1.009,3.822,10.2,1.897
"LMCRS, Marianna",CummRain_in,116,1.238,4.254,11.347,1.911
"LMCRS, Marianna",CummRain_in,117,1.311,4.792,13.292,1.952
"LMCRS, Marianna",CummRain_in,118,1.347,4.838,15.869,3.241
"LMCRS, Marianna",CummRain_in,119,1.378,4.838,16.644,3.8
"LMCRS, Marianna",CummRain_in,120,1.659,5.16,16.644,3.8
"LMCRS, Marianna",CummRain_in,121,1.769,5.256,16.644,3.804
"LMCRS, Marianna",CummRain_in,122,2.175,5.798,16.647,3.804
"LMCRS, Marianna",CummRain_in,123,2.33,5.894,17.341,3.804
"LMCRS, Marianna",CummRain_in,124,2.331,6.074,17.844,3.806
"LMCRS, Marianna",CummRain_in,125,2.331,6.074,18.245,4.051
"LMCRS, Marianna",CummRain_in,126,2.331,6.138,18.245,4.971
"LMCRS, Marianna",CummRain_in,127,2.331,6.635,18.256,4.972
"LMCRS, Marianna",CummRain_in,128,2.332,6.666,18.577,4.973
"LMCRS, Marianna",CummRain_in,129,2.332,6.99,18.849,4.98
"LMCRS, Marianna",CummRain_in,130,2.332,7.147,19.1,5.138
"LMCRS, Marianna",CummRain_in,131,2.333,7.281,19.399,5.181
"LMCRS, Marianna",CummRain_in,132,2.451,7.544,19.703,5.181
"LMCRS, Marianna",CummRain_in,133,2.563,7.552,19.799,5.205
"LMCRS, Marianna",CummRain_in,134,2.569,7.776,19.911,5.256
"LMCRS, Marianna",CummRain_in,135,2.619,7.898,20.388,5.677
"LMCRS, Marianna",CummRain_in,136,2.693,7.898,20.461,5.677
"LMCRS, Marianna",CummRain_in,137,2.707,7.898,20.896,5.7
"LMCRS, Marianna",CummRain_in,138,2.765,8.326,21.134,5.713
"LMCRS, Marianna",CummRain_in,139,3.097,8.463,21.326,6.258
"LMCRS, Marianna",CummRain_in,140,3.299,8.529,21.359,7.012
"LMCRS, Marianna",CummRain_in,141,3.355,8.555,21.394,7.227
"LMCRS, Marianna",CummRain_in,142,3.404,8.555,21.471,8.318
"LMCRS, Marianna",CummRain_in,143,3.471,8.57,21.715,9.1
"LMCRS, Marianna",CummRain_in,144,3.651,9.052,22.02,9.289
"LMCRS, Marianna",CummRain_in,145,3.68,9.052,22.77,9.491
"LMCRS, Marianna",CummRain_in,146,3.73,9.052,22.99,9.966
"LMCRS, Marianna",CummRain_in,147,3.854,9.052,23.002,10.142
"LMCRS, Marianna",CummRain_in,148,3.854,9.283,23.035,10.411
"LMCRS, Marianna",CummRain_in,149,3.87,9.499,23.064,10.584
"LMCRS, Marianna",CummRain_in,150,3.873,9.566,23.122,10.609
"LMCRS, Marianna",CummRain_in,151,4.073,9.904,23.186,10.622
"LMCRS, Marianna",CummRain_in,152,4.464,10.165,23.227,10.925
"LMCRS, Marianna",CummRain_in,153,4.482,10.24,23.333,11.039
"LMCRS, Marianna",CummRain_in,154,4.581,10.27,23.485,11.039
"LMCRS, Marianna",CummRain_in,155,4.814,10.407,23.507,11.039
"LMCRS, Marianna",CummRain_in,156,5.136,10.869,23.572,11.04
"LMCRS, Marianna",CummRain_in,157,5.167,10.983,23.584,11.046
"LMCRS, Marianna",CummRain_in,158,5.167,11.102,23.592,11.37
"LMCRS, Marianna",CummRain_in,159,5.167,11.31,23.592,11.484
"LMCRS, Marianna",CummRain_in,160,5.167,11.739,23.593,11.493
"LMCRS, Marianna",CummRain_in,161,5.169,11.741,23.77,11.493
"LMCRS, Marianna",CummRain_in,162,5.18,11.884,24.213,11.493
"LMCRS, Marianna",CummRain_in,163,5.187,11.953,24.505,12.209
"LMCRS, Marianna",CummRain_in,164,5.187,11.959,24.697,13.091
"LMCRS, Marianna",CummRain_in,165,5.187,12.142,24.722,13.232
"LMCRS, Marianna",CummRain_in,166,5.187,12.224,24.834,13.252
"LMCRS, Marianna",CummRain_in,167,5.187,12.429,25.044,13.252
"LMCRS, Marianna",CummRain_in,168,5.188,12.532,25.112,13.253
"LMCRS, Marianna",CummRain_in,169,5.215,12.678,25.126,13.291
"LMCRS, Marianna",CummRain_in,170,5.217,12.921,25.147,13.402
"LMCRS, Marianna",CummRain_in,171,5.217,13.248,25.235,13.86
"LMCRS, Marianna",CummRain_in,172,5.22,13.29,25.49,14.009
"LMCRS, Marianna",CummRain_in,173,5.233,13.468,25.82,14.824
"LMCRS, Marianna",CummRain_in,174,5.241,13.535,26.127,14.826
"LMCRS, Marianna",CummRain_in,175,5.256,13.535,26.373,14.901
"LMCRS, Marianna",CummRain_in,176,5.257,13.766,26.41,14.957
"LMCRS, Marianna",CummRain_in,177,5.259,13.811,26.411,14.962
"LMCRS, Marianna",CummRain_in,178,5.259,13.882,26.413,14.962
"LMCRS, Marianna",CummRain_in,179,5.259,13.922,26.422,14.962
"LMCRS, Marianna",CummRain_in,180,5.259,14.198,26.422,14.962
"LMCRS, Marianna",CummRain_in,181,5.398,14.27,26.424,14.962
"LMCRS, Marianna",CummRain_in,182,5.702,14.271,26.446,15.021
"LMCRS, Marianna",CummRain_in,183,6.069,14.437,26.542,15.13
"LMCRS, Marianna",CummRain_in,184,6.335,14.633,26.759,15.197
"LMCRS, Marianna",CummRain_in,185,6.335,15.14,26.831,15.456
"LMCRS, Marianna",CummRain_in,186,6.342,15.427,26.836,15.712
"LMCRS, Marianna",CummRain_in,187,6.348,15.464,26.837,15.826
"LMCRS, Marianna",CummRain_in,188,6.408,15.484,26.844,15.939
"LMCRS, Marianna",CummRain_in,189,6.451,15.503,26.846,16.011
"LMCRS, Marianna",CummRain_in,190,6.747,15.621,26.852,16.147
"LMCRS, Marianna",CummRain_in,191,6.819,15.707,26.852,16.222
"LMCRS, Marianna",CummRain_in,192,7.136,15.776,26.852,16.47
"LMCRS, Marianna",CummRain_in,193,7.67,15.935,26.867,16.719
"LMCRS, Marianna",CummRain_in,194,8.307,16.069,26.898,16.826
"LMCRS, Marianna",CummRain_in,195,8.436,16.161,26.905,17.147
"LMCRS, Marianna",CummRain_in,196,8.683,16.266,26.905,17.683
"LMCRS, Marianna",CummRain_in,197,8.82,16.281,26.908,17.704
"LMCRS, Marianna",CummRain_in,198,8.833,16.315,27.054,17.807
"LMCRS, Marianna",CummRain_in,199,8.878,16.329,27.307,17.825
"LMCRS, Marianna",CummRain_in,200,8.9,16.452,27.366,17.838
"LMCRS, Marianna",CummRain_in,201,8.919,16.588,27.511,18.015
"LMCRS, Marianna",CummRain_in,202,8.943,16.642,27.557,18.071
"LMCRS, Marianna",CummRain_in,203,8.973,16.653,27.565,18.085
"LMCRS, Marianna",CummRain_in,204,9.008,16.656,27.604,18.093
"LMCRS, Marianna",CummRain_in,205,9.008,16.753,28.237,18.361
"LMCRS, Marianna",CummRain_in,206,9.008,16.812,28.883,18.592
"LMCRS, Marianna",CummRain_in,207,9.008,17.172,28.936,18.655
"LMCRS, Marianna",CummRain_in,208,9.056,17.173,28.989,18.667
"LMCRS, Marianna",CummRain_in,209,9.058,17.348,29.081,18.701
"LMCRS, Marianna",CummRain_in,210,9.058,17.46,29.141,19.035
"LMCRS, Marianna",CummRain_in,211,9.058,17.836,29.143,19.065
"LMCRS, Marianna",CummRain_in,212,9.061,17.855,29.143,19.217
"LMCRS, Marianna",CummRain_in,213,9.087,18.177,29.143,19.298
"LMCRS, Marianna",CummRain_in,214,9.093,18.237,29.143,NA
"LMCRS, Marianna",CummRain_in,215,9.131,18.273,29.149,NA
"LMCRS, Marianna",CummRain_in,216,9.244,18.296,29.149,NA
"LMCRS, Marianna",CummRain_in,217,9.254,18.359,29.159,NA
"LMCRS, Marianna",CummRain_in,218,9.311,18.475,29.186,NA
"LMCRS, Marianna",CummRain_in,219,9.344,18.529,29.283,NA
"LMCRS, Marianna",CummRain_in,220,9.352,18.807,29.425,NA
"LMCRS, Marianna",CummRain_in,221,9.4,18.856,29.606,NA
"LMCRS, Marianna",CummRain_in,222,9.463,18.864,29.663,NA
"LMCRS, Marianna",CummRain_in,223,9.475,19.57,29.663,NA
"LMCRS, Marianna",CummRain_in,224,9.475,19.628,29.663,NA
"LMCRS, Marianna",CummRain_in,225,9.488,19.688,29.666,NA
"LMCRS, Marianna",CummRain_in,226,10.076,19.758,29.666,NA
"LMCRS, Marianna",CummRain_in,227,10.087,19.76,29.681,NA
"LMCRS, Marianna",CummRain_in,228,10.089,19.76,29.746,NA
"LMCRS, Marianna",CummRain_in,229,10.243,19.76,30.143,NA
"LMCRS, Marianna",CummRain_in,230,10.544,19.76,30.208,NA
"LMCRS, Marianna",CummRain_in,231,10.78,19.76,30.208,NA
"LMCRS, Marianna",CummRain_in,232,10.78,19.76,30.208,NA
"LMCRS, Marianna",CummRain_in,233,10.781,19.76,30.254,NA
"LMCRS, Marianna",CummRain_in,234,10.781,19.76,30.254,NA
"LMCRS, Marianna",CummRain_in,235,10.781,19.76,30.254,NA
"LMCRS, Marianna",CummRain_in,236,10.781,19.76,30.279,NA
"LMCRS, Marianna",CummRain_in,237,10.783,19.76,30.428,NA
"LMCRS, Marianna",CummRain_in,238,10.952,19.783,30.615,NA
"LMCRS, Marianna",CummRain_in,239,10.963,20.202,30.948,NA
"LMCRS, Marianna",CummRain_in,240,10.97,20.202,31.669,NA
"LMCRS, Marianna",CummRain_in,241,10.97,20.202,32.11,NA
"LMCRS, Marianna",CummRain_in,242,10.974,20.202,32.631,NA
"LMCRS, Marianna",CummRain_in,243,11.907,20.204,32.725,NA
"LMCRS, Marianna",CummRain_in,244,12.829,20.208,32.823,NA
"LMCRS, Marianna",CummRain_in,245,13.068,20.208,32.893,NA
"LMCRS, Marianna",CummRain_in,246,13.135,20.278,32.943,NA
"LMCRS, Marianna",CummRain_in,247,13.449,20.398,33.029,NA
"LMCRS, Marianna",CummRain_in,248,13.449,20.762,33.247,NA
"LMCRS, Marianna",CummRain_in,249,13.459,20.813,33.337,NA
"LMCRS, Marianna",CummRain_in,250,13.761,20.85,33.493,NA
"LMCRS, Marianna",CummRain_in,251,13.911,20.853,33.744,NA
"LMCRS, Marianna",CummRain_in,252,13.911,20.853,33.944,NA
"LMCRS, Marianna",CummRain_in,253,13.911,20.862,33.973,NA
"LMCRS, Marianna",CummRain_in,254,14.087,21.111,33.973,NA
"LMCRS, Marianna",CummRain_in,255,14.392,21.296,33.973,NA
"LMCRS, Marianna",CummRain_in,256,14.404,21.396,33.979,NA
"LMCRS, Marianna",CummRain_in,257,14.404,21.398,33.979,NA
"LMCRS, Marianna",CummRain_in,258,14.427,21.398,34.104,NA
"LMCRS, Marianna",CummRain_in,259,14.522,21.398,34.236,NA
"LMCRS, Marianna",CummRain_in,260,15.247,21.489,34.549,NA
"LMCRS, Marianna",CummRain_in,261,15.46,21.613,35.1,NA
"LMCRS, Marianna",CummRain_in,262,15.55,21.795,35.226,NA
"LMCRS, Marianna",CummRain_in,263,15.578,22.109,35.49,NA
"LMCRS, Marianna",CummRain_in,264,15.58,22.41,35.927,NA
"LMCRS, Marianna",CummRain_in,265,15.589,22.651,36.157,NA
"LMCRS, Marianna",CummRain_in,266,15.617,23.024,36.445,NA
"LMCRS, Marianna",CummRain_in,267,15.92,23.026,36.816,NA
"LMCRS, Marianna",CummRain_in,268,16.141,23.035,36.947,NA
"LMCRS, Marianna",CummRain_in,269,16.151,23.304,37.063,NA
"LMCRS, Marianna",CummRain_in,270,16.151,23.491,37.064,NA
"LMCRS, Marianna",CummRain_in,271,16.152,23.491,37.064,NA
"LMCRS, Marianna",CummRain_in,272,16.165,23.491,37.064,NA
"LMCRS, Marianna",CummRain_in,273,16.239,23.491,37.064,NA
"LMCRS, Marianna",CummRain_in,274,16.278,23.554,37.257,NA
"LMCRS, Marianna",CummRain_in,275,16.501,23.569,37.62,NA
"LMCRS, Marianna",CummRain_in,276,16.811,23.569,37.637,NA
"LMCRS, Marianna",CummRain_in,277,16.883,24.139,39.122,NA
"LMCRS, Marianna",CummRain_in,278,17.123,24.154,39.128,NA
"LMCRS, Marianna",CummRain_in,279,17.457,24.157,39.332,NA
"LMCRS, Marianna",CummRain_in,280,17.457,24.858,39.406,NA
"LMCRS, Marianna",CummRain_in,281,17.461,24.997,39.561,NA
"LMCRS, Marianna",CummRain_in,282,17.462,25.017,40.489,NA
"LMCRS, Marianna",CummRain_in,283,17.494,25.047,40.491,NA
"LMCRS, Marianna",CummRain_in,284,17.494,25.143,40.763,NA
"LMCRS, Marianna",CummRain_in,285,17.494,25.183,41.11,NA
"LMCRS, Marianna",CummRain_in,286,17.495,25.194,42.933,NA
"LMCRS, Marianna",CummRain_in,287,17.495,25.194,43.004,NA
"LMCRS, Marianna",CummRain_in,288,17.495,25.221,43.167,NA
"LMCRS, Marianna",CummRain_in,289,17.5,25.357,43.17,NA
"LMCRS, Marianna",CummRain_in,290,17.617,25.73,43.17,NA
"LMCRS, Marianna",CummRain_in,291,17.759,25.929,43.17,NA
"LMCRS, Marianna",CummRain_in,292,17.844,26.31,43.17,NA
"LMCRS, Marianna",CummRain_in,293,17.844,26.31,43.17,NA
"LMCRS, Marianna",CummRain_in,294,17.844,26.314,43.198,NA
"LMCRS, Marianna",CummRain_in,295,17.845,27.32,44.559,NA
"LMCRS, Marianna",CummRain_in,296,17.845,27.388,44.843,NA
"LMCRS, Marianna",CummRain_in,297,17.845,27.388,44.843,NA
"LMCRS, Marianna",CummRain_in,298,17.845,27.492,44.843,NA
"LMCRS, Marianna",CummRain_in,299,17.845,27.492,44.863,NA
"LMCRS, Marianna",CummRain_in,300,17.845,27.492,45.822,NA
"LMCRS, Marianna",CummRain_in,301,17.85,27.492,46.021,NA
"LMCRS, Marianna",CummRain_in,302,17.85,27.722,47.016,NA
"LMCRS, Marianna",CummRain_in,303,17.853,27.722,49.625,NA
"LMCRS, Marianna",CummRain_in,304,17.854,27.811,49.627,NA
"LMCRS, Marianna",CummRain_in,305,17.857,27.811,49.627,NA
"LMCRS, Marianna",CummRain_in,306,17.857,27.82,49.627,NA
"LMCRS, Marianna",CummRain_in,307,18.254,27.82,49.627,NA
"LMCRS, Marianna",CummRain_in,308,18.482,27.909,49.627,NA
"LMCRS, Marianna",CummRain_in,309,18.572,27.914,49.627,NA
"LMCRS, Marianna",CummRain_in,310,18.573,28.146,49.627,NA
"LMCRS, Marianna",CummRain_in,311,18.872,28.602,49.627,NA
"LMCRS, Marianna",CummRain_in,312,18.989,28.675,49.627,NA
"LMCRS, Marianna",CummRain_in,313,19.146,29.168,49.627,NA
"LMCRS, Marianna",CummRain_in,314,19.57,29.168,49.627,NA
"LMCRS, Marianna",CummRain_in,315,19.57,29.176,49.627,NA
"LMCRS, Marianna",CummRain_in,316,19.608,29.235,49.627,NA
"LMCRS, Marianna",CummRain_in,317,19.661,29.235,49.627,NA
"LMCRS, Marianna",CummRain_in,318,19.884,29.744,49.627,NA
"LMCRS, Marianna",CummRain_in,319,19.89,30.188,49.717,NA
"LMCRS, Marianna",CummRain_in,320,19.896,30.728,49.97,NA
"LMCRS, Marianna",CummRain_in,321,19.896,30.73,49.972,NA
"LMCRS, Marianna",CummRain_in,322,19.913,30.843,49.972,NA
"LMCRS, Marianna",CummRain_in,323,19.987,30.843,49.972,NA
"LMCRS, Marianna",CummRain_in,324,20.412,30.843,49.972,NA
"LMCRS, Marianna",CummRain_in,325,20.413,30.843,49.973,NA
"LMCRS, Marianna",CummRain_in,326,20.413,30.843,49.974,NA
"LMCRS, Marianna",CummRain_in,327,20.417,30.854,49.98,NA
"LMCRS, Marianna",CummRain_in,328,20.417,31.351,49.998,NA
"LMCRS, Marianna",CummRain_in,329,20.417,31.533,49.998,NA
"LMCRS, Marianna",CummRain_in,330,20.417,32.001,49.998,NA
"LMCRS, Marianna",CummRain_in,331,20.417,32.19,49.998,NA
"LMCRS, Marianna",CummRain_in,332,20.418,32.19,49.999,NA
"LMCRS, Marianna",CummRain_in,333,20.454,32.384,50.552,NA
"LMCRS, Marianna",CummRain_in,334,20.581,32.384,51.522,NA
"LMCRS, Marianna",CummRain_in,335,20.585,32.385,51.524,NA
"LMCRS, Marianna",CummRain_in,336,20.585,32.761,52.158,NA
"LMCRS, Marianna",CummRain_in,337,20.63,32.924,52.159,NA
"LMCRS, Marianna",CummRain_in,338,20.836,32.924,52.159,NA
"LMCRS, Marianna",CummRain_in,339,20.903,33.366,52.159,NA
"LMCRS, Marianna",CummRain_in,340,21.106,33.507,52.176,NA
"LMCRS, Marianna",CummRain_in,341,21.719,33.507,52.244,NA
"LMCRS, Marianna",CummRain_in,342,22.251,33.507,54.03,NA
"LMCRS, Marianna",CummRain_in,343,22.262,33.507,54.03,NA
"LMCRS, Marianna",CummRain_in,344,23.222,33.507,54.03,NA
"LMCRS, Marianna",CummRain_in,345,23.338,33.507,54.03,NA
"LMCRS, Marianna",CummRain_in,346,23.338,33.726,54.665,NA
"LMCRS, Marianna",CummRain_in,347,23.346,34.57,54.715,NA
"LMCRS, Marianna",CummRain_in,348,24.088,35.503,54.716,NA
"LMCRS, Marianna",CummRain_in,349,24.109,35.511,54.716,NA
"LMCRS, Marianna",CummRain_in,350,24.109,35.522,54.716,NA
"LMCRS, Marianna",CummRain_in,351,24.109,35.522,54.719,NA
"LMCRS, Marianna",CummRain_in,352,24.109,35.992,54.721,NA
"LMCRS, Marianna",CummRain_in,353,24.109,35.994,54.721,NA
"LMCRS, Marianna",CummRain_in,354,24.109,35.994,54.721,NA
"LMCRS, Marianna",CummRain_in,355,24.109,35.994,54.721,NA
"LMCRS, Marianna",CummRain_in,356,24.109,36.95,54.743,NA
"LMCRS, Marianna",CummRain_in,357,24.109,36.95,56.512,NA
"LMCRS, Marianna",CummRain_in,358,24.597,37.212,58.597,NA
"LMCRS, Marianna",CummRain_in,359,24.613,37.23,58.605,NA
"LMCRS, Marianna",CummRain_in,360,24.613,37.23,58.605,NA
"LMCRS, Marianna",CummRain_in,361,24.613,37.249,58.605,NA
"LMCRS, Marianna",CummRain_in,362,24.613,37.403,58.605,NA
"LMCRS, Marianna",CummRain_in,363,24.613,37.596,58.606,NA
"LMCRS, Marianna",CummRain_in,364,24.624,37.597,58.8,NA
"LMCRS, Marianna",CummRain_in,365,24.624,37.599,58.833,NA
"LMCRS, Marianna",CummRain_in,366,27.899,37.453,52.198,NA
"LMCRS, Marianna",rel_sw_12in,1,0.624,0.63,0.714,0.625
"LMCRS, Marianna",rel_sw_12in,2,0.618,0.63,0.813,0.644
"LMCRS, Marianna",rel_sw_12in,3,0.615,0.631,0.851,0.639
"LMCRS, Marianna",rel_sw_12in,4,0.608,0.642,0.812,0.632
"LMCRS, Marianna",rel_sw_12in,5,0.601,0.657,0.771,0.624
"LMCRS, Marianna",rel_sw_12in,6,0.596,0.663,0.794,0.616
"LMCRS, Marianna",rel_sw_12in,7,0.592,0.666,0.854,0.609
"LMCRS, Marianna",rel_sw_12in,8,0.584,0.666,0.834,0.609
"LMCRS, Marianna",rel_sw_12in,9,0.59,0.671,0.794,0.653
"LMCRS, Marianna",rel_sw_12in,10,0.59,0.673,0.805,0.703
"LMCRS, Marianna",rel_sw_12in,11,0.583,0.666,0.893,0.685
"LMCRS, Marianna",rel_sw_12in,12,0.577,0.666,0.879,0.668
"LMCRS, Marianna",rel_sw_12in,13,0.574,0.657,0.945,0.659
"LMCRS, Marianna",rel_sw_12in,14,0.571,0.649,0.97,0.652
"LMCRS, Marianna",rel_sw_12in,15,0.568,0.64,0.922,0.639
"LMCRS, Marianna",rel_sw_12in,16,0.566,0.64,0.867,0.63
"LMCRS, Marianna",rel_sw_12in,17,0.576,0.663,0.817,0.624
"LMCRS, Marianna",rel_sw_12in,18,0.593,0.682,0.858,0.619
"LMCRS, Marianna",rel_sw_12in,19,0.586,0.687,0.838,0.612
"LMCRS, Marianna",rel_sw_12in,20,0.581,0.666,0.809,0.604
"LMCRS, Marianna",rel_sw_12in,21,0.584,0.665,0.788,0.67
"LMCRS, Marianna",rel_sw_12in,22,0.581,0.672,0.817,0.658
"LMCRS, Marianna",rel_sw_12in,23,0.579,0.682,0.823,0.651
"LMCRS, Marianna",rel_sw_12in,24,0.576,0.668,0.874,0.71
"LMCRS, Marianna",rel_sw_12in,25,0.574,0.664,0.859,0.722
"LMCRS, Marianna",rel_sw_12in,26,0.571,0.658,0.831,0.705
"LMCRS, Marianna",rel_sw_12in,27,0.57,0.661,0.906,0.687
"LMCRS, Marianna",rel_sw_12in,28,0.567,0.655,0.861,0.668
"LMCRS, Marianna",rel_sw_12in,29,0.565,0.655,0.842,0.657
"LMCRS, Marianna",rel_sw_12in,30,0.562,0.647,0.874,0.651
"LMCRS, Marianna",rel_sw_12in,31,0.56,0.643,0.832,0.643
"LMCRS, Marianna",rel_sw_12in,32,0.558,0.656,0.791,0.636
"LMCRS, Marianna",rel_sw_12in,33,0.568,0.663,0.883,0.627
"LMCRS, Marianna",rel_sw_12in,34,0.575,0.657,0.982,0.656
"LMCRS, Marianna",rel_sw_12in,35,0.597,0.664,0.932,0.646
"LMCRS, Marianna",rel_sw_12in,36,0.595,0.658,0.874,0.636
"LMCRS, Marianna",rel_sw_12in,37,0.591,0.674,0.82,0.622
"LMCRS, Marianna",rel_sw_12in,38,0.587,0.668,0.793,0.611
"LMCRS, Marianna",rel_sw_12in,39,0.584,0.654,0.785,0.605
"LMCRS, Marianna",rel_sw_12in,40,0.581,0.649,0.788,0.599
"LMCRS, Marianna",rel_sw_12in,41,0.578,0.65,0.893,0.597
"LMCRS, Marianna",rel_sw_12in,42,0.581,0.657,0.92,0.603
"LMCRS, Marianna",rel_sw_12in,43,0.581,0.657,0.966,0.593
"LMCRS, Marianna",rel_sw_12in,44,0.578,0.664,0.916,0.589
"LMCRS, Marianna",rel_sw_12in,45,0.575,0.663,0.862,0.613
"LMCRS, Marianna",rel_sw_12in,46,0.573,0.672,0.902,0.73
"LMCRS, Marianna",rel_sw_12in,47,0.583,0.658,0.997,0.708
"LMCRS, Marianna",rel_sw_12in,48,0.58,0.67,0.939,0.689
"LMCRS, Marianna",rel_sw_12in,49,0.582,0.666,0.883,0.67
"LMCRS, Marianna",rel_sw_12in,50,0.587,0.653,0.935,0.65
"LMCRS, Marianna",rel_sw_12in,51,0.584,0.652,0.947,0.635
"LMCRS, Marianna",rel_sw_12in,52,0.585,0.671,0.899,0.637
"LMCRS, Marianna",rel_sw_12in,53,0.581,0.671,0.965,0.622
"LMCRS, Marianna",rel_sw_12in,54,0.593,0.657,0.997,0.615
"LMCRS, Marianna",rel_sw_12in,55,0.589,0.659,0.933,0.61
"LMCRS, Marianna",rel_sw_12in,56,0.59,0.681,0.91,0.606
"LMCRS, Marianna",rel_sw_12in,57,0.587,0.672,0.854,0.617
"LMCRS, Marianna",rel_sw_12in,58,0.584,0.671,0.878,0.604
"LMCRS, Marianna",rel_sw_12in,59,0.582,0.655,0.943,0.601
"LMCRS, Marianna",rel_sw_12in,60,0.579,0.669,0.987,0.598
"LMCRS, Marianna",rel_sw_12in,61,0.577,0.661,0.94,0.595
"LMCRS, Marianna",rel_sw_12in,62,0.574,0.649,0.89,0.592
"LMCRS, Marianna",rel_sw_12in,63,0.572,0.664,0.862,0.59
"LMCRS, Marianna",rel_sw_12in,64,0.57,0.663,0.906,0.587
"LMCRS, Marianna",rel_sw_12in,65,0.568,0.652,0.849,0.585
"LMCRS, Marianna",rel_sw_12in,66,0.566,0.649,0.872,0.669
"LMCRS, Marianna",rel_sw_12in,67,0.564,0.647,0.836,0.712
"LMCRS, Marianna",rel_sw_12in,68,0.562,0.67,0.806,0.779
"LMCRS, Marianna",rel_sw_12in,69,0.562,0.658,0.817,0.75
"LMCRS, Marianna",rel_sw_12in,70,0.586,0.652,0.923,0.82
"LMCRS, Marianna",rel_sw_12in,71,0.584,0.663,0.932,0.771
"LMCRS, Marianna",rel_sw_12in,72,0.581,0.651,0.965,0.724
"LMCRS, Marianna",rel_sw_12in,73,0.591,0.64,0.965,0.69
"LMCRS, Marianna",rel_sw_12in,74,0.592,0.66,0.937,0.741
"LMCRS, Marianna",rel_sw_12in,75,0.589,0.663,0.878,0.709
"LMCRS, Marianna",rel_sw_12in,76,0.586,0.656,0.862,0.677
"LMCRS, Marianna",rel_sw_12in,77,0.583,0.648,0.909,0.653
"LMCRS, Marianna",rel_sw_12in,78,0.58,0.655,0.931,0.637
"LMCRS, Marianna",rel_sw_12in,79,0.582,0.646,0.955,0.626
"LMCRS, Marianna",rel_sw_12in,80,0.58,0.644,0.895,0.617
"LMCRS, Marianna",rel_sw_12in,81,0.578,0.644,0.839,0.611
"LMCRS, Marianna",rel_sw_12in,82,0.575,0.642,0.818,0.607
"LMCRS, Marianna",rel_sw_12in,83,0.573,0.638,0.859,0.603
"LMCRS, Marianna",rel_sw_12in,84,0.571,0.656,0.894,0.6
"LMCRS, Marianna",rel_sw_12in,85,0.569,0.644,0.858,0.597
"LMCRS, Marianna",rel_sw_12in,86,0.577,0.641,0.847,0.594
"LMCRS, Marianna",rel_sw_12in,87,0.572,0.634,0.832,0.592
"LMCRS, Marianna",rel_sw_12in,88,0.57,0.648,0.863,0.589
"LMCRS, Marianna",rel_sw_12in,89,0.568,0.653,0.84,0.587
"LMCRS, Marianna",rel_sw_12in,90,0.584,0.663,0.921,0.585
"LMCRS, Marianna",rel_sw_12in,91,0.581,0.657,0.964,0.583
"LMCRS, Marianna",rel_sw_12in,92,0.579,0.647,0.934,0.581
"LMCRS, Marianna",rel_sw_12in,93,0.577,0.651,0.897,0.579
"LMCRS, Marianna",rel_sw_12in,94,0.592,0.668,0.867,0.65
"LMCRS, Marianna",rel_sw_12in,95,0.589,0.658,0.97,0.63
"LMCRS, Marianna",rel_sw_12in,96,0.586,0.665,0.996,0.621
"LMCRS, Marianna",rel_sw_12in,97,0.59,0.655,0.929,0.614
"LMCRS, Marianna",rel_sw_12in,98,0.588,0.65,0.867,0.609
"LMCRS, Marianna",rel_sw_12in,99,0.585,0.653,0.81,0.604
"LMCRS, Marianna",rel_sw_12in,100,0.587,0.645,0.825,0.601
"LMCRS, Marianna",rel_sw_12in,101,0.588,0.638,0.886,0.597
"LMCRS, Marianna",rel_sw_12in,102,0.586,0.663,0.867,0.594
"LMCRS, Marianna",rel_sw_12in,103,0.591,0.664,0.923,0.591
"LMCRS, Marianna",rel_sw_12in,104,0.588,0.67,0.996,0.589
"LMCRS, Marianna",rel_sw_12in,105,0.585,0.668,0.927,0.586
"LMCRS, Marianna",rel_sw_12in,106,0.583,0.65,0.865,0.584
"LMCRS, Marianna",rel_sw_12in,107,0.583,0.637,0.849,0.582
"LMCRS, Marianna",rel_sw_12in,108,0.58,0.634,0.865,0.595
"LMCRS, Marianna",rel_sw_12in,109,0.583,0.631,0.821,0.581
"LMCRS, Marianna",rel_sw_12in,110,0.584,0.633,0.861,0.579
"LMCRS, Marianna",rel_sw_12in,111,0.591,0.647,0.826,0.577
"LMCRS, Marianna",rel_sw_12in,112,0.589,0.655,0.853,0.575
"LMCRS, Marianna",rel_sw_12in,113,0.59,0.645,0.892,0.573
"LMCRS, Marianna",rel_sw_12in,114,0.59,0.651,0.897,0.615
"LMCRS, Marianna",rel_sw_12in,115,0.587,0.655,0.865,0.678
"LMCRS, Marianna",rel_sw_12in,116,0.586,0.655,0.902,0.659
"LMCRS, Marianna",rel_sw_12in,117,0.587,0.653,0.988,0.646
"LMCRS, Marianna",rel_sw_12in,118,0.587,0.643,0.971,0.747
"LMCRS, Marianna",rel_sw_12in,119,0.589,0.648,0.993,0.784
"LMCRS, Marianna",rel_sw_12in,120,0.587,0.668,0.953,0.746
"LMCRS, Marianna",rel_sw_12in,121,0.585,0.656,0.923,0.708
"LMCRS, Marianna",rel_sw_12in,122,0.591,0.659,0.967,0.68
"LMCRS, Marianna",rel_sw_12in,123,0.59,0.666,0.984,0.658
"LMCRS, Marianna",rel_sw_12in,124,0.588,0.67,0.961,0.643
"LMCRS, Marianna",rel_sw_12in,125,0.585,0.661,0.976,0.662
"LMCRS, Marianna",rel_sw_12in,126,0.583,0.66,0.976,0.741
"LMCRS, Marianna",rel_sw_12in,127,0.589,0.646,0.918,0.704
"LMCRS, Marianna",rel_sw_12in,128,0.587,0.646,0.913,0.673
"LMCRS, Marianna",rel_sw_12in,129,0.586,0.646,0.939,0.652
"LMCRS, Marianna",rel_sw_12in,130,0.584,0.65,0.944,0.648
"LMCRS, Marianna",rel_sw_12in,131,0.582,0.641,0.937,0.628
"LMCRS, Marianna",rel_sw_12in,132,0.58,0.63,0.91,0.618
"LMCRS, Marianna",rel_sw_12in,133,0.578,0.645,0.885,0.611
"LMCRS, Marianna",rel_sw_12in,134,0.577,0.642,0.843,0.605
"LMCRS, Marianna",rel_sw_12in,135,0.575,0.636,0.86,0.636
"LMCRS, Marianna",rel_sw_12in,136,0.573,0.629,0.827,0.62
"LMCRS, Marianna",rel_sw_12in,137,0.572,0.63,0.888,0.612
"LMCRS, Marianna",rel_sw_12in,138,0.57,0.626,0.85,0.606
"LMCRS, Marianna",rel_sw_12in,139,0.572,0.62,0.812,0.655
"LMCRS, Marianna",rel_sw_12in,140,0.573,0.616,0.818,0.72
"LMCRS, Marianna",rel_sw_12in,141,0.57,0.616,0.818,0.723
"LMCRS, Marianna",rel_sw_12in,142,0.571,0.607,0.773,0.792
"LMCRS, Marianna",rel_sw_12in,143,0.569,0.609,0.737,0.834
"LMCRS, Marianna",rel_sw_12in,144,0.567,0.625,0.766,0.804
"LMCRS, Marianna",rel_sw_12in,145,0.569,0.62,0.816,0.781
"LMCRS, Marianna",rel_sw_12in,146,0.569,0.628,0.877,0.783
"LMCRS, Marianna",rel_sw_12in,147,0.571,0.627,0.846,0.753
"LMCRS, Marianna",rel_sw_12in,148,0.59,0.629,0.791,0.736
"LMCRS, Marianna",rel_sw_12in,149,0.59,0.644,0.783,0.71
"LMCRS, Marianna",rel_sw_12in,150,0.586,0.631,0.789,0.672
"LMCRS, Marianna",rel_sw_12in,151,0.588,0.622,0.784,0.643
"LMCRS, Marianna",rel_sw_12in,152,0.585,0.617,0.741,0.644
"LMCRS, Marianna",rel_sw_12in,153,0.583,0.616,0.722,0.628
"LMCRS, Marianna",rel_sw_12in,154,0.582,0.624,0.717,0.611
"LMCRS, Marianna",rel_sw_12in,155,0.583,0.625,0.795,0.6
"LMCRS, Marianna",rel_sw_12in,156,0.581,0.625,0.793,0.591
"LMCRS, Marianna",rel_sw_12in,157,0.579,0.626,0.813,0.584
"LMCRS, Marianna",rel_sw_12in,158,0.584,0.616,0.788,0.661
"LMCRS, Marianna",rel_sw_12in,159,0.581,0.621,0.875,0.655
"LMCRS, Marianna",rel_sw_12in,160,0.582,0.612,0.967,0.629
"LMCRS, Marianna",rel_sw_12in,161,0.576,0.615,0.938,0.609
"LMCRS, Marianna",rel_sw_12in,162,0.581,0.618,0.883,0.596
"LMCRS, Marianna",rel_sw_12in,163,0.572,0.62,0.829,0.674
"LMCRS, Marianna",rel_sw_12in,164,0.572,0.622,0.784,0.734
"LMCRS, Marianna",rel_sw_12in,165,0.573,0.612,0.853,0.715
"LMCRS, Marianna",rel_sw_12in,166,0.571,0.612,0.812,0.68
"LMCRS, Marianna",rel_sw_12in,167,0.573,0.611,0.754,0.644
"LMCRS, Marianna",rel_sw_12in,168,0.566,0.611,0.831,0.62
"LMCRS, Marianna",rel_sw_12in,169,0.571,0.606,0.782,0.604
"LMCRS, Marianna",rel_sw_12in,170,0.563,0.605,0.769,0.6
"LMCRS, Marianna",rel_sw_12in,171,0.551,0.609,0.73,0.637
"LMCRS, Marianna",rel_sw_12in,172,0.563,0.609,0.7,0.634
"LMCRS, Marianna",rel_sw_12in,173,0.556,0.609,0.703,0.7
"LMCRS, Marianna",rel_sw_12in,174,0.558,0.6,0.747,0.671
"LMCRS, Marianna",rel_sw_12in,175,0.552,0.603,0.744,0.652
"LMCRS, Marianna",rel_sw_12in,176,0.557,0.606,0.75,0.633
"LMCRS, Marianna",rel_sw_12in,177,0.547,0.599,0.802,0.616
"LMCRS, Marianna",rel_sw_12in,178,0.549,0.604,0.797,0.596
"LMCRS, Marianna",rel_sw_12in,179,0.538,0.607,0.764,0.575
"LMCRS, Marianna",rel_sw_12in,180,0.535,0.593,0.81,0.601
"LMCRS, Marianna",rel_sw_12in,181,0.534,0.597,0.799,0.575
"LMCRS, Marianna",rel_sw_12in,182,0.54,0.597,0.918,0.558
"LMCRS, Marianna",rel_sw_12in,183,0.536,0.587,0.923,0.608
"LMCRS, Marianna",rel_sw_12in,184,0.541,0.591,0.897,0.594
"LMCRS, Marianna",rel_sw_12in,185,0.515,0.593,0.848,0.607
"LMCRS, Marianna",rel_sw_12in,186,0.525,0.603,0.811,0.621
"LMCRS, Marianna",rel_sw_12in,187,0.514,0.591,0.803,0.613
"LMCRS, Marianna",rel_sw_12in,188,0.53,0.597,0.787,0.609
"LMCRS, Marianna",rel_sw_12in,189,0.518,0.597,0.738,0.596
"LMCRS, Marianna",rel_sw_12in,190,0.538,0.585,0.73,0.589
"LMCRS, Marianna",rel_sw_12in,191,0.542,0.59,0.821,0.578
"LMCRS, Marianna",rel_sw_12in,192,0.527,0.602,0.791,0.587
"LMCRS, Marianna",rel_sw_12in,193,0.513,0.603,0.837,0.601
"LMCRS, Marianna",rel_sw_12in,194,0.535,0.605,0.816,0.595
"LMCRS, Marianna",rel_sw_12in,195,0.524,0.601,0.808,0.623
"LMCRS, Marianna",rel_sw_12in,196,0.527,0.615,0.808,0.674
"LMCRS, Marianna",rel_sw_12in,197,0.515,0.604,0.881,0.654
"LMCRS, Marianna",rel_sw_12in,198,0.528,0.597,0.842,0.642
"LMCRS, Marianna",rel_sw_12in,199,0.525,0.592,0.803,0.619
"LMCRS, Marianna",rel_sw_12in,200,0.51,0.593,0.757,0.596
"LMCRS, Marianna",rel_sw_12in,201,0.519,0.599,0.73,0.595
"LMCRS, Marianna",rel_sw_12in,202,0.529,0.588,0.734,0.579
"LMCRS, Marianna",rel_sw_12in,203,0.503,0.602,0.725,0.56
"LMCRS, Marianna",rel_sw_12in,204,0.506,0.599,0.704,0.595
"LMCRS, Marianna",rel_sw_12in,205,0.516,0.593,0.704,0.621
"LMCRS, Marianna",rel_sw_12in,206,0.514,0.598,0.74,0.636
"LMCRS, Marianna",rel_sw_12in,207,0.524,0.594,0.78,0.62
"LMCRS, Marianna",rel_sw_12in,208,0.512,0.592,0.742,0.596
"LMCRS, Marianna",rel_sw_12in,209,0.491,0.587,0.764,0.575
"LMCRS, Marianna",rel_sw_12in,210,0.503,0.588,0.808,0.601
"LMCRS, Marianna",rel_sw_12in,211,0.507,0.599,0.886,0.583
"LMCRS, Marianna",rel_sw_12in,212,0.502,0.597,0.837,0.581
"LMCRS, Marianna",rel_sw_12in,213,0.508,0.593,0.842,0.572
"LMCRS, Marianna",rel_sw_12in,214,0.532,0.587,0.79,NA
"LMCRS, Marianna",rel_sw_12in,215,0.513,0.574,0.738,NA
"LMCRS, Marianna",rel_sw_12in,216,0.52,0.575,0.765,NA
"LMCRS, Marianna",rel_sw_12in,217,0.512,0.582,0.785,NA
"LMCRS, Marianna",rel_sw_12in,218,0.507,0.573,0.872,NA
"LMCRS, Marianna",rel_sw_12in,219,0.494,0.574,0.828,NA
"LMCRS, Marianna",rel_sw_12in,220,0.515,0.583,0.772,NA
"LMCRS, Marianna",rel_sw_12in,221,0.525,0.581,0.719,NA
"LMCRS, Marianna",rel_sw_12in,222,0.506,0.567,0.686,NA
"LMCRS, Marianna",rel_sw_12in,223,0.503,0.586,0.697,NA
"LMCRS, Marianna",rel_sw_12in,224,0.521,0.58,0.707,NA
"LMCRS, Marianna",rel_sw_12in,225,0.502,0.577,0.702,NA
"LMCRS, Marianna",rel_sw_12in,226,0.501,0.579,0.744,NA
"LMCRS, Marianna",rel_sw_12in,227,0.494,0.576,0.752,NA
"LMCRS, Marianna",rel_sw_12in,228,0.507,0.575,0.798,NA
"LMCRS, Marianna",rel_sw_12in,229,0.495,0.567,0.757,NA
"LMCRS, Marianna",rel_sw_12in,230,0.48,0.584,0.713,NA
"LMCRS, Marianna",rel_sw_12in,231,0.499,0.575,0.721,NA
"LMCRS, Marianna",rel_sw_12in,232,0.498,0.578,0.727,NA
"LMCRS, Marianna",rel_sw_12in,233,0.495,0.571,0.726,NA
"LMCRS, Marianna",rel_sw_12in,234,0.491,0.565,0.726,NA
"LMCRS, Marianna",rel_sw_12in,235,0.492,0.573,0.706,NA
"LMCRS, Marianna",rel_sw_12in,236,0.501,0.556,0.683,NA
"LMCRS, Marianna",rel_sw_12in,237,0.488,0.562,0.684,NA
"LMCRS, Marianna",rel_sw_12in,238,0.497,0.559,0.722,NA
"LMCRS, Marianna",rel_sw_12in,239,0.482,0.571,0.692,NA
"LMCRS, Marianna",rel_sw_12in,240,0.508,0.569,0.79,NA
"LMCRS, Marianna",rel_sw_12in,241,0.479,0.583,0.879,NA
"LMCRS, Marianna",rel_sw_12in,242,0.504,0.578,0.858,NA
"LMCRS, Marianna",rel_sw_12in,243,0.472,0.567,0.897,NA
"LMCRS, Marianna",rel_sw_12in,244,0.503,0.577,0.896,NA
"LMCRS, Marianna",rel_sw_12in,245,0.475,0.585,0.895,NA
"LMCRS, Marianna",rel_sw_12in,246,0.492,0.582,0.871,NA
"LMCRS, Marianna",rel_sw_12in,247,0.468,0.583,0.838,NA
"LMCRS, Marianna",rel_sw_12in,248,0.481,0.598,0.844,NA
"LMCRS, Marianna",rel_sw_12in,249,0.486,0.592,0.806,NA
"LMCRS, Marianna",rel_sw_12in,250,0.465,0.586,0.773,NA
"LMCRS, Marianna",rel_sw_12in,251,0.519,0.587,0.745,NA
"LMCRS, Marianna",rel_sw_12in,252,0.515,0.596,0.803,NA
"LMCRS, Marianna",rel_sw_12in,253,0.497,0.588,0.764,NA
"LMCRS, Marianna",rel_sw_12in,254,0.511,0.587,0.726,NA
"LMCRS, Marianna",rel_sw_12in,255,0.534,0.602,0.703,NA
"LMCRS, Marianna",rel_sw_12in,256,0.526,0.591,0.781,NA
"LMCRS, Marianna",rel_sw_12in,257,0.513,0.592,0.826,NA
"LMCRS, Marianna",rel_sw_12in,258,0.512,0.585,0.85,NA
"LMCRS, Marianna",rel_sw_12in,259,0.511,0.597,0.888,NA
"LMCRS, Marianna",rel_sw_12in,260,0.519,0.603,0.93,NA
"LMCRS, Marianna",rel_sw_12in,261,0.513,0.606,0.944,NA
"LMCRS, Marianna",rel_sw_12in,262,0.519,0.603,0.908,NA
"LMCRS, Marianna",rel_sw_12in,263,0.524,0.601,0.887,NA
"LMCRS, Marianna",rel_sw_12in,264,0.519,0.604,0.886,NA
"LMCRS, Marianna",rel_sw_12in,265,0.518,0.6,0.859,NA
"LMCRS, Marianna",rel_sw_12in,266,0.514,0.616,0.841,NA
"LMCRS, Marianna",rel_sw_12in,267,0.51,0.623,0.835,NA
"LMCRS, Marianna",rel_sw_12in,268,0.506,0.623,0.798,NA
"LMCRS, Marianna",rel_sw_12in,269,0.503,0.614,0.849,NA
"LMCRS, Marianna",rel_sw_12in,270,0.5,0.608,0.806,NA
"LMCRS, Marianna",rel_sw_12in,271,0.497,0.603,0.82,NA
"LMCRS, Marianna",rel_sw_12in,272,0.494,0.605,0.787,NA
"LMCRS, Marianna",rel_sw_12in,273,0.492,0.604,0.81,NA
"LMCRS, Marianna",rel_sw_12in,274,0.49,0.608,0.78,NA
"LMCRS, Marianna",rel_sw_12in,275,0.496,0.606,0.785,NA
"LMCRS, Marianna",rel_sw_12in,276,0.493,0.603,0.762,NA
"LMCRS, Marianna",rel_sw_12in,277,0.491,0.6,0.766,NA
"LMCRS, Marianna",rel_sw_12in,278,0.489,0.604,0.743,NA
"LMCRS, Marianna",rel_sw_12in,279,0.487,0.6,0.747,NA
"LMCRS, Marianna",rel_sw_12in,280,0.485,0.597,0.776,NA
"LMCRS, Marianna",rel_sw_12in,281,0.483,0.602,0.819,NA
"LMCRS, Marianna",rel_sw_12in,282,0.484,0.611,0.842,NA
"LMCRS, Marianna",rel_sw_12in,283,0.48,0.612,0.88,NA
"LMCRS, Marianna",rel_sw_12in,284,0.478,0.608,0.914,NA
"LMCRS, Marianna",rel_sw_12in,285,0.476,0.611,0.876,NA
"LMCRS, Marianna",rel_sw_12in,286,0.474,0.614,0.885,NA
"LMCRS, Marianna",rel_sw_12in,287,0.472,0.615,0.846,NA
"LMCRS, Marianna",rel_sw_12in,288,0.47,0.627,0.812,NA
"LMCRS, Marianna",rel_sw_12in,289,0.468,0.621,0.769,NA
"LMCRS, Marianna",rel_sw_12in,290,0.466,0.637,0.782,NA
"LMCRS, Marianna",rel_sw_12in,291,0.464,0.641,0.784,NA
"LMCRS, Marianna",rel_sw_12in,292,0.463,0.636,0.776,NA
"LMCRS, Marianna",rel_sw_12in,293,0.461,0.627,0.776,NA
"LMCRS, Marianna",rel_sw_12in,294,0.459,0.623,0.756,NA
"LMCRS, Marianna",rel_sw_12in,295,0.457,0.617,0.761,NA
"LMCRS, Marianna",rel_sw_12in,296,0.463,0.617,0.798,NA
"LMCRS, Marianna",rel_sw_12in,297,0.47,0.613,0.827,NA
"LMCRS, Marianna",rel_sw_12in,298,0.468,0.631,0.816,NA
"LMCRS, Marianna",rel_sw_12in,299,0.472,0.637,0.864,NA
"LMCRS, Marianna",rel_sw_12in,300,0.47,0.656,0.83,NA
"LMCRS, Marianna",rel_sw_12in,301,0.489,0.65,0.817,NA
"LMCRS, Marianna",rel_sw_12in,302,0.486,0.647,0.882,NA
"LMCRS, Marianna",rel_sw_12in,303,0.484,0.637,0.941,NA
"LMCRS, Marianna",rel_sw_12in,304,0.482,0.639,0.939,NA
"LMCRS, Marianna",rel_sw_12in,305,0.48,0.642,0.95,NA
"LMCRS, Marianna",rel_sw_12in,306,0.478,0.647,0.895,NA
"LMCRS, Marianna",rel_sw_12in,307,0.526,0.647,0.887,NA
"LMCRS, Marianna",rel_sw_12in,308,0.552,0.643,0.862,NA
"LMCRS, Marianna",rel_sw_12in,309,0.55,0.645,0.819,NA
"LMCRS, Marianna",rel_sw_12in,310,0.548,0.644,0.78,NA
"LMCRS, Marianna",rel_sw_12in,311,0.546,0.646,0.871,NA
"LMCRS, Marianna",rel_sw_12in,312,0.548,0.646,0.946,NA
"LMCRS, Marianna",rel_sw_12in,313,0.553,0.644,0.926,NA
"LMCRS, Marianna",rel_sw_12in,314,0.543,0.636,0.921,NA
"LMCRS, Marianna",rel_sw_12in,315,0.541,0.631,0.939,NA
"LMCRS, Marianna",rel_sw_12in,316,0.539,0.631,0.888,NA
"LMCRS, Marianna",rel_sw_12in,317,0.537,0.635,0.836,NA
"LMCRS, Marianna",rel_sw_12in,318,0.535,0.649,0.811,NA
"LMCRS, Marianna",rel_sw_12in,319,0.533,0.651,0.798,NA
"LMCRS, Marianna",rel_sw_12in,320,0.531,0.645,0.886,NA
"LMCRS, Marianna",rel_sw_12in,321,0.529,0.636,0.873,NA
"LMCRS, Marianna",rel_sw_12in,322,0.527,0.633,0.876,NA
"LMCRS, Marianna",rel_sw_12in,323,0.582,0.628,0.839,NA
"LMCRS, Marianna",rel_sw_12in,324,0.579,0.646,0.894,NA
"LMCRS, Marianna",rel_sw_12in,325,0.571,0.66,0.868,NA
"LMCRS, Marianna",rel_sw_12in,326,0.569,0.649,0.878,NA
"LMCRS, Marianna",rel_sw_12in,327,0.568,0.651,0.838,NA
"LMCRS, Marianna",rel_sw_12in,328,0.586,0.653,0.826,NA
"LMCRS, Marianna",rel_sw_12in,329,0.584,0.664,0.854,NA
"LMCRS, Marianna",rel_sw_12in,330,0.582,0.678,0.816,NA
"LMCRS, Marianna",rel_sw_12in,331,0.579,0.675,0.833,NA
"LMCRS, Marianna",rel_sw_12in,332,0.577,0.666,0.938,NA
"LMCRS, Marianna",rel_sw_12in,333,0.575,0.663,0.999,NA
"LMCRS, Marianna",rel_sw_12in,334,0.573,0.688,0.939,NA
"LMCRS, Marianna",rel_sw_12in,335,0.571,0.667,0.892,NA
"LMCRS, Marianna",rel_sw_12in,336,0.569,0.669,0.985,NA
"LMCRS, Marianna",rel_sw_12in,337,0.567,0.655,0.936,NA
"LMCRS, Marianna",rel_sw_12in,338,0.565,0.659,0.886,NA
"LMCRS, Marianna",rel_sw_12in,339,0.592,0.667,0.908,NA
"LMCRS, Marianna",rel_sw_12in,340,0.589,0.666,0.879,NA
"LMCRS, Marianna",rel_sw_12in,341,0.593,0.664,0.851,NA
"LMCRS, Marianna",rel_sw_12in,342,0.592,0.657,0.832,NA
"LMCRS, Marianna",rel_sw_12in,343,0.6,0.666,0.913,NA
"LMCRS, Marianna",rel_sw_12in,344,0.596,0.683,0.877,NA
"LMCRS, Marianna",rel_sw_12in,345,0.592,0.674,0.839,NA
"LMCRS, Marianna",rel_sw_12in,346,0.596,0.667,0.845,NA
"LMCRS, Marianna",rel_sw_12in,347,0.604,0.672,0.928,NA
"LMCRS, Marianna",rel_sw_12in,348,0.599,0.676,0.895,NA
"LMCRS, Marianna",rel_sw_12in,349,0.596,0.684,0.869,NA
"LMCRS, Marianna",rel_sw_12in,350,0.592,0.683,0.935,NA
"LMCRS, Marianna",rel_sw_12in,351,0.6,0.669,0.997,NA
"LMCRS, Marianna",rel_sw_12in,352,0.596,0.67,0.937,NA
"LMCRS, Marianna",rel_sw_12in,353,0.592,0.661,0.896,NA
"LMCRS, Marianna",rel_sw_12in,354,0.589,0.657,0.943,NA
"LMCRS, Marianna",rel_sw_12in,355,0.586,0.672,0.997,NA
"LMCRS, Marianna",rel_sw_12in,356,0.583,0.664,0.992,NA
"LMCRS, Marianna",rel_sw_12in,357,0.595,0.675,0.944,NA
"LMCRS, Marianna",rel_sw_12in,358,0.601,0.678,0.894,NA
"LMCRS, Marianna",rel_sw_12in,359,0.596,0.677,0.941,NA
"LMCRS, Marianna",rel_sw_12in,360,0.592,0.669,0.999,NA
"LMCRS, Marianna",rel_sw_12in,361,0.59,0.683,0.999,NA
"LMCRS, Marianna",rel_sw_12in,362,0.593,0.689,0.954,NA
"LMCRS, Marianna",rel_sw_12in,363,0.589,0.687,0.914,NA
"LMCRS, Marianna",rel_sw_12in,364,0.586,0.672,0.945,NA
"LMCRS, Marianna",rel_sw_12in,365,0.583,0.672,0.921,NA
"LMCRS, Marianna",rel_sw_12in,366,0.621,0.677,0.936,NA
"LMCRS, Marianna",rel_sw_24in,1,0.646,0.649,0.695,0.647
"LMCRS, Marianna",rel_sw_24in,2,0.643,0.649,0.753,0.656
"LMCRS, Marianna",rel_sw_24in,3,0.641,0.652,0.779,0.655
"LMCRS, Marianna",rel_sw_24in,4,0.638,0.655,0.776,0.652
"LMCRS, Marianna",rel_sw_24in,5,0.634,0.672,0.77,0.649
"LMCRS, Marianna",rel_sw_24in,6,0.632,0.678,0.762,0.645
"LMCRS, Marianna",rel_sw_24in,7,0.63,0.681,0.787,0.641
"LMCRS, Marianna",rel_sw_24in,8,0.626,0.683,0.793,0.641
"LMCRS, Marianna",rel_sw_24in,9,0.629,0.687,0.788,0.663
"LMCRS, Marianna",rel_sw_24in,10,0.629,0.693,0.789,0.692
"LMCRS, Marianna",rel_sw_24in,11,0.626,0.698,0.845,0.688
"LMCRS, Marianna",rel_sw_24in,12,0.622,0.696,0.835,0.684
"LMCRS, Marianna",rel_sw_24in,13,0.621,0.692,0.872,0.683
"LMCRS, Marianna",rel_sw_24in,14,0.62,0.688,0.898,0.681
"LMCRS, Marianna",rel_sw_24in,15,0.618,0.68,0.89,0.675
"LMCRS, Marianna",rel_sw_24in,16,0.617,0.685,0.876,0.669
"LMCRS, Marianna",rel_sw_24in,17,0.622,0.696,0.858,0.664
"LMCRS, Marianna",rel_sw_24in,18,0.631,0.703,0.839,0.659
"LMCRS, Marianna",rel_sw_24in,19,0.627,0.702,0.818,0.653
"LMCRS, Marianna",rel_sw_24in,20,0.625,0.696,0.798,0.647
"LMCRS, Marianna",rel_sw_24in,21,0.626,0.697,0.792,0.679
"LMCRS, Marianna",rel_sw_24in,22,0.624,0.702,0.812,0.674
"LMCRS, Marianna",rel_sw_24in,23,0.623,0.709,0.822,0.672
"LMCRS, Marianna",rel_sw_24in,24,0.622,0.717,0.825,0.704
"LMCRS, Marianna",rel_sw_24in,25,0.621,0.713,0.826,0.716
"LMCRS, Marianna",rel_sw_24in,26,0.619,0.715,0.823,0.713
"LMCRS, Marianna",rel_sw_24in,27,0.619,0.704,0.871,0.708
"LMCRS, Marianna",rel_sw_24in,28,0.618,0.694,0.859,0.702
"LMCRS, Marianna",rel_sw_24in,29,0.616,0.692,0.842,0.697
"LMCRS, Marianna",rel_sw_24in,30,0.615,0.688,0.844,0.693
"LMCRS, Marianna",rel_sw_24in,31,0.614,0.684,0.833,0.686
"LMCRS, Marianna",rel_sw_24in,32,0.613,0.695,0.821,0.679
"LMCRS, Marianna",rel_sw_24in,33,0.618,0.694,0.85,0.671
"LMCRS, Marianna",rel_sw_24in,34,0.621,0.697,0.914,0.682
"LMCRS, Marianna",rel_sw_24in,35,0.633,0.701,0.902,0.676
"LMCRS, Marianna",rel_sw_24in,36,0.637,0.701,0.884,0.668
"LMCRS, Marianna",rel_sw_24in,37,0.635,0.71,0.867,0.66
"LMCRS, Marianna",rel_sw_24in,38,0.633,0.707,0.847,0.652
"LMCRS, Marianna",rel_sw_24in,39,0.63,0.701,0.836,0.647
"LMCRS, Marianna",rel_sw_24in,40,0.628,0.696,0.867,0.642
"LMCRS, Marianna",rel_sw_24in,41,0.626,0.693,0.89,0.639
"LMCRS, Marianna",rel_sw_24in,42,0.626,0.694,0.877,0.641
"LMCRS, Marianna",rel_sw_24in,43,0.625,0.695,0.914,0.635
"LMCRS, Marianna",rel_sw_24in,44,0.623,0.695,0.901,0.632
"LMCRS, Marianna",rel_sw_24in,45,0.622,0.699,0.884,0.643
"LMCRS, Marianna",rel_sw_24in,46,0.62,0.703,0.882,0.705
"LMCRS, Marianna",rel_sw_24in,47,0.63,0.698,0.907,0.7
"LMCRS, Marianna",rel_sw_24in,48,0.627,0.698,0.897,0.697
"LMCRS, Marianna",rel_sw_24in,49,0.627,0.697,0.883,0.692
"LMCRS, Marianna",rel_sw_24in,50,0.635,0.692,0.866,0.685
"LMCRS, Marianna",rel_sw_24in,51,0.632,0.689,0.918,0.678
"LMCRS, Marianna",rel_sw_24in,52,0.632,0.698,0.905,0.678
"LMCRS, Marianna",rel_sw_24in,53,0.629,0.698,0.916,0.668
"LMCRS, Marianna",rel_sw_24in,54,0.634,0.692,0.952,0.662
"LMCRS, Marianna",rel_sw_24in,55,0.631,0.697,0.932,0.656
"LMCRS, Marianna",rel_sw_24in,56,0.631,0.702,0.913,0.651
"LMCRS, Marianna",rel_sw_24in,57,0.629,0.703,0.896,0.653
"LMCRS, Marianna",rel_sw_24in,58,0.628,0.701,0.89,0.645
"LMCRS, Marianna",rel_sw_24in,59,0.626,0.698,0.932,0.641
"LMCRS, Marianna",rel_sw_24in,60,0.624,0.703,0.962,0.638
"LMCRS, Marianna",rel_sw_24in,61,0.624,0.704,0.941,0.635
"LMCRS, Marianna",rel_sw_24in,62,0.623,0.694,0.939,0.633
"LMCRS, Marianna",rel_sw_24in,63,0.621,0.701,0.931,0.631
"LMCRS, Marianna",rel_sw_24in,64,0.62,0.7,0.943,0.629
"LMCRS, Marianna",rel_sw_24in,65,0.618,0.699,0.925,0.628
"LMCRS, Marianna",rel_sw_24in,66,0.617,0.697,0.906,0.671
"LMCRS, Marianna",rel_sw_24in,67,0.616,0.701,0.889,0.697
"LMCRS, Marianna",rel_sw_24in,68,0.615,0.702,0.874,0.739
"LMCRS, Marianna",rel_sw_24in,69,0.615,0.696,0.888,0.737
"LMCRS, Marianna",rel_sw_24in,70,0.632,0.699,0.882,0.785
"LMCRS, Marianna",rel_sw_24in,71,0.63,0.704,0.864,0.775
"LMCRS, Marianna",rel_sw_24in,72,0.628,0.707,0.887,0.761
"LMCRS, Marianna",rel_sw_24in,73,0.637,0.701,0.904,0.748
"LMCRS, Marianna",rel_sw_24in,74,0.634,0.705,0.904,0.776
"LMCRS, Marianna",rel_sw_24in,75,0.631,0.7,0.885,0.761
"LMCRS, Marianna",rel_sw_24in,76,0.629,0.705,0.867,0.743
"LMCRS, Marianna",rel_sw_24in,77,0.627,0.704,0.88,0.727
"LMCRS, Marianna",rel_sw_24in,78,0.625,0.695,0.901,0.712
"LMCRS, Marianna",rel_sw_24in,79,0.625,0.689,0.924,0.699
"LMCRS, Marianna",rel_sw_24in,80,0.624,0.697,0.904,0.687
"LMCRS, Marianna",rel_sw_24in,81,0.623,0.694,0.884,0.676
"LMCRS, Marianna",rel_sw_24in,82,0.622,0.694,0.886,0.667
"LMCRS, Marianna",rel_sw_24in,83,0.621,0.69,0.912,0.659
"LMCRS, Marianna",rel_sw_24in,84,0.62,0.691,0.937,0.652
"LMCRS, Marianna",rel_sw_24in,85,0.619,0.687,0.926,0.646
"LMCRS, Marianna",rel_sw_24in,86,0.623,0.679,0.908,0.642
"LMCRS, Marianna",rel_sw_24in,87,0.62,0.689,0.896,0.638
"LMCRS, Marianna",rel_sw_24in,88,0.619,0.685,0.932,0.635
"LMCRS, Marianna",rel_sw_24in,89,0.618,0.68,0.92,0.632
"LMCRS, Marianna",rel_sw_24in,90,0.629,0.688,0.96,0.63
"LMCRS, Marianna",rel_sw_24in,91,0.627,0.681,0.982,0.628
"LMCRS, Marianna",rel_sw_24in,92,0.625,0.683,0.967,0.626
"LMCRS, Marianna",rel_sw_24in,93,0.624,0.696,0.948,0.625
"LMCRS, Marianna",rel_sw_24in,94,0.639,0.699,0.934,0.66
"LMCRS, Marianna",rel_sw_24in,95,0.634,0.706,0.918,0.651
"LMCRS, Marianna",rel_sw_24in,96,0.632,0.709,0.938,0.647
"LMCRS, Marianna",rel_sw_24in,97,0.631,0.707,0.92,0.644
"LMCRS, Marianna",rel_sw_24in,98,0.629,0.703,0.9,0.642
"LMCRS, Marianna",rel_sw_24in,99,0.627,0.691,0.885,0.639
"LMCRS, Marianna",rel_sw_24in,100,0.63,0.688,0.867,0.637
"LMCRS, Marianna",rel_sw_24in,101,0.634,0.69,0.862,0.635
"LMCRS, Marianna",rel_sw_24in,102,0.632,0.707,0.916,0.633
"LMCRS, Marianna",rel_sw_24in,103,0.63,0.708,0.955,0.631
"LMCRS, Marianna",rel_sw_24in,104,0.629,0.712,0.952,0.629
"LMCRS, Marianna",rel_sw_24in,105,0.627,0.708,0.934,0.628
"LMCRS, Marianna",rel_sw_24in,106,0.626,0.704,0.916,0.627
"LMCRS, Marianna",rel_sw_24in,107,0.626,0.697,0.908,0.625
"LMCRS, Marianna",rel_sw_24in,108,0.624,0.69,0.923,0.632
"LMCRS, Marianna",rel_sw_24in,109,0.627,0.686,0.909,0.625
"LMCRS, Marianna",rel_sw_24in,110,0.634,0.687,0.931,0.624
"LMCRS, Marianna",rel_sw_24in,111,0.634,0.693,0.913,0.623
"LMCRS, Marianna",rel_sw_24in,112,0.631,0.699,0.927,0.621
"LMCRS, Marianna",rel_sw_24in,113,0.632,0.693,0.946,0.62
"LMCRS, Marianna",rel_sw_24in,114,0.63,0.69,0.949,0.641
"LMCRS, Marianna",rel_sw_24in,115,0.629,0.69,0.933,0.675
"LMCRS, Marianna",rel_sw_24in,116,0.627,0.693,0.925,0.669
"LMCRS, Marianna",rel_sw_24in,117,0.628,0.693,0.921,0.665
"LMCRS, Marianna",rel_sw_24in,118,0.63,0.687,0.985,0.722
"LMCRS, Marianna",rel_sw_24in,119,0.632,0.691,0.997,0.752
"LMCRS, Marianna",rel_sw_24in,120,0.63,0.7,0.976,0.745
"LMCRS, Marianna",rel_sw_24in,121,0.628,0.692,0.96,0.735
"LMCRS, Marianna",rel_sw_24in,122,0.633,0.695,0.961,0.725
"LMCRS, Marianna",rel_sw_24in,123,0.634,0.71,0.981,0.715
"LMCRS, Marianna",rel_sw_24in,124,0.63,0.713,0.98,0.705
"LMCRS, Marianna",rel_sw_24in,125,0.629,0.707,0.988,0.711
"LMCRS, Marianna",rel_sw_24in,126,0.627,0.709,0.967,0.75
"LMCRS, Marianna",rel_sw_24in,127,0.631,0.703,0.95,0.733
"LMCRS, Marianna",rel_sw_24in,128,0.629,0.699,0.955,0.718
"LMCRS, Marianna",rel_sw_24in,129,0.628,0.683,0.956,0.706
"LMCRS, Marianna",rel_sw_24in,130,0.627,0.681,0.954,0.702
"LMCRS, Marianna",rel_sw_24in,131,0.625,0.69,0.953,0.687
"LMCRS, Marianna",rel_sw_24in,132,0.624,0.697,0.952,0.678
"LMCRS, Marianna",rel_sw_24in,133,0.623,0.689,0.936,0.669
"LMCRS, Marianna",rel_sw_24in,134,0.622,0.686,0.921,0.661
"LMCRS, Marianna",rel_sw_24in,135,0.622,0.689,0.93,0.673
"LMCRS, Marianna",rel_sw_24in,136,0.621,0.68,0.913,0.662
"LMCRS, Marianna",rel_sw_24in,137,0.62,0.679,0.917,0.655
"LMCRS, Marianna",rel_sw_24in,138,0.619,0.671,0.916,0.649
"LMCRS, Marianna",rel_sw_24in,139,0.62,0.671,0.906,0.673
"LMCRS, Marianna",rel_sw_24in,140,0.621,0.662,0.888,0.709
"LMCRS, Marianna",rel_sw_24in,141,0.62,0.663,0.87,0.717
"LMCRS, Marianna",rel_sw_24in,142,0.62,0.656,0.857,0.762
"LMCRS, Marianna",rel_sw_24in,143,0.619,0.656,0.851,0.796
"LMCRS, Marianna",rel_sw_24in,144,0.618,0.667,0.862,0.796
"LMCRS, Marianna",rel_sw_24in,145,0.619,0.666,0.878,0.797
"LMCRS, Marianna",rel_sw_24in,146,0.619,0.661,0.876,0.809
"LMCRS, Marianna",rel_sw_24in,147,0.62,0.664,0.854,0.801
"LMCRS, Marianna",rel_sw_24in,148,0.629,0.671,0.835,0.797
"LMCRS, Marianna",rel_sw_24in,149,0.631,0.67,0.819,0.784
"LMCRS, Marianna",rel_sw_24in,150,0.631,0.664,0.803,0.762
"LMCRS, Marianna",rel_sw_24in,151,0.63,0.66,0.799,0.74
"LMCRS, Marianna",rel_sw_24in,152,0.628,0.661,0.783,0.732
"LMCRS, Marianna",rel_sw_24in,153,0.626,0.67,0.769,0.714
"LMCRS, Marianna",rel_sw_24in,154,0.626,0.676,0.761,0.695
"LMCRS, Marianna",rel_sw_24in,155,0.632,0.678,0.768,0.68
"LMCRS, Marianna",rel_sw_24in,156,0.628,0.678,0.762,0.667
"LMCRS, Marianna",rel_sw_24in,157,0.625,0.677,0.783,0.656
"LMCRS, Marianna",rel_sw_24in,158,0.626,0.675,0.783,0.689
"LMCRS, Marianna",rel_sw_24in,159,0.626,0.671,0.813,0.684
"LMCRS, Marianna",rel_sw_24in,160,0.626,0.662,0.879,0.669
"LMCRS, Marianna",rel_sw_24in,161,0.623,0.657,0.882,0.657
"LMCRS, Marianna",rel_sw_24in,162,0.632,0.655,0.87,0.648
"LMCRS, Marianna",rel_sw_24in,163,0.62,0.659,0.857,0.686
"LMCRS, Marianna",rel_sw_24in,164,0.619,0.658,0.836,0.72
"LMCRS, Marianna",rel_sw_24in,165,0.623,0.65,0.838,0.717
"LMCRS, Marianna",rel_sw_24in,166,0.616,0.655,0.825,0.704
"LMCRS, Marianna",rel_sw_24in,167,0.62,0.651,0.802,0.689
"LMCRS, Marianna",rel_sw_24in,168,0.611,0.655,0.787,0.676
"LMCRS, Marianna",rel_sw_24in,169,0.623,0.658,0.774,0.664
"LMCRS, Marianna",rel_sw_24in,170,0.61,0.65,0.784,0.657
"LMCRS, Marianna",rel_sw_24in,171,0.596,0.646,0.773,0.67
"LMCRS, Marianna",rel_sw_24in,172,0.61,0.648,0.748,0.663
"LMCRS, Marianna",rel_sw_24in,173,0.591,0.649,0.722,0.695
"LMCRS, Marianna",rel_sw_24in,174,0.598,0.645,0.724,0.68
"LMCRS, Marianna",rel_sw_24in,175,0.585,0.635,0.711,0.671
"LMCRS, Marianna",rel_sw_24in,176,0.582,0.637,0.723,0.659
"LMCRS, Marianna",rel_sw_24in,177,0.574,0.625,0.748,0.647
"LMCRS, Marianna",rel_sw_24in,178,0.576,0.622,0.758,0.631
"LMCRS, Marianna",rel_sw_24in,179,0.564,0.62,0.755,0.614
"LMCRS, Marianna",rel_sw_24in,180,0.55,0.606,0.766,0.621
"LMCRS, Marianna",rel_sw_24in,181,0.55,0.607,0.784,0.6
"LMCRS, Marianna",rel_sw_24in,182,0.54,0.601,0.831,0.585
"LMCRS, Marianna",rel_sw_24in,183,0.534,0.592,0.847,0.603
"LMCRS, Marianna",rel_sw_24in,184,0.525,0.59,0.848,0.589
"LMCRS, Marianna",rel_sw_24in,185,0.504,0.59,0.835,0.589
"LMCRS, Marianna",rel_sw_24in,186,0.516,0.582,0.82,0.59
"LMCRS, Marianna",rel_sw_24in,187,0.496,0.581,0.828,0.58
"LMCRS, Marianna",rel_sw_24in,188,0.501,0.57,0.826,0.572
"LMCRS, Marianna",rel_sw_24in,189,0.481,0.558,0.801,0.56
"LMCRS, Marianna",rel_sw_24in,190,0.493,0.553,0.775,0.549
"LMCRS, Marianna",rel_sw_24in,191,0.502,0.545,0.751,0.538
"LMCRS, Marianna",rel_sw_24in,192,0.487,0.554,0.728,0.536
"LMCRS, Marianna",rel_sw_24in,193,0.467,0.564,0.751,0.538
"LMCRS, Marianna",rel_sw_24in,194,0.481,0.558,0.759,0.53
"LMCRS, Marianna",rel_sw_24in,195,0.471,0.55,0.748,0.54
"LMCRS, Marianna",rel_sw_24in,196,0.458,0.543,0.759,0.562
"LMCRS, Marianna",rel_sw_24in,197,0.458,0.534,0.788,0.547
"LMCRS, Marianna",rel_sw_24in,198,0.457,0.525,0.797,0.538
"LMCRS, Marianna",rel_sw_24in,199,0.447,0.523,0.781,0.521
"LMCRS, Marianna",rel_sw_24in,200,0.437,0.527,0.763,0.504
"LMCRS, Marianna",rel_sw_24in,201,0.432,0.52,0.752,0.499
"LMCRS, Marianna",rel_sw_24in,202,0.437,0.509,0.765,0.486
"LMCRS, Marianna",rel_sw_24in,203,0.418,0.517,0.756,0.473
"LMCRS, Marianna",rel_sw_24in,204,0.412,0.515,0.741,0.486
"LMCRS, Marianna",rel_sw_24in,205,0.414,0.501,0.738,0.497
"LMCRS, Marianna",rel_sw_24in,206,0.406,0.498,0.756,0.502
"LMCRS, Marianna",rel_sw_24in,207,0.416,0.498,0.778,0.49
"LMCRS, Marianna",rel_sw_24in,208,0.401,0.494,0.76,0.473
"LMCRS, Marianna",rel_sw_24in,209,0.384,0.494,0.74,0.458
"LMCRS, Marianna",rel_sw_24in,210,0.399,0.488,0.72,0.468
"LMCRS, Marianna",rel_sw_24in,211,0.383,0.49,0.709,0.455
"LMCRS, Marianna",rel_sw_24in,212,0.379,0.476,0.701,0.45
"LMCRS, Marianna",rel_sw_24in,213,0.388,0.469,0.724,0.442
"LMCRS, Marianna",rel_sw_24in,214,0.401,0.465,0.717,NA
"LMCRS, Marianna",rel_sw_24in,215,0.381,0.457,0.706,NA
"LMCRS, Marianna",rel_sw_24in,216,0.384,0.465,0.732,NA
"LMCRS, Marianna",rel_sw_24in,217,0.366,0.454,0.743,NA
"LMCRS, Marianna",rel_sw_24in,218,0.364,0.448,0.732,NA
"LMCRS, Marianna",rel_sw_24in,219,0.359,0.456,0.715,NA
"LMCRS, Marianna",rel_sw_24in,220,0.359,0.459,0.695,NA
"LMCRS, Marianna",rel_sw_24in,221,0.366,0.444,0.676,NA
"LMCRS, Marianna",rel_sw_24in,222,0.358,0.433,0.665,NA
"LMCRS, Marianna",rel_sw_24in,223,0.363,0.44,0.669,NA
"LMCRS, Marianna",rel_sw_24in,224,0.372,0.436,0.677,NA
"LMCRS, Marianna",rel_sw_24in,225,0.355,0.441,0.679,NA
"LMCRS, Marianna",rel_sw_24in,226,0.356,0.437,0.667,NA
"LMCRS, Marianna",rel_sw_24in,227,0.34,0.43,0.657,NA
"LMCRS, Marianna",rel_sw_24in,228,0.352,0.416,0.643,NA
"LMCRS, Marianna",rel_sw_24in,229,0.332,0.428,0.63,NA
"LMCRS, Marianna",rel_sw_24in,230,0.333,0.419,0.616,NA
"LMCRS, Marianna",rel_sw_24in,231,0.331,0.417,0.605,NA
"LMCRS, Marianna",rel_sw_24in,232,0.317,0.416,0.633,NA
"LMCRS, Marianna",rel_sw_24in,233,0.323,0.415,0.624,NA
"LMCRS, Marianna",rel_sw_24in,234,0.326,0.411,0.611,NA
"LMCRS, Marianna",rel_sw_24in,235,0.315,0.399,0.599,NA
"LMCRS, Marianna",rel_sw_24in,236,0.324,0.392,0.591,NA
"LMCRS, Marianna",rel_sw_24in,237,0.309,0.392,0.59,NA
"LMCRS, Marianna",rel_sw_24in,238,0.318,0.386,0.579,NA
"LMCRS, Marianna",rel_sw_24in,239,0.3,0.387,0.58,NA
"LMCRS, Marianna",rel_sw_24in,240,0.311,0.394,0.588,NA
"LMCRS, Marianna",rel_sw_24in,241,0.294,0.395,0.576,NA
"LMCRS, Marianna",rel_sw_24in,242,0.304,0.396,0.562,NA
"LMCRS, Marianna",rel_sw_24in,243,0.286,0.392,0.599,NA
"LMCRS, Marianna",rel_sw_24in,244,0.301,0.403,0.62,NA
"LMCRS, Marianna",rel_sw_24in,245,0.284,0.409,0.643,NA
"LMCRS, Marianna",rel_sw_24in,246,0.295,0.403,0.655,NA
"LMCRS, Marianna",rel_sw_24in,247,0.276,0.401,0.663,NA
"LMCRS, Marianna",rel_sw_24in,248,0.29,0.4,0.66,NA
"LMCRS, Marianna",rel_sw_24in,249,0.283,0.395,0.657,NA
"LMCRS, Marianna",rel_sw_24in,250,0.271,0.393,0.654,NA
"LMCRS, Marianna",rel_sw_24in,251,0.308,0.405,0.649,NA
"LMCRS, Marianna",rel_sw_24in,252,0.304,0.399,0.646,NA
"LMCRS, Marianna",rel_sw_24in,253,0.299,0.395,0.644,NA
"LMCRS, Marianna",rel_sw_24in,254,0.303,0.398,0.642,NA
"LMCRS, Marianna",rel_sw_24in,255,0.306,0.407,0.64,NA
"LMCRS, Marianna",rel_sw_24in,256,0.311,0.404,0.665,NA
"LMCRS, Marianna",rel_sw_24in,257,0.302,0.407,0.669,NA
"LMCRS, Marianna",rel_sw_24in,258,0.29,0.414,0.674,NA
"LMCRS, Marianna",rel_sw_24in,259,0.305,0.41,0.712,NA
"LMCRS, Marianna",rel_sw_24in,260,0.298,0.411,0.754,NA
"LMCRS, Marianna",rel_sw_24in,261,0.29,0.412,0.789,NA
"LMCRS, Marianna",rel_sw_24in,262,0.307,0.413,0.798,NA
"LMCRS, Marianna",rel_sw_24in,263,0.303,0.418,0.815,NA
"LMCRS, Marianna",rel_sw_24in,264,0.303,0.426,0.841,NA
"LMCRS, Marianna",rel_sw_24in,265,0.297,0.42,0.852,NA
"LMCRS, Marianna",rel_sw_24in,266,0.294,0.434,0.861,NA
"LMCRS, Marianna",rel_sw_24in,267,0.296,0.433,0.872,NA
"LMCRS, Marianna",rel_sw_24in,268,0.31,0.457,0.864,NA
"LMCRS, Marianna",rel_sw_24in,269,0.308,0.455,0.852,NA
"LMCRS, Marianna",rel_sw_24in,270,0.307,0.453,0.832,NA
"LMCRS, Marianna",rel_sw_24in,271,0.316,0.452,0.809,NA
"LMCRS, Marianna",rel_sw_24in,272,0.311,0.45,0.787,NA
"LMCRS, Marianna",rel_sw_24in,273,0.308,0.453,0.766,NA
"LMCRS, Marianna",rel_sw_24in,274,0.306,0.457,0.755,NA
"LMCRS, Marianna",rel_sw_24in,275,0.304,0.454,0.754,NA
"LMCRS, Marianna",rel_sw_24in,276,0.302,0.451,0.734,NA
"LMCRS, Marianna",rel_sw_24in,277,0.3,0.469,0.782,NA
"LMCRS, Marianna",rel_sw_24in,278,0.299,0.472,0.769,NA
"LMCRS, Marianna",rel_sw_24in,279,0.302,0.472,0.769,NA
"LMCRS, Marianna",rel_sw_24in,280,0.308,0.475,0.759,NA
"LMCRS, Marianna",rel_sw_24in,281,0.307,0.474,0.754,NA
"LMCRS, Marianna",rel_sw_24in,282,0.307,0.474,0.791,NA
"LMCRS, Marianna",rel_sw_24in,283,0.304,0.478,0.839,NA
"LMCRS, Marianna",rel_sw_24in,284,0.303,0.495,0.83,NA
"LMCRS, Marianna",rel_sw_24in,285,0.301,0.502,0.819,NA
"LMCRS, Marianna",rel_sw_24in,286,0.299,0.507,0.851,NA
"LMCRS, Marianna",rel_sw_24in,287,0.298,0.505,0.842,NA
"LMCRS, Marianna",rel_sw_24in,288,0.296,0.516,0.838,NA
"LMCRS, Marianna",rel_sw_24in,289,0.295,0.529,0.822,NA
"LMCRS, Marianna",rel_sw_24in,290,0.296,0.527,0.803,NA
"LMCRS, Marianna",rel_sw_24in,291,0.295,0.543,0.783,NA
"LMCRS, Marianna",rel_sw_24in,292,0.294,0.552,0.761,NA
"LMCRS, Marianna",rel_sw_24in,293,0.293,0.559,0.739,NA
"LMCRS, Marianna",rel_sw_24in,294,0.291,0.556,0.722,NA
"LMCRS, Marianna",rel_sw_24in,295,0.29,0.563,0.775,NA
"LMCRS, Marianna",rel_sw_24in,296,0.289,0.567,0.78,NA
"LMCRS, Marianna",rel_sw_24in,297,0.288,0.574,0.764,NA
"LMCRS, Marianna",rel_sw_24in,298,0.287,0.571,0.749,NA
"LMCRS, Marianna",rel_sw_24in,299,0.286,0.58,0.757,NA
"LMCRS, Marianna",rel_sw_24in,300,0.286,0.586,0.792,NA
"LMCRS, Marianna",rel_sw_24in,301,0.285,0.599,0.814,NA
"LMCRS, Marianna",rel_sw_24in,302,0.284,0.611,0.815,NA
"LMCRS, Marianna",rel_sw_24in,303,0.283,0.618,0.886,NA
"LMCRS, Marianna",rel_sw_24in,304,0.282,0.618,0.872,NA
"LMCRS, Marianna",rel_sw_24in,305,0.281,0.62,0.855,NA
"LMCRS, Marianna",rel_sw_24in,306,0.281,0.618,0.837,NA
"LMCRS, Marianna",rel_sw_24in,307,0.305,0.616,0.817,NA
"LMCRS, Marianna",rel_sw_24in,308,0.318,0.626,0.819,NA
"LMCRS, Marianna",rel_sw_24in,309,0.351,0.625,0.811,NA
"LMCRS, Marianna",rel_sw_24in,310,0.353,0.633,0.798,NA
"LMCRS, Marianna",rel_sw_24in,311,0.367,0.632,0.788,NA
"LMCRS, Marianna",rel_sw_24in,312,0.365,0.637,0.779,NA
"LMCRS, Marianna",rel_sw_24in,313,0.404,0.633,0.772,NA
"LMCRS, Marianna",rel_sw_24in,314,0.407,0.63,0.773,NA
"LMCRS, Marianna",rel_sw_24in,315,0.403,0.628,0.783,NA
"LMCRS, Marianna",rel_sw_24in,316,0.4,0.641,0.777,NA
"LMCRS, Marianna",rel_sw_24in,317,0.397,0.648,0.771,NA
"LMCRS, Marianna",rel_sw_24in,318,0.394,0.647,0.799,NA
"LMCRS, Marianna",rel_sw_24in,319,0.393,0.646,0.786,NA
"LMCRS, Marianna",rel_sw_24in,320,0.391,0.658,0.787,NA
"LMCRS, Marianna",rel_sw_24in,321,0.392,0.657,0.779,NA
"LMCRS, Marianna",rel_sw_24in,322,0.388,0.66,0.78,NA
"LMCRS, Marianna",rel_sw_24in,323,0.386,0.658,0.781,NA
"LMCRS, Marianna",rel_sw_24in,324,0.45,0.656,0.803,NA
"LMCRS, Marianna",rel_sw_24in,325,0.45,0.659,0.811,NA
"LMCRS, Marianna",rel_sw_24in,326,0.449,0.663,0.806,NA
"LMCRS, Marianna",rel_sw_24in,327,0.446,0.664,0.797,NA
"LMCRS, Marianna",rel_sw_24in,328,0.445,0.664,0.813,NA
"LMCRS, Marianna",rel_sw_24in,329,0.442,0.668,0.84,NA
"LMCRS, Marianna",rel_sw_24in,330,0.443,0.679,0.83,NA
"LMCRS, Marianna",rel_sw_24in,331,0.44,0.68,0.834,NA
"LMCRS, Marianna",rel_sw_24in,332,0.436,0.674,0.823,NA
"LMCRS, Marianna",rel_sw_24in,333,0.434,0.677,0.877,NA
"LMCRS, Marianna",rel_sw_24in,334,0.462,0.695,0.878,NA
"LMCRS, Marianna",rel_sw_24in,335,0.48,0.689,0.876,NA
"LMCRS, Marianna",rel_sw_24in,336,0.489,0.692,0.888,NA
"LMCRS, Marianna",rel_sw_24in,337,0.486,0.689,0.88,NA
"LMCRS, Marianna",rel_sw_24in,338,0.484,0.696,0.869,NA
"LMCRS, Marianna",rel_sw_24in,339,0.48,0.696,0.867,NA
"LMCRS, Marianna",rel_sw_24in,340,0.477,0.686,0.859,NA
"LMCRS, Marianna",rel_sw_24in,341,0.475,0.692,0.852,NA
"LMCRS, Marianna",rel_sw_24in,342,0.475,0.685,0.842,NA
"LMCRS, Marianna",rel_sw_24in,343,0.49,0.694,0.848,NA
"LMCRS, Marianna",rel_sw_24in,344,0.49,0.692,0.845,NA
"LMCRS, Marianna",rel_sw_24in,345,0.487,0.689,0.827,NA
"LMCRS, Marianna",rel_sw_24in,346,0.484,0.697,0.841,NA
"LMCRS, Marianna",rel_sw_24in,347,0.482,0.699,0.892,NA
"LMCRS, Marianna",rel_sw_24in,348,0.478,0.698,0.881,NA
"LMCRS, Marianna",rel_sw_24in,349,0.475,0.702,0.874,NA
"LMCRS, Marianna",rel_sw_24in,350,0.477,0.719,0.916,NA
"LMCRS, Marianna",rel_sw_24in,351,0.474,0.72,0.962,NA
"LMCRS, Marianna",rel_sw_24in,352,0.472,0.715,0.943,NA
"LMCRS, Marianna",rel_sw_24in,353,0.47,0.71,0.93,NA
"LMCRS, Marianna",rel_sw_24in,354,0.468,0.714,0.916,NA
"LMCRS, Marianna",rel_sw_24in,355,0.466,0.713,0.923,NA
"LMCRS, Marianna",rel_sw_24in,356,0.465,0.708,0.939,NA
"LMCRS, Marianna",rel_sw_24in,357,0.471,0.723,0.934,NA
"LMCRS, Marianna",rel_sw_24in,358,0.503,0.73,0.919,NA
"LMCRS, Marianna",rel_sw_24in,359,0.535,0.729,0.905,NA
"LMCRS, Marianna",rel_sw_24in,360,0.533,0.723,0.917,NA
"LMCRS, Marianna",rel_sw_24in,361,0.531,0.72,0.974,NA
"LMCRS, Marianna",rel_sw_24in,362,0.531,0.714,0.962,NA
"LMCRS, Marianna",rel_sw_24in,363,0.53,0.712,0.95,NA
"LMCRS, Marianna",rel_sw_24in,364,0.527,0.732,0.973,NA
"LMCRS, Marianna",rel_sw_24in,365,0.524,0.726,0.96,NA
"LMCRS, Marianna",rel_sw_24in,366,0.67,0.739,0.866,NA
"LMCRS, Marianna",rel_sw_6in,1,0.61,0.622,0.746,0.612
"LMCRS, Marianna",rel_sw_6in,2,0.599,0.622,0.886,0.643
"LMCRS, Marianna",rel_sw_6in,3,0.593,0.621,0.929,0.631
"LMCRS, Marianna",rel_sw_6in,4,0.58,0.63,0.818,0.619
"LMCRS, Marianna",rel_sw_6in,5,0.566,0.643,0.744,0.605
"LMCRS, Marianna",rel_sw_6in,6,0.558,0.643,0.853,0.591
"LMCRS, Marianna",rel_sw_6in,7,0.55,0.636,0.928,0.579
"LMCRS, Marianna",rel_sw_6in,8,0.535,0.65,0.855,0.58
"LMCRS, Marianna",rel_sw_6in,9,0.548,0.661,0.801,0.655
"LMCRS, Marianna",rel_sw_6in,10,0.549,0.656,0.854,0.722
"LMCRS, Marianna",rel_sw_6in,11,0.536,0.657,0.965,0.677
"LMCRS, Marianna",rel_sw_6in,12,0.524,0.648,0.953,0.647
"LMCRS, Marianna",rel_sw_6in,13,0.519,0.637,0.998,0.637
"LMCRS, Marianna",rel_sw_6in,14,0.515,0.63,0.998,0.632
"LMCRS, Marianna",rel_sw_6in,15,0.51,0.622,0.922,0.617
"LMCRS, Marianna",rel_sw_6in,16,0.506,0.624,0.826,0.608
"LMCRS, Marianna",rel_sw_6in,17,0.527,0.645,0.861,0.601
"LMCRS, Marianna",rel_sw_6in,18,0.553,0.673,0.937,0.595
"LMCRS, Marianna",rel_sw_6in,19,0.544,0.655,0.875,0.584
"LMCRS, Marianna",rel_sw_6in,20,0.536,0.642,0.834,0.57
"LMCRS, Marianna",rel_sw_6in,21,0.543,0.645,0.802,0.681
"LMCRS, Marianna",rel_sw_6in,22,0.537,0.662,0.897,0.649
"LMCRS, Marianna",rel_sw_6in,23,0.536,0.647,0.85,0.638
"LMCRS, Marianna",rel_sw_6in,24,0.531,0.645,0.944,0.727
"LMCRS, Marianna",rel_sw_6in,25,0.527,0.635,0.913,0.731
"LMCRS, Marianna",rel_sw_6in,26,0.522,0.634,0.834,0.695
"LMCRS, Marianna",rel_sw_6in,27,0.521,0.635,0.968,0.666
"LMCRS, Marianna",rel_sw_6in,28,0.516,0.631,0.868,0.643
"LMCRS, Marianna",rel_sw_6in,29,0.512,0.629,0.909,0.633
"LMCRS, Marianna",rel_sw_6in,30,0.508,0.627,0.941,0.632
"LMCRS, Marianna",rel_sw_6in,31,0.504,0.625,0.834,0.627
"LMCRS, Marianna",rel_sw_6in,32,0.5,0.634,0.782,0.62
"LMCRS, Marianna",rel_sw_6in,33,0.52,0.639,0.945,0.607
"LMCRS, Marianna",rel_sw_6in,34,0.534,0.632,0.997,0.655
"LMCRS, Marianna",rel_sw_6in,35,0.559,0.641,0.886,0.635
"LMCRS, Marianna",rel_sw_6in,36,0.552,0.634,0.884,0.618
"LMCRS, Marianna",rel_sw_6in,37,0.545,0.661,0.801,0.596
"LMCRS, Marianna",rel_sw_6in,38,0.539,0.642,0.823,0.578
"LMCRS, Marianna",rel_sw_6in,39,0.534,0.632,0.816,0.568
"LMCRS, Marianna",rel_sw_6in,40,0.529,0.623,0.782,0.56
"LMCRS, Marianna",rel_sw_6in,41,0.525,0.634,0.959,0.556
"LMCRS, Marianna",rel_sw_6in,42,0.531,0.638,0.978,0.57
"LMCRS, Marianna",rel_sw_6in,43,0.531,0.645,0.997,0.551
"LMCRS, Marianna",rel_sw_6in,44,0.526,0.642,0.915,0.545
"LMCRS, Marianna",rel_sw_6in,45,0.521,0.646,0.932,0.593
"LMCRS, Marianna",rel_sw_6in,46,0.517,0.651,0.964,0.774
"LMCRS, Marianna",rel_sw_6in,47,0.534,0.638,0.997,0.707
"LMCRS, Marianna",rel_sw_6in,48,0.529,0.655,0.942,0.671
"LMCRS, Marianna",rel_sw_6in,49,0.534,0.642,0.953,0.645
"LMCRS, Marianna",rel_sw_6in,50,0.54,0.631,0.995,0.62
"LMCRS, Marianna",rel_sw_6in,51,0.535,0.639,0.994,0.603
"LMCRS, Marianna",rel_sw_6in,52,0.538,0.648,0.903,0.616
"LMCRS, Marianna",rel_sw_6in,53,0.531,0.644,0.997,0.594
"LMCRS, Marianna",rel_sw_6in,54,0.554,0.638,0.995,0.586
"LMCRS, Marianna",rel_sw_6in,55,0.546,0.63,0.983,0.579
"LMCRS, Marianna",rel_sw_6in,56,0.546,0.65,0.933,0.574
"LMCRS, Marianna",rel_sw_6in,57,0.541,0.647,0.864,0.596
"LMCRS, Marianna",rel_sw_6in,58,0.536,0.651,0.918,0.572
"LMCRS, Marianna",rel_sw_6in,59,0.532,0.627,0.989,0.567
"LMCRS, Marianna",rel_sw_6in,60,0.527,0.634,0.995,0.562
"LMCRS, Marianna",rel_sw_6in,61,0.523,0.64,0.995,0.557
"LMCRS, Marianna",rel_sw_6in,62,0.52,0.624,0.899,0.553
"LMCRS, Marianna",rel_sw_6in,63,0.516,0.652,0.81,0.548
"LMCRS, Marianna",rel_sw_6in,64,0.513,0.641,0.92,0.544
"LMCRS, Marianna",rel_sw_6in,65,0.51,0.629,0.839,0.541
"LMCRS, Marianna",rel_sw_6in,66,0.506,0.629,0.92,0.685
"LMCRS, Marianna",rel_sw_6in,67,0.503,0.624,0.904,0.732
"LMCRS, Marianna",rel_sw_6in,68,0.5,0.652,0.816,0.812
"LMCRS, Marianna",rel_sw_6in,69,0.501,0.638,0.906,0.741
"LMCRS, Marianna",rel_sw_6in,70,0.539,0.632,0.997,0.844
"LMCRS, Marianna",rel_sw_6in,71,0.535,0.627,0.985,0.744
"LMCRS, Marianna",rel_sw_6in,72,0.531,0.613,0.988,0.673
"LMCRS, Marianna",rel_sw_6in,73,0.548,0.621,0.975,0.642
"LMCRS, Marianna",rel_sw_6in,74,0.552,0.63,0.904,0.734
"LMCRS, Marianna",rel_sw_6in,75,0.546,0.649,0.9,0.681
"LMCRS, Marianna",rel_sw_6in,76,0.541,0.627,0.906,0.639
"LMCRS, Marianna",rel_sw_6in,77,0.536,0.623,0.965,0.613
"LMCRS, Marianna",rel_sw_6in,78,0.531,0.624,0.98,0.6
"LMCRS, Marianna",rel_sw_6in,79,0.538,0.626,0.996,0.59
"LMCRS, Marianna",rel_sw_6in,80,0.534,0.624,0.863,0.583
"LMCRS, Marianna",rel_sw_6in,81,0.53,0.619,0.834,0.577
"LMCRS, Marianna",rel_sw_6in,82,0.527,0.622,0.801,0.572
"LMCRS, Marianna",rel_sw_6in,83,0.523,0.613,0.847,0.567
"LMCRS, Marianna",rel_sw_6in,84,0.52,0.624,0.89,0.562
"LMCRS, Marianna",rel_sw_6in,85,0.517,0.622,0.848,0.558
"LMCRS, Marianna",rel_sw_6in,86,0.534,0.616,0.919,0.554
"LMCRS, Marianna",rel_sw_6in,87,0.523,0.607,0.834,0.55
"LMCRS, Marianna",rel_sw_6in,88,0.52,0.628,0.867,0.546
"LMCRS, Marianna",rel_sw_6in,89,0.517,0.644,0.839,0.543
"LMCRS, Marianna",rel_sw_6in,90,0.536,0.649,0.863,0.54
"LMCRS, Marianna",rel_sw_6in,91,0.532,0.626,0.928,0.536
"LMCRS, Marianna",rel_sw_6in,92,0.528,0.622,0.868,0.533
"LMCRS, Marianna",rel_sw_6in,93,0.525,0.639,0.88,0.53
"LMCRS, Marianna",rel_sw_6in,94,0.549,0.643,0.917,0.657
"LMCRS, Marianna",rel_sw_6in,95,0.544,0.639,0.995,0.611
"LMCRS, Marianna",rel_sw_6in,96,0.539,0.632,0.991,0.596
"LMCRS, Marianna",rel_sw_6in,97,0.548,0.632,0.858,0.585
"LMCRS, Marianna",rel_sw_6in,98,0.544,0.636,0.918,0.577
"LMCRS, Marianna",rel_sw_6in,99,0.54,0.62,0.794,0.57
"LMCRS, Marianna",rel_sw_6in,100,0.542,0.61,0.917,0.564
"LMCRS, Marianna",rel_sw_6in,101,0.543,0.604,0.959,0.559
"LMCRS, Marianna",rel_sw_6in,102,0.538,0.629,0.903,0.554
"LMCRS, Marianna",rel_sw_6in,103,0.553,0.624,0.977,0.549
"LMCRS, Marianna",rel_sw_6in,104,0.547,0.653,0.992,0.545
"LMCRS, Marianna",rel_sw_6in,105,0.542,0.64,0.854,0.541
"LMCRS, Marianna",rel_sw_6in,106,0.538,0.619,0.788,0.537
"LMCRS, Marianna",rel_sw_6in,107,0.54,0.604,0.775,0.533
"LMCRS, Marianna",rel_sw_6in,108,0.534,0.604,0.804,0.561
"LMCRS, Marianna",rel_sw_6in,109,0.534,0.602,0.804,0.534
"LMCRS, Marianna",rel_sw_6in,110,0.536,0.602,0.815,0.53
"LMCRS, Marianna",rel_sw_6in,111,0.548,0.634,0.831,0.527
"LMCRS, Marianna",rel_sw_6in,112,0.546,0.626,0.797,0.524
"LMCRS, Marianna",rel_sw_6in,113,0.551,0.618,0.899,0.521
"LMCRS, Marianna",rel_sw_6in,114,0.546,0.621,0.817,0.604
"LMCRS, Marianna",rel_sw_6in,115,0.545,0.629,0.806,0.694
"LMCRS, Marianna",rel_sw_6in,116,0.542,0.63,0.956,0.645
"LMCRS, Marianna",rel_sw_6in,117,0.545,0.624,0.976,0.623
"LMCRS, Marianna",rel_sw_6in,118,0.543,0.617,0.975,0.776
"LMCRS, Marianna",rel_sw_6in,119,0.546,0.619,0.987,0.806
"LMCRS, Marianna",rel_sw_6in,120,0.543,0.64,0.906,0.724
"LMCRS, Marianna",rel_sw_6in,121,0.54,0.624,0.892,0.666
"LMCRS, Marianna",rel_sw_6in,122,0.549,0.637,0.968,0.638
"LMCRS, Marianna",rel_sw_6in,123,0.547,0.632,0.975,0.621
"LMCRS, Marianna",rel_sw_6in,124,0.543,0.638,0.922,0.609
"LMCRS, Marianna",rel_sw_6in,125,0.539,0.626,0.951,0.649
"LMCRS, Marianna",rel_sw_6in,126,0.535,0.612,0.981,0.768
"LMCRS, Marianna",rel_sw_6in,127,0.548,0.613,0.882,0.683
"LMCRS, Marianna",rel_sw_6in,128,0.545,0.61,0.84,0.637
"LMCRS, Marianna",rel_sw_6in,129,0.542,0.618,0.918,0.613
"LMCRS, Marianna",rel_sw_6in,130,0.539,0.615,0.887,0.619
"LMCRS, Marianna",rel_sw_6in,131,0.536,0.605,0.875,0.591
"LMCRS, Marianna",rel_sw_6in,132,0.533,0.599,0.82,0.581
"LMCRS, Marianna",rel_sw_6in,133,0.531,0.625,0.777,0.574
"LMCRS, Marianna",rel_sw_6in,134,0.527,0.607,0.772,0.568
"LMCRS, Marianna",rel_sw_6in,135,0.522,0.596,0.85,0.619
"LMCRS, Marianna",rel_sw_6in,136,0.517,0.588,0.86,0.59
"LMCRS, Marianna",rel_sw_6in,137,0.515,0.598,0.947,0.578
"LMCRS, Marianna",rel_sw_6in,138,0.518,0.592,0.849,0.569
"LMCRS, Marianna",rel_sw_6in,139,0.522,0.588,0.789,0.65
"LMCRS, Marianna",rel_sw_6in,140,0.517,0.584,0.876,0.738
"LMCRS, Marianna",rel_sw_6in,141,0.513,0.585,0.837,0.722
"LMCRS, Marianna",rel_sw_6in,142,0.516,0.574,0.747,0.816
"LMCRS, Marianna",rel_sw_6in,143,0.513,0.575,0.737,0.864
"LMCRS, Marianna",rel_sw_6in,144,0.511,0.586,0.78,0.787
"LMCRS, Marianna",rel_sw_6in,145,0.516,0.587,0.832,0.749
"LMCRS, Marianna",rel_sw_6in,146,0.515,0.596,0.941,0.752
"LMCRS, Marianna",rel_sw_6in,147,0.515,0.598,0.856,0.708
"LMCRS, Marianna",rel_sw_6in,148,0.543,0.61,0.785,0.692
"LMCRS, Marianna",rel_sw_6in,149,0.544,0.6,0.801,0.661
"LMCRS, Marianna",rel_sw_6in,150,0.535,0.6,0.786,0.619
"LMCRS, Marianna",rel_sw_6in,151,0.541,0.588,0.783,0.589
"LMCRS, Marianna",rel_sw_6in,152,0.533,0.579,0.719,0.604
"LMCRS, Marianna",rel_sw_6in,153,0.532,0.586,0.727,0.586
"LMCRS, Marianna",rel_sw_6in,154,0.529,0.588,0.746,0.565
"LMCRS, Marianna",rel_sw_6in,155,0.534,0.59,0.847,0.552
"LMCRS, Marianna",rel_sw_6in,156,0.529,0.582,0.837,0.541
"LMCRS, Marianna",rel_sw_6in,157,0.531,0.585,0.836,0.531
"LMCRS, Marianna",rel_sw_6in,158,0.536,0.587,0.794,0.664
"LMCRS, Marianna",rel_sw_6in,159,0.536,0.584,0.949,0.643
"LMCRS, Marianna",rel_sw_6in,160,0.533,0.58,0.99,0.598
"LMCRS, Marianna",rel_sw_6in,161,0.531,0.589,0.921,0.569
"LMCRS, Marianna",rel_sw_6in,162,0.531,0.595,0.818,0.552
"LMCRS, Marianna",rel_sw_6in,163,0.526,0.596,0.752,0.685
"LMCRS, Marianna",rel_sw_6in,164,0.527,0.613,0.802,0.757
"LMCRS, Marianna",rel_sw_6in,165,0.525,0.591,0.909,0.705
"LMCRS, Marianna",rel_sw_6in,166,0.533,0.589,0.807,0.647
"LMCRS, Marianna",rel_sw_6in,167,0.529,0.586,0.799,0.603
"LMCRS, Marianna",rel_sw_6in,168,0.532,0.592,0.906,0.579
"LMCRS, Marianna",rel_sw_6in,169,0.527,0.594,0.783,0.563
"LMCRS, Marianna",rel_sw_6in,170,0.525,0.591,0.831,0.567
"LMCRS, Marianna",rel_sw_6in,171,0.518,0.594,0.747,0.635
"LMCRS, Marianna",rel_sw_6in,172,0.525,0.596,0.733,0.626
"LMCRS, Marianna",rel_sw_6in,173,0.538,0.596,0.716,0.724
"LMCRS, Marianna",rel_sw_6in,174,0.524,0.585,0.789,0.662
"LMCRS, Marianna",rel_sw_6in,175,0.524,0.599,0.78,0.635
"LMCRS, Marianna",rel_sw_6in,176,0.544,0.605,0.768,0.613
"LMCRS, Marianna",rel_sw_6in,177,0.526,0.603,0.839,0.593
"LMCRS, Marianna",rel_sw_6in,178,0.533,0.616,0.805,0.569
"LMCRS, Marianna",rel_sw_6in,179,0.537,0.611,0.778,0.538
"LMCRS, Marianna",rel_sw_6in,180,0.53,0.607,0.873,0.599
"LMCRS, Marianna",rel_sw_6in,181,0.538,0.611,0.83,0.562
"LMCRS, Marianna",rel_sw_6in,182,0.543,0.612,0.988,0.543
"LMCRS, Marianna",rel_sw_6in,183,0.525,0.61,0.978,0.636
"LMCRS, Marianna",rel_sw_6in,184,0.541,0.613,0.915,0.611
"LMCRS, Marianna",rel_sw_6in,185,0.541,0.606,0.826,0.633
"LMCRS, Marianna",rel_sw_6in,186,0.532,0.609,0.886,0.648
"LMCRS, Marianna",rel_sw_6in,187,0.542,0.619,0.795,0.63
"LMCRS, Marianna",rel_sw_6in,188,0.532,0.615,0.76,0.622
"LMCRS, Marianna",rel_sw_6in,189,0.543,0.612,0.698,0.607
"LMCRS, Marianna",rel_sw_6in,190,0.539,0.623,0.768,0.603
"LMCRS, Marianna",rel_sw_6in,191,0.522,0.621,0.903,0.593
"LMCRS, Marianna",rel_sw_6in,192,0.535,0.618,0.813,0.616
"LMCRS, Marianna",rel_sw_6in,193,0.542,0.624,0.88,0.638
"LMCRS, Marianna",rel_sw_6in,194,0.545,0.623,0.839,0.626
"LMCRS, Marianna",rel_sw_6in,195,0.546,0.621,0.883,0.664
"LMCRS, Marianna",rel_sw_6in,196,0.55,0.631,0.914,0.721
"LMCRS, Marianna",rel_sw_6in,197,0.547,0.621,0.966,0.665
"LMCRS, Marianna",rel_sw_6in,198,0.549,0.623,0.862,0.642
"LMCRS, Marianna",rel_sw_6in,199,0.527,0.623,0.846,0.609
"LMCRS, Marianna",rel_sw_6in,200,0.542,0.61,0.771,0.581
"LMCRS, Marianna",rel_sw_6in,201,0.543,0.619,0.726,0.595
"LMCRS, Marianna",rel_sw_6in,202,0.536,0.629,0.782,0.579
"LMCRS, Marianna",rel_sw_6in,203,0.543,0.621,0.742,0.556
"LMCRS, Marianna",rel_sw_6in,204,0.555,0.627,0.769,0.624
"LMCRS, Marianna",rel_sw_6in,205,0.539,0.608,0.744,0.661
"LMCRS, Marianna",rel_sw_6in,206,0.54,0.624,0.784,0.671
"LMCRS, Marianna",rel_sw_6in,207,0.548,0.617,0.8,0.636
"LMCRS, Marianna",rel_sw_6in,208,0.544,0.609,0.729,0.601
"LMCRS, Marianna",rel_sw_6in,209,0.53,0.624,0.809,0.578
"LMCRS, Marianna",rel_sw_6in,210,0.542,0.619,0.855,0.629
"LMCRS, Marianna",rel_sw_6in,211,0.553,0.617,0.958,0.603
"LMCRS, Marianna",rel_sw_6in,212,0.54,0.621,0.846,0.608
"LMCRS, Marianna",rel_sw_6in,213,0.533,0.619,0.843,0.6
"LMCRS, Marianna",rel_sw_6in,214,0.536,0.613,0.759,NA
"LMCRS, Marianna",rel_sw_6in,215,0.542,0.59,0.73,NA
"LMCRS, Marianna",rel_sw_6in,216,0.546,0.615,0.758,NA
"LMCRS, Marianna",rel_sw_6in,217,0.55,0.615,0.886,NA
"LMCRS, Marianna",rel_sw_6in,218,0.543,0.612,0.965,NA
"LMCRS, Marianna",rel_sw_6in,219,0.557,0.603,0.85,NA
"LMCRS, Marianna",rel_sw_6in,220,0.544,0.622,0.751,NA
"LMCRS, Marianna",rel_sw_6in,221,0.553,0.621,0.736,NA
"LMCRS, Marianna",rel_sw_6in,222,0.536,0.61,0.748,NA
"LMCRS, Marianna",rel_sw_6in,223,0.545,0.625,0.715,NA
"LMCRS, Marianna",rel_sw_6in,224,0.531,0.628,0.718,NA
"LMCRS, Marianna",rel_sw_6in,225,0.532,0.606,0.726,NA
"LMCRS, Marianna",rel_sw_6in,226,0.539,0.614,0.785,NA
"LMCRS, Marianna",rel_sw_6in,227,0.554,0.618,0.804,NA
"LMCRS, Marianna",rel_sw_6in,228,0.539,0.614,0.846,NA
"LMCRS, Marianna",rel_sw_6in,229,0.544,0.603,0.773,NA
"LMCRS, Marianna",rel_sw_6in,230,0.534,0.629,0.755,NA
"LMCRS, Marianna",rel_sw_6in,231,0.542,0.623,0.789,NA
"LMCRS, Marianna",rel_sw_6in,232,0.552,0.619,0.759,NA
"LMCRS, Marianna",rel_sw_6in,233,0.551,0.622,0.791,NA
"LMCRS, Marianna",rel_sw_6in,234,0.552,0.614,0.757,NA
"LMCRS, Marianna",rel_sw_6in,235,0.557,0.613,0.711,NA
"LMCRS, Marianna",rel_sw_6in,236,0.553,0.611,0.734,NA
"LMCRS, Marianna",rel_sw_6in,237,0.542,0.616,0.682,NA
"LMCRS, Marianna",rel_sw_6in,238,0.524,0.605,0.738,NA
"LMCRS, Marianna",rel_sw_6in,239,0.53,0.617,0.753,NA
"LMCRS, Marianna",rel_sw_6in,240,0.547,0.617,0.898,NA
"LMCRS, Marianna",rel_sw_6in,241,0.557,0.62,0.969,NA
"LMCRS, Marianna",rel_sw_6in,242,0.555,0.63,0.897,NA
"LMCRS, Marianna",rel_sw_6in,243,0.534,0.609,0.949,NA
"LMCRS, Marianna",rel_sw_6in,244,0.535,0.621,0.928,NA
"LMCRS, Marianna",rel_sw_6in,245,0.559,0.63,0.91,NA
"LMCRS, Marianna",rel_sw_6in,246,0.552,0.619,0.859,NA
"LMCRS, Marianna",rel_sw_6in,247,0.535,0.616,0.932,NA
"LMCRS, Marianna",rel_sw_6in,248,0.557,0.631,0.905,NA
"LMCRS, Marianna",rel_sw_6in,249,0.543,0.609,0.826,NA
"LMCRS, Marianna",rel_sw_6in,250,0.54,0.603,0.795,NA
"LMCRS, Marianna",rel_sw_6in,251,0.545,0.619,0.741,NA
"LMCRS, Marianna",rel_sw_6in,252,0.549,0.606,0.816,NA
"LMCRS, Marianna",rel_sw_6in,253,0.532,0.597,0.741,NA
"LMCRS, Marianna",rel_sw_6in,254,0.536,0.611,0.731,NA
"LMCRS, Marianna",rel_sw_6in,255,0.536,0.62,0.764,NA
"LMCRS, Marianna",rel_sw_6in,256,0.529,0.604,0.86,NA
"LMCRS, Marianna",rel_sw_6in,257,0.521,0.592,0.898,NA
"LMCRS, Marianna",rel_sw_6in,258,0.513,0.584,0.932,NA
"LMCRS, Marianna",rel_sw_6in,259,0.507,0.597,0.954,NA
"LMCRS, Marianna",rel_sw_6in,260,0.501,0.593,0.989,NA
"LMCRS, Marianna",rel_sw_6in,261,0.495,0.589,0.988,NA
"LMCRS, Marianna",rel_sw_6in,262,0.49,0.588,0.901,NA
"LMCRS, Marianna",rel_sw_6in,263,0.492,0.58,0.906,NA
"LMCRS, Marianna",rel_sw_6in,264,0.486,0.58,0.855,NA
"LMCRS, Marianna",rel_sw_6in,265,0.481,0.586,0.816,NA
"LMCRS, Marianna",rel_sw_6in,266,0.477,0.589,0.844,NA
"LMCRS, Marianna",rel_sw_6in,267,0.472,0.593,0.884,NA
"LMCRS, Marianna",rel_sw_6in,268,0.468,0.602,0.901,NA
"LMCRS, Marianna",rel_sw_6in,269,0.464,0.586,0.93,NA
"LMCRS, Marianna",rel_sw_6in,270,0.46,0.575,0.812,NA
"LMCRS, Marianna",rel_sw_6in,271,0.456,0.586,0.879,NA
"LMCRS, Marianna",rel_sw_6in,272,0.452,0.579,0.821,NA
"LMCRS, Marianna",rel_sw_6in,273,0.449,0.576,0.853,NA
"LMCRS, Marianna",rel_sw_6in,274,0.445,0.576,0.775,NA
"LMCRS, Marianna",rel_sw_6in,275,0.442,0.574,0.822,NA
"LMCRS, Marianna",rel_sw_6in,276,0.438,0.572,0.748,NA
"LMCRS, Marianna",rel_sw_6in,277,0.435,0.567,0.805,NA
"LMCRS, Marianna",rel_sw_6in,278,0.432,0.57,0.744,NA
"LMCRS, Marianna",rel_sw_6in,279,0.429,0.565,0.775,NA
"LMCRS, Marianna",rel_sw_6in,280,0.426,0.562,0.797,NA
"LMCRS, Marianna",rel_sw_6in,281,0.423,0.574,0.845,NA
"LMCRS, Marianna",rel_sw_6in,282,0.445,0.579,0.863,NA
"LMCRS, Marianna",rel_sw_6in,283,0.437,0.582,0.946,NA
"LMCRS, Marianna",rel_sw_6in,284,0.433,0.577,0.991,NA
"LMCRS, Marianna",rel_sw_6in,285,0.43,0.587,0.882,NA
"LMCRS, Marianna",rel_sw_6in,286,0.427,0.581,0.952,NA
"LMCRS, Marianna",rel_sw_6in,287,0.424,0.588,0.85,NA
"LMCRS, Marianna",rel_sw_6in,288,0.421,0.599,0.795,NA
"LMCRS, Marianna",rel_sw_6in,289,0.418,0.591,0.779,NA
"LMCRS, Marianna",rel_sw_6in,290,0.416,0.603,0.813,NA
"LMCRS, Marianna",rel_sw_6in,291,0.413,0.607,0.787,NA
"LMCRS, Marianna",rel_sw_6in,292,0.41,0.611,0.809,NA
"LMCRS, Marianna",rel_sw_6in,293,0.408,0.598,0.785,NA
"LMCRS, Marianna",rel_sw_6in,294,0.405,0.594,0.745,NA
"LMCRS, Marianna",rel_sw_6in,295,0.402,0.586,0.806,NA
"LMCRS, Marianna",rel_sw_6in,296,0.415,0.586,0.832,NA
"LMCRS, Marianna",rel_sw_6in,297,0.437,0.583,0.929,NA
"LMCRS, Marianna",rel_sw_6in,298,0.433,0.614,0.869,NA
"LMCRS, Marianna",rel_sw_6in,299,0.429,0.614,0.943,NA
"LMCRS, Marianna",rel_sw_6in,300,0.426,0.637,0.843,NA
"LMCRS, Marianna",rel_sw_6in,301,0.468,0.644,0.833,NA
"LMCRS, Marianna",rel_sw_6in,302,0.464,0.628,0.958,NA
"LMCRS, Marianna",rel_sw_6in,303,0.461,0.622,0.998,NA
"LMCRS, Marianna",rel_sw_6in,304,0.457,0.623,0.985,NA
"LMCRS, Marianna",rel_sw_6in,305,0.454,0.623,0.992,NA
"LMCRS, Marianna",rel_sw_6in,306,0.45,0.618,0.873,NA
"LMCRS, Marianna",rel_sw_6in,307,0.499,0.632,0.963,NA
"LMCRS, Marianna",rel_sw_6in,308,0.495,0.619,0.883,NA
"LMCRS, Marianna",rel_sw_6in,309,0.492,0.613,0.852,NA
"LMCRS, Marianna",rel_sw_6in,310,0.488,0.625,0.8,NA
"LMCRS, Marianna",rel_sw_6in,311,0.485,0.623,0.948,NA
"LMCRS, Marianna",rel_sw_6in,312,0.49,0.631,0.995,NA
"LMCRS, Marianna",rel_sw_6in,313,0.5,0.62,0.941,NA
"LMCRS, Marianna",rel_sw_6in,314,0.481,0.608,0.917,NA
"LMCRS, Marianna",rel_sw_6in,315,0.478,0.61,0.938,NA
"LMCRS, Marianna",rel_sw_6in,316,0.475,0.603,0.844,NA
"LMCRS, Marianna",rel_sw_6in,317,0.472,0.61,0.772,NA
"LMCRS, Marianna",rel_sw_6in,318,0.469,0.633,0.817,NA
"LMCRS, Marianna",rel_sw_6in,319,0.466,0.635,0.836,NA
"LMCRS, Marianna",rel_sw_6in,320,0.463,0.631,0.957,NA
"LMCRS, Marianna",rel_sw_6in,321,0.46,0.619,0.905,NA
"LMCRS, Marianna",rel_sw_6in,322,0.457,0.616,0.948,NA
"LMCRS, Marianna",rel_sw_6in,323,0.541,0.61,0.847,NA
"LMCRS, Marianna",rel_sw_6in,324,0.537,0.623,0.97,NA
"LMCRS, Marianna",rel_sw_6in,325,0.524,0.635,0.889,NA
"LMCRS, Marianna",rel_sw_6in,326,0.521,0.631,0.948,NA
"LMCRS, Marianna",rel_sw_6in,327,0.519,0.626,0.844,NA
"LMCRS, Marianna",rel_sw_6in,328,0.543,0.645,0.9,NA
"LMCRS, Marianna",rel_sw_6in,329,0.539,0.64,0.933,NA
"LMCRS, Marianna",rel_sw_6in,330,0.535,0.666,0.84,NA
"LMCRS, Marianna",rel_sw_6in,331,0.531,0.656,0.91,NA
"LMCRS, Marianna",rel_sw_6in,332,0.527,0.65,0.997,NA
"LMCRS, Marianna",rel_sw_6in,333,0.524,0.646,0.997,NA
"LMCRS, Marianna",rel_sw_6in,334,0.521,0.658,0.879,NA
"LMCRS, Marianna",rel_sw_6in,335,0.518,0.652,0.975,NA
"LMCRS, Marianna",rel_sw_6in,336,0.515,0.639,0.999,NA
"LMCRS, Marianna",rel_sw_6in,337,0.512,0.643,0.887,NA
"LMCRS, Marianna",rel_sw_6in,338,0.509,0.639,0.964,NA
"LMCRS, Marianna",rel_sw_6in,339,0.549,0.651,0.983,NA
"LMCRS, Marianna",rel_sw_6in,340,0.545,0.645,0.896,NA
"LMCRS, Marianna",rel_sw_6in,341,0.555,0.649,0.838,NA
"LMCRS, Marianna",rel_sw_6in,342,0.554,0.641,0.926,NA
"LMCRS, Marianna",rel_sw_6in,343,0.563,0.647,0.99,NA
"LMCRS, Marianna",rel_sw_6in,344,0.556,0.655,0.887,NA
"LMCRS, Marianna",rel_sw_6in,345,0.551,0.646,0.865,NA
"LMCRS, Marianna",rel_sw_6in,346,0.554,0.653,0.895,NA
"LMCRS, Marianna",rel_sw_6in,347,0.567,0.66,0.998,NA
"LMCRS, Marianna",rel_sw_6in,348,0.561,0.658,0.949,NA
"LMCRS, Marianna",rel_sw_6in,349,0.555,0.657,0.853,NA
"LMCRS, Marianna",rel_sw_6in,350,0.55,0.662,0.972,NA
"LMCRS, Marianna",rel_sw_6in,351,0.566,0.644,0.993,NA
"LMCRS, Marianna",rel_sw_6in,352,0.558,0.642,0.97,NA
"LMCRS, Marianna",rel_sw_6in,353,0.551,0.632,0.964,NA
"LMCRS, Marianna",rel_sw_6in,354,0.545,0.632,0.994,NA
"LMCRS, Marianna",rel_sw_6in,355,0.54,0.656,0.993,NA
"LMCRS, Marianna",rel_sw_6in,356,0.535,0.641,0.989,NA
"LMCRS, Marianna",rel_sw_6in,357,0.56,0.662,0.994,NA
"LMCRS, Marianna",rel_sw_6in,358,0.568,0.667,0.969,NA
"LMCRS, Marianna",rel_sw_6in,359,0.559,0.66,0.999,NA
"LMCRS, Marianna",rel_sw_6in,360,0.553,0.644,0.999,NA
"LMCRS, Marianna",rel_sw_6in,361,0.55,0.668,0.999,NA
"LMCRS, Marianna",rel_sw_6in,362,0.556,0.661,0.907,NA
"LMCRS, Marianna",rel_sw_6in,363,0.549,0.658,0.947,NA
"LMCRS, Marianna",rel_sw_6in,364,0.543,0.656,0.988,NA
"LMCRS, Marianna",rel_sw_6in,365,0.538,0.644,0.937,NA
"LMCRS, Marianna",rel_sw_6in,366,0.597,0.661,0.998,NA
"NEEREC, Harrisburg",Biomass_kgha,1,0,0,0,0
"NEEREC, Harrisburg",Biomass_kgha,2,0,0,0,0
"NEEREC, Harrisburg",Biomass_kgha,3,0,0,0,0
"NEEREC, Harrisburg",Biomass_kgha,4,0,0,0,0
"NEEREC, Harrisburg",Biomass_kgha,5,0,0,0,0
"NEEREC, Harrisburg",Biomass_kgha,6,0,0,0,0
"NEEREC, Harrisburg",Biomass_kgha,7,0,0,0,0
"NEEREC, Harrisburg",Biomass_kgha,8,0,0,0,0
"NEEREC, Harrisburg",Biomass_kgha,9,0,0,0,0
"NEEREC, Harrisburg",Biomass_kgha,10,0,0,0,0
"NEEREC, Harrisburg",Biomass_kgha,11,0,0,0,0
"NEEREC, Harrisburg",Biomass_kgha,12,0,0,0,0
"NEEREC, Harrisburg",Biomass_kgha,13,0,0,0,0
"NEEREC, Harrisburg",Biomass_kgha,14,0,0,0,0
"NEEREC, Harrisburg",Biomass_kgha,15,0,0,0,0
"NEEREC, Harrisburg",Biomass_kgha,16,0,0,0,0
"NEEREC, Harrisburg",Biomass_kgha,17,0,0,0,0
"NEEREC, Harrisburg",Biomass_kgha,18,0,0,0,0
"NEEREC, Harrisburg",Biomass_kgha,19,0,0,0,0
"NEEREC, Harrisburg",Biomass_kgha,20,0,0,0,0
"NEEREC, Harrisburg",Biomass_kgha,21,0,0,0,0
"NEEREC, Harrisburg",Biomass_kgha,22,0,0,0,0
"NEEREC, Harrisburg",Biomass_kgha,23,0,0,0,0
"NEEREC, Harrisburg",Biomass_kgha,24,0,0,0,0
"NEEREC, Harrisburg",Biomass_kgha,25,0,0,0,0
"NEEREC, Harrisburg",Biomass_kgha,26,0,0,0,0
"NEEREC, Harrisburg",Biomass_kgha,27,0,0,0,0
"NEEREC, Harrisburg",Biomass_kgha,28,0,0,0,0
"NEEREC, Harrisburg",Biomass_kgha,29,0,0,0,0
"NEEREC, Harrisburg",Biomass_kgha,30,0,0,0,0
"NEEREC, Harrisburg",Biomass_kgha,31,0,0,0,0
"NEEREC, Harrisburg",Biomass_kgha,32,0,0,0,0
"NEEREC, Harrisburg",Biomass_kgha,33,0,0,0,0
"NEEREC, Harrisburg",Biomass_kgha,34,0,0,0,0
"NEEREC, Harrisburg",Biomass_kgha,35,0,0,0,0
"NEEREC, Harrisburg",Biomass_kgha,36,0,0,0,0
"NEEREC, Harrisburg",Biomass_kgha,37,0,0,0,0
"NEEREC, Harrisburg",Biomass_kgha,38,0,0,0,0
"NEEREC, Harrisburg",Biomass_kgha,39,0,0,0,0
"NEEREC, Harrisburg",Biomass_kgha,40,0,0,0,0
"NEEREC, Harrisburg",Biomass_kgha,41,0,0,0,0
"NEEREC, Harrisburg",Biomass_kgha,42,0,0,0,0
"NEEREC, Harrisburg",Biomass_kgha,43,0,0,0,0
"NEEREC, Harrisburg",Biomass_kgha,44,0,0,0,0
"NEEREC, Harrisburg",Biomass_kgha,45,0,0,0,0
"NEEREC, Harrisburg",Biomass_kgha,46,0,0,0,0
"NEEREC, Harrisburg",Biomass_kgha,47,0,0,0,0
"NEEREC, Harrisburg",Biomass_kgha,48,0,0,0,0
"NEEREC, Harrisburg",Biomass_kgha,49,0,0,0,0
"NEEREC, Harrisburg",Biomass_kgha,50,0,0,0,0
"NEEREC, Harrisburg",Biomass_kgha,51,0,0,0,0
"NEEREC, Harrisburg",Biomass_kgha,52,0,0,0,0
"NEEREC, Harrisburg",Biomass_kgha,53,0,0,0,0
"NEEREC, Harrisburg",Biomass_kgha,54,0,0,0,0
"NEEREC, Harrisburg",Biomass_kgha,55,0,0,0,0
"NEEREC, Harrisburg",Biomass_kgha,56,0,0,0,0
"NEEREC, Harrisburg",Biomass_kgha,57,0,0,0,0
"NEEREC, Harrisburg",Biomass_kgha,58,0,0,0,0
"NEEREC, Harrisburg",Biomass_kgha,59,0,0,0,0
"NEEREC, Harrisburg",Biomass_kgha,60,0,0,0,0
"NEEREC, Harrisburg",Biomass_kgha,61,0,0,0,0
"NEEREC, Harrisburg",Biomass_kgha,62,0,0,0,0
"NEEREC, Harrisburg",Biomass_kgha,63,0,0,0,0
"NEEREC, Harrisburg",Biomass_kgha,64,0,0,0,0
"NEEREC, Harrisburg",Biomass_kgha,65,0,0,0,0
"NEEREC, Harrisburg",Biomass_kgha,66,0,0,0,0
"NEEREC, Harrisburg",Biomass_kgha,67,0,0,0,0
"NEEREC, Harrisburg",Biomass_kgha,68,0,0,0,0
"NEEREC, Harrisburg",Biomass_kgha,69,0,0,0,0
"NEEREC, Harrisburg",Biomass_kgha,70,0,0,0,0
"NEEREC, Harrisburg",Biomass_kgha,71,0,0,0,0
"NEEREC, Harrisburg",Biomass_kgha,72,0,0,0,0
"NEEREC, Harrisburg",Biomass_kgha,73,0,0,0,0
"NEEREC, Harrisburg",Biomass_kgha,74,0,0,0,0
"NEEREC, Harrisburg",Biomass_kgha,75,0,0,0,0
"NEEREC, Harrisburg",Biomass_kgha,76,0,0,0,0
"NEEREC, Harrisburg",Biomass_kgha,77,0,0,0,0
"NEEREC, Harrisburg",Biomass_kgha,78,0,0,0,0
"NEEREC, Harrisburg",Biomass_kgha,79,0,0,0,0
"NEEREC, Harrisburg",Biomass_kgha,80,0,0,0,0
"NEEREC, Harrisburg",Biomass_kgha,81,0,0,0,0
"NEEREC, Harrisburg",Biomass_kgha,82,0,0,0,0
"NEEREC, Harrisburg",Biomass_kgha,83,0,0,0,0
"NEEREC, Harrisburg",Biomass_kgha,84,0,0,0,0
"NEEREC, Harrisburg",Biomass_kgha,85,0,0,0,0
"NEEREC, Harrisburg",Biomass_kgha,86,0,0,0,0
"NEEREC, Harrisburg",Biomass_kgha,87,0,0,0,0
"NEEREC, Harrisburg",Biomass_kgha,88,0,0,0,0
"NEEREC, Harrisburg",Biomass_kgha,89,0,0,0,0
"NEEREC, Harrisburg",Biomass_kgha,90,0,0,0,0
"NEEREC, Harrisburg",Biomass_kgha,91,0,0,0,0
"NEEREC, Harrisburg",Biomass_kgha,92,0,0,0,0
"NEEREC, Harrisburg",Biomass_kgha,93,0,0,0,0
"NEEREC, Harrisburg",Biomass_kgha,94,0,0,0,0
"NEEREC, Harrisburg",Biomass_kgha,95,0,0,0,0
"NEEREC, Harrisburg",Biomass_kgha,96,0,0,0,0
"NEEREC, Harrisburg",Biomass_kgha,97,0,0,0,0
"NEEREC, Harrisburg",Biomass_kgha,98,0,0,0,0
"NEEREC, Harrisburg",Biomass_kgha,99,0,0,0,0
"NEEREC, Harrisburg",Biomass_kgha,100,0,0,0,0
"NEEREC, Harrisburg",Biomass_kgha,101,0,0,0,0
"NEEREC, Harrisburg",Biomass_kgha,102,0,0,0,0
"NEEREC, Harrisburg",Biomass_kgha,103,0,0,0,0
"NEEREC, Harrisburg",Biomass_kgha,104,0,0,0,0
"NEEREC, Harrisburg",Biomass_kgha,105,0,0,0,0
"NEEREC, Harrisburg",Biomass_kgha,106,0,0,0,0
"NEEREC, Harrisburg",Biomass_kgha,107,0,0,0,0
"NEEREC, Harrisburg",Biomass_kgha,108,0,0,0,0
"NEEREC, Harrisburg",Biomass_kgha,109,0,0,0,0
"NEEREC, Harrisburg",Biomass_kgha,110,0,0,0,0
"NEEREC, Harrisburg",Biomass_kgha,111,0,0,0,0
"NEEREC, Harrisburg",Biomass_kgha,112,0,0,0,0
"NEEREC, Harrisburg",Biomass_kgha,113,0,0,0,0
"NEEREC, Harrisburg",Biomass_kgha,114,0,0,0,0
"NEEREC, Harrisburg",Biomass_kgha,115,0,0,0,0
"NEEREC, Harrisburg",Biomass_kgha,116,0,0,0,0
"NEEREC, Harrisburg",Biomass_kgha,117,0,0,0,0
"NEEREC, Harrisburg",Biomass_kgha,118,0,0,0,0
"NEEREC, Harrisburg",Biomass_kgha,119,0,0,0,0
"NEEREC, Harrisburg",Biomass_kgha,120,0,0,0,0
"NEEREC, Harrisburg",Biomass_kgha,121,0,0,0,0
"NEEREC, Harrisburg",Biomass_kgha,122,0,0,0,0
"NEEREC, Harrisburg",Biomass_kgha,123,0,0,0,0
"NEEREC, Harrisburg",Biomass_kgha,124,0,0,0,0
"NEEREC, Harrisburg",Biomass_kgha,125,0,0,0,0
"NEEREC, Harrisburg",Biomass_kgha,126,0,0,0,0
"NEEREC, Harrisburg",Biomass_kgha,127,0,0,0,0
"NEEREC, Harrisburg",Biomass_kgha,128,0,0,0,0
"NEEREC, Harrisburg",Biomass_kgha,129,0,0,0,0
"NEEREC, Harrisburg",Biomass_kgha,130,0,0,0,0
"NEEREC, Harrisburg",Biomass_kgha,131,0,0,0,0
"NEEREC, Harrisburg",Biomass_kgha,132,0,0,0,0
"NEEREC, Harrisburg",Biomass_kgha,133,0,0,0,0
"NEEREC, Harrisburg",Biomass_kgha,134,0,0,0,0
"NEEREC, Harrisburg",Biomass_kgha,135,0,0,0,0
"NEEREC, Harrisburg",Biomass_kgha,136,0,0,0,0
"NEEREC, Harrisburg",Biomass_kgha,137,0,0,0,0
"NEEREC, Harrisburg",Biomass_kgha,138,0,0,0,0
"NEEREC, Harrisburg",Biomass_kgha,139,0,0,0,0
"NEEREC, Harrisburg",Biomass_kgha,140,0,0,0,0
"NEEREC, Harrisburg",Biomass_kgha,141,0,0,0,0
"NEEREC, Harrisburg",Biomass_kgha,142,0,10,10,10
"NEEREC, Harrisburg",Biomass_kgha,143,10,10,10,10
"NEEREC, Harrisburg",Biomass_kgha,144,10,10,10,10
"NEEREC, Harrisburg",Biomass_kgha,145,10,10,10,10
"NEEREC, Harrisburg",Biomass_kgha,146,10,10,10,10
"NEEREC, Harrisburg",Biomass_kgha,147,10,10,14.626,10
"NEEREC, Harrisburg",Biomass_kgha,148,10,10,17.979,13.105
"NEEREC, Harrisburg",Biomass_kgha,149,10,14.347,21.847,16.059
"NEEREC, Harrisburg",Biomass_kgha,150,10,17.757,26.536,19.157
"NEEREC, Harrisburg",Biomass_kgha,151,10,21.837,32.146,24.701
"NEEREC, Harrisburg",Biomass_kgha,152,10,25.995,39.446,30.553
"NEEREC, Harrisburg",Biomass_kgha,153,13.109,30.585,47.833,36.989
"NEEREC, Harrisburg",Biomass_kgha,154,14.809,37.082,57.069,45.438
"NEEREC, Harrisburg",Biomass_kgha,155,17.465,43.816,64.14,53.687
"NEEREC, Harrisburg",Biomass_kgha,156,21.695,51.334,74.825,63.738
"NEEREC, Harrisburg",Biomass_kgha,157,26.757,60.38,89.85,73.587
"NEEREC, Harrisburg",Biomass_kgha,158,29.885,71.984,106.579,84.525
"NEEREC, Harrisburg",Biomass_kgha,159,36.555,86.373,122.953,98.903
"NEEREC, Harrisburg",Biomass_kgha,160,41.918,102.138,141.916,117.701
"NEEREC, Harrisburg",Biomass_kgha,161,51.35,120.044,168.959,138.085
"NEEREC, Harrisburg",Biomass_kgha,162,60.843,137.025,193.8,164.497
"NEEREC, Harrisburg",Biomass_kgha,163,69.034,160.491,219.543,184.382
"NEEREC, Harrisburg",Biomass_kgha,164,80.935,184.271,257.529,212.5
"NEEREC, Harrisburg",Biomass_kgha,165,92.578,216.589,305.254,240.212
"NEEREC, Harrisburg",Biomass_kgha,166,110.199,252.839,358.705,279.005
"NEEREC, Harrisburg",Biomass_kgha,167,132.839,284.872,412.019,334.395
"NEEREC, Harrisburg",Biomass_kgha,168,157.711,335.923,477.482,377.884
"NEEREC, Harrisburg",Biomass_kgha,169,187.179,388.478,552.349,429.203
"NEEREC, Harrisburg",Biomass_kgha,170,217.26,444.12,642.717,485.704
"NEEREC, Harrisburg",Biomass_kgha,171,252.542,511.006,744.302,564.845
"NEEREC, Harrisburg",Biomass_kgha,172,286.055,586.136,850.937,627.952
"NEEREC, Harrisburg",Biomass_kgha,173,322.257,671.225,963.33,655.604
"NEEREC, Harrisburg",Biomass_kgha,174,367.068,756.06,1083.067,761.138
"NEEREC, Harrisburg",Biomass_kgha,175,416.234,833.857,1206.152,861.086
"NEEREC, Harrisburg",Biomass_kgha,176,475.593,949.536,1334.798,982.732
"NEEREC, Harrisburg",Biomass_kgha,177,518.813,1049.712,1465.771,1037.309
"NEEREC, Harrisburg",Biomass_kgha,178,598.495,1162.003,1613.475,1145.908
"NEEREC, Harrisburg",Biomass_kgha,179,690.822,1284.849,1753.533,1279.972
"NEEREC, Harrisburg",Biomass_kgha,180,773.27,1417.519,1864.671,1418.754
"NEEREC, Harrisburg",Biomass_kgha,181,857.594,1528.313,2016.203,1558.955
"NEEREC, Harrisburg",Biomass_kgha,182,912.243,1656.132,2174.768,1704.356
"NEEREC, Harrisburg",Biomass_kgha,183,1012.631,1806.904,2336.244,1851.27
"NEEREC, Harrisburg",Biomass_kgha,184,1127.8,1935.397,2482.583,2003.217
"NEEREC, Harrisburg",Biomass_kgha,185,1247.98,2078.545,2644.725,2145.125
"NEEREC, Harrisburg",Biomass_kgha,186,1355.023,2200.467,2805.044,2293.886
"NEEREC, Harrisburg",Biomass_kgha,187,1461.096,2342.792,2955.882,2447.744
"NEEREC, Harrisburg",Biomass_kgha,188,1599.126,2485.546,3099.82,2568.419
"NEEREC, Harrisburg",Biomass_kgha,189,1723.301,2624.926,3260.477,2703.259
"NEEREC, Harrisburg",Biomass_kgha,190,1863.306,2771.947,3375.137,2853.762
"NEEREC, Harrisburg",Biomass_kgha,191,2010.055,2898.164,3525.668,2984.753
"NEEREC, Harrisburg",Biomass_kgha,192,2152.513,3039.907,3665.469,3100.917
"NEEREC, Harrisburg",Biomass_kgha,193,2301.75,3208.416,3791.106,3256.54
"NEEREC, Harrisburg",Biomass_kgha,194,2456.681,3357.771,3952.269,3409.951
"NEEREC, Harrisburg",Biomass_kgha,195,2605.25,3511.79,4106.35,3554.11
"NEEREC, Harrisburg",Biomass_kgha,196,2748.027,3670.19,4265.444,3652.534
"NEEREC, Harrisburg",Biomass_kgha,197,2881.912,3820.882,4423.856,3803.412
"NEEREC, Harrisburg",Biomass_kgha,198,2991.861,3970.303,4559.484,3963.863
"NEEREC, Harrisburg",Biomass_kgha,199,3127.478,4091.781,4711.993,4127.341
"NEEREC, Harrisburg",Biomass_kgha,200,3288.666,4204.197,4884.639,4290.799
"NEEREC, Harrisburg",Biomass_kgha,201,3455.431,4349.754,5046.87,4450.497
"NEEREC, Harrisburg",Biomass_kgha,202,3607.079,4492.121,5219.747,4605.447
"NEEREC, Harrisburg",Biomass_kgha,203,3753.385,4649.748,5393.365,4776.011
"NEEREC, Harrisburg",Biomass_kgha,204,3896.396,4792.561,5572.745,4942.483
"NEEREC, Harrisburg",Biomass_kgha,205,4047.625,4958.2,5748.015,5051.927
"NEEREC, Harrisburg",Biomass_kgha,206,4210.681,5083.625,5922.522,5188.777
"NEEREC, Harrisburg",Biomass_kgha,207,4368.351,5246.005,6139.76,5355.09
"NEEREC, Harrisburg",Biomass_kgha,208,4523.138,5399.186,6371.277,5584.7
"NEEREC, Harrisburg",Biomass_kgha,209,4643.35,5547.371,6621.269,5793.881
"NEEREC, Harrisburg",Biomass_kgha,210,4802.682,5713.49,6875.521,6039.15
"NEEREC, Harrisburg",Biomass_kgha,211,4919.428,5846.746,7146.063,6281.087
"NEEREC, Harrisburg",Biomass_kgha,212,5027.099,6051.746,7408.707,6535.245
"NEEREC, Harrisburg",Biomass_kgha,213,5176.259,6260.872,7688.957,6783.876
"NEEREC, Harrisburg",Biomass_kgha,214,5334.751,6498.185,7945.761,NA
"NEEREC, Harrisburg",Biomass_kgha,215,5494.356,6708.56,8152.197,NA
"NEEREC, Harrisburg",Biomass_kgha,216,5724.163,6937.336,8356.393,NA
"NEEREC, Harrisburg",Biomass_kgha,217,5891.762,7160.498,8568.341,NA
"NEEREC, Harrisburg",Biomass_kgha,218,5952.34,7387.974,8751.112,NA
"NEEREC, Harrisburg",Biomass_kgha,219,6156.436,7556.774,9037.561,NA
"NEEREC, Harrisburg",Biomass_kgha,220,6383.644,7805.543,9306.012,NA
"NEEREC, Harrisburg",Biomass_kgha,221,6625.923,8079.009,9515.364,NA
"NEEREC, Harrisburg",Biomass_kgha,222,6885.186,8307.422,9688.425,NA
"NEEREC, Harrisburg",Biomass_kgha,223,7069.668,8563.49,9911.642,NA
"NEEREC, Harrisburg",Biomass_kgha,224,7300.922,8830.919,10117.239,NA
"NEEREC, Harrisburg",Biomass_kgha,225,7543.364,9065.966,10336.61,NA
"NEEREC, Harrisburg",Biomass_kgha,226,7807.163,9279.842,10519.508,NA
"NEEREC, Harrisburg",Biomass_kgha,227,8013.442,9519.026,10696.914,NA
"NEEREC, Harrisburg",Biomass_kgha,228,8221.307,9754.605,10931.278,NA
"NEEREC, Harrisburg",Biomass_kgha,229,8410.683,9894.858,11139.127,NA
"NEEREC, Harrisburg",Biomass_kgha,230,8651.02,10090.618,11316.809,NA
"NEEREC, Harrisburg",Biomass_kgha,231,8879.232,10280.956,11483.116,NA
"NEEREC, Harrisburg",Biomass_kgha,232,9082.11,10460.184,11651.146,NA
"NEEREC, Harrisburg",Biomass_kgha,233,9211.035,10634.83,11764.624,NA
"NEEREC, Harrisburg",Biomass_kgha,234,9423.64,10820.571,11908.534,NA
"NEEREC, Harrisburg",Biomass_kgha,235,9603.676,10951.731,12027.722,NA
"NEEREC, Harrisburg",Biomass_kgha,236,9767.207,11103.571,12148.153,NA
"NEEREC, Harrisburg",Biomass_kgha,237,9920.051,11237.568,12251.723,NA
"NEEREC, Harrisburg",Biomass_kgha,238,10068.89,11358.699,12365.873,NA
"NEEREC, Harrisburg",Biomass_kgha,239,10203.84,11476.057,12474.292,NA
"NEEREC, Harrisburg",Biomass_kgha,240,10245.072,11596.758,12575.047,NA
"NEEREC, Harrisburg",Biomass_kgha,241,10420.894,11682.214,12595.09,NA
"NEEREC, Harrisburg",Biomass_kgha,242,10610.944,11746.839,12626.577,NA
"NEEREC, Harrisburg",Biomass_kgha,243,10757.031,11819.164,12679.036,NA
"NEEREC, Harrisburg",Biomass_kgha,244,10867.372,11856.95,12712.583,NA
"NEEREC, Harrisburg",Biomass_kgha,245,10976.836,11907.436,12695.871,NA
"NEEREC, Harrisburg",Biomass_kgha,246,10984.019,11951.289,12704.604,NA
"NEEREC, Harrisburg",Biomass_kgha,247,11009.384,11960.47,12716.339,NA
"NEEREC, Harrisburg",Biomass_kgha,248,11095.448,11981.334,12751.436,NA
"NEEREC, Harrisburg",Biomass_kgha,249,11113.937,12006.423,12813.126,NA
"NEEREC, Harrisburg",Biomass_kgha,250,11060.289,12033.139,12889.023,NA
"NEEREC, Harrisburg",Biomass_kgha,251,11009.324,12012.092,12857.208,NA
"NEEREC, Harrisburg",Biomass_kgha,252,10960.907,11960.392,12906.329,NA
"NEEREC, Harrisburg",Biomass_kgha,253,0,11911.277,12936.693,NA
"NEEREC, Harrisburg",Biomass_kgha,254,0,11864.618,12890.638,NA
"NEEREC, Harrisburg",Biomass_kgha,255,0,11798.726,12838.513,NA
"NEEREC, Harrisburg",Biomass_kgha,256,0,11769.875,12785.963,NA
"NEEREC, Harrisburg",Biomass_kgha,257,0,11726.171,12733.696,NA
"NEEREC, Harrisburg",Biomass_kgha,258,0,11541.157,12681.717,NA
"NEEREC, Harrisburg",Biomass_kgha,259,0,11283.486,12632.337,NA
"NEEREC, Harrisburg",Biomass_kgha,260,0,0,12585.427,NA
"NEEREC, Harrisburg",Biomass_kgha,261,0,0,12540.861,NA
"NEEREC, Harrisburg",Biomass_kgha,262,0,0,12498.524,NA
"NEEREC, Harrisburg",Biomass_kgha,263,0,0,12458.304,NA
"NEEREC, Harrisburg",Biomass_kgha,264,0,0,12207.133,NA
"NEEREC, Harrisburg",Biomass_kgha,265,0,0,12168.091,NA
"NEEREC, Harrisburg",Biomass_kgha,266,0,0,11544.111,NA
"NEEREC, Harrisburg",Biomass_kgha,267,0,0,0,NA
"NEEREC, Harrisburg",Biomass_kgha,268,0,0,0,NA
"NEEREC, Harrisburg",Biomass_kgha,269,0,0,0,NA
"NEEREC, Harrisburg",Biomass_kgha,270,0,0,0,NA
"NEEREC, Harrisburg",Biomass_kgha,271,0,0,0,NA
"NEEREC, Harrisburg",Biomass_kgha,272,0,0,0,NA
"NEEREC, Harrisburg",Biomass_kgha,273,0,0,0,NA
"NEEREC, Harrisburg",Biomass_kgha,274,0,0,0,NA
"NEEREC, Harrisburg",Biomass_kgha,275,0,0,0,NA
"NEEREC, Harrisburg",Biomass_kgha,276,0,0,0,NA
"NEEREC, Harrisburg",Biomass_kgha,277,0,0,0,NA
"NEEREC, Harrisburg",Biomass_kgha,278,0,0,0,NA
"NEEREC, Harrisburg",Biomass_kgha,279,0,0,0,NA
"NEEREC, Harrisburg",Biomass_kgha,280,0,0,0,NA
"NEEREC, Harrisburg",Biomass_kgha,281,0,0,0,NA
"NEEREC, Harrisburg",Biomass_kgha,282,0,0,0,NA
"NEEREC, Harrisburg",Biomass_kgha,283,0,0,0,NA
"NEEREC, Harrisburg",Biomass_kgha,284,0,0,0,NA
"NEEREC, Harrisburg",Biomass_kgha,285,0,0,0,NA
"NEEREC, Harrisburg",Biomass_kgha,286,0,0,0,NA
"NEEREC, Harrisburg",Biomass_kgha,287,0,0,0,NA
"NEEREC, Harrisburg",Biomass_kgha,288,0,0,0,NA
"NEEREC, Harrisburg",Biomass_kgha,289,0,0,0,NA
"NEEREC, Harrisburg",Biomass_kgha,290,0,0,0,NA
"NEEREC, Harrisburg",Biomass_kgha,291,0,0,0,NA
"NEEREC, Harrisburg",Biomass_kgha,292,0,0,0,NA
"NEEREC, Harrisburg",Biomass_kgha,293,0,0,0,NA
"NEEREC, Harrisburg",Biomass_kgha,294,0,0,0,NA
"NEEREC, Harrisburg",Biomass_kgha,295,0,0,0,NA
"NEEREC, Harrisburg",Biomass_kgha,296,0,0,0,NA
"NEEREC, Harrisburg",Biomass_kgha,297,0,0,0,NA
"NEEREC, Harrisburg",Biomass_kgha,298,0,0,0,NA
"NEEREC, Harrisburg",Biomass_kgha,299,0,0,0,NA
"NEEREC, Harrisburg",Biomass_kgha,300,0,0,0,NA
"NEEREC, Harrisburg",Biomass_kgha,301,0,0,0,NA
"NEEREC, Harrisburg",Biomass_kgha,302,0,0,0,NA
"NEEREC, Harrisburg",Biomass_kgha,303,0,0,0,NA
"NEEREC, Harrisburg",Biomass_kgha,304,0,0,0,NA
"NEEREC, Harrisburg",Biomass_kgha,305,0,0,0,NA
"NEEREC, Harrisburg",Biomass_kgha,306,0,0,0,NA
"NEEREC, Harrisburg",Biomass_kgha,307,0,0,0,NA
"NEEREC, Harrisburg",Biomass_kgha,308,0,0,0,NA
"NEEREC, Harrisburg",Biomass_kgha,309,0,0,0,NA
"NEEREC, Harrisburg",Biomass_kgha,310,0,0,0,NA
"NEEREC, Harrisburg",Biomass_kgha,311,0,0,0,NA
"NEEREC, Harrisburg",Biomass_kgha,312,0,0,0,NA
"NEEREC, Harrisburg",Biomass_kgha,313,0,0,0,NA
"NEEREC, Harrisburg",Biomass_kgha,314,0,0,0,NA
"NEEREC, Harrisburg",Biomass_kgha,315,0,0,0,NA
"NEEREC, Harrisburg",Biomass_kgha,316,0,0,0,NA
"NEEREC, Harrisburg",Biomass_kgha,317,0,0,0,NA
"NEEREC, Harrisburg",Biomass_kgha,318,0,0,0,NA
"NEEREC, Harrisburg",Biomass_kgha,319,0,0,0,NA
"NEEREC, Harrisburg",Biomass_kgha,320,0,0,0,NA
"NEEREC, Harrisburg",Biomass_kgha,321,0,0,0,NA
"NEEREC, Harrisburg",Biomass_kgha,322,0,0,0,NA
"NEEREC, Harrisburg",Biomass_kgha,323,0,0,0,NA
"NEEREC, Harrisburg",Biomass_kgha,324,0,0,0,NA
"NEEREC, Harrisburg",Biomass_kgha,325,0,0,0,NA
"NEEREC, Harrisburg",Biomass_kgha,326,0,0,0,NA
"NEEREC, Harrisburg",Biomass_kgha,327,0,0,0,NA
"NEEREC, Harrisburg",Biomass_kgha,328,0,0,0,NA
"NEEREC, Harrisburg",Biomass_kgha,329,0,0,0,NA
"NEEREC, Harrisburg",Biomass_kgha,330,0,0,0,NA
"NEEREC, Harrisburg",Biomass_kgha,331,0,0,0,NA
"NEEREC, Harrisburg",Biomass_kgha,332,0,0,0,NA
"NEEREC, Harrisburg",Biomass_kgha,333,0,0,0,NA
"NEEREC, Harrisburg",Biomass_kgha,334,0,0,0,NA
"NEEREC, Harrisburg",Biomass_kgha,335,0,0,0,NA
"NEEREC, Harrisburg",Biomass_kgha,336,0,0,0,NA
"NEEREC, Harrisburg",Biomass_kgha,337,0,0,0,NA
"NEEREC, Harrisburg",Biomass_kgha,338,0,0,0,NA
"NEEREC, Harrisburg",Biomass_kgha,339,0,0,0,NA
"NEEREC, Harrisburg",Biomass_kgha,340,0,0,0,NA
"NEEREC, Harrisburg",Biomass_kgha,341,0,0,0,NA
"NEEREC, Harrisburg",Biomass_kgha,342,0,0,0,NA
"NEEREC, Harrisburg",Biomass_kgha,343,0,0,0,NA
"NEEREC, Harrisburg",Biomass_kgha,344,0,0,0,NA
"NEEREC, Harrisburg",Biomass_kgha,345,0,0,0,NA
"NEEREC, Harrisburg",Biomass_kgha,346,0,0,0,NA
"NEEREC, Harrisburg",Biomass_kgha,347,0,0,0,NA
"NEEREC, Harrisburg",Biomass_kgha,348,0,0,0,NA
"NEEREC, Harrisburg",Biomass_kgha,349,0,0,0,NA
"NEEREC, Harrisburg",Biomass_kgha,350,0,0,0,NA
"NEEREC, Harrisburg",Biomass_kgha,351,0,0,0,NA
"NEEREC, Harrisburg",Biomass_kgha,352,0,0,0,NA
"NEEREC, Harrisburg",Biomass_kgha,353,0,0,0,NA
"NEEREC, Harrisburg",Biomass_kgha,354,0,0,0,NA
"NEEREC, Harrisburg",Biomass_kgha,355,0,0,0,NA
"NEEREC, Harrisburg",Biomass_kgha,356,0,0,0,NA
"NEEREC, Harrisburg",Biomass_kgha,357,0,0,0,NA
"NEEREC, Harrisburg",Biomass_kgha,358,0,0,0,NA
"NEEREC, Harrisburg",Biomass_kgha,359,0,0,0,NA
"NEEREC, Harrisburg",Biomass_kgha,360,0,0,0,NA
"NEEREC, Harrisburg",Biomass_kgha,361,0,0,0,NA
"NEEREC, Harrisburg",Biomass_kgha,362,0,0,0,NA
"NEEREC, Harrisburg",Biomass_kgha,363,0,0,0,NA
"NEEREC, Harrisburg",Biomass_kgha,364,0,0,0,NA
"NEEREC, Harrisburg",Biomass_kgha,365,0,0,0,NA
"NEEREC, Harrisburg",Biomass_kgha,366,0,0,0,NA
"NEEREC, Harrisburg",CummRain_in,1,22.396,36.103,57.491,40.777
"NEEREC, Harrisburg",CummRain_in,2,22.397,36.103,57.492,40.9
"NEEREC, Harrisburg",CummRain_in,3,22.397,36.49,57.508,40.901
"NEEREC, Harrisburg",CummRain_in,4,22.397,36.497,57.51,40.901
"NEEREC, Harrisburg",CummRain_in,5,22.397,36.514,57.51,40.901
"NEEREC, Harrisburg",CummRain_in,6,22.397,36.899,57.527,40.901
"NEEREC, Harrisburg",CummRain_in,7,22.397,37.158,57.569,40.901
"NEEREC, Harrisburg",CummRain_in,8,22.397,37.325,57.569,40.985
"NEEREC, Harrisburg",CummRain_in,9,22.477,37.326,57.569,41.099
"NEEREC, Harrisburg",CummRain_in,10,23.604,37.342,57.569,41.224
"NEEREC, Harrisburg",CummRain_in,11,23.604,37.546,57.569,41.224
"NEEREC, Harrisburg",CummRain_in,12,23.68,37.639,57.569,41.224
"NEEREC, Harrisburg",CummRain_in,13,23.931,37.778,57.569,41.227
"NEEREC, Harrisburg",CummRain_in,14,23.931,37.814,57.573,41.274
"NEEREC, Harrisburg",CummRain_in,15,23.931,37.979,57.574,41.274
"NEEREC, Harrisburg",CummRain_in,16,24.552,38.272,58.174,41.3
"NEEREC, Harrisburg",CummRain_in,17,24.832,38.272,58.414,41.3
"NEEREC, Harrisburg",CummRain_in,18,24.832,38.415,58.417,41.3
"NEEREC, Harrisburg",CummRain_in,19,24.832,38.506,58.588,41.3
"NEEREC, Harrisburg",CummRain_in,20,24.851,38.506,59.27,41.3
"NEEREC, Harrisburg",CummRain_in,21,24.857,38.554,59.704,41.613
"NEEREC, Harrisburg",CummRain_in,22,26.557,38.919,59.704,41.614
"NEEREC, Harrisburg",CummRain_in,23,26.589,38.942,60.183,41.622
"NEEREC, Harrisburg",CummRain_in,24,26.589,39.126,60.249,42.102
"NEEREC, Harrisburg",CummRain_in,25,26.589,39.127,60.249,42.462
"NEEREC, Harrisburg",CummRain_in,26,26.589,39.219,60.249,42.462
"NEEREC, Harrisburg",CummRain_in,27,26.589,39.375,60.251,42.462
"NEEREC, Harrisburg",CummRain_in,28,27.451,39.376,60.316,42.462
"NEEREC, Harrisburg",CummRain_in,29,27.461,39.536,61.107,42.462
"NEEREC, Harrisburg",CummRain_in,30,27.461,39.542,61.115,42.462
"NEEREC, Harrisburg",CummRain_in,31,27.461,39.545,61.115,42.462
"NEEREC, Harrisburg",CummRain_in,32,27.464,39.676,61.115,42.462
"NEEREC, Harrisburg",CummRain_in,33,28.38,40.181,61.115,42.521
"NEEREC, Harrisburg",CummRain_in,34,28.444,40.282,61.115,42.712
"NEEREC, Harrisburg",CummRain_in,35,28.444,40.4,61.653,42.712
"NEEREC, Harrisburg",CummRain_in,36,28.449,40.4,61.922,42.712
"NEEREC, Harrisburg",CummRain_in,37,28.502,40.74,61.922,42.712
"NEEREC, Harrisburg",CummRain_in,38,28.502,40.754,61.922,42.712
"NEEREC, Harrisburg",CummRain_in,39,28.518,40.756,62.638,42.713
"NEEREC, Harrisburg",CummRain_in,40,28.518,40.867,62.672,42.721
"NEEREC, Harrisburg",CummRain_in,41,28.851,41.305,62.672,42.759
"NEEREC, Harrisburg",CummRain_in,42,28.945,41.305,62.687,42.805
"NEEREC, Harrisburg",CummRain_in,43,28.946,41.412,62.707,42.806
"NEEREC, Harrisburg",CummRain_in,44,28.946,41.556,62.763,42.806
"NEEREC, Harrisburg",CummRain_in,45,28.946,41.89,62.932,43.657
"NEEREC, Harrisburg",CummRain_in,46,28.946,42.251,62.935,44.886
"NEEREC, Harrisburg",CummRain_in,47,29.286,42.289,62.935,44.887
"NEEREC, Harrisburg",CummRain_in,48,29.328,42.462,62.935,44.887
"NEEREC, Harrisburg",CummRain_in,49,29.424,42.467,62.935,44.887
"NEEREC, Harrisburg",CummRain_in,50,29.425,42.725,62.935,44.892
"NEEREC, Harrisburg",CummRain_in,51,29.426,42.765,62.935,44.916
"NEEREC, Harrisburg",CummRain_in,52,29.667,43.157,63.691,44.946
"NEEREC, Harrisburg",CummRain_in,53,29.865,43.224,63.701,44.946
"NEEREC, Harrisburg",CummRain_in,54,29.865,43.434,63.701,44.946
"NEEREC, Harrisburg",CummRain_in,55,29.867,43.755,63.701,44.946
"NEEREC, Harrisburg",CummRain_in,56,29.93,43.812,63.701,44.969
"NEEREC, Harrisburg",CummRain_in,57,29.93,43.881,63.701,45.008
"NEEREC, Harrisburg",CummRain_in,58,29.93,43.906,63.701,45.008
"NEEREC, Harrisburg",CummRain_in,59,29.93,43.908,63.701,45.008
"NEEREC, Harrisburg",CummRain_in,60,29.93,43.937,63.709,45.079
"NEEREC, Harrisburg",CummRain_in,61,29.933,44.059,63.729,45.189
"NEEREC, Harrisburg",CummRain_in,62,29.933,44.06,63.729,45.192
"NEEREC, Harrisburg",CummRain_in,63,29.938,44.063,63.729,45.207
"NEEREC, Harrisburg",CummRain_in,64,29.982,44.287,63.729,45.246
"NEEREC, Harrisburg",CummRain_in,65,29.982,44.736,63.729,45.269
"NEEREC, Harrisburg",CummRain_in,66,29.982,44.882,63.729,46.082
"NEEREC, Harrisburg",CummRain_in,67,30.346,44.943,63.736,46.232
"NEEREC, Harrisburg",CummRain_in,68,31.602,44.944,64.046,46.572
"NEEREC, Harrisburg",CummRain_in,69,31.606,44.944,64.554,46.609
"NEEREC, Harrisburg",CummRain_in,70,31.669,45.48,64.785,47.07
"NEEREC, Harrisburg",CummRain_in,71,31.782,45.688,65.106,47.07
"NEEREC, Harrisburg",CummRain_in,72,31.888,45.758,65.11,47.07
"NEEREC, Harrisburg",CummRain_in,73,31.888,45.767,65.113,47.07
"NEEREC, Harrisburg",CummRain_in,74,31.888,45.902,65.113,47.471
"NEEREC, Harrisburg",CummRain_in,75,31.888,45.986,65.113,47.471
"NEEREC, Harrisburg",CummRain_in,76,31.888,46.117,65.113,47.471
"NEEREC, Harrisburg",CummRain_in,77,31.933,46.224,65.113,47.471
"NEEREC, Harrisburg",CummRain_in,78,32.607,46.444,65.113,47.471
"NEEREC, Harrisburg",CummRain_in,79,33.737,46.478,65.128,47.471
"NEEREC, Harrisburg",CummRain_in,80,33.746,46.762,66.001,47.471
"NEEREC, Harrisburg",CummRain_in,81,33.746,47.499,66.168,47.471
"NEEREC, Harrisburg",CummRain_in,82,33.747,47.511,66.168,47.471
"NEEREC, Harrisburg",CummRain_in,83,33.747,47.514,66.17,47.471
"NEEREC, Harrisburg",CummRain_in,84,33.747,47.514,66.85,47.472
"NEEREC, Harrisburg",CummRain_in,85,33.747,47.516,66.85,47.472
"NEEREC, Harrisburg",CummRain_in,86,33.749,47.516,67.246,47.507
"NEEREC, Harrisburg",CummRain_in,87,33.749,47.516,67.332,47.507
"NEEREC, Harrisburg",CummRain_in,88,33.749,47.775,67.332,47.507
"NEEREC, Harrisburg",CummRain_in,89,33.762,48.271,67.332,47.507
"NEEREC, Harrisburg",CummRain_in,90,33.913,48.478,67.332,47.507
"NEEREC, Harrisburg",CummRain_in,91,0,0.003,66.422,0
"NEEREC, Harrisburg",CummRain_in,92,0,0.021,1.534,0.075
"NEEREC, Harrisburg",CummRain_in,93,0,0.161,3.811,0.121
"NEEREC, Harrisburg",CummRain_in,94,0,0.296,5.132,0.738
"NEEREC, Harrisburg",CummRain_in,95,0,0.364,9.606,0.738
"NEEREC, Harrisburg",CummRain_in,96,0,0.594,10.087,0.738
"NEEREC, Harrisburg",CummRain_in,97,0,0.668,10.088,0.738
"NEEREC, Harrisburg",CummRain_in,98,0.069,0.814,10.088,0.738
"NEEREC, Harrisburg",CummRain_in,99,0.07,0.857,10.088,0.738
"NEEREC, Harrisburg",CummRain_in,100,0.111,1.037,10.112,0.741
"NEEREC, Harrisburg",CummRain_in,101,0.111,1.249,10.119,0.741
"NEEREC, Harrisburg",CummRain_in,102,0.113,1.404,10.119,0.742
"NEEREC, Harrisburg",CummRain_in,103,0.178,1.653,10.119,0.743
"NEEREC, Harrisburg",CummRain_in,104,0.178,1.914,10.119,0.743
"NEEREC, Harrisburg",CummRain_in,105,0.178,1.914,10.119,0.748
"NEEREC, Harrisburg",CummRain_in,106,0.184,1.947,10.119,0.845
"NEEREC, Harrisburg",CummRain_in,107,0.305,2.227,10.119,0.859
"NEEREC, Harrisburg",CummRain_in,108,0.419,2.338,10.137,1.12
"NEEREC, Harrisburg",CummRain_in,109,0.526,2.478,10.163,1.12
"NEEREC, Harrisburg",CummRain_in,110,0.856,2.589,10.644,1.12
"NEEREC, Harrisburg",CummRain_in,111,0.919,2.642,10.838,1.12
"NEEREC, Harrisburg",CummRain_in,112,0.919,2.894,10.838,1.12
"NEEREC, Harrisburg",CummRain_in,113,1.02,2.952,10.856,1.12
"NEEREC, Harrisburg",CummRain_in,114,1.204,3.446,10.935,1.662
"NEEREC, Harrisburg",CummRain_in,115,1.204,3.45,11.431,1.726
"NEEREC, Harrisburg",CummRain_in,116,1.239,3.901,11.444,1.734
"NEEREC, Harrisburg",CummRain_in,117,1.256,4.146,12.181,2.052
"NEEREC, Harrisburg",CummRain_in,118,1.26,4.33,13.064,3.337
"NEEREC, Harrisburg",CummRain_in,119,1.26,5.1,13.529,4.063
"NEEREC, Harrisburg",CummRain_in,120,1.26,5.142,13.529,4.063
"NEEREC, Harrisburg",CummRain_in,121,1.332,5.223,13.529,4.063
"NEEREC, Harrisburg",CummRain_in,122,1.345,5.274,14.204,4.063
"NEEREC, Harrisburg",CummRain_in,123,1.364,5.394,15.011,4.063
"NEEREC, Harrisburg",CummRain_in,124,1.364,5.593,15.011,4.067
"NEEREC, Harrisburg",CummRain_in,125,1.364,5.738,15.066,4.871
"NEEREC, Harrisburg",CummRain_in,126,1.364,5.744,15.094,5.284
"NEEREC, Harrisburg",CummRain_in,127,2.087,5.804,15.266,5.284
"NEEREC, Harrisburg",CummRain_in,128,2.185,5.989,15.266,5.284
"NEEREC, Harrisburg",CummRain_in,129,2.185,6.299,15.266,5.284
"NEEREC, Harrisburg",CummRain_in,130,2.185,6.781,15.266,5.405
"NEEREC, Harrisburg",CummRain_in,131,2.185,6.926,15.266,5.441
"NEEREC, Harrisburg",CummRain_in,132,2.236,6.936,16.037,5.441
"NEEREC, Harrisburg",CummRain_in,133,2.263,7.128,16.481,5.441
"NEEREC, Harrisburg",CummRain_in,134,2.267,7.352,16.483,5.441
"NEEREC, Harrisburg",CummRain_in,135,2.28,7.561,16.812,5.457
"NEEREC, Harrisburg",CummRain_in,136,2.34,7.608,16.903,5.457
"NEEREC, Harrisburg",CummRain_in,137,2.406,8.108,17.123,5.468
"NEEREC, Harrisburg",CummRain_in,138,2.479,8.206,17.277,5.489
"NEEREC, Harrisburg",CummRain_in,139,2.705,8.216,17.525,6.016
"NEEREC, Harrisburg",CummRain_in,140,2.962,8.222,17.725,6.486
"NEEREC, Harrisburg",CummRain_in,141,3.013,8.452,17.735,6.509
"NEEREC, Harrisburg",CummRain_in,142,3.097,8.452,18.58,7.814
"NEEREC, Harrisburg",CummRain_in,143,3.25,8.457,19.123,7.928
"NEEREC, Harrisburg",CummRain_in,144,3.344,8.569,19.133,8.2
"NEEREC, Harrisburg",CummRain_in,145,3.344,8.686,19.859,8.27
"NEEREC, Harrisburg",CummRain_in,146,3.344,8.928,20.374,8.524
"NEEREC, Harrisburg",CummRain_in,147,3.344,9.21,20.424,8.655
"NEEREC, Harrisburg",CummRain_in,148,3.344,9.486,20.444,9.019
"NEEREC, Harrisburg",CummRain_in,149,3.345,9.628,20.525,9.435
"NEEREC, Harrisburg",CummRain_in,150,3.357,9.732,20.539,9.527
"NEEREC, Harrisburg",CummRain_in,151,3.416,10.196,20.539,9.543
"NEEREC, Harrisburg",CummRain_in,152,3.898,10.365,20.539,9.696
"NEEREC, Harrisburg",CummRain_in,153,3.901,10.365,20.539,9.767
"NEEREC, Harrisburg",CummRain_in,154,3.901,10.405,20.546,9.767
"NEEREC, Harrisburg",CummRain_in,155,4.863,10.469,20.578,9.767
"NEEREC, Harrisburg",CummRain_in,156,4.994,10.589,20.683,9.769
"NEEREC, Harrisburg",CummRain_in,157,5,10.675,20.834,9.772
"NEEREC, Harrisburg",CummRain_in,158,5,10.699,21.796,10.198
"NEEREC, Harrisburg",CummRain_in,159,5,10.708,21.89,10.289
"NEEREC, Harrisburg",CummRain_in,160,5,10.878,21.918,10.32
"NEEREC, Harrisburg",CummRain_in,161,5,11.122,21.918,10.32
"NEEREC, Harrisburg",CummRain_in,162,5.006,11.24,21.918,10.328
"NEEREC, Harrisburg",CummRain_in,163,5.157,11.24,22.222,10.824
"NEEREC, Harrisburg",CummRain_in,164,5.157,11.291,23.124,12.201
"NEEREC, Harrisburg",CummRain_in,165,5.157,11.453,23.806,12.332
"NEEREC, Harrisburg",CummRain_in,166,5.157,11.597,23.902,12.332
"NEEREC, Harrisburg",CummRain_in,167,5.157,11.998,24.143,12.332
"NEEREC, Harrisburg",CummRain_in,168,5.158,12.124,24.236,12.335
"NEEREC, Harrisburg",CummRain_in,169,5.164,12.377,25.127,12.383
"NEEREC, Harrisburg",CummRain_in,170,5.164,12.393,25.372,12.383
"NEEREC, Harrisburg",CummRain_in,171,5.164,12.393,25.403,12.391
"NEEREC, Harrisburg",CummRain_in,172,5.166,12.48,25.405,12.667
"NEEREC, Harrisburg",CummRain_in,173,5.168,12.731,25.405,15.245
"NEEREC, Harrisburg",CummRain_in,174,5.172,12.897,25.415,15.252
"NEEREC, Harrisburg",CummRain_in,175,5.175,13.018,25.483,15.316
"NEEREC, Harrisburg",CummRain_in,176,5.176,13.09,25.509,15.4
"NEEREC, Harrisburg",CummRain_in,177,5.178,13.109,25.511,15.415
"NEEREC, Harrisburg",CummRain_in,178,5.179,13.23,25.635,15.417
"NEEREC, Harrisburg",CummRain_in,179,5.179,13.343,25.946,15.417
"NEEREC, Harrisburg",CummRain_in,180,5.179,13.431,26.208,15.417
"NEEREC, Harrisburg",CummRain_in,181,5.661,13.577,26.532,15.417
"NEEREC, Harrisburg",CummRain_in,182,5.661,13.766,26.542,15.452
"NEEREC, Harrisburg",CummRain_in,183,5.661,14.025,26.542,15.515
"NEEREC, Harrisburg",CummRain_in,184,5.678,14.038,26.542,15.57
"NEEREC, Harrisburg",CummRain_in,185,5.713,14.273,26.542,15.636
"NEEREC, Harrisburg",CummRain_in,186,5.713,14.273,26.544,15.881
"NEEREC, Harrisburg",CummRain_in,187,5.713,14.278,26.633,15.983
"NEEREC, Harrisburg",CummRain_in,188,5.727,14.296,26.969,16.106
"NEEREC, Harrisburg",CummRain_in,189,5.737,14.39,27.285,16.185
"NEEREC, Harrisburg",CummRain_in,190,5.943,14.422,27.344,16.313
"NEEREC, Harrisburg",CummRain_in,191,6.051,14.712,27.368,16.409
"NEEREC, Harrisburg",CummRain_in,192,6.309,15.18,27.404,16.607
"NEEREC, Harrisburg",CummRain_in,193,6.382,15.638,27.504,16.694
"NEEREC, Harrisburg",CummRain_in,194,6.491,15.682,27.672,16.718
"NEEREC, Harrisburg",CummRain_in,195,6.636,15.731,27.79,16.858
"NEEREC, Harrisburg",CummRain_in,196,6.76,15.765,28.009,17.345
"NEEREC, Harrisburg",CummRain_in,197,6.812,15.785,28.037,17.493
"NEEREC, Harrisburg",CummRain_in,198,6.818,15.787,28.048,17.562
"NEEREC, Harrisburg",CummRain_in,199,6.82,15.787,28.061,17.577
"NEEREC, Harrisburg",CummRain_in,200,6.84,15.789,28.064,17.634
"NEEREC, Harrisburg",CummRain_in,201,6.899,15.834,28.073,17.738
"NEEREC, Harrisburg",CummRain_in,202,6.903,15.835,28.074,17.822
"NEEREC, Harrisburg",CummRain_in,203,6.931,15.835,28.074,17.837
"NEEREC, Harrisburg",CummRain_in,204,6.943,15.835,28.074,17.837
"NEEREC, Harrisburg",CummRain_in,205,6.943,15.9,28.074,17.843
"NEEREC, Harrisburg",CummRain_in,206,6.943,16.081,28.098,18.165
"NEEREC, Harrisburg",CummRain_in,207,6.943,16.619,28.104,18.209
"NEEREC, Harrisburg",CummRain_in,208,7.265,16.671,28.112,18.222
"NEEREC, Harrisburg",CummRain_in,209,7.284,16.675,28.115,18.256
"NEEREC, Harrisburg",CummRain_in,210,7.285,16.686,28.12,18.335
"NEEREC, Harrisburg",CummRain_in,211,7.286,17.006,28.126,18.335
"NEEREC, Harrisburg",CummRain_in,212,7.307,17.53,28.878,18.437
"NEEREC, Harrisburg",CummRain_in,213,7.382,17.68,28.936,18.513
"NEEREC, Harrisburg",CummRain_in,214,7.419,17.703,28.936,NA
"NEEREC, Harrisburg",CummRain_in,215,7.528,17.75,28.936,NA
"NEEREC, Harrisburg",CummRain_in,216,7.627,17.75,28.938,NA
"NEEREC, Harrisburg",CummRain_in,217,7.64,17.75,28.941,NA
"NEEREC, Harrisburg",CummRain_in,218,7.664,17.781,28.941,NA
"NEEREC, Harrisburg",CummRain_in,219,7.665,17.827,28.941,NA
"NEEREC, Harrisburg",CummRain_in,220,7.666,17.961,29.031,NA
"NEEREC, Harrisburg",CummRain_in,221,7.669,17.961,29.031,NA
"NEEREC, Harrisburg",CummRain_in,222,7.67,18.186,29.04,NA
"NEEREC, Harrisburg",CummRain_in,223,7.67,18.378,29.041,NA
"NEEREC, Harrisburg",CummRain_in,224,7.67,18.489,29.213,NA
"NEEREC, Harrisburg",CummRain_in,225,7.67,18.7,29.305,NA
"NEEREC, Harrisburg",CummRain_in,226,7.752,18.712,29.308,NA
"NEEREC, Harrisburg",CummRain_in,227,7.752,18.736,29.31,NA
"NEEREC, Harrisburg",CummRain_in,228,7.752,18.86,29.31,NA
"NEEREC, Harrisburg",CummRain_in,229,7.864,18.86,29.314,NA
"NEEREC, Harrisburg",CummRain_in,230,8.003,19.274,29.483,NA
"NEEREC, Harrisburg",CummRain_in,231,8.017,19.279,29.713,NA
"NEEREC, Harrisburg",CummRain_in,232,8.035,19.341,29.992,NA
"NEEREC, Harrisburg",CummRain_in,233,8.059,19.534,30.002,NA
"NEEREC, Harrisburg",CummRain_in,234,8.059,19.555,30.002,NA
"NEEREC, Harrisburg",CummRain_in,235,8.059,19.555,30.002,NA
"NEEREC, Harrisburg",CummRain_in,236,8.059,19.555,30.002,NA
"NEEREC, Harrisburg",CummRain_in,237,8.059,19.555,30.002,NA
"NEEREC, Harrisburg",CummRain_in,238,8.447,19.555,30.002,NA
"NEEREC, Harrisburg",CummRain_in,239,8.501,19.555,30.006,NA
"NEEREC, Harrisburg",CummRain_in,240,8.634,19.744,30.039,NA
"NEEREC, Harrisburg",CummRain_in,241,8.634,19.744,30.039,NA
"NEEREC, Harrisburg",CummRain_in,242,8.635,19.931,30.042,NA
"NEEREC, Harrisburg",CummRain_in,243,9.097,20.13,30.043,NA
"NEEREC, Harrisburg",CummRain_in,244,10.406,20.146,30.043,NA
"NEEREC, Harrisburg",CummRain_in,245,11.118,20.158,30.043,NA
"NEEREC, Harrisburg",CummRain_in,246,11.324,20.238,30.102,NA
"NEEREC, Harrisburg",CummRain_in,247,11.324,20.317,30.461,NA
"NEEREC, Harrisburg",CummRain_in,248,11.324,20.359,30.529,NA
"NEEREC, Harrisburg",CummRain_in,249,11.452,20.359,30.665,NA
"NEEREC, Harrisburg",CummRain_in,250,11.551,20.481,30.708,NA
"NEEREC, Harrisburg",CummRain_in,251,12.57,20.564,30.741,NA
"NEEREC, Harrisburg",CummRain_in,252,12.938,20.833,30.826,NA
"NEEREC, Harrisburg",CummRain_in,253,12.938,20.922,30.871,NA
"NEEREC, Harrisburg",CummRain_in,254,12.938,21.212,30.935,NA
"NEEREC, Harrisburg",CummRain_in,255,12.938,21.212,30.968,NA
"NEEREC, Harrisburg",CummRain_in,256,12.942,21.406,31.187,NA
"NEEREC, Harrisburg",CummRain_in,257,12.982,21.824,31.88,NA
"NEEREC, Harrisburg",CummRain_in,258,13.05,21.824,33.527,NA
"NEEREC, Harrisburg",CummRain_in,259,13.185,21.824,34.68,NA
"NEEREC, Harrisburg",CummRain_in,260,13.32,21.837,34.929,NA
"NEEREC, Harrisburg",CummRain_in,261,13.863,22.036,35.388,NA
"NEEREC, Harrisburg",CummRain_in,262,13.868,22.135,35.607,NA
"NEEREC, Harrisburg",CummRain_in,263,13.868,22.333,35.772,NA
"NEEREC, Harrisburg",CummRain_in,264,13.891,22.441,36.083,NA
"NEEREC, Harrisburg",CummRain_in,265,14.002,22.441,36.152,NA
"NEEREC, Harrisburg",CummRain_in,266,14.043,22.557,36.433,NA
"NEEREC, Harrisburg",CummRain_in,267,14.043,22.557,36.941,NA
"NEEREC, Harrisburg",CummRain_in,268,14.054,22.668,36.972,NA
"NEEREC, Harrisburg",CummRain_in,269,14.07,22.716,36.979,NA
"NEEREC, Harrisburg",CummRain_in,270,14.139,22.877,36.979,NA
"NEEREC, Harrisburg",CummRain_in,271,14.346,22.986,36.979,NA
"NEEREC, Harrisburg",CummRain_in,272,14.48,23.237,36.979,NA
"NEEREC, Harrisburg",CummRain_in,273,14.481,23.243,36.979,NA
"NEEREC, Harrisburg",CummRain_in,274,14.675,23.409,37.396,NA
"NEEREC, Harrisburg",CummRain_in,275,14.924,23.645,37.458,NA
"NEEREC, Harrisburg",CummRain_in,276,14.924,23.733,37.458,NA
"NEEREC, Harrisburg",CummRain_in,277,14.926,23.795,38.16,NA
"NEEREC, Harrisburg",CummRain_in,278,14.926,23.795,38.162,NA
"NEEREC, Harrisburg",CummRain_in,279,15.358,23.975,38.37,NA
"NEEREC, Harrisburg",CummRain_in,280,15.564,23.975,38.38,NA
"NEEREC, Harrisburg",CummRain_in,281,15.572,24.03,38.941,NA
"NEEREC, Harrisburg",CummRain_in,282,15.591,24.089,40.198,NA
"NEEREC, Harrisburg",CummRain_in,283,15.591,24.148,40.198,NA
"NEEREC, Harrisburg",CummRain_in,284,15.592,24.16,40.213,NA
"NEEREC, Harrisburg",CummRain_in,285,15.669,24.163,40.279,NA
"NEEREC, Harrisburg",CummRain_in,286,15.795,24.164,41.799,NA
"NEEREC, Harrisburg",CummRain_in,287,15.877,24.539,41.861,NA
"NEEREC, Harrisburg",CummRain_in,288,16.302,24.539,41.986,NA
"NEEREC, Harrisburg",CummRain_in,289,16.302,24.539,41.996,NA
"NEEREC, Harrisburg",CummRain_in,290,16.302,24.539,41.996,NA
"NEEREC, Harrisburg",CummRain_in,291,17.165,24.806,41.996,NA
"NEEREC, Harrisburg",CummRain_in,292,17.165,25.405,41.996,NA
"NEEREC, Harrisburg",CummRain_in,293,17.165,25.577,41.996,NA
"NEEREC, Harrisburg",CummRain_in,294,17.165,25.628,42.037,NA
"NEEREC, Harrisburg",CummRain_in,295,17.165,25.693,43.563,NA
"NEEREC, Harrisburg",CummRain_in,296,17.165,25.951,43.781,NA
"NEEREC, Harrisburg",CummRain_in,297,17.165,25.956,43.781,NA
"NEEREC, Harrisburg",CummRain_in,298,17.165,26.006,43.783,NA
"NEEREC, Harrisburg",CummRain_in,299,17.41,26.006,43.826,NA
"NEEREC, Harrisburg",CummRain_in,300,17.72,26.266,44.988,NA
"NEEREC, Harrisburg",CummRain_in,301,17.72,26.266,45.05,NA
"NEEREC, Harrisburg",CummRain_in,302,17.72,26.275,46.095,NA
"NEEREC, Harrisburg",CummRain_in,303,17.72,26.315,48.788,NA
"NEEREC, Harrisburg",CummRain_in,304,17.72,26.366,48.788,NA
"NEEREC, Harrisburg",CummRain_in,305,17.72,26.78,48.788,NA
"NEEREC, Harrisburg",CummRain_in,306,17.72,26.78,48.788,NA
"NEEREC, Harrisburg",CummRain_in,307,17.72,26.787,48.788,NA
"NEEREC, Harrisburg",CummRain_in,308,17.778,26.969,48.788,NA
"NEEREC, Harrisburg",CummRain_in,309,17.778,26.987,48.788,NA
"NEEREC, Harrisburg",CummRain_in,310,17.879,27.342,48.788,NA
"NEEREC, Harrisburg",CummRain_in,311,17.889,27.737,48.788,NA
"NEEREC, Harrisburg",CummRain_in,312,17.889,27.835,48.788,NA
"NEEREC, Harrisburg",CummRain_in,313,17.889,28.319,48.788,NA
"NEEREC, Harrisburg",CummRain_in,314,17.889,28.319,48.788,NA
"NEEREC, Harrisburg",CummRain_in,315,17.889,28.333,48.788,NA
"NEEREC, Harrisburg",CummRain_in,316,18.881,28.528,48.788,NA
"NEEREC, Harrisburg",CummRain_in,317,19.434,28.598,48.788,NA
"NEEREC, Harrisburg",CummRain_in,318,19.434,28.843,48.788,NA
"NEEREC, Harrisburg",CummRain_in,319,19.434,29.112,48.948,NA
"NEEREC, Harrisburg",CummRain_in,320,19.434,29.483,49.274,NA
"NEEREC, Harrisburg",CummRain_in,321,19.434,29.563,49.288,NA
"NEEREC, Harrisburg",CummRain_in,322,19.434,29.595,49.289,NA
"NEEREC, Harrisburg",CummRain_in,323,19.434,29.595,49.289,NA
"NEEREC, Harrisburg",CummRain_in,324,19.435,29.787,49.289,NA
"NEEREC, Harrisburg",CummRain_in,325,19.435,29.857,49.289,NA
"NEEREC, Harrisburg",CummRain_in,326,19.435,29.86,49.289,NA
"NEEREC, Harrisburg",CummRain_in,327,19.448,30.454,49.295,NA
"NEEREC, Harrisburg",CummRain_in,328,19.628,30.576,49.356,NA
"NEEREC, Harrisburg",CummRain_in,329,19.628,30.58,49.356,NA
"NEEREC, Harrisburg",CummRain_in,330,19.628,30.586,49.356,NA
"NEEREC, Harrisburg",CummRain_in,331,19.75,31.043,49.356,NA
"NEEREC, Harrisburg",CummRain_in,332,19.76,31.043,49.356,NA
"NEEREC, Harrisburg",CummRain_in,333,19.76,31.056,49.705,NA
"NEEREC, Harrisburg",CummRain_in,334,19.76,31.056,49.948,NA
"NEEREC, Harrisburg",CummRain_in,335,19.76,31.056,49.948,NA
"NEEREC, Harrisburg",CummRain_in,336,19.76,31.094,50.93,NA
"NEEREC, Harrisburg",CummRain_in,337,19.76,31.102,50.93,NA
"NEEREC, Harrisburg",CummRain_in,338,19.762,31.15,50.93,NA
"NEEREC, Harrisburg",CummRain_in,339,20.343,31.291,50.93,NA
"NEEREC, Harrisburg",CummRain_in,340,20.343,31.296,50.972,NA
"NEEREC, Harrisburg",CummRain_in,341,20.348,31.522,51.018,NA
"NEEREC, Harrisburg",CummRain_in,342,20.367,31.817,52.326,NA
"NEEREC, Harrisburg",CummRain_in,343,20.641,31.925,52.33,NA
"NEEREC, Harrisburg",CummRain_in,344,21.14,32.334,52.33,NA
"NEEREC, Harrisburg",CummRain_in,345,21.443,32.334,52.33,NA
"NEEREC, Harrisburg",CummRain_in,346,21.443,32.334,52.624,NA
"NEEREC, Harrisburg",CummRain_in,347,21.443,32.458,52.643,NA
"NEEREC, Harrisburg",CummRain_in,348,21.443,32.475,52.643,NA
"NEEREC, Harrisburg",CummRain_in,349,21.477,32.844,52.643,NA
"NEEREC, Harrisburg",CummRain_in,350,21.561,33.034,52.643,NA
"NEEREC, Harrisburg",CummRain_in,351,21.564,33.448,52.643,NA
"NEEREC, Harrisburg",CummRain_in,352,21.572,33.463,52.644,NA
"NEEREC, Harrisburg",CummRain_in,353,21.572,33.739,52.644,NA
"NEEREC, Harrisburg",CummRain_in,354,21.601,33.85,52.644,NA
"NEEREC, Harrisburg",CummRain_in,355,21.933,33.85,52.644,NA
"NEEREC, Harrisburg",CummRain_in,356,21.933,34.506,52.672,NA
"NEEREC, Harrisburg",CummRain_in,357,21.933,34.506,54.868,NA
"NEEREC, Harrisburg",CummRain_in,358,21.948,35.076,57.389,NA
"NEEREC, Harrisburg",CummRain_in,359,21.96,35.183,57.409,NA
"NEEREC, Harrisburg",CummRain_in,360,22.389,35.199,57.409,NA
"NEEREC, Harrisburg",CummRain_in,361,22.389,35.259,57.409,NA
"NEEREC, Harrisburg",CummRain_in,362,22.389,36,57.409,NA
"NEEREC, Harrisburg",CummRain_in,363,22.389,36.233,57.409,NA
"NEEREC, Harrisburg",CummRain_in,364,22.396,36.258,57.482,NA
"NEEREC, Harrisburg",CummRain_in,365,22.396,36.28,57.491,NA
"NEEREC, Harrisburg",CummRain_in,366,23.563,37.033,46.461,NA
"NEEREC, Harrisburg",rel_sw_12in,1,0.604,0.609,0.714,0.604
"NEEREC, Harrisburg",rel_sw_12in,2,0.599,0.61,0.75,0.617
"NEEREC, Harrisburg",rel_sw_12in,3,0.594,0.611,0.819,0.612
"NEEREC, Harrisburg",rel_sw_12in,4,0.592,0.618,0.783,0.607
"NEEREC, Harrisburg",rel_sw_12in,5,0.586,0.637,0.754,0.6
"NEEREC, Harrisburg",rel_sw_12in,6,0.58,0.637,0.817,0.592
"NEEREC, Harrisburg",rel_sw_12in,7,0.578,0.63,0.81,0.586
"NEEREC, Harrisburg",rel_sw_12in,8,0.572,0.632,0.791,0.593
"NEEREC, Harrisburg",rel_sw_12in,9,0.577,0.643,0.786,0.601
"NEEREC, Harrisburg",rel_sw_12in,10,0.575,0.645,0.799,0.612
"NEEREC, Harrisburg",rel_sw_12in,11,0.57,0.642,0.871,0.605
"NEEREC, Harrisburg",rel_sw_12in,12,0.563,0.636,0.827,0.599
"NEEREC, Harrisburg",rel_sw_12in,13,0.559,0.633,0.866,0.592
"NEEREC, Harrisburg",rel_sw_12in,14,0.554,0.623,0.843,0.594
"NEEREC, Harrisburg",rel_sw_12in,15,0.551,0.622,0.892,0.589
"NEEREC, Harrisburg",rel_sw_12in,16,0.549,0.625,0.846,0.589
"NEEREC, Harrisburg",rel_sw_12in,17,0.567,0.647,0.798,0.587
"NEEREC, Harrisburg",rel_sw_12in,18,0.572,0.645,0.821,0.585
"NEEREC, Harrisburg",rel_sw_12in,19,0.57,0.643,0.805,0.583
"NEEREC, Harrisburg",rel_sw_12in,20,0.571,0.627,0.815,0.576
"NEEREC, Harrisburg",rel_sw_12in,21,0.568,0.629,0.773,0.613
"NEEREC, Harrisburg",rel_sw_12in,22,0.562,0.642,0.78,0.606
"NEEREC, Harrisburg",rel_sw_12in,23,0.559,0.641,0.756,0.606
"NEEREC, Harrisburg",rel_sw_12in,24,0.557,0.638,0.786,0.66
"NEEREC, Harrisburg",rel_sw_12in,25,0.556,0.626,0.787,0.694
"NEEREC, Harrisburg",rel_sw_12in,26,0.561,0.626,0.754,0.681
"NEEREC, Harrisburg",rel_sw_12in,27,0.559,0.627,0.822,0.665
"NEEREC, Harrisburg",rel_sw_12in,28,0.558,0.629,0.778,0.65
"NEEREC, Harrisburg",rel_sw_12in,29,0.555,0.629,0.738,0.635
"NEEREC, Harrisburg",rel_sw_12in,30,0.553,0.621,0.778,0.625
"NEEREC, Harrisburg",rel_sw_12in,31,0.551,0.618,0.748,0.618
"NEEREC, Harrisburg",rel_sw_12in,32,0.558,0.62,0.759,0.612
"NEEREC, Harrisburg",rel_sw_12in,33,0.57,0.634,0.832,0.61
"NEEREC, Harrisburg",rel_sw_12in,34,0.567,0.633,0.902,0.629
"NEEREC, Harrisburg",rel_sw_12in,35,0.565,0.633,0.851,0.622
"NEEREC, Harrisburg",rel_sw_12in,36,0.562,0.624,0.797,0.614
"NEEREC, Harrisburg",rel_sw_12in,37,0.559,0.64,0.748,0.605
"NEEREC, Harrisburg",rel_sw_12in,38,0.557,0.635,0.742,0.594
"NEEREC, Harrisburg",rel_sw_12in,39,0.555,0.628,0.728,0.59
"NEEREC, Harrisburg",rel_sw_12in,40,0.553,0.621,0.737,0.583
"NEEREC, Harrisburg",rel_sw_12in,41,0.558,0.635,0.776,0.582
"NEEREC, Harrisburg",rel_sw_12in,42,0.562,0.627,0.883,0.578
"NEEREC, Harrisburg",rel_sw_12in,43,0.561,0.628,0.876,0.574
"NEEREC, Harrisburg",rel_sw_12in,44,0.558,0.642,0.821,0.571
"NEEREC, Harrisburg",rel_sw_12in,45,0.557,0.645,0.843,0.662
"NEEREC, Harrisburg",rel_sw_12in,46,0.556,0.638,0.936,0.754
"NEEREC, Harrisburg",rel_sw_12in,47,0.562,0.628,0.93,0.724
"NEEREC, Harrisburg",rel_sw_12in,48,0.56,0.629,0.923,0.697
"NEEREC, Harrisburg",rel_sw_12in,49,0.569,0.642,0.876,0.67
"NEEREC, Harrisburg",rel_sw_12in,50,0.566,0.637,0.861,0.644
"NEEREC, Harrisburg",rel_sw_12in,51,0.563,0.635,0.925,0.626
"NEEREC, Harrisburg",rel_sw_12in,52,0.568,0.639,0.874,0.615
"NEEREC, Harrisburg",rel_sw_12in,53,0.561,0.638,0.871,0.605
"NEEREC, Harrisburg",rel_sw_12in,54,0.565,0.626,0.904,0.597
"NEEREC, Harrisburg",rel_sw_12in,55,0.563,0.627,0.96,0.591
"NEEREC, Harrisburg",rel_sw_12in,56,0.56,0.627,0.907,0.588
"NEEREC, Harrisburg",rel_sw_12in,57,0.56,0.646,0.85,0.584
"NEEREC, Harrisburg",rel_sw_12in,58,0.56,0.636,0.82,0.581
"NEEREC, Harrisburg",rel_sw_12in,59,0.558,0.625,0.908,0.578
"NEEREC, Harrisburg",rel_sw_12in,60,0.556,0.632,0.922,0.577
"NEEREC, Harrisburg",rel_sw_12in,61,0.554,0.631,0.898,0.586
"NEEREC, Harrisburg",rel_sw_12in,62,0.551,0.619,0.857,0.578
"NEEREC, Harrisburg",rel_sw_12in,63,0.549,0.636,0.807,0.575
"NEEREC, Harrisburg",rel_sw_12in,64,0.548,0.623,0.858,0.573
"NEEREC, Harrisburg",rel_sw_12in,65,0.546,0.623,0.812,0.57
"NEEREC, Harrisburg",rel_sw_12in,66,0.544,0.616,0.807,0.659
"NEEREC, Harrisburg",rel_sw_12in,67,0.542,0.609,0.787,0.658
"NEEREC, Harrisburg",rel_sw_12in,68,0.54,0.638,0.752,0.686
"NEEREC, Harrisburg",rel_sw_12in,69,0.551,0.633,0.775,0.669
"NEEREC, Harrisburg",rel_sw_12in,70,0.568,0.636,0.876,0.704
"NEEREC, Harrisburg",rel_sw_12in,71,0.566,0.637,0.846,0.673
"NEEREC, Harrisburg",rel_sw_12in,72,0.565,0.632,0.846,0.644
"NEEREC, Harrisburg",rel_sw_12in,73,0.564,0.619,0.873,0.625
"NEEREC, Harrisburg",rel_sw_12in,74,0.565,0.622,0.826,0.658
"NEEREC, Harrisburg",rel_sw_12in,75,0.562,0.621,0.777,0.637
"NEEREC, Harrisburg",rel_sw_12in,76,0.56,0.624,0.779,0.619
"NEEREC, Harrisburg",rel_sw_12in,77,0.558,0.627,0.781,0.603
"NEEREC, Harrisburg",rel_sw_12in,78,0.563,0.622,0.837,0.594
"NEEREC, Harrisburg",rel_sw_12in,79,0.556,0.624,0.859,0.587
"NEEREC, Harrisburg",rel_sw_12in,80,0.555,0.622,0.804,0.582
"NEEREC, Harrisburg",rel_sw_12in,81,0.553,0.628,0.753,0.578
"NEEREC, Harrisburg",rel_sw_12in,82,0.551,0.613,0.761,0.574
"NEEREC, Harrisburg",rel_sw_12in,83,0.55,0.61,0.779,0.571
"NEEREC, Harrisburg",rel_sw_12in,84,0.548,0.617,0.774,0.569
"NEEREC, Harrisburg",rel_sw_12in,85,0.546,0.615,0.756,0.566
"NEEREC, Harrisburg",rel_sw_12in,86,0.571,0.611,0.819,0.564
"NEEREC, Harrisburg",rel_sw_12in,87,0.568,0.618,0.773,0.562
"NEEREC, Harrisburg",rel_sw_12in,88,0.566,0.621,0.756,0.559
"NEEREC, Harrisburg",rel_sw_12in,89,0.563,0.643,0.784,0.557
"NEEREC, Harrisburg",rel_sw_12in,90,0.561,0.644,0.748,0.556
"NEEREC, Harrisburg",rel_sw_12in,91,0.559,0.627,0.814,0.554
"NEEREC, Harrisburg",rel_sw_12in,92,0.557,0.618,0.815,0.555
"NEEREC, Harrisburg",rel_sw_12in,93,0.555,0.634,0.839,0.552
"NEEREC, Harrisburg",rel_sw_12in,94,0.569,0.632,0.903,0.624
"NEEREC, Harrisburg",rel_sw_12in,95,0.566,0.63,0.999,0.608
"NEEREC, Harrisburg",rel_sw_12in,96,0.566,0.622,0.996,0.595
"NEEREC, Harrisburg",rel_sw_12in,97,0.569,0.624,0.926,0.588
"NEEREC, Harrisburg",rel_sw_12in,98,0.563,0.614,0.858,0.583
"NEEREC, Harrisburg",rel_sw_12in,99,0.561,0.609,0.804,0.579
"NEEREC, Harrisburg",rel_sw_12in,100,0.558,0.61,0.76,0.575
"NEEREC, Harrisburg",rel_sw_12in,101,0.556,0.603,0.786,0.572
"NEEREC, Harrisburg",rel_sw_12in,102,0.554,0.62,0.818,0.569
"NEEREC, Harrisburg",rel_sw_12in,103,0.552,0.637,0.862,0.566
"NEEREC, Harrisburg",rel_sw_12in,104,0.55,0.637,0.929,0.563
"NEEREC, Harrisburg",rel_sw_12in,105,0.548,0.634,0.866,0.561
"NEEREC, Harrisburg",rel_sw_12in,106,0.546,0.619,0.808,0.559
"NEEREC, Harrisburg",rel_sw_12in,107,0.548,0.613,0.818,0.557
"NEEREC, Harrisburg",rel_sw_12in,108,0.547,0.606,0.844,0.586
"NEEREC, Harrisburg",rel_sw_12in,109,0.555,0.601,0.788,0.571
"NEEREC, Harrisburg",rel_sw_12in,110,0.572,0.606,0.738,0.568
"NEEREC, Harrisburg",rel_sw_12in,111,0.57,0.623,0.754,0.566
"NEEREC, Harrisburg",rel_sw_12in,112,0.568,0.629,0.719,0.563
"NEEREC, Harrisburg",rel_sw_12in,113,0.569,0.622,0.77,0.561
"NEEREC, Harrisburg",rel_sw_12in,114,0.567,0.628,0.849,0.623
"NEEREC, Harrisburg",rel_sw_12in,115,0.565,0.622,0.86,0.613
"NEEREC, Harrisburg",rel_sw_12in,116,0.563,0.634,0.874,0.598
"NEEREC, Harrisburg",rel_sw_12in,117,0.567,0.631,0.913,0.622
"NEEREC, Harrisburg",rel_sw_12in,118,0.565,0.621,0.851,0.713
"NEEREC, Harrisburg",rel_sw_12in,119,0.562,0.648,0.854,0.76
"NEEREC, Harrisburg",rel_sw_12in,120,0.56,0.651,0.817,0.724
"NEEREC, Harrisburg",rel_sw_12in,121,0.558,0.641,0.913,0.689
"NEEREC, Harrisburg",rel_sw_12in,122,0.556,0.646,0.996,0.662
"NEEREC, Harrisburg",rel_sw_12in,123,0.558,0.643,0.983,0.641
"NEEREC, Harrisburg",rel_sw_12in,124,0.556,0.643,0.934,0.625
"NEEREC, Harrisburg",rel_sw_12in,125,0.554,0.627,0.902,0.694
"NEEREC, Harrisburg",rel_sw_12in,126,0.552,0.624,0.873,0.721
"NEEREC, Harrisburg",rel_sw_12in,127,0.566,0.62,0.859,0.681
"NEEREC, Harrisburg",rel_sw_12in,128,0.564,0.629,0.823,0.649
"NEEREC, Harrisburg",rel_sw_12in,129,0.562,0.632,0.808,0.628
"NEEREC, Harrisburg",rel_sw_12in,130,0.561,0.629,0.779,0.62
"NEEREC, Harrisburg",rel_sw_12in,131,0.56,0.619,0.744,0.606
"NEEREC, Harrisburg",rel_sw_12in,132,0.558,0.622,0.739,0.597
"NEEREC, Harrisburg",rel_sw_12in,133,0.558,0.633,0.792,0.59
"NEEREC, Harrisburg",rel_sw_12in,134,0.557,0.622,0.762,0.585
"NEEREC, Harrisburg",rel_sw_12in,135,0.555,0.61,0.756,0.581
"NEEREC, Harrisburg",rel_sw_12in,136,0.553,0.609,0.797,0.578
"NEEREC, Harrisburg",rel_sw_12in,137,0.552,0.603,0.864,0.575
"NEEREC, Harrisburg",rel_sw_12in,138,0.551,0.595,0.815,0.572
"NEEREC, Harrisburg",rel_sw_12in,139,0.552,0.604,0.761,0.623
"NEEREC, Harrisburg",rel_sw_12in,140,0.551,0.602,0.749,0.666
"NEEREC, Harrisburg",rel_sw_12in,141,0.549,0.613,0.781,0.649
"NEEREC, Harrisburg",rel_sw_12in,142,0.547,0.602,0.743,0.739
"NEEREC, Harrisburg",rel_sw_12in,143,0.545,0.595,0.759,0.718
"NEEREC, Harrisburg",rel_sw_12in,144,0.556,0.607,0.741,0.712
"NEEREC, Harrisburg",rel_sw_12in,145,0.556,0.596,0.821,0.684
"NEEREC, Harrisburg",rel_sw_12in,146,0.554,0.61,0.844,0.68
"NEEREC, Harrisburg",rel_sw_12in,147,0.563,0.615,0.804,0.659
"NEEREC, Harrisburg",rel_sw_12in,148,0.564,0.624,0.828,0.67
"NEEREC, Harrisburg",rel_sw_12in,149,0.566,0.608,0.774,0.684
"NEEREC, Harrisburg",rel_sw_12in,150,0.563,0.608,0.724,0.662
"NEEREC, Harrisburg",rel_sw_12in,151,0.563,0.597,0.736,0.631
"NEEREC, Harrisburg",rel_sw_12in,152,0.566,0.591,0.778,0.613
"NEEREC, Harrisburg",rel_sw_12in,153,0.567,0.599,0.745,0.598
"NEEREC, Harrisburg",rel_sw_12in,154,0.563,0.599,0.7,0.586
"NEEREC, Harrisburg",rel_sw_12in,155,0.562,0.596,0.731,0.578
"NEEREC, Harrisburg",rel_sw_12in,156,0.564,0.601,0.713,0.571
"NEEREC, Harrisburg",rel_sw_12in,157,0.562,0.594,0.727,0.565
"NEEREC, Harrisburg",rel_sw_12in,158,0.565,0.593,0.752,0.645
"NEEREC, Harrisburg",rel_sw_12in,159,0.562,0.588,0.75,0.631
"NEEREC, Harrisburg",rel_sw_12in,160,0.561,0.587,0.776,0.61
"NEEREC, Harrisburg",rel_sw_12in,161,0.558,0.599,0.794,0.593
"NEEREC, Harrisburg",rel_sw_12in,162,0.559,0.605,0.74,0.58
"NEEREC, Harrisburg",rel_sw_12in,163,0.556,0.605,0.738,0.625
"NEEREC, Harrisburg",rel_sw_12in,164,0.555,0.598,0.7,0.71
"NEEREC, Harrisburg",rel_sw_12in,165,0.557,0.594,0.721,0.694
"NEEREC, Harrisburg",rel_sw_12in,166,0.549,0.585,0.696,0.659
"NEEREC, Harrisburg",rel_sw_12in,167,0.555,0.581,0.707,0.623
"NEEREC, Harrisburg",rel_sw_12in,168,0.54,0.585,0.762,0.601
"NEEREC, Harrisburg",rel_sw_12in,169,0.547,0.587,0.754,0.584
"NEEREC, Harrisburg",rel_sw_12in,170,0.543,0.585,0.715,0.571
"NEEREC, Harrisburg",rel_sw_12in,171,0.545,0.591,0.678,0.558
"NEEREC, Harrisburg",rel_sw_12in,172,0.525,0.596,0.675,0.625
"NEEREC, Harrisburg",rel_sw_12in,173,0.527,0.585,0.684,0.76
"NEEREC, Harrisburg",rel_sw_12in,174,0.539,0.571,0.723,0.722
"NEEREC, Harrisburg",rel_sw_12in,175,0.525,0.583,0.692,0.692
"NEEREC, Harrisburg",rel_sw_12in,176,0.521,0.592,0.671,0.662
"NEEREC, Harrisburg",rel_sw_12in,177,0.527,0.587,0.743,0.641
"NEEREC, Harrisburg",rel_sw_12in,178,0.53,0.584,0.734,0.617
"NEEREC, Harrisburg",rel_sw_12in,179,0.524,0.577,0.714,0.592
"NEEREC, Harrisburg",rel_sw_12in,180,0.509,0.582,0.793,0.569
"NEEREC, Harrisburg",rel_sw_12in,181,0.511,0.582,0.768,0.545
"NEEREC, Harrisburg",rel_sw_12in,182,0.525,0.578,0.757,0.587
"NEEREC, Harrisburg",rel_sw_12in,183,0.503,0.575,0.732,0.574
"NEEREC, Harrisburg",rel_sw_12in,184,0.512,0.573,0.741,0.56
"NEEREC, Harrisburg",rel_sw_12in,185,0.508,0.566,0.76,0.551
"NEEREC, Harrisburg",rel_sw_12in,186,0.494,0.577,0.747,0.563
"NEEREC, Harrisburg",rel_sw_12in,187,0.491,0.584,0.712,0.557
"NEEREC, Harrisburg",rel_sw_12in,188,0.503,0.57,0.678,0.558
"NEEREC, Harrisburg",rel_sw_12in,189,0.5,0.567,0.662,0.552
"NEEREC, Harrisburg",rel_sw_12in,190,0.497,0.565,0.736,0.548
"NEEREC, Harrisburg",rel_sw_12in,191,0.513,0.573,0.697,0.544
"NEEREC, Harrisburg",rel_sw_12in,192,0.495,0.581,0.703,0.555
"NEEREC, Harrisburg",rel_sw_12in,193,0.529,0.568,0.732,0.55
"NEEREC, Harrisburg",rel_sw_12in,194,0.516,0.571,0.783,0.536
"NEEREC, Harrisburg",rel_sw_12in,195,0.493,0.588,0.778,0.538
"NEEREC, Harrisburg",rel_sw_12in,196,0.505,0.58,0.759,0.586
"NEEREC, Harrisburg",rel_sw_12in,197,0.485,0.575,0.816,0.587
"NEEREC, Harrisburg",rel_sw_12in,198,0.502,0.57,0.786,0.577
"NEEREC, Harrisburg",rel_sw_12in,199,0.499,0.564,0.739,0.558
"NEEREC, Harrisburg",rel_sw_12in,200,0.475,0.564,0.746,0.545
"NEEREC, Harrisburg",rel_sw_12in,201,0.509,0.562,0.728,0.539
"NEEREC, Harrisburg",rel_sw_12in,202,0.501,0.561,0.734,0.53
"NEEREC, Harrisburg",rel_sw_12in,203,0.482,0.558,0.723,0.515
"NEEREC, Harrisburg",rel_sw_12in,204,0.503,0.571,0.764,0.551
"NEEREC, Harrisburg",rel_sw_12in,205,0.49,0.566,0.748,0.54
"NEEREC, Harrisburg",rel_sw_12in,206,0.496,0.566,0.724,0.565
"NEEREC, Harrisburg",rel_sw_12in,207,0.496,0.566,0.717,0.551
"NEEREC, Harrisburg",rel_sw_12in,208,0.487,0.56,0.687,0.533
"NEEREC, Harrisburg",rel_sw_12in,209,0.491,0.577,0.705,0.519
"NEEREC, Harrisburg",rel_sw_12in,210,0.477,0.573,0.737,0.511
"NEEREC, Harrisburg",rel_sw_12in,211,0.485,0.575,0.787,0.541
"NEEREC, Harrisburg",rel_sw_12in,212,0.495,0.584,0.744,0.536
"NEEREC, Harrisburg",rel_sw_12in,213,0.489,0.569,0.738,0.53
"NEEREC, Harrisburg",rel_sw_12in,214,0.478,0.556,0.696,NA
"NEEREC, Harrisburg",rel_sw_12in,215,0.496,0.557,0.701,NA
"NEEREC, Harrisburg",rel_sw_12in,216,0.479,0.561,0.724,NA
"NEEREC, Harrisburg",rel_sw_12in,217,0.498,0.55,0.728,NA
"NEEREC, Harrisburg",rel_sw_12in,218,0.482,0.564,0.717,NA
"NEEREC, Harrisburg",rel_sw_12in,219,0.472,0.557,0.708,NA
"NEEREC, Harrisburg",rel_sw_12in,220,0.482,0.563,0.748,NA
"NEEREC, Harrisburg",rel_sw_12in,221,0.481,0.562,0.716,NA
"NEEREC, Harrisburg",rel_sw_12in,222,0.478,0.551,0.75,NA
"NEEREC, Harrisburg",rel_sw_12in,223,0.493,0.548,0.737,NA
"NEEREC, Harrisburg",rel_sw_12in,224,0.468,0.563,0.746,NA
"NEEREC, Harrisburg",rel_sw_12in,225,0.455,0.553,0.712,NA
"NEEREC, Harrisburg",rel_sw_12in,226,0.485,0.556,0.701,NA
"NEEREC, Harrisburg",rel_sw_12in,227,0.48,0.557,0.705,NA
"NEEREC, Harrisburg",rel_sw_12in,228,0.466,0.551,0.727,NA
"NEEREC, Harrisburg",rel_sw_12in,229,0.475,0.551,0.766,NA
"NEEREC, Harrisburg",rel_sw_12in,230,0.487,0.558,0.739,NA
"NEEREC, Harrisburg",rel_sw_12in,231,0.488,0.547,0.78,NA
"NEEREC, Harrisburg",rel_sw_12in,232,0.466,0.56,0.781,NA
"NEEREC, Harrisburg",rel_sw_12in,233,0.46,0.557,0.791,NA
"NEEREC, Harrisburg",rel_sw_12in,234,0.478,0.549,0.741,NA
"NEEREC, Harrisburg",rel_sw_12in,235,0.46,0.549,0.693,NA
"NEEREC, Harrisburg",rel_sw_12in,236,0.468,0.545,0.668,NA
"NEEREC, Harrisburg",rel_sw_12in,237,0.465,0.547,0.672,NA
"NEEREC, Harrisburg",rel_sw_12in,238,0.472,0.55,0.688,NA
"NEEREC, Harrisburg",rel_sw_12in,239,0.452,0.553,0.68,NA
"NEEREC, Harrisburg",rel_sw_12in,240,0.481,0.552,0.719,NA
"NEEREC, Harrisburg",rel_sw_12in,241,0.466,0.543,0.827,NA
"NEEREC, Harrisburg",rel_sw_12in,242,0.477,0.544,0.805,NA
"NEEREC, Harrisburg",rel_sw_12in,243,0.458,0.548,0.864,NA
"NEEREC, Harrisburg",rel_sw_12in,244,0.463,0.546,0.885,NA
"NEEREC, Harrisburg",rel_sw_12in,245,0.46,0.547,0.879,NA
"NEEREC, Harrisburg",rel_sw_12in,246,0.463,0.549,0.925,NA
"NEEREC, Harrisburg",rel_sw_12in,247,0.456,0.555,0.877,NA
"NEEREC, Harrisburg",rel_sw_12in,248,0.46,0.552,0.821,NA
"NEEREC, Harrisburg",rel_sw_12in,249,0.472,0.548,0.761,NA
"NEEREC, Harrisburg",rel_sw_12in,250,0.45,0.547,0.704,NA
"NEEREC, Harrisburg",rel_sw_12in,251,0.488,0.566,0.746,NA
"NEEREC, Harrisburg",rel_sw_12in,252,0.495,0.56,0.784,NA
"NEEREC, Harrisburg",rel_sw_12in,253,0.487,0.562,0.787,NA
"NEEREC, Harrisburg",rel_sw_12in,254,0.481,0.564,0.745,NA
"NEEREC, Harrisburg",rel_sw_12in,255,0.481,0.558,0.702,NA
"NEEREC, Harrisburg",rel_sw_12in,256,0.493,0.556,0.699,NA
"NEEREC, Harrisburg",rel_sw_12in,257,0.479,0.566,0.745,NA
"NEEREC, Harrisburg",rel_sw_12in,258,0.458,0.573,0.788,NA
"NEEREC, Harrisburg",rel_sw_12in,259,0.492,0.589,0.861,NA
"NEEREC, Harrisburg",rel_sw_12in,260,0.486,0.588,0.852,NA
"NEEREC, Harrisburg",rel_sw_12in,261,0.479,0.589,0.854,NA
"NEEREC, Harrisburg",rel_sw_12in,262,0.466,0.585,0.829,NA
"NEEREC, Harrisburg",rel_sw_12in,263,0.478,0.592,0.857,NA
"NEEREC, Harrisburg",rel_sw_12in,264,0.475,0.589,0.806,NA
"NEEREC, Harrisburg",rel_sw_12in,265,0.493,0.598,0.756,NA
"NEEREC, Harrisburg",rel_sw_12in,266,0.489,0.604,0.787,NA
"NEEREC, Harrisburg",rel_sw_12in,267,0.485,0.599,0.803,NA
"NEEREC, Harrisburg",rel_sw_12in,268,0.482,0.597,0.784,NA
"NEEREC, Harrisburg",rel_sw_12in,269,0.479,0.593,0.753,NA
"NEEREC, Harrisburg",rel_sw_12in,270,0.477,0.587,0.744,NA
"NEEREC, Harrisburg",rel_sw_12in,271,0.484,0.586,0.796,NA
"NEEREC, Harrisburg",rel_sw_12in,272,0.482,0.594,0.756,NA
"NEEREC, Harrisburg",rel_sw_12in,273,0.479,0.593,0.731,NA
"NEEREC, Harrisburg",rel_sw_12in,274,0.477,0.585,0.725,NA
"NEEREC, Harrisburg",rel_sw_12in,275,0.475,0.59,0.762,NA
"NEEREC, Harrisburg",rel_sw_12in,276,0.473,0.584,0.73,NA
"NEEREC, Harrisburg",rel_sw_12in,277,0.471,0.58,0.735,NA
"NEEREC, Harrisburg",rel_sw_12in,278,0.469,0.581,0.705,NA
"NEEREC, Harrisburg",rel_sw_12in,279,0.468,0.583,0.785,NA
"NEEREC, Harrisburg",rel_sw_12in,280,0.466,0.579,0.789,NA
"NEEREC, Harrisburg",rel_sw_12in,281,0.464,0.581,0.848,NA
"NEEREC, Harrisburg",rel_sw_12in,282,0.462,0.593,0.912,NA
"NEEREC, Harrisburg",rel_sw_12in,283,0.46,0.596,0.866,NA
"NEEREC, Harrisburg",rel_sw_12in,284,0.459,0.592,0.819,NA
"NEEREC, Harrisburg",rel_sw_12in,285,0.489,0.597,0.785,NA
"NEEREC, Harrisburg",rel_sw_12in,286,0.479,0.595,0.862,NA
"NEEREC, Harrisburg",rel_sw_12in,287,0.477,0.601,0.819,NA
"NEEREC, Harrisburg",rel_sw_12in,288,0.507,0.601,0.776,NA
"NEEREC, Harrisburg",rel_sw_12in,289,0.505,0.611,0.729,NA
"NEEREC, Harrisburg",rel_sw_12in,290,0.503,0.608,0.767,NA
"NEEREC, Harrisburg",rel_sw_12in,291,0.501,0.615,0.768,NA
"NEEREC, Harrisburg",rel_sw_12in,292,0.501,0.621,0.729,NA
"NEEREC, Harrisburg",rel_sw_12in,293,0.498,0.61,0.746,NA
"NEEREC, Harrisburg",rel_sw_12in,294,0.497,0.607,0.72,NA
"NEEREC, Harrisburg",rel_sw_12in,295,0.495,0.6,0.735,NA
"NEEREC, Harrisburg",rel_sw_12in,296,0.493,0.597,0.785,NA
"NEEREC, Harrisburg",rel_sw_12in,297,0.51,0.593,0.766,NA
"NEEREC, Harrisburg",rel_sw_12in,298,0.517,0.609,0.78,NA
"NEEREC, Harrisburg",rel_sw_12in,299,0.515,0.611,0.811,NA
"NEEREC, Harrisburg",rel_sw_12in,300,0.513,0.618,0.78,NA
"NEEREC, Harrisburg",rel_sw_12in,301,0.533,0.629,0.814,NA
"NEEREC, Harrisburg",rel_sw_12in,302,0.531,0.629,0.889,NA
"NEEREC, Harrisburg",rel_sw_12in,303,0.53,0.621,0.929,NA
"NEEREC, Harrisburg",rel_sw_12in,304,0.537,0.626,0.945,NA
"NEEREC, Harrisburg",rel_sw_12in,305,0.541,0.623,0.957,NA
"NEEREC, Harrisburg",rel_sw_12in,306,0.54,0.621,0.904,NA
"NEEREC, Harrisburg",rel_sw_12in,307,0.538,0.621,0.865,NA
"NEEREC, Harrisburg",rel_sw_12in,308,0.536,0.622,0.844,NA
"NEEREC, Harrisburg",rel_sw_12in,309,0.545,0.628,0.798,NA
"NEEREC, Harrisburg",rel_sw_12in,310,0.543,0.631,0.755,NA
"NEEREC, Harrisburg",rel_sw_12in,311,0.535,0.626,0.804,NA
"NEEREC, Harrisburg",rel_sw_12in,312,0.534,0.632,0.815,NA
"NEEREC, Harrisburg",rel_sw_12in,313,0.532,0.63,0.779,NA
"NEEREC, Harrisburg",rel_sw_12in,314,0.531,0.624,0.79,NA
"NEEREC, Harrisburg",rel_sw_12in,315,0.529,0.62,0.806,NA
"NEEREC, Harrisburg",rel_sw_12in,316,0.527,0.625,0.761,NA
"NEEREC, Harrisburg",rel_sw_12in,317,0.542,0.618,0.723,NA
"NEEREC, Harrisburg",rel_sw_12in,318,0.54,0.623,0.774,NA
"NEEREC, Harrisburg",rel_sw_12in,319,0.539,0.627,0.798,NA
"NEEREC, Harrisburg",rel_sw_12in,320,0.538,0.629,0.875,NA
"NEEREC, Harrisburg",rel_sw_12in,321,0.536,0.626,0.852,NA
"NEEREC, Harrisburg",rel_sw_12in,322,0.535,0.619,0.864,NA
"NEEREC, Harrisburg",rel_sw_12in,323,0.558,0.612,0.815,NA
"NEEREC, Harrisburg",rel_sw_12in,324,0.572,0.61,0.905,NA
"NEEREC, Harrisburg",rel_sw_12in,325,0.569,0.624,0.88,NA
"NEEREC, Harrisburg",rel_sw_12in,326,0.567,0.631,0.856,NA
"NEEREC, Harrisburg",rel_sw_12in,327,0.569,0.631,0.81,NA
"NEEREC, Harrisburg",rel_sw_12in,328,0.57,0.638,0.765,NA
"NEEREC, Harrisburg",rel_sw_12in,329,0.572,0.644,0.785,NA
"NEEREC, Harrisburg",rel_sw_12in,330,0.57,0.64,0.789,NA
"NEEREC, Harrisburg",rel_sw_12in,331,0.567,0.643,0.838,NA
"NEEREC, Harrisburg",rel_sw_12in,332,0.564,0.64,0.827,NA
"NEEREC, Harrisburg",rel_sw_12in,333,0.562,0.645,0.937,NA
"NEEREC, Harrisburg",rel_sw_12in,334,0.559,0.652,0.886,NA
"NEEREC, Harrisburg",rel_sw_12in,335,0.557,0.642,0.833,NA
"NEEREC, Harrisburg",rel_sw_12in,336,0.555,0.637,0.853,NA
"NEEREC, Harrisburg",rel_sw_12in,337,0.553,0.63,0.812,NA
"NEEREC, Harrisburg",rel_sw_12in,338,0.562,0.635,0.834,NA
"NEEREC, Harrisburg",rel_sw_12in,339,0.567,0.641,0.87,NA
"NEEREC, Harrisburg",rel_sw_12in,340,0.564,0.634,0.83,NA
"NEEREC, Harrisburg",rel_sw_12in,341,0.562,0.633,0.796,NA
"NEEREC, Harrisburg",rel_sw_12in,342,0.56,0.631,0.769,NA
"NEEREC, Harrisburg",rel_sw_12in,343,0.578,0.641,0.825,NA
"NEEREC, Harrisburg",rel_sw_12in,344,0.576,0.641,0.847,NA
"NEEREC, Harrisburg",rel_sw_12in,345,0.574,0.632,0.808,NA
"NEEREC, Harrisburg",rel_sw_12in,346,0.58,0.641,0.793,NA
"NEEREC, Harrisburg",rel_sw_12in,347,0.58,0.66,0.84,NA
"NEEREC, Harrisburg",rel_sw_12in,348,0.577,0.647,0.802,NA
"NEEREC, Harrisburg",rel_sw_12in,349,0.575,0.644,0.829,NA
"NEEREC, Harrisburg",rel_sw_12in,350,0.572,0.644,0.901,NA
"NEEREC, Harrisburg",rel_sw_12in,351,0.57,0.639,0.983,NA
"NEEREC, Harrisburg",rel_sw_12in,352,0.567,0.636,0.929,NA
"NEEREC, Harrisburg",rel_sw_12in,353,0.565,0.634,0.876,NA
"NEEREC, Harrisburg",rel_sw_12in,354,0.563,0.635,0.883,NA
"NEEREC, Harrisburg",rel_sw_12in,355,0.577,0.647,0.975,NA
"NEEREC, Harrisburg",rel_sw_12in,356,0.573,0.636,0.983,NA
"NEEREC, Harrisburg",rel_sw_12in,357,0.577,0.647,0.938,NA
"NEEREC, Harrisburg",rel_sw_12in,358,0.585,0.651,0.887,NA
"NEEREC, Harrisburg",rel_sw_12in,359,0.582,0.644,0.918,NA
"NEEREC, Harrisburg",rel_sw_12in,360,0.577,0.649,0.986,NA
"NEEREC, Harrisburg",rel_sw_12in,361,0.574,0.648,1,NA
"NEEREC, Harrisburg",rel_sw_12in,362,0.575,0.653,0.944,NA
"NEEREC, Harrisburg",rel_sw_12in,363,0.576,0.646,0.902,NA
"NEEREC, Harrisburg",rel_sw_12in,364,0.574,0.659,0.961,NA
"NEEREC, Harrisburg",rel_sw_12in,365,0.571,0.645,0.938,NA
"NEEREC, Harrisburg",rel_sw_12in,366,0.605,0.652,0.871,NA
"NEEREC, Harrisburg",rel_sw_24in,1,0.632,0.635,0.692,0.632
"NEEREC, Harrisburg",rel_sw_24in,2,0.63,0.635,0.717,0.639
"NEEREC, Harrisburg",rel_sw_24in,3,0.627,0.637,0.757,0.637
"NEEREC, Harrisburg",rel_sw_24in,4,0.626,0.642,0.754,0.635
"NEEREC, Harrisburg",rel_sw_24in,5,0.623,0.655,0.749,0.632
"NEEREC, Harrisburg",rel_sw_24in,6,0.62,0.66,0.754,0.628
"NEEREC, Harrisburg",rel_sw_24in,7,0.619,0.664,0.777,0.625
"NEEREC, Harrisburg",rel_sw_24in,8,0.616,0.663,0.772,0.628
"NEEREC, Harrisburg",rel_sw_24in,9,0.619,0.668,0.785,0.632
"NEEREC, Harrisburg",rel_sw_24in,10,0.618,0.672,0.806,0.638
"NEEREC, Harrisburg",rel_sw_24in,11,0.615,0.675,0.827,0.634
"NEEREC, Harrisburg",rel_sw_24in,12,0.612,0.676,0.819,0.631
"NEEREC, Harrisburg",rel_sw_24in,13,0.61,0.671,0.81,0.627
"NEEREC, Harrisburg",rel_sw_24in,14,0.607,0.664,0.817,0.628
"NEEREC, Harrisburg",rel_sw_24in,15,0.606,0.659,0.836,0.626
"NEEREC, Harrisburg",rel_sw_24in,16,0.605,0.659,0.829,0.626
"NEEREC, Harrisburg",rel_sw_24in,17,0.614,0.672,0.82,0.624
"NEEREC, Harrisburg",rel_sw_24in,18,0.617,0.681,0.807,0.623
"NEEREC, Harrisburg",rel_sw_24in,19,0.616,0.676,0.791,0.622
"NEEREC, Harrisburg",rel_sw_24in,20,0.616,0.678,0.797,0.619
"NEEREC, Harrisburg",rel_sw_24in,21,0.615,0.683,0.805,0.637
"NEEREC, Harrisburg",rel_sw_24in,22,0.614,0.685,0.788,0.633
"NEEREC, Harrisburg",rel_sw_24in,23,0.612,0.677,0.77,0.633
"NEEREC, Harrisburg",rel_sw_24in,24,0.611,0.685,0.778,0.662
"NEEREC, Harrisburg",rel_sw_24in,25,0.61,0.685,0.787,0.685
"NEEREC, Harrisburg",rel_sw_24in,26,0.612,0.679,0.78,0.685
"NEEREC, Harrisburg",rel_sw_24in,27,0.61,0.679,0.824,0.683
"NEEREC, Harrisburg",rel_sw_24in,28,0.612,0.671,0.811,0.68
"NEEREC, Harrisburg",rel_sw_24in,29,0.61,0.68,0.795,0.675
"NEEREC, Harrisburg",rel_sw_24in,30,0.608,0.678,0.781,0.67
"NEEREC, Harrisburg",rel_sw_24in,31,0.607,0.671,0.772,0.665
"NEEREC, Harrisburg",rel_sw_24in,32,0.609,0.671,0.775,0.66
"NEEREC, Harrisburg",rel_sw_24in,33,0.617,0.667,0.819,0.656
"NEEREC, Harrisburg",rel_sw_24in,34,0.617,0.676,0.865,0.663
"NEEREC, Harrisburg",rel_sw_24in,35,0.618,0.685,0.852,0.658
"NEEREC, Harrisburg",rel_sw_24in,36,0.615,0.678,0.837,0.652
"NEEREC, Harrisburg",rel_sw_24in,37,0.613,0.682,0.822,0.646
"NEEREC, Harrisburg",rel_sw_24in,38,0.611,0.683,0.807,0.639
"NEEREC, Harrisburg",rel_sw_24in,39,0.609,0.675,0.796,0.635
"NEEREC, Harrisburg",rel_sw_24in,40,0.608,0.671,0.819,0.63
"NEEREC, Harrisburg",rel_sw_24in,41,0.611,0.679,0.816,0.628
"NEEREC, Harrisburg",rel_sw_24in,42,0.612,0.678,0.831,0.625
"NEEREC, Harrisburg",rel_sw_24in,43,0.611,0.674,0.844,0.621
"NEEREC, Harrisburg",rel_sw_24in,44,0.61,0.681,0.832,0.619
"NEEREC, Harrisburg",rel_sw_24in,45,0.609,0.676,0.831,0.666
"NEEREC, Harrisburg",rel_sw_24in,46,0.608,0.684,0.876,0.719
"NEEREC, Harrisburg",rel_sw_24in,47,0.612,0.68,0.863,0.714
"NEEREC, Harrisburg",rel_sw_24in,48,0.61,0.678,0.883,0.71
"NEEREC, Harrisburg",rel_sw_24in,49,0.615,0.673,0.873,0.704
"NEEREC, Harrisburg",rel_sw_24in,50,0.621,0.675,0.877,0.695
"NEEREC, Harrisburg",rel_sw_24in,51,0.619,0.674,0.919,0.686
"NEEREC, Harrisburg",rel_sw_24in,52,0.619,0.672,0.904,0.679
"NEEREC, Harrisburg",rel_sw_24in,53,0.615,0.672,0.893,0.67
"NEEREC, Harrisburg",rel_sw_24in,54,0.615,0.673,0.923,0.661
"NEEREC, Harrisburg",rel_sw_24in,55,0.613,0.676,0.92,0.654
"NEEREC, Harrisburg",rel_sw_24in,56,0.611,0.678,0.906,0.647
"NEEREC, Harrisburg",rel_sw_24in,57,0.611,0.682,0.89,0.641
"NEEREC, Harrisburg",rel_sw_24in,58,0.612,0.675,0.875,0.635
"NEEREC, Harrisburg",rel_sw_24in,59,0.611,0.676,0.922,0.631
"NEEREC, Harrisburg",rel_sw_24in,60,0.609,0.678,0.944,0.628
"NEEREC, Harrisburg",rel_sw_24in,61,0.609,0.674,0.93,0.63
"NEEREC, Harrisburg",rel_sw_24in,62,0.608,0.667,0.914,0.624
"NEEREC, Harrisburg",rel_sw_24in,63,0.606,0.676,0.904,0.621
"NEEREC, Harrisburg",rel_sw_24in,64,0.605,0.674,0.923,0.619
"NEEREC, Harrisburg",rel_sw_24in,65,0.604,0.665,0.906,0.618
"NEEREC, Harrisburg",rel_sw_24in,66,0.603,0.665,0.891,0.663
"NEEREC, Harrisburg",rel_sw_24in,67,0.602,0.663,0.874,0.666
"NEEREC, Harrisburg",rel_sw_24in,68,0.601,0.676,0.86,0.686
"NEEREC, Harrisburg",rel_sw_24in,69,0.606,0.673,0.849,0.684
"NEEREC, Harrisburg",rel_sw_24in,70,0.618,0.668,0.84,0.708
"NEEREC, Harrisburg",rel_sw_24in,71,0.616,0.688,0.822,0.699
"NEEREC, Harrisburg",rel_sw_24in,72,0.615,0.689,0.823,0.689
"NEEREC, Harrisburg",rel_sw_24in,73,0.614,0.681,0.853,0.681
"NEEREC, Harrisburg",rel_sw_24in,74,0.617,0.684,0.844,0.698
"NEEREC, Harrisburg",rel_sw_24in,75,0.612,0.686,0.825,0.687
"NEEREC, Harrisburg",rel_sw_24in,76,0.611,0.683,0.809,0.676
"NEEREC, Harrisburg",rel_sw_24in,77,0.61,0.677,0.792,0.664
"NEEREC, Harrisburg",rel_sw_24in,78,0.612,0.677,0.827,0.656
"NEEREC, Harrisburg",rel_sw_24in,79,0.609,0.669,0.85,0.648
"NEEREC, Harrisburg",rel_sw_24in,80,0.608,0.667,0.834,0.642
"NEEREC, Harrisburg",rel_sw_24in,81,0.607,0.686,0.817,0.636
"NEEREC, Harrisburg",rel_sw_24in,82,0.606,0.673,0.821,0.631
"NEEREC, Harrisburg",rel_sw_24in,83,0.605,0.668,0.811,0.626
"NEEREC, Harrisburg",rel_sw_24in,84,0.604,0.667,0.833,0.623
"NEEREC, Harrisburg",rel_sw_24in,85,0.603,0.666,0.816,0.62
"NEEREC, Harrisburg",rel_sw_24in,86,0.617,0.665,0.793,0.617
"NEEREC, Harrisburg",rel_sw_24in,87,0.616,0.663,0.795,0.615
"NEEREC, Harrisburg",rel_sw_24in,88,0.614,0.67,0.835,0.613
"NEEREC, Harrisburg",rel_sw_24in,89,0.613,0.674,0.83,0.611
"NEEREC, Harrisburg",rel_sw_24in,90,0.614,0.677,0.863,0.609
"NEEREC, Harrisburg",rel_sw_24in,91,0.612,0.67,0.873,0.608
"NEEREC, Harrisburg",rel_sw_24in,92,0.611,0.667,0.857,0.608
"NEEREC, Harrisburg",rel_sw_24in,93,0.609,0.676,0.841,0.607
"NEEREC, Harrisburg",rel_sw_24in,94,0.62,0.676,0.841,0.643
"NEEREC, Harrisburg",rel_sw_24in,95,0.618,0.68,0.911,0.635
"NEEREC, Harrisburg",rel_sw_24in,96,0.619,0.675,0.931,0.63
"NEEREC, Harrisburg",rel_sw_24in,97,0.618,0.67,0.915,0.626
"NEEREC, Harrisburg",rel_sw_24in,98,0.615,0.677,0.898,0.624
"NEEREC, Harrisburg",rel_sw_24in,99,0.613,0.667,0.881,0.622
"NEEREC, Harrisburg",rel_sw_24in,100,0.611,0.667,0.869,0.62
"NEEREC, Harrisburg",rel_sw_24in,101,0.61,0.667,0.876,0.618
"NEEREC, Harrisburg",rel_sw_24in,102,0.608,0.665,0.863,0.616
"NEEREC, Harrisburg",rel_sw_24in,103,0.607,0.677,0.848,0.614
"NEEREC, Harrisburg",rel_sw_24in,104,0.606,0.68,0.88,0.613
"NEEREC, Harrisburg",rel_sw_24in,105,0.605,0.679,0.862,0.611
"NEEREC, Harrisburg",rel_sw_24in,106,0.604,0.67,0.844,0.61
"NEEREC, Harrisburg",rel_sw_24in,107,0.605,0.665,0.86,0.609
"NEEREC, Harrisburg",rel_sw_24in,108,0.604,0.66,0.883,0.623
"NEEREC, Harrisburg",rel_sw_24in,109,0.608,0.659,0.864,0.616
"NEEREC, Harrisburg",rel_sw_24in,110,0.621,0.66,0.85,0.615
"NEEREC, Harrisburg",rel_sw_24in,111,0.619,0.664,0.837,0.613
"NEEREC, Harrisburg",rel_sw_24in,112,0.617,0.678,0.823,0.612
"NEEREC, Harrisburg",rel_sw_24in,113,0.616,0.673,0.809,0.611
"NEEREC, Harrisburg",rel_sw_24in,114,0.615,0.672,0.795,0.642
"NEEREC, Harrisburg",rel_sw_24in,115,0.613,0.677,0.812,0.638
"NEEREC, Harrisburg",rel_sw_24in,116,0.612,0.673,0.836,0.631
"NEEREC, Harrisburg",rel_sw_24in,117,0.619,0.676,0.861,0.645
"NEEREC, Harrisburg",rel_sw_24in,118,0.616,0.67,0.904,0.696
"NEEREC, Harrisburg",rel_sw_24in,119,0.614,0.685,0.917,0.73
"NEEREC, Harrisburg",rel_sw_24in,120,0.613,0.689,0.899,0.724
"NEEREC, Harrisburg",rel_sw_24in,121,0.612,0.683,0.912,0.716
"NEEREC, Harrisburg",rel_sw_24in,122,0.61,0.682,0.964,0.709
"NEEREC, Harrisburg",rel_sw_24in,123,0.61,0.695,0.984,0.7
"NEEREC, Harrisburg",rel_sw_24in,124,0.609,0.688,0.967,0.691
"NEEREC, Harrisburg",rel_sw_24in,125,0.608,0.687,0.951,0.725
"NEEREC, Harrisburg",rel_sw_24in,126,0.607,0.678,0.937,0.74
"NEEREC, Harrisburg",rel_sw_24in,127,0.614,0.686,0.929,0.723
"NEEREC, Harrisburg",rel_sw_24in,128,0.612,0.68,0.912,0.708
"NEEREC, Harrisburg",rel_sw_24in,129,0.611,0.685,0.898,0.696
"NEEREC, Harrisburg",rel_sw_24in,130,0.611,0.682,0.885,0.689
"NEEREC, Harrisburg",rel_sw_24in,131,0.61,0.678,0.872,0.677
"NEEREC, Harrisburg",rel_sw_24in,132,0.609,0.678,0.869,0.667
"NEEREC, Harrisburg",rel_sw_24in,133,0.61,0.677,0.896,0.658
"NEEREC, Harrisburg",rel_sw_24in,134,0.609,0.674,0.881,0.649
"NEEREC, Harrisburg",rel_sw_24in,135,0.608,0.67,0.865,0.642
"NEEREC, Harrisburg",rel_sw_24in,136,0.607,0.663,0.849,0.636
"NEEREC, Harrisburg",rel_sw_24in,137,0.606,0.66,0.843,0.631
"NEEREC, Harrisburg",rel_sw_24in,138,0.606,0.655,0.829,0.627
"NEEREC, Harrisburg",rel_sw_24in,139,0.606,0.652,0.81,0.65
"NEEREC, Harrisburg",rel_sw_24in,140,0.606,0.655,0.847,0.673
"NEEREC, Harrisburg",rel_sw_24in,141,0.605,0.67,0.828,0.668
"NEEREC, Harrisburg",rel_sw_24in,142,0.604,0.667,0.857,0.72
"NEEREC, Harrisburg",rel_sw_24in,143,0.603,0.659,0.873,0.719
"NEEREC, Harrisburg",rel_sw_24in,144,0.609,0.651,0.854,0.726
"NEEREC, Harrisburg",rel_sw_24in,145,0.608,0.648,0.848,0.72
"NEEREC, Harrisburg",rel_sw_24in,146,0.607,0.665,0.83,0.723
"NEEREC, Harrisburg",rel_sw_24in,147,0.615,0.669,0.812,0.715
"NEEREC, Harrisburg",rel_sw_24in,148,0.615,0.672,0.797,0.722
"NEEREC, Harrisburg",rel_sw_24in,149,0.613,0.662,0.783,0.73
"NEEREC, Harrisburg",rel_sw_24in,150,0.612,0.668,0.768,0.719
"NEEREC, Harrisburg",rel_sw_24in,151,0.615,0.66,0.754,0.702
"NEEREC, Harrisburg",rel_sw_24in,152,0.616,0.656,0.761,0.689
"NEEREC, Harrisburg",rel_sw_24in,153,0.614,0.657,0.755,0.677
"NEEREC, Harrisburg",rel_sw_24in,154,0.612,0.658,0.742,0.665
"NEEREC, Harrisburg",rel_sw_24in,155,0.611,0.652,0.729,0.654
"NEEREC, Harrisburg",rel_sw_24in,156,0.613,0.655,0.718,0.645
"NEEREC, Harrisburg",rel_sw_24in,157,0.612,0.653,0.723,0.636
"NEEREC, Harrisburg",rel_sw_24in,158,0.613,0.645,0.734,0.673
"NEEREC, Harrisburg",rel_sw_24in,159,0.615,0.643,0.743,0.665
"NEEREC, Harrisburg",rel_sw_24in,160,0.612,0.643,0.768,0.654
"NEEREC, Harrisburg",rel_sw_24in,161,0.609,0.644,0.789,0.644
"NEEREC, Harrisburg",rel_sw_24in,162,0.618,0.647,0.774,0.636
"NEEREC, Harrisburg",rel_sw_24in,163,0.611,0.641,0.781,0.657
"NEEREC, Harrisburg",rel_sw_24in,164,0.608,0.639,0.762,0.702
"NEEREC, Harrisburg",rel_sw_24in,165,0.614,0.639,0.74,0.701
"NEEREC, Harrisburg",rel_sw_24in,166,0.605,0.634,0.721,0.688
"NEEREC, Harrisburg",rel_sw_24in,167,0.611,0.634,0.712,0.673
"NEEREC, Harrisburg",rel_sw_24in,168,0.6,0.637,0.725,0.661
"NEEREC, Harrisburg",rel_sw_24in,169,0.601,0.638,0.734,0.65
"NEEREC, Harrisburg",rel_sw_24in,170,0.602,0.638,0.731,0.638
"NEEREC, Harrisburg",rel_sw_24in,171,0.597,0.633,0.714,0.625
"NEEREC, Harrisburg",rel_sw_24in,172,0.582,0.632,0.697,0.653
"NEEREC, Harrisburg",rel_sw_24in,173,0.581,0.628,0.709,0.722
"NEEREC, Harrisburg",rel_sw_24in,174,0.583,0.619,0.69,0.708
"NEEREC, Harrisburg",rel_sw_24in,175,0.576,0.622,0.679,0.699
"NEEREC, Harrisburg",rel_sw_24in,176,0.568,0.627,0.673,0.687
"NEEREC, Harrisburg",rel_sw_24in,177,0.563,0.621,0.708,0.679
"NEEREC, Harrisburg",rel_sw_24in,178,0.573,0.618,0.713,0.665
"NEEREC, Harrisburg",rel_sw_24in,179,0.556,0.609,0.712,0.646
"NEEREC, Harrisburg",rel_sw_24in,180,0.539,0.602,0.727,0.626
"NEEREC, Harrisburg",rel_sw_24in,181,0.538,0.597,0.726,0.605
"NEEREC, Harrisburg",rel_sw_24in,182,0.536,0.591,0.732,0.619
"NEEREC, Harrisburg",rel_sw_24in,183,0.518,0.587,0.73,0.606
"NEEREC, Harrisburg",rel_sw_24in,184,0.517,0.591,0.713,0.592
"NEEREC, Harrisburg",rel_sw_24in,185,0.518,0.576,0.722,0.582
"NEEREC, Harrisburg",rel_sw_24in,186,0.499,0.571,0.711,0.582
"NEEREC, Harrisburg",rel_sw_24in,187,0.486,0.574,0.698,0.573
"NEEREC, Harrisburg",rel_sw_24in,188,0.49,0.562,0.688,0.569
"NEEREC, Harrisburg",rel_sw_24in,189,0.489,0.563,0.679,0.561
"NEEREC, Harrisburg",rel_sw_24in,190,0.48,0.547,0.67,0.552
"NEEREC, Harrisburg",rel_sw_24in,191,0.479,0.54,0.65,0.546
"NEEREC, Harrisburg",rel_sw_24in,192,0.476,0.555,0.632,0.547
"NEEREC, Harrisburg",rel_sw_24in,193,0.488,0.553,0.628,0.539
"NEEREC, Harrisburg",rel_sw_24in,194,0.475,0.543,0.674,0.527
"NEEREC, Harrisburg",rel_sw_24in,195,0.456,0.551,0.681,0.523
"NEEREC, Harrisburg",rel_sw_24in,196,0.465,0.552,0.668,0.545
"NEEREC, Harrisburg",rel_sw_24in,197,0.449,0.537,0.671,0.541
"NEEREC, Harrisburg",rel_sw_24in,198,0.462,0.523,0.667,0.53
"NEEREC, Harrisburg",rel_sw_24in,199,0.443,0.517,0.657,0.515
"NEEREC, Harrisburg",rel_sw_24in,200,0.426,0.515,0.645,0.503
"NEEREC, Harrisburg",rel_sw_24in,201,0.446,0.509,0.645,0.495
"NEEREC, Harrisburg",rel_sw_24in,202,0.431,0.513,0.661,0.486
"NEEREC, Harrisburg",rel_sw_24in,203,0.414,0.509,0.664,0.474
"NEEREC, Harrisburg",rel_sw_24in,204,0.424,0.497,0.651,0.487
"NEEREC, Harrisburg",rel_sw_24in,205,0.411,0.503,0.652,0.479
"NEEREC, Harrisburg",rel_sw_24in,206,0.406,0.492,0.672,0.489
"NEEREC, Harrisburg",rel_sw_24in,207,0.407,0.498,0.694,0.477
"NEEREC, Harrisburg",rel_sw_24in,208,0.412,0.5,0.685,0.463
"NEEREC, Harrisburg",rel_sw_24in,209,0.396,0.498,0.678,0.452
"NEEREC, Harrisburg",rel_sw_24in,210,0.38,0.489,0.68,0.443
"NEEREC, Harrisburg",rel_sw_24in,211,0.391,0.488,0.735,0.455
"NEEREC, Harrisburg",rel_sw_24in,212,0.386,0.495,0.724,0.449
"NEEREC, Harrisburg",rel_sw_24in,213,0.382,0.486,0.734,0.442
"NEEREC, Harrisburg",rel_sw_24in,214,0.374,0.479,0.719,NA
"NEEREC, Harrisburg",rel_sw_24in,215,0.384,0.473,0.702,NA
"NEEREC, Harrisburg",rel_sw_24in,216,0.376,0.461,0.734,NA
"NEEREC, Harrisburg",rel_sw_24in,217,0.369,0.465,0.725,NA
"NEEREC, Harrisburg",rel_sw_24in,218,0.362,0.465,0.706,NA
"NEEREC, Harrisburg",rel_sw_24in,219,0.355,0.454,0.687,NA
"NEEREC, Harrisburg",rel_sw_24in,220,0.354,0.453,0.667,NA
"NEEREC, Harrisburg",rel_sw_24in,221,0.362,0.451,0.649,NA
"NEEREC, Harrisburg",rel_sw_24in,222,0.345,0.451,0.666,NA
"NEEREC, Harrisburg",rel_sw_24in,223,0.354,0.448,0.663,NA
"NEEREC, Harrisburg",rel_sw_24in,224,0.339,0.436,0.66,NA
"NEEREC, Harrisburg",rel_sw_24in,225,0.323,0.439,0.655,NA
"NEEREC, Harrisburg",rel_sw_24in,226,0.348,0.431,0.648,NA
"NEEREC, Harrisburg",rel_sw_24in,227,0.336,0.436,0.635,NA
"NEEREC, Harrisburg",rel_sw_24in,228,0.32,0.435,0.621,NA
"NEEREC, Harrisburg",rel_sw_24in,229,0.338,0.432,0.613,NA
"NEEREC, Harrisburg",rel_sw_24in,230,0.342,0.436,0.621,NA
"NEEREC, Harrisburg",rel_sw_24in,231,0.334,0.425,0.625,NA
"NEEREC, Harrisburg",rel_sw_24in,232,0.32,0.437,0.635,NA
"NEEREC, Harrisburg",rel_sw_24in,233,0.306,0.425,0.623,NA
"NEEREC, Harrisburg",rel_sw_24in,234,0.322,0.42,0.612,NA
"NEEREC, Harrisburg",rel_sw_24in,235,0.304,0.435,0.6,NA
"NEEREC, Harrisburg",rel_sw_24in,236,0.312,0.431,0.589,NA
"NEEREC, Harrisburg",rel_sw_24in,237,0.297,0.42,0.576,NA
"NEEREC, Harrisburg",rel_sw_24in,238,0.315,0.416,0.564,NA
"NEEREC, Harrisburg",rel_sw_24in,239,0.298,0.423,0.558,NA
"NEEREC, Harrisburg",rel_sw_24in,240,0.317,0.418,0.573,NA
"NEEREC, Harrisburg",rel_sw_24in,241,0.3,0.413,0.562,NA
"NEEREC, Harrisburg",rel_sw_24in,242,0.296,0.42,0.554,NA
"NEEREC, Harrisburg",rel_sw_24in,243,0.292,0.419,0.576,NA
"NEEREC, Harrisburg",rel_sw_24in,244,0.306,0.409,0.61,NA
"NEEREC, Harrisburg",rel_sw_24in,245,0.29,0.403,0.632,NA
"NEEREC, Harrisburg",rel_sw_24in,246,0.299,0.408,0.682,NA
"NEEREC, Harrisburg",rel_sw_24in,247,0.282,0.416,0.685,NA
"NEEREC, Harrisburg",rel_sw_24in,248,0.291,0.406,0.684,NA
"NEEREC, Harrisburg",rel_sw_24in,249,0.287,0.403,0.681,NA
"NEEREC, Harrisburg",rel_sw_24in,250,0.274,0.399,0.676,NA
"NEEREC, Harrisburg",rel_sw_24in,251,0.301,0.41,0.672,NA
"NEEREC, Harrisburg",rel_sw_24in,252,0.296,0.41,0.668,NA
"NEEREC, Harrisburg",rel_sw_24in,253,0.293,0.403,0.668,NA
"NEEREC, Harrisburg",rel_sw_24in,254,0.287,0.418,0.666,NA
"NEEREC, Harrisburg",rel_sw_24in,255,0.295,0.42,0.662,NA
"NEEREC, Harrisburg",rel_sw_24in,256,0.293,0.416,0.67,NA
"NEEREC, Harrisburg",rel_sw_24in,257,0.284,0.421,0.663,NA
"NEEREC, Harrisburg",rel_sw_24in,258,0.273,0.425,0.652,NA
"NEEREC, Harrisburg",rel_sw_24in,259,0.296,0.434,0.699,NA
"NEEREC, Harrisburg",rel_sw_24in,260,0.289,0.439,0.715,NA
"NEEREC, Harrisburg",rel_sw_24in,261,0.282,0.437,0.745,NA
"NEEREC, Harrisburg",rel_sw_24in,262,0.275,0.433,0.76,NA
"NEEREC, Harrisburg",rel_sw_24in,263,0.299,0.455,0.771,NA
"NEEREC, Harrisburg",rel_sw_24in,264,0.295,0.455,0.79,NA
"NEEREC, Harrisburg",rel_sw_24in,265,0.29,0.453,0.786,NA
"NEEREC, Harrisburg",rel_sw_24in,266,0.289,0.461,0.793,NA
"NEEREC, Harrisburg",rel_sw_24in,267,0.297,0.467,0.81,NA
"NEEREC, Harrisburg",rel_sw_24in,268,0.296,0.476,0.797,NA
"NEEREC, Harrisburg",rel_sw_24in,269,0.294,0.473,0.778,NA
"NEEREC, Harrisburg",rel_sw_24in,270,0.293,0.47,0.757,NA
"NEEREC, Harrisburg",rel_sw_24in,271,0.307,0.471,0.738,NA
"NEEREC, Harrisburg",rel_sw_24in,272,0.321,0.468,0.731,NA
"NEEREC, Harrisburg",rel_sw_24in,273,0.33,0.477,0.718,NA
"NEEREC, Harrisburg",rel_sw_24in,274,0.326,0.474,0.709,NA
"NEEREC, Harrisburg",rel_sw_24in,275,0.323,0.48,0.695,NA
"NEEREC, Harrisburg",rel_sw_24in,276,0.32,0.479,0.681,NA
"NEEREC, Harrisburg",rel_sw_24in,277,0.318,0.478,0.71,NA
"NEEREC, Harrisburg",rel_sw_24in,278,0.316,0.478,0.702,NA
"NEEREC, Harrisburg",rel_sw_24in,279,0.315,0.477,0.707,NA
"NEEREC, Harrisburg",rel_sw_24in,280,0.328,0.485,0.696,NA
"NEEREC, Harrisburg",rel_sw_24in,281,0.344,0.489,0.72,NA
"NEEREC, Harrisburg",rel_sw_24in,282,0.343,0.488,0.769,NA
"NEEREC, Harrisburg",rel_sw_24in,283,0.341,0.489,0.761,NA
"NEEREC, Harrisburg",rel_sw_24in,284,0.341,0.5,0.753,NA
"NEEREC, Harrisburg",rel_sw_24in,285,0.373,0.508,0.746,NA
"NEEREC, Harrisburg",rel_sw_24in,286,0.369,0.518,0.796,NA
"NEEREC, Harrisburg",rel_sw_24in,287,0.368,0.526,0.788,NA
"NEEREC, Harrisburg",rel_sw_24in,288,0.367,0.553,0.783,NA
"NEEREC, Harrisburg",rel_sw_24in,289,0.367,0.557,0.769,NA
"NEEREC, Harrisburg",rel_sw_24in,290,0.366,0.558,0.753,NA
"NEEREC, Harrisburg",rel_sw_24in,291,0.365,0.557,0.736,NA
"NEEREC, Harrisburg",rel_sw_24in,292,0.365,0.559,0.718,NA
"NEEREC, Harrisburg",rel_sw_24in,293,0.363,0.557,0.71,NA
"NEEREC, Harrisburg",rel_sw_24in,294,0.361,0.56,0.7,NA
"NEEREC, Harrisburg",rel_sw_24in,295,0.362,0.558,0.744,NA
"NEEREC, Harrisburg",rel_sw_24in,296,0.362,0.558,0.747,NA
"NEEREC, Harrisburg",rel_sw_24in,297,0.361,0.565,0.744,NA
"NEEREC, Harrisburg",rel_sw_24in,298,0.36,0.572,0.772,NA
"NEEREC, Harrisburg",rel_sw_24in,299,0.359,0.572,0.77,NA
"NEEREC, Harrisburg",rel_sw_24in,300,0.358,0.574,0.759,NA
"NEEREC, Harrisburg",rel_sw_24in,301,0.357,0.592,0.772,NA
"NEEREC, Harrisburg",rel_sw_24in,302,0.356,0.589,0.805,NA
"NEEREC, Harrisburg",rel_sw_24in,303,0.361,0.587,0.856,NA
"NEEREC, Harrisburg",rel_sw_24in,304,0.368,0.588,0.842,NA
"NEEREC, Harrisburg",rel_sw_24in,305,0.367,0.599,0.827,NA
"NEEREC, Harrisburg",rel_sw_24in,306,0.364,0.6,0.817,NA
"NEEREC, Harrisburg",rel_sw_24in,307,0.4,0.6,0.818,NA
"NEEREC, Harrisburg",rel_sw_24in,308,0.407,0.604,0.82,NA
"NEEREC, Harrisburg",rel_sw_24in,309,0.416,0.62,0.814,NA
"NEEREC, Harrisburg",rel_sw_24in,310,0.413,0.625,0.803,NA
"NEEREC, Harrisburg",rel_sw_24in,311,0.409,0.624,0.794,NA
"NEEREC, Harrisburg",rel_sw_24in,312,0.405,0.623,0.792,NA
"NEEREC, Harrisburg",rel_sw_24in,313,0.402,0.62,0.776,NA
"NEEREC, Harrisburg",rel_sw_24in,314,0.401,0.619,0.76,NA
"NEEREC, Harrisburg",rel_sw_24in,315,0.399,0.63,0.755,NA
"NEEREC, Harrisburg",rel_sw_24in,316,0.398,0.633,0.751,NA
"NEEREC, Harrisburg",rel_sw_24in,317,0.41,0.633,0.748,NA
"NEEREC, Harrisburg",rel_sw_24in,318,0.406,0.632,0.753,NA
"NEEREC, Harrisburg",rel_sw_24in,319,0.414,0.64,0.759,NA
"NEEREC, Harrisburg",rel_sw_24in,320,0.446,0.647,0.815,NA
"NEEREC, Harrisburg",rel_sw_24in,321,0.445,0.647,0.823,NA
"NEEREC, Harrisburg",rel_sw_24in,322,0.444,0.649,0.815,NA
"NEEREC, Harrisburg",rel_sw_24in,323,0.465,0.642,0.805,NA
"NEEREC, Harrisburg",rel_sw_24in,324,0.463,0.645,0.823,NA
"NEEREC, Harrisburg",rel_sw_24in,325,0.461,0.654,0.828,NA
"NEEREC, Harrisburg",rel_sw_24in,326,0.47,0.655,0.82,NA
"NEEREC, Harrisburg",rel_sw_24in,327,0.473,0.655,0.809,NA
"NEEREC, Harrisburg",rel_sw_24in,328,0.471,0.659,0.795,NA
"NEEREC, Harrisburg",rel_sw_24in,329,0.472,0.655,0.778,NA
"NEEREC, Harrisburg",rel_sw_24in,330,0.47,0.658,0.815,NA
"NEEREC, Harrisburg",rel_sw_24in,331,0.467,0.665,0.825,NA
"NEEREC, Harrisburg",rel_sw_24in,332,0.464,0.659,0.835,NA
"NEEREC, Harrisburg",rel_sw_24in,333,0.462,0.654,0.829,NA
"NEEREC, Harrisburg",rel_sw_24in,334,0.46,0.679,0.828,NA
"NEEREC, Harrisburg",rel_sw_24in,335,0.458,0.677,0.817,NA
"NEEREC, Harrisburg",rel_sw_24in,336,0.457,0.678,0.811,NA
"NEEREC, Harrisburg",rel_sw_24in,337,0.481,0.672,0.802,NA
"NEEREC, Harrisburg",rel_sw_24in,338,0.491,0.671,0.817,NA
"NEEREC, Harrisburg",rel_sw_24in,339,0.511,0.669,0.865,NA
"NEEREC, Harrisburg",rel_sw_24in,340,0.509,0.671,0.851,NA
"NEEREC, Harrisburg",rel_sw_24in,341,0.508,0.679,0.842,NA
"NEEREC, Harrisburg",rel_sw_24in,342,0.507,0.678,0.825,NA
"NEEREC, Harrisburg",rel_sw_24in,343,0.544,0.67,0.807,NA
"NEEREC, Harrisburg",rel_sw_24in,344,0.543,0.673,0.8,NA
"NEEREC, Harrisburg",rel_sw_24in,345,0.541,0.671,0.795,NA
"NEEREC, Harrisburg",rel_sw_24in,346,0.538,0.674,0.79,NA
"NEEREC, Harrisburg",rel_sw_24in,347,0.538,0.688,0.817,NA
"NEEREC, Harrisburg",rel_sw_24in,348,0.538,0.683,0.815,NA
"NEEREC, Harrisburg",rel_sw_24in,349,0.536,0.679,0.827,NA
"NEEREC, Harrisburg",rel_sw_24in,350,0.535,0.691,0.884,NA
"NEEREC, Harrisburg",rel_sw_24in,351,0.546,0.686,0.935,NA
"NEEREC, Harrisburg",rel_sw_24in,352,0.544,0.689,0.918,NA
"NEEREC, Harrisburg",rel_sw_24in,353,0.543,0.68,0.903,NA
"NEEREC, Harrisburg",rel_sw_24in,354,0.542,0.684,0.891,NA
"NEEREC, Harrisburg",rel_sw_24in,355,0.541,0.693,0.906,NA
"NEEREC, Harrisburg",rel_sw_24in,356,0.539,0.689,0.924,NA
"NEEREC, Harrisburg",rel_sw_24in,357,0.536,0.692,0.914,NA
"NEEREC, Harrisburg",rel_sw_24in,358,0.55,0.69,0.901,NA
"NEEREC, Harrisburg",rel_sw_24in,359,0.552,0.693,0.887,NA
"NEEREC, Harrisburg",rel_sw_24in,360,0.55,0.69,0.901,NA
"NEEREC, Harrisburg",rel_sw_24in,361,0.548,0.688,0.947,NA
"NEEREC, Harrisburg",rel_sw_24in,362,0.546,0.683,0.937,NA
"NEEREC, Harrisburg",rel_sw_24in,363,0.544,0.692,0.951,NA
"NEEREC, Harrisburg",rel_sw_24in,364,0.544,0.702,0.98,NA
"NEEREC, Harrisburg",rel_sw_24in,365,0.541,0.698,0.969,NA
"NEEREC, Harrisburg",rel_sw_24in,366,0.655,0.717,0.82,NA
"NEEREC, Harrisburg",rel_sw_6in,1,0.59,0.601,0.758,0.591
"NEEREC, Harrisburg",rel_sw_6in,2,0.581,0.601,0.789,0.613
"NEEREC, Harrisburg",rel_sw_6in,3,0.571,0.6,0.903,0.601
"NEEREC, Harrisburg",rel_sw_6in,4,0.568,0.601,0.793,0.592
"NEEREC, Harrisburg",rel_sw_6in,5,0.556,0.628,0.769,0.58
"NEEREC, Harrisburg",rel_sw_6in,6,0.543,0.62,0.91,0.565
"NEEREC, Harrisburg",rel_sw_6in,7,0.54,0.615,0.852,0.553
"NEEREC, Harrisburg",rel_sw_6in,8,0.529,0.618,0.792,0.569
"NEEREC, Harrisburg",rel_sw_6in,9,0.54,0.617,0.844,0.584
"NEEREC, Harrisburg",rel_sw_6in,10,0.536,0.628,0.812,0.605
"NEEREC, Harrisburg",rel_sw_6in,11,0.525,0.624,0.938,0.592
"NEEREC, Harrisburg",rel_sw_6in,12,0.513,0.622,0.825,0.58
"NEEREC, Harrisburg",rel_sw_6in,13,0.506,0.61,0.934,0.566
"NEEREC, Harrisburg",rel_sw_6in,14,0.496,0.609,0.92,0.57
"NEEREC, Harrisburg",rel_sw_6in,15,0.491,0.603,0.956,0.561
"NEEREC, Harrisburg",rel_sw_6in,16,0.488,0.608,0.844,0.562
"NEEREC, Harrisburg",rel_sw_6in,17,0.525,0.622,0.778,0.558
"NEEREC, Harrisburg",rel_sw_6in,18,0.528,0.623,0.89,0.554
"NEEREC, Harrisburg",rel_sw_6in,19,0.526,0.622,0.826,0.55
"NEEREC, Harrisburg",rel_sw_6in,20,0.53,0.611,0.859,0.538
"NEEREC, Harrisburg",rel_sw_6in,21,0.522,0.608,0.762,0.608
"NEEREC, Harrisburg",rel_sw_6in,22,0.509,0.627,0.837,0.593
"NEEREC, Harrisburg",rel_sw_6in,23,0.505,0.62,0.799,0.593
"NEEREC, Harrisburg",rel_sw_6in,24,0.502,0.615,0.818,0.676
"NEEREC, Harrisburg",rel_sw_6in,25,0.501,0.602,0.812,0.715
"NEEREC, Harrisburg",rel_sw_6in,26,0.508,0.6,0.768,0.677
"NEEREC, Harrisburg",rel_sw_6in,27,0.505,0.602,0.872,0.649
"NEEREC, Harrisburg",rel_sw_6in,28,0.504,0.601,0.798,0.628
"NEEREC, Harrisburg",rel_sw_6in,29,0.499,0.61,0.763,0.61
"NEEREC, Harrisburg",rel_sw_6in,30,0.494,0.604,0.821,0.603
"NEEREC, Harrisburg",rel_sw_6in,31,0.493,0.593,0.743,0.598
"NEEREC, Harrisburg",rel_sw_6in,32,0.507,0.609,0.771,0.593
"NEEREC, Harrisburg",rel_sw_6in,33,0.525,0.603,0.885,0.594
"NEEREC, Harrisburg",rel_sw_6in,34,0.52,0.606,0.96,0.626
"NEEREC, Harrisburg",rel_sw_6in,35,0.515,0.604,0.841,0.611
"NEEREC, Harrisburg",rel_sw_6in,36,0.51,0.596,0.789,0.598
"NEEREC, Harrisburg",rel_sw_6in,37,0.506,0.622,0.74,0.583
"NEEREC, Harrisburg",rel_sw_6in,38,0.501,0.613,0.783,0.566
"NEEREC, Harrisburg",rel_sw_6in,39,0.498,0.603,0.767,0.558
"NEEREC, Harrisburg",rel_sw_6in,40,0.495,0.603,0.734,0.547
"NEEREC, Harrisburg",rel_sw_6in,41,0.503,0.617,0.8,0.546
"NEEREC, Harrisburg",rel_sw_6in,42,0.512,0.611,0.947,0.54
"NEEREC, Harrisburg",rel_sw_6in,43,0.509,0.621,0.911,0.533
"NEEREC, Harrisburg",rel_sw_6in,44,0.505,0.62,0.793,0.526
"NEEREC, Harrisburg",rel_sw_6in,45,0.503,0.628,0.925,0.68
"NEEREC, Harrisburg",rel_sw_6in,46,0.502,0.621,0.998,0.807
"NEEREC, Harrisburg",rel_sw_6in,47,0.512,0.612,0.987,0.72
"NEEREC, Harrisburg",rel_sw_6in,48,0.508,0.618,0.935,0.673
"NEEREC, Harrisburg",rel_sw_6in,49,0.521,0.623,0.835,0.635
"NEEREC, Harrisburg",rel_sw_6in,50,0.516,0.614,0.805,0.605
"NEEREC, Harrisburg",rel_sw_6in,51,0.512,0.617,0.916,0.588
"NEEREC, Harrisburg",rel_sw_6in,52,0.522,0.621,0.876,0.582
"NEEREC, Harrisburg",rel_sw_6in,53,0.508,0.613,0.936,0.572
"NEEREC, Harrisburg",rel_sw_6in,54,0.517,0.601,0.956,0.564
"NEEREC, Harrisburg",rel_sw_6in,55,0.513,0.606,0.996,0.558
"NEEREC, Harrisburg",rel_sw_6in,56,0.508,0.605,0.874,0.554
"NEEREC, Harrisburg",rel_sw_6in,57,0.509,0.612,0.776,0.549
"NEEREC, Harrisburg",rel_sw_6in,58,0.507,0.611,0.769,0.545
"NEEREC, Harrisburg",rel_sw_6in,59,0.503,0.603,0.908,0.54
"NEEREC, Harrisburg",rel_sw_6in,60,0.499,0.607,0.9,0.539
"NEEREC, Harrisburg",rel_sw_6in,61,0.496,0.604,0.96,0.556
"NEEREC, Harrisburg",rel_sw_6in,62,0.492,0.597,0.922,0.541
"NEEREC, Harrisburg",rel_sw_6in,63,0.489,0.616,0.81,0.536
"NEEREC, Harrisburg",rel_sw_6in,64,0.486,0.598,0.881,0.532
"NEEREC, Harrisburg",rel_sw_6in,65,0.483,0.589,0.796,0.528
"NEEREC, Harrisburg",rel_sw_6in,66,0.48,0.587,0.861,0.678
"NEEREC, Harrisburg",rel_sw_6in,67,0.478,0.585,0.814,0.656
"NEEREC, Harrisburg",rel_sw_6in,68,0.475,0.626,0.792,0.691
"NEEREC, Harrisburg",rel_sw_6in,69,0.497,0.609,0.85,0.654
"NEEREC, Harrisburg",rel_sw_6in,70,0.522,0.604,0.95,0.706
"NEEREC, Harrisburg",rel_sw_6in,71,0.517,0.603,0.861,0.647
"NEEREC, Harrisburg",rel_sw_6in,72,0.517,0.592,0.843,0.604
"NEEREC, Harrisburg",rel_sw_6in,73,0.516,0.597,0.878,0.585
"NEEREC, Harrisburg",rel_sw_6in,74,0.518,0.594,0.787,0.649
"NEEREC, Harrisburg",rel_sw_6in,75,0.513,0.598,0.774,0.614
"NEEREC, Harrisburg",rel_sw_6in,76,0.51,0.589,0.806,0.589
"NEEREC, Harrisburg",rel_sw_6in,77,0.507,0.594,0.787,0.566
"NEEREC, Harrisburg",rel_sw_6in,78,0.517,0.598,0.873,0.556
"NEEREC, Harrisburg",rel_sw_6in,79,0.505,0.59,0.897,0.548
"NEEREC, Harrisburg",rel_sw_6in,80,0.502,0.599,0.781,0.542
"NEEREC, Harrisburg",rel_sw_6in,81,0.499,0.59,0.781,0.536
"NEEREC, Harrisburg",rel_sw_6in,82,0.496,0.586,0.744,0.531
"NEEREC, Harrisburg",rel_sw_6in,83,0.494,0.587,0.829,0.526
"NEEREC, Harrisburg",rel_sw_6in,84,0.491,0.59,0.77,0.522
"NEEREC, Harrisburg",rel_sw_6in,85,0.489,0.594,0.796,0.518
"NEEREC, Harrisburg",rel_sw_6in,86,0.526,0.588,0.877,0.514
"NEEREC, Harrisburg",rel_sw_6in,87,0.521,0.598,0.764,0.51
"NEEREC, Harrisburg",rel_sw_6in,88,0.517,0.6,0.79,0.507
"NEEREC, Harrisburg",rel_sw_6in,89,0.513,0.632,0.832,0.503
"NEEREC, Harrisburg",rel_sw_6in,90,0.509,0.619,0.768,0.5
"NEEREC, Harrisburg",rel_sw_6in,91,0.505,0.595,0.899,0.497
"NEEREC, Harrisburg",rel_sw_6in,92,0.502,0.597,0.847,0.501
"NEEREC, Harrisburg",rel_sw_6in,93,0.499,0.608,0.923,0.495
"NEEREC, Harrisburg",rel_sw_6in,94,0.523,0.606,0.957,0.627
"NEEREC, Harrisburg",rel_sw_6in,95,0.519,0.595,0.998,0.591
"NEEREC, Harrisburg",rel_sw_6in,96,0.517,0.595,0.992,0.567
"NEEREC, Harrisburg",rel_sw_6in,97,0.524,0.59,0.854,0.555
"NEEREC, Harrisburg",rel_sw_6in,98,0.513,0.581,0.76,0.546
"NEEREC, Harrisburg",rel_sw_6in,99,0.509,0.581,0.715,0.539
"NEEREC, Harrisburg",rel_sw_6in,100,0.505,0.579,0.674,0.533
"NEEREC, Harrisburg",rel_sw_6in,101,0.501,0.572,0.799,0.527
"NEEREC, Harrisburg",rel_sw_6in,102,0.498,0.594,0.878,0.522
"NEEREC, Harrisburg",rel_sw_6in,103,0.495,0.617,0.924,0.518
"NEEREC, Harrisburg",rel_sw_6in,104,0.491,0.613,0.981,0.513
"NEEREC, Harrisburg",rel_sw_6in,105,0.489,0.607,0.84,0.509
"NEEREC, Harrisburg",rel_sw_6in,106,0.486,0.588,0.738,0.505
"NEEREC, Harrisburg",rel_sw_6in,107,0.49,0.58,0.774,0.502
"NEEREC, Harrisburg",rel_sw_6in,108,0.489,0.576,0.8,0.56
"NEEREC, Harrisburg",rel_sw_6in,109,0.502,0.569,0.723,0.532
"NEEREC, Harrisburg",rel_sw_6in,110,0.529,0.573,0.766,0.527
"NEEREC, Harrisburg",rel_sw_6in,111,0.525,0.6,0.797,0.522
"NEEREC, Harrisburg",rel_sw_6in,112,0.522,0.594,0.745,0.518
"NEEREC, Harrisburg",rel_sw_6in,113,0.525,0.588,0.821,0.513
"NEEREC, Harrisburg",rel_sw_6in,114,0.521,0.598,0.914,0.626
"NEEREC, Harrisburg",rel_sw_6in,115,0.517,0.601,0.906,0.597
"NEEREC, Harrisburg",rel_sw_6in,116,0.514,0.607,0.931,0.57
"NEEREC, Harrisburg",rel_sw_6in,117,0.519,0.601,0.962,0.611
"NEEREC, Harrisburg",rel_sw_6in,118,0.515,0.595,0.906,0.743
"NEEREC, Harrisburg",rel_sw_6in,119,0.512,0.623,0.894,0.785
"NEEREC, Harrisburg",rel_sw_6in,120,0.508,0.619,0.882,0.704
"NEEREC, Harrisburg",rel_sw_6in,121,0.505,0.619,0.94,0.649
"NEEREC, Harrisburg",rel_sw_6in,122,0.502,0.611,0.995,0.62
"NEEREC, Harrisburg",rel_sw_6in,123,0.505,0.621,0.965,0.603
"NEEREC, Harrisburg",rel_sw_6in,124,0.501,0.618,0.867,0.591
"NEEREC, Harrisburg",rel_sw_6in,125,0.498,0.598,0.804,0.707
"NEEREC, Harrisburg",rel_sw_6in,126,0.495,0.584,0.827,0.733
"NEEREC, Harrisburg",rel_sw_6in,127,0.519,0.585,0.775,0.65
"NEEREC, Harrisburg",rel_sw_6in,128,0.518,0.583,0.775,0.605
"NEEREC, Harrisburg",rel_sw_6in,129,0.515,0.604,0.789,0.585
"NEEREC, Harrisburg",rel_sw_6in,130,0.512,0.606,0.77,0.585
"NEEREC, Harrisburg",rel_sw_6in,131,0.51,0.603,0.704,0.569
"NEEREC, Harrisburg",rel_sw_6in,132,0.507,0.586,0.723,0.561
"NEEREC, Harrisburg",rel_sw_6in,133,0.507,0.594,0.709,0.554
"NEEREC, Harrisburg",rel_sw_6in,134,0.505,0.587,0.767,0.548
"NEEREC, Harrisburg",rel_sw_6in,135,0.502,0.571,0.782,0.543
"NEEREC, Harrisburg",rel_sw_6in,136,0.5,0.57,0.849,0.538
"NEEREC, Harrisburg",rel_sw_6in,137,0.498,0.568,0.926,0.533
"NEEREC, Harrisburg",rel_sw_6in,138,0.495,0.564,0.805,0.529
"NEEREC, Harrisburg",rel_sw_6in,139,0.498,0.574,0.744,0.617
"NEEREC, Harrisburg",rel_sw_6in,140,0.492,0.567,0.766,0.676
"NEEREC, Harrisburg",rel_sw_6in,141,0.489,0.577,0.789,0.635
"NEEREC, Harrisburg",rel_sw_6in,142,0.486,0.561,0.774,0.768
"NEEREC, Harrisburg",rel_sw_6in,143,0.484,0.56,0.765,0.708
"NEEREC, Harrisburg",rel_sw_6in,144,0.5,0.575,0.773,0.69
"NEEREC, Harrisburg",rel_sw_6in,145,0.503,0.572,0.889,0.646
"NEEREC, Harrisburg",rel_sw_6in,146,0.5,0.581,0.901,0.646
"NEEREC, Harrisburg",rel_sw_6in,147,0.514,0.586,0.868,0.619
"NEEREC, Harrisburg",rel_sw_6in,148,0.516,0.583,0.876,0.644
"NEEREC, Harrisburg",rel_sw_6in,149,0.519,0.577,0.752,0.665
"NEEREC, Harrisburg",rel_sw_6in,150,0.514,0.572,0.729,0.627
"NEEREC, Harrisburg",rel_sw_6in,151,0.512,0.558,0.734,0.585
"NEEREC, Harrisburg",rel_sw_6in,152,0.514,0.564,0.799,0.565
"NEEREC, Harrisburg",rel_sw_6in,153,0.518,0.563,0.72,0.55
"NEEREC, Harrisburg",rel_sw_6in,154,0.511,0.567,0.704,0.538
"NEEREC, Harrisburg",rel_sw_6in,155,0.512,0.564,0.755,0.529
"NEEREC, Harrisburg",rel_sw_6in,156,0.512,0.562,0.722,0.52
"NEEREC, Harrisburg",rel_sw_6in,157,0.514,0.57,0.746,0.512
"NEEREC, Harrisburg",rel_sw_6in,158,0.515,0.561,0.756,0.649
"NEEREC, Harrisburg",rel_sw_6in,159,0.512,0.555,0.764,0.612
"NEEREC, Harrisburg",rel_sw_6in,160,0.51,0.551,0.785,0.58
"NEEREC, Harrisburg",rel_sw_6in,161,0.514,0.568,0.793,0.555
"NEEREC, Harrisburg",rel_sw_6in,162,0.504,0.577,0.697,0.539
"NEEREC, Harrisburg",rel_sw_6in,163,0.511,0.578,0.703,0.618
"NEEREC, Harrisburg",rel_sw_6in,164,0.511,0.569,0.695,0.74
"NEEREC, Harrisburg",rel_sw_6in,165,0.508,0.568,0.736,0.69
"NEEREC, Harrisburg",rel_sw_6in,166,0.51,0.553,0.696,0.628
"NEEREC, Harrisburg",rel_sw_6in,167,0.509,0.557,0.756,0.583
"NEEREC, Harrisburg",rel_sw_6in,168,0.507,0.558,0.812,0.559
"NEEREC, Harrisburg",rel_sw_6in,169,0.508,0.571,0.809,0.543
"NEEREC, Harrisburg",rel_sw_6in,170,0.506,0.575,0.711,0.529
"NEEREC, Harrisburg",rel_sw_6in,171,0.51,0.579,0.658,0.514
"NEEREC, Harrisburg",rel_sw_6in,172,0.506,0.579,0.714,0.634
"NEEREC, Harrisburg",rel_sw_6in,173,0.505,0.572,0.676,0.842
"NEEREC, Harrisburg",rel_sw_6in,174,0.511,0.562,0.781,0.735
"NEEREC, Harrisburg",rel_sw_6in,175,0.509,0.58,0.704,0.677
"NEEREC, Harrisburg",rel_sw_6in,176,0.507,0.587,0.677,0.634
"NEEREC, Harrisburg",rel_sw_6in,177,0.526,0.587,0.778,0.613
"NEEREC, Harrisburg",rel_sw_6in,178,0.531,0.587,0.74,0.588
"NEEREC, Harrisburg",rel_sw_6in,179,0.512,0.582,0.75,0.56
"NEEREC, Harrisburg",rel_sw_6in,180,0.512,0.589,0.874,0.531
"NEEREC, Harrisburg",rel_sw_6in,181,0.515,0.597,0.787,0.5
"NEEREC, Harrisburg",rel_sw_6in,182,0.526,0.597,0.757,0.59
"NEEREC, Harrisburg",rel_sw_6in,183,0.515,0.582,0.725,0.574
"NEEREC, Harrisburg",rel_sw_6in,184,0.519,0.598,0.766,0.559
"NEEREC, Harrisburg",rel_sw_6in,185,0.512,0.587,0.775,0.551
"NEEREC, Harrisburg",rel_sw_6in,186,0.505,0.593,0.787,0.58
"NEEREC, Harrisburg",rel_sw_6in,187,0.529,0.601,0.708,0.575
"NEEREC, Harrisburg",rel_sw_6in,188,0.521,0.589,0.666,0.582
"NEEREC, Harrisburg",rel_sw_6in,189,0.536,0.588,0.686,0.576
"NEEREC, Harrisburg",rel_sw_6in,190,0.535,0.598,0.783,0.576
"NEEREC, Harrisburg",rel_sw_6in,191,0.525,0.584,0.763,0.575
"NEEREC, Harrisburg",rel_sw_6in,192,0.526,0.597,0.745,0.597
"NEEREC, Harrisburg",rel_sw_6in,193,0.509,0.605,0.875,0.589
"NEEREC, Harrisburg",rel_sw_6in,194,0.506,0.597,0.865,0.571
"NEEREC, Harrisburg",rel_sw_6in,195,0.54,0.599,0.816,0.58
"NEEREC, Harrisburg",rel_sw_6in,196,0.524,0.612,0.858,0.656
"NEEREC, Harrisburg",rel_sw_6in,197,0.508,0.598,0.912,0.641
"NEEREC, Harrisburg",rel_sw_6in,198,0.51,0.597,0.816,0.614
"NEEREC, Harrisburg",rel_sw_6in,199,0.522,0.603,0.725,0.586
"NEEREC, Harrisburg",rel_sw_6in,200,0.519,0.6,0.794,0.573
"NEEREC, Harrisburg",rel_sw_6in,201,0.527,0.599,0.741,0.572
"NEEREC, Harrisburg",rel_sw_6in,202,0.535,0.599,0.776,0.566
"NEEREC, Harrisburg",rel_sw_6in,203,0.529,0.604,0.758,0.546
"NEEREC, Harrisburg",rel_sw_6in,204,0.538,0.604,0.818,0.612
"NEEREC, Harrisburg",rel_sw_6in,205,0.533,0.595,0.761,0.593
"NEEREC, Harrisburg",rel_sw_6in,206,0.519,0.596,0.713,0.632
"NEEREC, Harrisburg",rel_sw_6in,207,0.524,0.6,0.741,0.603
"NEEREC, Harrisburg",rel_sw_6in,208,0.526,0.597,0.703,0.578
"NEEREC, Harrisburg",rel_sw_6in,209,0.507,0.598,0.78,0.562
"NEEREC, Harrisburg",rel_sw_6in,210,0.529,0.603,0.782,0.556
"NEEREC, Harrisburg",rel_sw_6in,211,0.506,0.605,0.84,0.612
"NEEREC, Harrisburg",rel_sw_6in,212,0.544,0.609,0.779,0.604
"NEEREC, Harrisburg",rel_sw_6in,213,0.524,0.593,0.728,0.595
"NEEREC, Harrisburg",rel_sw_6in,214,0.518,0.581,0.667,NA
"NEEREC, Harrisburg",rel_sw_6in,215,0.523,0.587,0.703,NA
"NEEREC, Harrisburg",rel_sw_6in,216,0.531,0.6,0.739,NA
"NEEREC, Harrisburg",rel_sw_6in,217,0.53,0.598,0.787,NA
"NEEREC, Harrisburg",rel_sw_6in,218,0.535,0.602,0.768,NA
"NEEREC, Harrisburg",rel_sw_6in,219,0.53,0.603,0.734,NA
"NEEREC, Harrisburg",rel_sw_6in,220,0.524,0.606,0.777,NA
"NEEREC, Harrisburg",rel_sw_6in,221,0.524,0.599,0.721,NA
"NEEREC, Harrisburg",rel_sw_6in,222,0.526,0.611,0.841,NA
"NEEREC, Harrisburg",rel_sw_6in,223,0.518,0.593,0.752,NA
"NEEREC, Harrisburg",rel_sw_6in,224,0.536,0.601,0.753,NA
"NEEREC, Harrisburg",rel_sw_6in,225,0.534,0.595,0.748,NA
"NEEREC, Harrisburg",rel_sw_6in,226,0.508,0.596,0.756,NA
"NEEREC, Harrisburg",rel_sw_6in,227,0.526,0.596,0.739,NA
"NEEREC, Harrisburg",rel_sw_6in,228,0.521,0.581,0.826,NA
"NEEREC, Harrisburg",rel_sw_6in,229,0.52,0.602,0.843,NA
"NEEREC, Harrisburg",rel_sw_6in,230,0.53,0.61,0.765,NA
"NEEREC, Harrisburg",rel_sw_6in,231,0.512,0.598,0.805,NA
"NEEREC, Harrisburg",rel_sw_6in,232,0.532,0.588,0.79,NA
"NEEREC, Harrisburg",rel_sw_6in,233,0.512,0.595,0.792,NA
"NEEREC, Harrisburg",rel_sw_6in,234,0.536,0.609,0.735,NA
"NEEREC, Harrisburg",rel_sw_6in,235,0.519,0.59,0.705,NA
"NEEREC, Harrisburg",rel_sw_6in,236,0.525,0.577,0.655,NA
"NEEREC, Harrisburg",rel_sw_6in,237,0.536,0.599,0.697,NA
"NEEREC, Harrisburg",rel_sw_6in,238,0.513,0.584,0.709,NA
"NEEREC, Harrisburg",rel_sw_6in,239,0.509,0.603,0.748,NA
"NEEREC, Harrisburg",rel_sw_6in,240,0.526,0.603,0.85,NA
"NEEREC, Harrisburg",rel_sw_6in,241,0.528,0.591,0.935,NA
"NEEREC, Harrisburg",rel_sw_6in,242,0.54,0.598,0.848,NA
"NEEREC, Harrisburg",rel_sw_6in,243,0.52,0.583,0.931,NA
"NEEREC, Harrisburg",rel_sw_6in,244,0.516,0.592,0.942,NA
"NEEREC, Harrisburg",rel_sw_6in,245,0.514,0.582,0.915,NA
"NEEREC, Harrisburg",rel_sw_6in,246,0.532,0.604,0.968,NA
"NEEREC, Harrisburg",rel_sw_6in,247,0.525,0.588,0.86,NA
"NEEREC, Harrisburg",rel_sw_6in,248,0.537,0.598,0.809,NA
"NEEREC, Harrisburg",rel_sw_6in,249,0.518,0.595,0.753,NA
"NEEREC, Harrisburg",rel_sw_6in,250,0.536,0.59,0.715,NA
"NEEREC, Harrisburg",rel_sw_6in,251,0.523,0.596,0.803,NA
"NEEREC, Harrisburg",rel_sw_6in,252,0.503,0.593,0.828,NA
"NEEREC, Harrisburg",rel_sw_6in,253,0.51,0.588,0.802,NA
"NEEREC, Harrisburg",rel_sw_6in,254,0.524,0.6,0.758,NA
"NEEREC, Harrisburg",rel_sw_6in,255,0.515,0.586,0.73,NA
"NEEREC, Harrisburg",rel_sw_6in,256,0.508,0.586,0.829,NA
"NEEREC, Harrisburg",rel_sw_6in,257,0.501,0.581,0.866,NA
"NEEREC, Harrisburg",rel_sw_6in,258,0.495,0.588,0.87,NA
"NEEREC, Harrisburg",rel_sw_6in,259,0.49,0.583,0.937,NA
"NEEREC, Harrisburg",rel_sw_6in,260,0.485,0.596,0.915,NA
"NEEREC, Harrisburg",rel_sw_6in,261,0.481,0.592,0.871,NA
"NEEREC, Harrisburg",rel_sw_6in,262,0.477,0.57,0.81,NA
"NEEREC, Harrisburg",rel_sw_6in,263,0.489,0.576,0.93,NA
"NEEREC, Harrisburg",rel_sw_6in,264,0.475,0.572,0.8,NA
"NEEREC, Harrisburg",rel_sw_6in,265,0.471,0.581,0.746,NA
"NEEREC, Harrisburg",rel_sw_6in,266,0.473,0.581,0.857,NA
"NEEREC, Harrisburg",rel_sw_6in,267,0.468,0.572,0.843,NA
"NEEREC, Harrisburg",rel_sw_6in,268,0.466,0.574,0.82,NA
"NEEREC, Harrisburg",rel_sw_6in,269,0.462,0.564,0.755,NA
"NEEREC, Harrisburg",rel_sw_6in,270,0.458,0.556,0.752,NA
"NEEREC, Harrisburg",rel_sw_6in,271,0.454,0.562,0.843,NA
"NEEREC, Harrisburg",rel_sw_6in,272,0.451,0.57,0.76,NA
"NEEREC, Harrisburg",rel_sw_6in,273,0.448,0.563,0.75,NA
"NEEREC, Harrisburg",rel_sw_6in,274,0.444,0.556,0.748,NA
"NEEREC, Harrisburg",rel_sw_6in,275,0.441,0.561,0.781,NA
"NEEREC, Harrisburg",rel_sw_6in,276,0.438,0.555,0.738,NA
"NEEREC, Harrisburg",rel_sw_6in,277,0.435,0.55,0.761,NA
"NEEREC, Harrisburg",rel_sw_6in,278,0.432,0.547,0.724,NA
"NEEREC, Harrisburg",rel_sw_6in,279,0.429,0.546,0.902,NA
"NEEREC, Harrisburg",rel_sw_6in,280,0.426,0.543,0.828,NA
"NEEREC, Harrisburg",rel_sw_6in,281,0.424,0.566,0.913,NA
"NEEREC, Harrisburg",rel_sw_6in,282,0.421,0.564,0.968,NA
"NEEREC, Harrisburg",rel_sw_6in,283,0.419,0.565,0.859,NA
"NEEREC, Harrisburg",rel_sw_6in,284,0.416,0.563,0.916,NA
"NEEREC, Harrisburg",rel_sw_6in,285,0.478,0.574,0.807,NA
"NEEREC, Harrisburg",rel_sw_6in,286,0.458,0.568,0.93,NA
"NEEREC, Harrisburg",rel_sw_6in,287,0.455,0.576,0.82,NA
"NEEREC, Harrisburg",rel_sw_6in,288,0.459,0.592,0.751,NA
"NEEREC, Harrisburg",rel_sw_6in,289,0.457,0.583,0.754,NA
"NEEREC, Harrisburg",rel_sw_6in,290,0.455,0.587,0.81,NA
"NEEREC, Harrisburg",rel_sw_6in,291,0.453,0.591,0.777,NA
"NEEREC, Harrisburg",rel_sw_6in,292,0.454,0.592,0.754,NA
"NEEREC, Harrisburg",rel_sw_6in,293,0.451,0.581,0.766,NA
"NEEREC, Harrisburg",rel_sw_6in,294,0.449,0.58,0.706,NA
"NEEREC, Harrisburg",rel_sw_6in,295,0.447,0.573,0.779,NA
"NEEREC, Harrisburg",rel_sw_6in,296,0.445,0.568,0.807,NA
"NEEREC, Harrisburg",rel_sw_6in,297,0.478,0.563,0.828,NA
"NEEREC, Harrisburg",rel_sw_6in,298,0.476,0.593,0.774,NA
"NEEREC, Harrisburg",rel_sw_6in,299,0.474,0.603,0.896,NA
"NEEREC, Harrisburg",rel_sw_6in,300,0.472,0.599,0.798,NA
"NEEREC, Harrisburg",rel_sw_6in,301,0.47,0.613,0.879,NA
"NEEREC, Harrisburg",rel_sw_6in,302,0.468,0.603,0.954,NA
"NEEREC, Harrisburg",rel_sw_6in,303,0.466,0.608,0.982,NA
"NEEREC, Harrisburg",rel_sw_6in,304,0.474,0.601,0.987,NA
"NEEREC, Harrisburg",rel_sw_6in,305,0.501,0.612,0.994,NA
"NEEREC, Harrisburg",rel_sw_6in,306,0.489,0.609,0.871,NA
"NEEREC, Harrisburg",rel_sw_6in,307,0.487,0.603,0.935,NA
"NEEREC, Harrisburg",rel_sw_6in,308,0.484,0.603,0.867,NA
"NEEREC, Harrisburg",rel_sw_6in,309,0.497,0.592,0.817,NA
"NEEREC, Harrisburg",rel_sw_6in,310,0.495,0.62,0.773,NA
"NEEREC, Harrisburg",rel_sw_6in,311,0.485,0.611,0.867,NA
"NEEREC, Harrisburg",rel_sw_6in,312,0.483,0.612,0.85,NA
"NEEREC, Harrisburg",rel_sw_6in,313,0.48,0.598,0.775,NA
"NEEREC, Harrisburg",rel_sw_6in,314,0.478,0.594,0.797,NA
"NEEREC, Harrisburg",rel_sw_6in,315,0.476,0.598,0.8,NA
"NEEREC, Harrisburg",rel_sw_6in,316,0.474,0.607,0.724,NA
"NEEREC, Harrisburg",rel_sw_6in,317,0.481,0.598,0.739,NA
"NEEREC, Harrisburg",rel_sw_6in,318,0.479,0.604,0.821,NA
"NEEREC, Harrisburg",rel_sw_6in,319,0.477,0.61,0.826,NA
"NEEREC, Harrisburg",rel_sw_6in,320,0.475,0.613,0.938,NA
"NEEREC, Harrisburg",rel_sw_6in,321,0.473,0.605,0.927,NA
"NEEREC, Harrisburg",rel_sw_6in,322,0.471,0.596,0.927,NA
"NEEREC, Harrisburg",rel_sw_6in,323,0.505,0.591,0.857,NA
"NEEREC, Harrisburg",rel_sw_6in,324,0.528,0.594,0.978,NA
"NEEREC, Harrisburg",rel_sw_6in,325,0.525,0.602,0.899,NA
"NEEREC, Harrisburg",rel_sw_6in,326,0.524,0.603,0.899,NA
"NEEREC, Harrisburg",rel_sw_6in,327,0.522,0.613,0.799,NA
"NEEREC, Harrisburg",rel_sw_6in,328,0.525,0.63,0.813,NA
"NEEREC, Harrisburg",rel_sw_6in,329,0.53,0.627,0.847,NA
"NEEREC, Harrisburg",rel_sw_6in,330,0.525,0.626,0.837,NA
"NEEREC, Harrisburg",rel_sw_6in,331,0.52,0.647,0.921,NA
"NEEREC, Harrisburg",rel_sw_6in,332,0.515,0.621,0.908,NA
"NEEREC, Harrisburg",rel_sw_6in,333,0.511,0.618,0.998,NA
"NEEREC, Harrisburg",rel_sw_6in,334,0.507,0.631,0.895,NA
"NEEREC, Harrisburg",rel_sw_6in,335,0.504,0.615,0.882,NA
"NEEREC, Harrisburg",rel_sw_6in,336,0.5,0.61,0.93,NA
"NEEREC, Harrisburg",rel_sw_6in,337,0.497,0.612,0.821,NA
"NEEREC, Harrisburg",rel_sw_6in,338,0.516,0.621,0.903,NA
"NEEREC, Harrisburg",rel_sw_6in,339,0.52,0.614,0.941,NA
"NEEREC, Harrisburg",rel_sw_6in,340,0.516,0.616,0.835,NA
"NEEREC, Harrisburg",rel_sw_6in,341,0.513,0.619,0.77,NA
"NEEREC, Harrisburg",rel_sw_6in,342,0.509,0.61,0.788,NA
"NEEREC, Harrisburg",rel_sw_6in,343,0.539,0.626,0.901,NA
"NEEREC, Harrisburg",rel_sw_6in,344,0.537,0.621,0.917,NA
"NEEREC, Harrisburg",rel_sw_6in,345,0.534,0.617,0.813,NA
"NEEREC, Harrisburg",rel_sw_6in,346,0.54,0.622,0.857,NA
"NEEREC, Harrisburg",rel_sw_6in,347,0.545,0.638,0.912,NA
"NEEREC, Harrisburg",rel_sw_6in,348,0.54,0.625,0.807,NA
"NEEREC, Harrisburg",rel_sw_6in,349,0.534,0.623,0.881,NA
"NEEREC, Harrisburg",rel_sw_6in,350,0.529,0.628,0.952,NA
"NEEREC, Harrisburg",rel_sw_6in,351,0.527,0.613,0.995,NA
"NEEREC, Harrisburg",rel_sw_6in,352,0.523,0.621,0.93,NA
"NEEREC, Harrisburg",rel_sw_6in,353,0.519,0.609,0.914,NA
"NEEREC, Harrisburg",rel_sw_6in,354,0.515,0.626,0.932,NA
"NEEREC, Harrisburg",rel_sw_6in,355,0.538,0.634,0.997,NA
"NEEREC, Harrisburg",rel_sw_6in,356,0.531,0.617,0.996,NA
"NEEREC, Harrisburg",rel_sw_6in,357,0.54,0.622,0.889,NA
"NEEREC, Harrisburg",rel_sw_6in,358,0.56,0.635,0.943,NA
"NEEREC, Harrisburg",rel_sw_6in,359,0.554,0.621,0.989,NA
"NEEREC, Harrisburg",rel_sw_6in,360,0.546,0.616,0.999,NA
"NEEREC, Harrisburg",rel_sw_6in,361,0.539,0.624,0.999,NA
"NEEREC, Harrisburg",rel_sw_6in,362,0.541,0.627,0.964,NA
"NEEREC, Harrisburg",rel_sw_6in,363,0.537,0.627,0.879,NA
"NEEREC, Harrisburg",rel_sw_6in,364,0.532,0.629,0.943,NA
"NEEREC, Harrisburg",rel_sw_6in,365,0.528,0.614,0.88,NA
"NEEREC, Harrisburg",rel_sw_6in,366,0.585,0.631,0.941,NA
"NEREC, Keiser",Biomass_kgha,1,0,0,0,0
"NEREC, Keiser",Biomass_kgha,2,0,0,0,0
"NEREC, Keiser",Biomass_kgha,3,0,0,0,0
"NEREC, Keiser",Biomass_kgha,4,0,0,0,0
"NEREC, Keiser",Biomass_kgha,5,0,0,0,0
"NEREC, Keiser",Biomass_kgha,6,0,0,0,0
"NEREC, Keiser",Biomass_kgha,7,0,0,0,0
"NEREC, Keiser",Biomass_kgha,8,0,0,0,0
"NEREC, Keiser",Biomass_kgha,9,0,0,0,0
"NEREC, Keiser",Biomass_kgha,10,0,0,0,0
"NEREC, Keiser",Biomass_kgha,11,0,0,0,0
"NEREC, Keiser",Biomass_kgha,12,0,0,0,0
"NEREC, Keiser",Biomass_kgha,13,0,0,0,0
"NEREC, Keiser",Biomass_kgha,14,0,0,0,0
"NEREC, Keiser",Biomass_kgha,15,0,0,0,0
"NEREC, Keiser",Biomass_kgha,16,0,0,0,0
"NEREC, Keiser",Biomass_kgha,17,0,0,0,0
"NEREC, Keiser",Biomass_kgha,18,0,0,0,0
"NEREC, Keiser",Biomass_kgha,19,0,0,0,0
"NEREC, Keiser",Biomass_kgha,20,0,0,0,0
"NEREC, Keiser",Biomass_kgha,21,0,0,0,0
"NEREC, Keiser",Biomass_kgha,22,0,0,0,0
"NEREC, Keiser",Biomass_kgha,23,0,0,0,0
"NEREC, Keiser",Biomass_kgha,24,0,0,0,0
"NEREC, Keiser",Biomass_kgha,25,0,0,0,0
"NEREC, Keiser",Biomass_kgha,26,0,0,0,0
"NEREC, Keiser",Biomass_kgha,27,0,0,0,0
"NEREC, Keiser",Biomass_kgha,28,0,0,0,0
"NEREC, Keiser",Biomass_kgha,29,0,0,0,0
"NEREC, Keiser",Biomass_kgha,30,0,0,0,0
"NEREC, Keiser",Biomass_kgha,31,0,0,0,0
"NEREC, Keiser",Biomass_kgha,32,0,0,0,0
"NEREC, Keiser",Biomass_kgha,33,0,0,0,0
"NEREC, Keiser",Biomass_kgha,34,0,0,0,0
"NEREC, Keiser",Biomass_kgha,35,0,0,0,0
"NEREC, Keiser",Biomass_kgha,36,0,0,0,0
"NEREC, Keiser",Biomass_kgha,37,0,0,0,0
"NEREC, Keiser",Biomass_kgha,38,0,0,0,0
"NEREC, Keiser",Biomass_kgha,39,0,0,0,0
"NEREC, Keiser",Biomass_kgha,40,0,0,0,0
"NEREC, Keiser",Biomass_kgha,41,0,0,0,0
"NEREC, Keiser",Biomass_kgha,42,0,0,0,0
"NEREC, Keiser",Biomass_kgha,43,0,0,0,0
"NEREC, Keiser",Biomass_kgha,44,0,0,0,0
"NEREC, Keiser",Biomass_kgha,45,0,0,0,0
"NEREC, Keiser",Biomass_kgha,46,0,0,0,0
"NEREC, Keiser",Biomass_kgha,47,0,0,0,0
"NEREC, Keiser",Biomass_kgha,48,0,0,0,0
"NEREC, Keiser",Biomass_kgha,49,0,0,0,0
"NEREC, Keiser",Biomass_kgha,50,0,0,0,0
"NEREC, Keiser",Biomass_kgha,51,0,0,0,0
"NEREC, Keiser",Biomass_kgha,52,0,0,0,0
"NEREC, Keiser",Biomass_kgha,53,0,0,0,0
"NEREC, Keiser",Biomass_kgha,54,0,0,0,0
"NEREC, Keiser",Biomass_kgha,55,0,0,0,0
"NEREC, Keiser",Biomass_kgha,56,0,0,0,0
"NEREC, Keiser",Biomass_kgha,57,0,0,0,0
"NEREC, Keiser",Biomass_kgha,58,0,0,0,0
"NEREC, Keiser",Biomass_kgha,59,0,0,0,0
"NEREC, Keiser",Biomass_kgha,60,0,0,0,0
"NEREC, Keiser",Biomass_kgha,61,0,0,0,0
"NEREC, Keiser",Biomass_kgha,62,0,0,0,0
"NEREC, Keiser",Biomass_kgha,63,0,0,0,0
"NEREC, Keiser",Biomass_kgha,64,0,0,0,0
"NEREC, Keiser",Biomass_kgha,65,0,0,0,0
"NEREC, Keiser",Biomass_kgha,66,0,0,0,0
"NEREC, Keiser",Biomass_kgha,67,0,0,0,0
"NEREC, Keiser",Biomass_kgha,68,0,0,0,0
"NEREC, Keiser",Biomass_kgha,69,0,0,0,0
"NEREC, Keiser",Biomass_kgha,70,0,0,0,0
"NEREC, Keiser",Biomass_kgha,71,0,0,0,0
"NEREC, Keiser",Biomass_kgha,72,0,0,0,0
"NEREC, Keiser",Biomass_kgha,73,0,0,0,0
"NEREC, Keiser",Biomass_kgha,74,0,0,0,0
"NEREC, Keiser",Biomass_kgha,75,0,0,0,0
"NEREC, Keiser",Biomass_kgha,76,0,0,0,0
"NEREC, Keiser",Biomass_kgha,77,0,0,0,0
"NEREC, Keiser",Biomass_kgha,78,0,0,0,0
"NEREC, Keiser",Biomass_kgha,79,0,0,0,0
"NEREC, Keiser",Biomass_kgha,80,0,0,0,0
"NEREC, Keiser",Biomass_kgha,81,0,0,0,0
"NEREC, Keiser",Biomass_kgha,82,0,0,0,0
"NEREC, Keiser",Biomass_kgha,83,0,0,0,0
"NEREC, Keiser",Biomass_kgha,84,0,0,0,0
"NEREC, Keiser",Biomass_kgha,85,0,0,0,0
"NEREC, Keiser",Biomass_kgha,86,0,0,0,0
"NEREC, Keiser",Biomass_kgha,87,0,0,0,0
"NEREC, Keiser",Biomass_kgha,88,0,0,0,0
"NEREC, Keiser",Biomass_kgha,89,0,0,0,0
"NEREC, Keiser",Biomass_kgha,90,0,0,0,0
"NEREC, Keiser",Biomass_kgha,91,0,0,0,0
"NEREC, Keiser",Biomass_kgha,92,0,0,0,0
"NEREC, Keiser",Biomass_kgha,93,0,0,0,0
"NEREC, Keiser",Biomass_kgha,94,0,0,0,0
"NEREC, Keiser",Biomass_kgha,95,0,0,0,0
"NEREC, Keiser",Biomass_kgha,96,0,0,0,0
"NEREC, Keiser",Biomass_kgha,97,0,0,0,0
"NEREC, Keiser",Biomass_kgha,98,0,0,0,0
"NEREC, Keiser",Biomass_kgha,99,0,0,0,0
"NEREC, Keiser",Biomass_kgha,100,0,0,0,0
"NEREC, Keiser",Biomass_kgha,101,0,0,0,0
"NEREC, Keiser",Biomass_kgha,102,0,0,0,0
"NEREC, Keiser",Biomass_kgha,103,0,0,0,0
"NEREC, Keiser",Biomass_kgha,104,0,0,0,0
"NEREC, Keiser",Biomass_kgha,105,0,0,0,0
"NEREC, Keiser",Biomass_kgha,106,0,0,0,0
"NEREC, Keiser",Biomass_kgha,107,0,0,0,0
"NEREC, Keiser",Biomass_kgha,108,0,0,0,0
"NEREC, Keiser",Biomass_kgha,109,0,0,0,0
"NEREC, Keiser",Biomass_kgha,110,0,0,0,0
"NEREC, Keiser",Biomass_kgha,111,0,0,0,0
"NEREC, Keiser",Biomass_kgha,112,0,0,0,0
"NEREC, Keiser",Biomass_kgha,113,0,0,0,0
"NEREC, Keiser",Biomass_kgha,114,0,0,0,0
"NEREC, Keiser",Biomass_kgha,115,0,0,0,0
"NEREC, Keiser",Biomass_kgha,116,0,0,0,0
"NEREC, Keiser",Biomass_kgha,117,0,0,0,0
"NEREC, Keiser",Biomass_kgha,118,0,0,0,0
"NEREC, Keiser",Biomass_kgha,119,0,0,0,0
"NEREC, Keiser",Biomass_kgha,120,0,0,0,0
"NEREC, Keiser",Biomass_kgha,121,0,0,0,0
"NEREC, Keiser",Biomass_kgha,122,0,0,0,0
"NEREC, Keiser",Biomass_kgha,123,0,0,0,0
"NEREC, Keiser",Biomass_kgha,124,0,0,0,0
"NEREC, Keiser",Biomass_kgha,125,0,0,0,0
"NEREC, Keiser",Biomass_kgha,126,0,0,0,0
"NEREC, Keiser",Biomass_kgha,127,0,0,0,0
"NEREC, Keiser",Biomass_kgha,128,0,0,0,0
"NEREC, Keiser",Biomass_kgha,129,0,0,0,0
"NEREC, Keiser",Biomass_kgha,130,0,0,0,0
"NEREC, Keiser",Biomass_kgha,131,0,0,0,0
"NEREC, Keiser",Biomass_kgha,132,0,0,0,0
"NEREC, Keiser",Biomass_kgha,133,0,0,0,0
"NEREC, Keiser",Biomass_kgha,134,0,0,0,0
"NEREC, Keiser",Biomass_kgha,135,0,0,0,0
"NEREC, Keiser",Biomass_kgha,136,0,0,0,0
"NEREC, Keiser",Biomass_kgha,137,0,0,0,0
"NEREC, Keiser",Biomass_kgha,138,0,0,0,0
"NEREC, Keiser",Biomass_kgha,139,0,0,0,0
"NEREC, Keiser",Biomass_kgha,140,0,0,0,0
"NEREC, Keiser",Biomass_kgha,141,0,0,0,0
"NEREC, Keiser",Biomass_kgha,142,0,10,10,10
"NEREC, Keiser",Biomass_kgha,143,10,10,10,10
"NEREC, Keiser",Biomass_kgha,144,10,10,10,10
"NEREC, Keiser",Biomass_kgha,145,10,10,10,10
"NEREC, Keiser",Biomass_kgha,146,10,10,10,10
"NEREC, Keiser",Biomass_kgha,147,10,10,14.624,10
"NEREC, Keiser",Biomass_kgha,148,10,10,17.976,13.11
"NEREC, Keiser",Biomass_kgha,149,10,14.339,21.843,16.062
"NEREC, Keiser",Biomass_kgha,150,10,17.747,26.533,19.159
"NEREC, Keiser",Biomass_kgha,151,10,21.685,32.194,24.704
"NEREC, Keiser",Biomass_kgha,152,10,25.993,39.438,30.561
"NEREC, Keiser",Biomass_kgha,153,13.107,30.545,47.835,36.986
"NEREC, Keiser",Biomass_kgha,154,14.809,37.037,57.21,45.492
"NEREC, Keiser",Biomass_kgha,155,17.461,43.834,64.445,53.899
"NEREC, Keiser",Biomass_kgha,156,21.684,51.295,75.68,64.292
"NEREC, Keiser",Biomass_kgha,157,26.736,60.411,90.819,74.614
"NEREC, Keiser",Biomass_kgha,158,29.899,72.442,108.113,86.168
"NEREC, Keiser",Biomass_kgha,159,36.729,87.358,125.137,101.525
"NEREC, Keiser",Biomass_kgha,160,42.297,104.382,147.666,121.67
"NEREC, Keiser",Biomass_kgha,161,52.223,122.269,177.187,143.686
"NEREC, Keiser",Biomass_kgha,162,62.295,143.034,204.385,172.415
"NEREC, Keiser",Biomass_kgha,163,71.055,166.791,231.621,194.294
"NEREC, Keiser",Biomass_kgha,164,83.81,191.306,273.282,225.278
"NEREC, Keiser",Biomass_kgha,165,96.39,225.602,327.906,255.888
"NEREC, Keiser",Biomass_kgha,166,115.499,266.149,387.494,298.698
"NEREC, Keiser",Biomass_kgha,167,140.319,300.66,445.24,359.945
"NEREC, Keiser",Biomass_kgha,168,167.585,350.202,499.808,408.182
"NEREC, Keiser",Biomass_kgha,169,199.976,398.827,579.106,465.361
"NEREC, Keiser",Biomass_kgha,170,233.163,467.205,675.687,527.811
"NEREC, Keiser",Biomass_kgha,171,272.705,549.925,781.183,617.271
"NEREC, Keiser",Biomass_kgha,172,309.797,625.035,891.466,687.624
"NEREC, Keiser",Biomass_kgha,173,344.613,713.592,1007.938,718.04
"NEREC, Keiser",Biomass_kgha,174,388.115,791.072,1131.722,826.214
"NEREC, Keiser",Biomass_kgha,175,444.394,873.026,1259.411,926.789
"NEREC, Keiser",Biomass_kgha,176,510.816,978.243,1388.938,1050.133
"NEREC, Keiser",Biomass_kgha,177,558.613,1094.757,1519.802,1105.814
"NEREC, Keiser",Biomass_kgha,178,644.06,1209.754,1667.675,1215.88
"NEREC, Keiser",Biomass_kgha,179,740.705,1342.968,1806.997,1352.919
"NEREC, Keiser",Biomass_kgha,180,824.931,1477.133,1918.105,1494.251
"NEREC, Keiser",Biomass_kgha,181,912.227,1584.202,2070.737,1637.207
"NEREC, Keiser",Biomass_kgha,182,967.262,1703.511,2230.201,1784.169
"NEREC, Keiser",Biomass_kgha,183,1069.007,1847.447,2392.173,1931.752
"NEREC, Keiser",Biomass_kgha,184,1184.573,1989.064,2539.78,2084.762
"NEREC, Keiser",Biomass_kgha,185,1306.457,2137.093,2701.807,2225.159
"NEREC, Keiser",Biomass_kgha,186,1412.004,2287.205,2861.49,2375.419
"NEREC, Keiser",Biomass_kgha,187,1519.174,2408.018,3012.5,2531.345
"NEREC, Keiser",Biomass_kgha,188,1658.852,2523.526,3156.822,2653.465
"NEREC, Keiser",Biomass_kgha,189,1783.743,2667.296,3315.665,2789.256
"NEREC, Keiser",Biomass_kgha,190,1923.916,2805.781,3430.188,2940.701
"NEREC, Keiser",Biomass_kgha,191,2070.321,2954.863,3580.214,3072.764
"NEREC, Keiser",Biomass_kgha,192,2213.343,3109.63,3720.137,3189.964
"NEREC, Keiser",Biomass_kgha,193,2363.623,3267.224,3859.215,3346.5
"NEREC, Keiser",Biomass_kgha,194,2518.401,3422.509,4021.681,3500.683
"NEREC, Keiser",Biomass_kgha,195,2666.872,3555.398,4182.832,3644.861
"NEREC, Keiser",Biomass_kgha,196,2809.769,3701.264,4337.051,3743.844
"NEREC, Keiser",Biomass_kgha,197,2944.846,3848.831,4487.531,3896.166
"NEREC, Keiser",Biomass_kgha,198,3055.019,3989.658,4644.731,4058.015
"NEREC, Keiser",Biomass_kgha,199,3191.204,4131.954,4768.137,4222.885
"NEREC, Keiser",Biomass_kgha,200,3352.973,4279.586,4940.949,4387.615
"NEREC, Keiser",Biomass_kgha,201,3520.142,4422.14,5102.579,4549.793
"NEREC, Keiser",Biomass_kgha,202,3671.138,4561.333,5274.585,4704.416
"NEREC, Keiser",Biomass_kgha,203,3817.616,4714.389,5447.613,4876.397
"NEREC, Keiser",Biomass_kgha,204,3961.124,4854.983,5625.968,5044.038
"NEREC, Keiser",Biomass_kgha,205,4113.593,5000.768,5799.901,5154.118
"NEREC, Keiser",Biomass_kgha,206,4276.723,5155.23,5974.485,5292.186
"NEREC, Keiser",Biomass_kgha,207,4434.84,5292.824,6126.976,5461.262
"NEREC, Keiser",Biomass_kgha,208,4589.916,5447.551,6358.01,5629.498
"NEREC, Keiser",Biomass_kgha,209,4711.778,5557.558,6605.828,5838.193
"NEREC, Keiser",Biomass_kgha,210,4871.821,5715.696,6858.824,6085.363
"NEREC, Keiser",Biomass_kgha,211,4987.879,5877.207,7126.227,6328.667
"NEREC, Keiser",Biomass_kgha,212,5095.772,6101.276,7381.747,6581.441
"NEREC, Keiser",Biomass_kgha,213,5244.787,6294.041,7655.001,6830.661
"NEREC, Keiser",Biomass_kgha,214,5403.142,6513.611,7910.58,NA
"NEREC, Keiser",Biomass_kgha,215,5562.521,6755.957,8115.094,NA
"NEREC, Keiser",Biomass_kgha,216,5725.819,6963.836,8312.926,NA
"NEREC, Keiser",Biomass_kgha,217,5893.576,7181.777,8510.765,NA
"NEREC, Keiser",Biomass_kgha,218,5954.182,7419.106,8694.577,NA
"NEREC, Keiser",Biomass_kgha,219,6159.659,7660.514,8980.413,NA
"NEREC, Keiser",Biomass_kgha,220,6385.525,7889.196,9239.144,NA
"NEREC, Keiser",Biomass_kgha,221,6628.202,8133.131,9449.51,NA
"NEREC, Keiser",Biomass_kgha,222,6887.668,8383.442,9616.575,NA
"NEREC, Keiser",Biomass_kgha,223,7072.227,8578.328,9813.526,NA
"NEREC, Keiser",Biomass_kgha,224,7303.665,8811.037,9996.245,NA
"NEREC, Keiser",Biomass_kgha,225,7546.371,8969.792,10172.785,NA
"NEREC, Keiser",Biomass_kgha,226,7813.541,9250.659,10326.146,NA
"NEREC, Keiser",Biomass_kgha,227,8019.785,9490.07,10474.448,NA
"NEREC, Keiser",Biomass_kgha,228,8232.463,9623.433,10715.771,NA
"NEREC, Keiser",Biomass_kgha,229,8431.13,9805.223,10888.434,NA
"NEREC, Keiser",Biomass_kgha,230,8676.435,10002.183,11063.013,NA
"NEREC, Keiser",Biomass_kgha,231,8904.706,10197.493,11194.013,NA
"NEREC, Keiser",Biomass_kgha,232,9107.358,10377.877,11339.356,NA
"NEREC, Keiser",Biomass_kgha,233,9236.496,10523.282,11449.094,NA
"NEREC, Keiser",Biomass_kgha,234,9448.647,10713.687,11597.019,NA
"NEREC, Keiser",Biomass_kgha,235,9628.532,10848.123,11734.929,NA
"NEREC, Keiser",Biomass_kgha,236,9792.03,10970.24,11854.675,NA
"NEREC, Keiser",Biomass_kgha,237,9944.399,11127.292,11972.342,NA
"NEREC, Keiser",Biomass_kgha,238,10093.294,11238.526,12080.325,NA
"NEREC, Keiser",Biomass_kgha,239,10227.743,11357.968,12184.378,NA
"NEREC, Keiser",Biomass_kgha,240,10268.75,11486.866,12276.068,NA
"NEREC, Keiser",Biomass_kgha,241,10382.412,11596.606,12305.089,NA
"NEREC, Keiser",Biomass_kgha,242,10431.174,11678.769,12346.472,NA
"NEREC, Keiser",Biomass_kgha,243,10471.543,11771.535,12409.261,NA
"NEREC, Keiser",Biomass_kgha,244,10533.879,11868.471,12458.269,NA
"NEREC, Keiser",Biomass_kgha,245,10616.426,11882.94,12453.603,NA
"NEREC, Keiser",Biomass_kgha,246,10689.336,11864.222,12482.94,NA
"NEREC, Keiser",Biomass_kgha,247,10750.319,11879.297,12520.105,NA
"NEREC, Keiser",Biomass_kgha,248,10810.155,11911.951,12558.063,NA
"NEREC, Keiser",Biomass_kgha,249,10828.653,11934.272,12580.773,NA
"NEREC, Keiser",Biomass_kgha,250,10893.967,11902.289,12601.574,NA
"NEREC, Keiser",Biomass_kgha,251,10901.636,11847.426,12607.862,NA
"NEREC, Keiser",Biomass_kgha,252,0,11815.528,12590.729,NA
"NEREC, Keiser",Biomass_kgha,253,0,11765.891,12536.25,NA
"NEREC, Keiser",Biomass_kgha,254,0,11698.266,12480.548,NA
"NEREC, Keiser",Biomass_kgha,255,0,11686.733,12427.199,NA
"NEREC, Keiser",Biomass_kgha,256,0,11609.217,12376.518,NA
"NEREC, Keiser",Biomass_kgha,257,0,11493.456,12328.371,NA
"NEREC, Keiser",Biomass_kgha,258,0,11261.134,12282.632,NA
"NEREC, Keiser",Biomass_kgha,259,0,0,12239.179,NA
"NEREC, Keiser",Biomass_kgha,260,0,0,12122.108,NA
"NEREC, Keiser",Biomass_kgha,261,0,0,11811.326,NA
"NEREC, Keiser",Biomass_kgha,262,0,0,11424.65,NA
"NEREC, Keiser",Biomass_kgha,263,0,0,11350.13,NA
"NEREC, Keiser",Biomass_kgha,264,0,0,11306.373,NA
"NEREC, Keiser",Biomass_kgha,265,0,0,11268.181,NA
"NEREC, Keiser",Biomass_kgha,266,0,0,0,NA
"NEREC, Keiser",Biomass_kgha,267,0,0,0,NA
"NEREC, Keiser",Biomass_kgha,268,0,0,0,NA
"NEREC, Keiser",Biomass_kgha,269,0,0,0,NA
"NEREC, Keiser",Biomass_kgha,270,0,0,0,NA
"NEREC, Keiser",Biomass_kgha,271,0,0,0,NA
"NEREC, Keiser",Biomass_kgha,272,0,0,0,NA
"NEREC, Keiser",Biomass_kgha,273,0,0,0,NA
"NEREC, Keiser",Biomass_kgha,274,0,0,0,NA
"NEREC, Keiser",Biomass_kgha,275,0,0,0,NA
"NEREC, Keiser",Biomass_kgha,276,0,0,0,NA
"NEREC, Keiser",Biomass_kgha,277,0,0,0,NA
"NEREC, Keiser",Biomass_kgha,278,0,0,0,NA
"NEREC, Keiser",Biomass_kgha,279,0,0,0,NA
"NEREC, Keiser",Biomass_kgha,280,0,0,0,NA
"NEREC, Keiser",Biomass_kgha,281,0,0,0,NA
"NEREC, Keiser",Biomass_kgha,282,0,0,0,NA
"NEREC, Keiser",Biomass_kgha,283,0,0,0,NA
"NEREC, Keiser",Biomass_kgha,284,0,0,0,NA
"NEREC, Keiser",Biomass_kgha,285,0,0,0,NA
"NEREC, Keiser",Biomass_kgha,286,0,0,0,NA
"NEREC, Keiser",Biomass_kgha,287,0,0,0,NA
"NEREC, Keiser",Biomass_kgha,288,0,0,0,NA
"NEREC, Keiser",Biomass_kgha,289,0,0,0,NA
"NEREC, Keiser",Biomass_kgha,290,0,0,0,NA
"NEREC, Keiser",Biomass_kgha,291,0,0,0,NA
"NEREC, Keiser",Biomass_kgha,292,0,0,0,NA
"NEREC, Keiser",Biomass_kgha,293,0,0,0,NA
"NEREC, Keiser",Biomass_kgha,294,0,0,0,NA
"NEREC, Keiser",Biomass_kgha,295,0,0,0,NA
"NEREC, Keiser",Biomass_kgha,296,0,0,0,NA
"NEREC, Keiser",Biomass_kgha,297,0,0,0,NA
"NEREC, Keiser",Biomass_kgha,298,0,0,0,NA
"NEREC, Keiser",Biomass_kgha,299,0,0,0,NA
"NEREC, Keiser",Biomass_kgha,300,0,0,0,NA
"NEREC, Keiser",Biomass_kgha,301,0,0,0,NA
"NEREC, Keiser",Biomass_kgha,302,0,0,0,NA
"NEREC, Keiser",Biomass_kgha,303,0,0,0,NA
"NEREC, Keiser",Biomass_kgha,304,0,0,0,NA
"NEREC, Keiser",Biomass_kgha,305,0,0,0,NA
"NEREC, Keiser",Biomass_kgha,306,0,0,0,NA
"NEREC, Keiser",Biomass_kgha,307,0,0,0,NA
"NEREC, Keiser",Biomass_kgha,308,0,0,0,NA
"NEREC, Keiser",Biomass_kgha,309,0,0,0,NA
"NEREC, Keiser",Biomass_kgha,310,0,0,0,NA
"NEREC, Keiser",Biomass_kgha,311,0,0,0,NA
"NEREC, Keiser",Biomass_kgha,312,0,0,0,NA
"NEREC, Keiser",Biomass_kgha,313,0,0,0,NA
"NEREC, Keiser",Biomass_kgha,314,0,0,0,NA
"NEREC, Keiser",Biomass_kgha,315,0,0,0,NA
"NEREC, Keiser",Biomass_kgha,316,0,0,0,NA
"NEREC, Keiser",Biomass_kgha,317,0,0,0,NA
"NEREC, Keiser",Biomass_kgha,318,0,0,0,NA
"NEREC, Keiser",Biomass_kgha,319,0,0,0,NA
"NEREC, Keiser",Biomass_kgha,320,0,0,0,NA
"NEREC, Keiser",Biomass_kgha,321,0,0,0,NA
"NEREC, Keiser",Biomass_kgha,322,0,0,0,NA
"NEREC, Keiser",Biomass_kgha,323,0,0,0,NA
"NEREC, Keiser",Biomass_kgha,324,0,0,0,NA
"NEREC, Keiser",Biomass_kgha,325,0,0,0,NA
"NEREC, Keiser",Biomass_kgha,326,0,0,0,NA
"NEREC, Keiser",Biomass_kgha,327,0,0,0,NA
"NEREC, Keiser",Biomass_kgha,328,0,0,0,NA
"NEREC, Keiser",Biomass_kgha,329,0,0,0,NA
"NEREC, Keiser",Biomass_kgha,330,0,0,0,NA
"NEREC, Keiser",Biomass_kgha,331,0,0,0,NA
"NEREC, Keiser",Biomass_kgha,332,0,0,0,NA
"NEREC, Keiser",Biomass_kgha,333,0,0,0,NA
"NEREC, Keiser",Biomass_kgha,334,0,0,0,NA
"NEREC, Keiser",Biomass_kgha,335,0,0,0,NA
"NEREC, Keiser",Biomass_kgha,336,0,0,0,NA
"NEREC, Keiser",Biomass_kgha,337,0,0,0,NA
"NEREC, Keiser",Biomass_kgha,338,0,0,0,NA
"NEREC, Keiser",Biomass_kgha,339,0,0,0,NA
"NEREC, Keiser",Biomass_kgha,340,0,0,0,NA
"NEREC, Keiser",Biomass_kgha,341,0,0,0,NA
"NEREC, Keiser",Biomass_kgha,342,0,0,0,NA
"NEREC, Keiser",Biomass_kgha,343,0,0,0,NA
"NEREC, Keiser",Biomass_kgha,344,0,0,0,NA
"NEREC, Keiser",Biomass_kgha,345,0,0,0,NA
"NEREC, Keiser",Biomass_kgha,346,0,0,0,NA
"NEREC, Keiser",Biomass_kgha,347,0,0,0,NA
"NEREC, Keiser",Biomass_kgha,348,0,0,0,NA
"NEREC, Keiser",Biomass_kgha,349,0,0,0,NA
"NEREC, Keiser",Biomass_kgha,350,0,0,0,NA
"NEREC, Keiser",Biomass_kgha,351,0,0,0,NA
"NEREC, Keiser",Biomass_kgha,352,0,0,0,NA
"NEREC, Keiser",Biomass_kgha,353,0,0,0,NA
"NEREC, Keiser",Biomass_kgha,354,0,0,0,NA
"NEREC, Keiser",Biomass_kgha,355,0,0,0,NA
"NEREC, Keiser",Biomass_kgha,356,0,0,0,NA
"NEREC, Keiser",Biomass_kgha,357,0,0,0,NA
"NEREC, Keiser",Biomass_kgha,358,0,0,0,NA
"NEREC, Keiser",Biomass_kgha,359,0,0,0,NA
"NEREC, Keiser",Biomass_kgha,360,0,0,0,NA
"NEREC, Keiser",Biomass_kgha,361,0,0,0,NA
"NEREC, Keiser",Biomass_kgha,362,0,0,0,NA
"NEREC, Keiser",Biomass_kgha,363,0,0,0,NA
"NEREC, Keiser",Biomass_kgha,364,0,0,0,NA
"NEREC, Keiser",Biomass_kgha,365,0,0,0,NA
"NEREC, Keiser",Biomass_kgha,366,0,0,0,NA
"NEREC, Keiser",CummRain_in,1,24.405,36.924,50.614,42.774
"NEREC, Keiser",CummRain_in,2,24.415,37.058,50.614,42.943
"NEREC, Keiser",CummRain_in,3,24.415,37.068,50.614,42.944
"NEREC, Keiser",CummRain_in,4,24.415,37.075,50.614,42.944
"NEREC, Keiser",CummRain_in,5,24.415,37.153,50.614,42.944
"NEREC, Keiser",CummRain_in,6,24.415,37.628,50.622,42.945
"NEREC, Keiser",CummRain_in,7,24.415,37.654,50.654,42.945
"NEREC, Keiser",CummRain_in,8,24.415,37.654,50.798,42.994
"NEREC, Keiser",CummRain_in,9,24.474,37.656,50.8,43.149
"NEREC, Keiser",CummRain_in,10,25.527,37.733,50.901,43.407
"NEREC, Keiser",CummRain_in,11,25.527,37.972,50.936,43.407
"NEREC, Keiser",CummRain_in,12,25.564,38.036,51.263,43.407
"NEREC, Keiser",CummRain_in,13,25.957,38.165,51.524,43.411
"NEREC, Keiser",CummRain_in,14,25.957,38.252,51.53,43.486
"NEREC, Keiser",CummRain_in,15,25.957,38.407,51.534,43.486
"NEREC, Keiser",CummRain_in,16,26.768,38.537,51.534,43.53
"NEREC, Keiser",CummRain_in,17,27.267,38.823,51.736,43.531
"NEREC, Keiser",CummRain_in,18,27.267,39.195,51.737,43.531
"NEREC, Keiser",CummRain_in,19,27.267,39.209,51.864,43.531
"NEREC, Keiser",CummRain_in,20,27.286,39.287,52.634,43.531
"NEREC, Keiser",CummRain_in,21,27.314,39.355,53.052,43.855
"NEREC, Keiser",CummRain_in,22,28.751,39.36,53.052,43.861
"NEREC, Keiser",CummRain_in,23,28.777,39.646,53.387,43.861
"NEREC, Keiser",CummRain_in,24,28.783,40.019,53.604,44.245
"NEREC, Keiser",CummRain_in,25,28.788,40.37,53.604,44.711
"NEREC, Keiser",CummRain_in,26,28.8,40.601,53.604,44.711
"NEREC, Keiser",CummRain_in,27,28.937,40.849,53.604,44.711
"NEREC, Keiser",CummRain_in,28,28.985,40.905,53.628,44.711
"NEREC, Keiser",CummRain_in,29,29.035,40.91,54.299,44.711
"NEREC, Keiser",CummRain_in,30,29.038,41.085,54.31,44.711
"NEREC, Keiser",CummRain_in,31,29.038,41.085,54.319,44.711
"NEREC, Keiser",CummRain_in,32,29.041,41.094,54.319,44.711
"NEREC, Keiser",CummRain_in,33,29.044,41.094,54.319,44.803
"NEREC, Keiser",CummRain_in,34,29.044,41.285,54.319,45.128
"NEREC, Keiser",CummRain_in,35,29.044,41.42,54.776,45.128
"NEREC, Keiser",CummRain_in,36,29.044,41.438,55.072,45.128
"NEREC, Keiser",CummRain_in,37,29.044,41.686,55.074,45.128
"NEREC, Keiser",CummRain_in,38,29.044,41.687,55.074,45.128
"NEREC, Keiser",CummRain_in,39,29.048,41.695,55.856,45.128
"NEREC, Keiser",CummRain_in,40,29.048,41.723,55.922,45.137
"NEREC, Keiser",CummRain_in,41,29.06,42.003,55.922,45.191
"NEREC, Keiser",CummRain_in,42,29.152,42.076,55.931,45.266
"NEREC, Keiser",CummRain_in,43,29.174,42.078,55.959,45.267
"NEREC, Keiser",CummRain_in,44,29.507,42.218,55.996,45.267
"NEREC, Keiser",CummRain_in,45,29.515,42.592,56.16,45.734
"NEREC, Keiser",CummRain_in,46,29.516,42.928,56.169,47.129
"NEREC, Keiser",CummRain_in,47,29.53,43.24,56.169,47.13
"NEREC, Keiser",CummRain_in,48,30.017,43.302,56.169,47.13
"NEREC, Keiser",CummRain_in,49,30.415,43.307,56.169,47.13
"NEREC, Keiser",CummRain_in,50,30.416,43.337,56.169,47.15
"NEREC, Keiser",CummRain_in,51,30.418,43.372,56.169,47.163
"NEREC, Keiser",CummRain_in,52,30.43,43.513,56.781,47.19
"NEREC, Keiser",CummRain_in,53,30.43,43.573,56.804,47.19
"NEREC, Keiser",CummRain_in,54,30.607,44.092,57.364,47.19
"NEREC, Keiser",CummRain_in,55,30.676,44.19,57.364,47.19
"NEREC, Keiser",CummRain_in,56,30.692,44.326,57.364,47.238
"NEREC, Keiser",CummRain_in,57,32.663,44.742,57.364,47.281
"NEREC, Keiser",CummRain_in,58,32.663,45.095,57.365,47.281
"NEREC, Keiser",CummRain_in,59,32.683,45.761,57.372,47.281
"NEREC, Keiser",CummRain_in,60,32.717,45.784,57.375,47.322
"NEREC, Keiser",CummRain_in,61,32.728,46.273,58.42,47.406
"NEREC, Keiser",CummRain_in,62,32.728,46.303,58.49,47.407
"NEREC, Keiser",CummRain_in,63,32.969,46.356,58.535,47.41
"NEREC, Keiser",CummRain_in,64,32.969,46.357,60.395,47.432
"NEREC, Keiser",CummRain_in,65,32.972,46.357,60.395,47.44
"NEREC, Keiser",CummRain_in,66,32.975,46.357,60.408,48.351
"NEREC, Keiser",CummRain_in,67,32.978,46.506,60.437,48.599
"NEREC, Keiser",CummRain_in,68,33.041,46.809,60.763,48.941
"NEREC, Keiser",CummRain_in,69,33.074,47.317,60.765,48.991
"NEREC, Keiser",CummRain_in,70,33.106,47.461,60.774,49.63
"NEREC, Keiser",CummRain_in,71,33.237,47.537,60.779,49.63
"NEREC, Keiser",CummRain_in,72,33.237,47.537,61.352,49.63
"NEREC, Keiser",CummRain_in,73,33.238,47.539,61.363,49.63
"NEREC, Keiser",CummRain_in,74,33.338,47.565,61.363,50.126
"NEREC, Keiser",CummRain_in,75,33.626,47.931,61.365,50.126
"NEREC, Keiser",CummRain_in,76,34.817,48.425,61.611,50.126
"NEREC, Keiser",CummRain_in,77,34.826,48.425,62.441,50.126
"NEREC, Keiser",CummRain_in,78,35.026,48.426,62.584,50.126
"NEREC, Keiser",CummRain_in,79,36.082,48.429,62.584,50.126
"NEREC, Keiser",CummRain_in,80,36.089,48.711,62.584,50.126
"NEREC, Keiser",CummRain_in,81,36.117,48.719,62.584,50.126
"NEREC, Keiser",CummRain_in,82,36.117,48.779,62.605,50.126
"NEREC, Keiser",CummRain_in,83,36.117,49.247,62.919,50.126
"NEREC, Keiser",CummRain_in,84,36.134,49.351,63.676,50.126
"NEREC, Keiser",CummRain_in,85,36.213,49.457,63.678,50.126
"NEREC, Keiser",CummRain_in,86,36.23,50.038,63.678,50.158
"NEREC, Keiser",CummRain_in,87,36.257,50.631,63.768,50.158
"NEREC, Keiser",CummRain_in,88,36.261,50.75,64.423,50.158
"NEREC, Keiser",CummRain_in,89,36.465,50.755,64.46,50.158
"NEREC, Keiser",CummRain_in,90,36.516,50.756,65.036,50.16
"NEREC, Keiser",CummRain_in,91,0,0.002,65.65,0
"NEREC, Keiser",CummRain_in,92,0,0.009,1.314,0.128
"NEREC, Keiser",CummRain_in,93,0,0.141,4.462,0.16
"NEREC, Keiser",CummRain_in,94,0,0.353,5.883,0.716
"NEREC, Keiser",CummRain_in,95,0,0.472,9.427,0.717
"NEREC, Keiser",CummRain_in,96,0,0.669,10.452,0.717
"NEREC, Keiser",CummRain_in,97,0,0.776,10.452,0.717
"NEREC, Keiser",CummRain_in,98,0.043,0.855,10.452,0.717
"NEREC, Keiser",CummRain_in,99,0.052,0.99,10.452,0.717
"NEREC, Keiser",CummRain_in,100,0.078,1.11,10.516,0.718
"NEREC, Keiser",CummRain_in,101,0.126,1.269,10.526,0.718
"NEREC, Keiser",CummRain_in,102,0.127,1.443,10.526,0.718
"NEREC, Keiser",CummRain_in,103,0.254,1.764,10.526,0.722
"NEREC, Keiser",CummRain_in,104,0.254,2.184,10.53,0.722
"NEREC, Keiser",CummRain_in,105,0.254,2.341,10.53,0.722
"NEREC, Keiser",CummRain_in,106,0.292,2.342,10.53,0.83
"NEREC, Keiser",CummRain_in,107,0.385,2.454,10.53,0.844
"NEREC, Keiser",CummRain_in,108,0.472,2.462,10.531,1.069
"NEREC, Keiser",CummRain_in,109,0.656,2.533,10.533,1.069
"NEREC, Keiser",CummRain_in,110,0.671,2.586,10.778,1.069
"NEREC, Keiser",CummRain_in,111,0.775,2.607,11.187,1.069
"NEREC, Keiser",CummRain_in,112,0.776,2.989,11.187,1.069
"NEREC, Keiser",CummRain_in,113,0.828,3.09,11.23,1.069
"NEREC, Keiser",CummRain_in,114,1.039,3.327,11.32,1.275
"NEREC, Keiser",CummRain_in,115,1.039,3.351,11.622,1.291
"NEREC, Keiser",CummRain_in,116,1.141,4.05,11.64,1.293
"NEREC, Keiser",CummRain_in,117,1.194,4.124,12.227,1.613
"NEREC, Keiser",CummRain_in,118,1.213,4.396,12.979,2.745
"NEREC, Keiser",CummRain_in,119,1.281,4.585,13.401,4.172
"NEREC, Keiser",CummRain_in,120,1.281,4.79,13.401,4.172
"NEREC, Keiser",CummRain_in,121,1.357,5.27,13.408,4.172
"NEREC, Keiser",CummRain_in,122,1.376,5.27,14.545,4.172
"NEREC, Keiser",CummRain_in,123,1.394,5.36,15.778,4.172
"NEREC, Keiser",CummRain_in,124,1.394,5.725,15.778,4.173
"NEREC, Keiser",CummRain_in,125,1.394,5.734,15.787,5.014
"NEREC, Keiser",CummRain_in,126,1.395,6.039,15.813,5.629
"NEREC, Keiser",CummRain_in,127,1.97,6.173,15.976,5.629
"NEREC, Keiser",CummRain_in,128,1.97,6.368,15.976,5.629
"NEREC, Keiser",CummRain_in,129,1.97,6.57,15.976,5.629
"NEREC, Keiser",CummRain_in,130,1.97,6.667,15.976,5.7
"NEREC, Keiser",CummRain_in,131,1.97,6.675,15.976,5.738
"NEREC, Keiser",CummRain_in,132,1.981,6.689,16.918,5.738
"NEREC, Keiser",CummRain_in,133,2.003,6.989,17.277,5.739
"NEREC, Keiser",CummRain_in,134,2.003,7.204,17.48,5.739
"NEREC, Keiser",CummRain_in,135,2.006,7.229,17.874,5.744
"NEREC, Keiser",CummRain_in,136,2.045,7.337,18.026,5.744
"NEREC, Keiser",CummRain_in,137,2.073,7.515,18.361,5.744
"NEREC, Keiser",CummRain_in,138,2.136,7.616,18.637,5.752
"NEREC, Keiser",CummRain_in,139,2.415,7.72,18.834,6.411
"NEREC, Keiser",CummRain_in,140,2.756,7.978,18.893,7.072
"NEREC, Keiser",CummRain_in,141,2.806,8.02,18.921,7.1
"NEREC, Keiser",CummRain_in,142,2.92,8.02,18.998,8.307
"NEREC, Keiser",CummRain_in,143,2.988,8.773,19.308,8.428
"NEREC, Keiser",CummRain_in,144,3.361,8.887,19.87,8.694
"NEREC, Keiser",CummRain_in,145,3.405,8.949,20.529,8.714
"NEREC, Keiser",CummRain_in,146,3.408,9.041,20.643,8.87
"NEREC, Keiser",CummRain_in,147,3.535,9.122,20.665,8.97
"NEREC, Keiser",CummRain_in,148,3.537,9.639,20.72,9.128
"NEREC, Keiser",CummRain_in,149,3.653,9.751,20.738,9.46
"NEREC, Keiser",CummRain_in,150,3.654,9.766,20.762,9.625
"NEREC, Keiser",CummRain_in,151,3.683,9.843,20.88,9.657
"NEREC, Keiser",CummRain_in,152,4.447,9.955,20.943,9.768
"NEREC, Keiser",CummRain_in,153,4.461,10.025,21.168,9.817
"NEREC, Keiser",CummRain_in,154,4.461,10.031,21.325,9.817
"NEREC, Keiser",CummRain_in,155,4.976,10.069,21.348,9.817
"NEREC, Keiser",CummRain_in,156,4.976,10.434,21.349,9.817
"NEREC, Keiser",CummRain_in,157,4.976,10.574,21.349,9.818
"NEREC, Keiser",CummRain_in,158,4.976,10.574,21.349,10.32
"NEREC, Keiser",CummRain_in,159,4.976,10.969,21.35,10.444
"NEREC, Keiser",CummRain_in,160,4.985,11.515,21.398,10.474
"NEREC, Keiser",CummRain_in,161,5.017,11.521,21.403,10.474
"NEREC, Keiser",CummRain_in,162,5.017,11.526,22.109,10.477
"NEREC, Keiser",CummRain_in,163,5.017,11.604,22.399,11.469
"NEREC, Keiser",CummRain_in,164,5.017,11.685,23.048,13.089
"NEREC, Keiser",CummRain_in,165,5.018,11.692,23.987,13.297
"NEREC, Keiser",CummRain_in,166,5.018,11.706,24.026,13.298
"NEREC, Keiser",CummRain_in,167,5.018,11.748,24.2,13.298
"NEREC, Keiser",CummRain_in,168,5.02,11.793,24.466,13.298
"NEREC, Keiser",CummRain_in,169,5.025,12.28,25.757,13.424
"NEREC, Keiser",CummRain_in,170,5.025,12.344,26.129,13.424
"NEREC, Keiser",CummRain_in,171,5.026,12.376,26.169,13.427
"NEREC, Keiser",CummRain_in,172,5.041,12.724,26.178,13.549
"NEREC, Keiser",CummRain_in,173,5.045,12.75,26.178,16.124
"NEREC, Keiser",CummRain_in,174,5.049,12.759,26.206,16.127
"NEREC, Keiser",CummRain_in,175,5.055,12.785,26.277,16.135
"NEREC, Keiser",CummRain_in,176,5.057,12.884,26.291,16.179
"NEREC, Keiser",CummRain_in,177,5.057,12.996,26.297,16.192
"NEREC, Keiser",CummRain_in,178,5.057,13.36,26.412,16.194
"NEREC, Keiser",CummRain_in,179,5.057,13.692,26.838,16.194
"NEREC, Keiser",CummRain_in,180,5.06,13.8,27.158,16.194
"NEREC, Keiser",CummRain_in,181,5.226,13.886,27.816,16.194
"NEREC, Keiser",CummRain_in,182,5.852,13.957,27.841,16.256
"NEREC, Keiser",CummRain_in,183,6.183,13.962,27.841,16.344
"NEREC, Keiser",CummRain_in,184,6.511,14.026,27.841,16.431
"NEREC, Keiser",CummRain_in,185,6.511,14.151,27.841,16.551
"NEREC, Keiser",CummRain_in,186,6.542,14.233,27.845,16.792
"NEREC, Keiser",CummRain_in,187,6.643,14.456,27.87,16.924
"NEREC, Keiser",CummRain_in,188,6.648,14.522,28.069,17.076
"NEREC, Keiser",CummRain_in,189,6.648,14.542,28.454,17.209
"NEREC, Keiser",CummRain_in,190,6.648,14.881,28.611,17.326
"NEREC, Keiser",CummRain_in,191,6.724,15.024,28.68,17.399
"NEREC, Keiser",CummRain_in,192,7.015,15.317,28.727,17.613
"NEREC, Keiser",CummRain_in,193,7.681,15.347,28.854,17.867
"NEREC, Keiser",CummRain_in,194,7.791,15.348,29.009,17.92
"NEREC, Keiser",CummRain_in,195,8.036,15.39,29.081,18.045
"NEREC, Keiser",CummRain_in,196,8.283,15.525,29.21,18.58
"NEREC, Keiser",CummRain_in,197,8.326,15.528,29.224,18.81
"NEREC, Keiser",CummRain_in,198,8.327,15.533,29.255,18.908
"NEREC, Keiser",CummRain_in,199,8.331,15.689,29.276,18.935
"NEREC, Keiser",CummRain_in,200,8.397,15.793,29.291,19.004
"NEREC, Keiser",CummRain_in,201,8.424,15.808,29.312,19.132
"NEREC, Keiser",CummRain_in,202,8.483,15.853,29.313,19.201
"NEREC, Keiser",CummRain_in,203,8.535,15.934,29.313,19.228
"NEREC, Keiser",CummRain_in,204,8.561,16.287,29.314,19.228
"NEREC, Keiser",CummRain_in,205,8.561,16.323,29.314,19.235
"NEREC, Keiser",CummRain_in,206,8.561,16.563,29.333,19.594
"NEREC, Keiser",CummRain_in,207,8.561,16.687,29.353,19.635
"NEREC, Keiser",CummRain_in,208,8.787,16.891,29.36,19.647
"NEREC, Keiser",CummRain_in,209,8.82,17.044,29.365,19.672
"NEREC, Keiser",CummRain_in,210,8.82,17.339,29.367,19.72
"NEREC, Keiser",CummRain_in,211,8.827,17.361,29.367,19.72
"NEREC, Keiser",CummRain_in,212,8.914,17.361,29.731,19.843
"NEREC, Keiser",CummRain_in,213,9.027,17.487,29.761,19.922
"NEREC, Keiser",CummRain_in,214,9.039,17.487,29.761,NA
"NEREC, Keiser",CummRain_in,215,9.17,17.52,29.761,NA
"NEREC, Keiser",CummRain_in,216,9.344,17.609,29.763,NA
"NEREC, Keiser",CummRain_in,217,9.367,17.722,29.768,NA
"NEREC, Keiser",CummRain_in,218,9.404,17.841,29.768,NA
"NEREC, Keiser",CummRain_in,219,9.409,18.013,29.768,NA
"NEREC, Keiser",CummRain_in,220,9.41,18.298,30,NA
"NEREC, Keiser",CummRain_in,221,9.433,18.472,30,NA
"NEREC, Keiser",CummRain_in,222,9.441,18.492,30.01,NA
"NEREC, Keiser",CummRain_in,223,9.441,18.567,30.019,NA
"NEREC, Keiser",CummRain_in,224,9.441,18.568,30.089,NA
"NEREC, Keiser",CummRain_in,225,9.441,18.632,30.164,NA
"NEREC, Keiser",CummRain_in,226,9.585,18.92,30.178,NA
"NEREC, Keiser",CummRain_in,227,9.586,19.222,30.186,NA
"NEREC, Keiser",CummRain_in,228,9.586,19.304,30.186,NA
"NEREC, Keiser",CummRain_in,229,9.744,19.409,30.187,NA
"NEREC, Keiser",CummRain_in,230,9.95,19.438,30.187,NA
"NEREC, Keiser",CummRain_in,231,9.954,19.483,30.26,NA
"NEREC, Keiser",CummRain_in,232,9.961,19.532,30.304,NA
"NEREC, Keiser",CummRain_in,233,9.971,19.909,30.304,NA
"NEREC, Keiser",CummRain_in,234,9.971,19.953,30.304,NA
"NEREC, Keiser",CummRain_in,235,9.971,19.961,30.304,NA
"NEREC, Keiser",CummRain_in,236,9.971,19.964,30.304,NA
"NEREC, Keiser",CummRain_in,237,9.971,20.104,30.304,NA
"NEREC, Keiser",CummRain_in,238,10.268,20.281,30.309,NA
"NEREC, Keiser",CummRain_in,239,10.308,20.47,30.313,NA
"NEREC, Keiser",CummRain_in,240,10.383,20.552,30.346,NA
"NEREC, Keiser",CummRain_in,241,10.383,20.652,30.346,NA
"NEREC, Keiser",CummRain_in,242,10.383,20.783,30.347,NA
"NEREC, Keiser",CummRain_in,243,10.575,20.818,30.347,NA
"NEREC, Keiser",CummRain_in,244,11.014,20.87,30.352,NA
"NEREC, Keiser",CummRain_in,245,11.77,20.894,30.395,NA
"NEREC, Keiser",CummRain_in,246,11.77,21.017,30.482,NA
"NEREC, Keiser",CummRain_in,247,11.82,21.288,30.641,NA
"NEREC, Keiser",CummRain_in,248,12.156,21.37,30.957,NA
"NEREC, Keiser",CummRain_in,249,12.45,21.379,31.054,NA
"NEREC, Keiser",CummRain_in,250,12.634,21.443,31.131,NA
"NEREC, Keiser",CummRain_in,251,13.52,21.722,31.492,NA
"NEREC, Keiser",CummRain_in,252,13.988,21.964,31.717,NA
"NEREC, Keiser",CummRain_in,253,14.071,21.964,31.736,NA
"NEREC, Keiser",CummRain_in,254,14.071,21.964,31.737,NA
"NEREC, Keiser",CummRain_in,255,14.071,22.041,31.737,NA
"NEREC, Keiser",CummRain_in,256,14.077,22.057,31.737,NA
"NEREC, Keiser",CummRain_in,257,14.154,22.058,31.737,NA
"NEREC, Keiser",CummRain_in,258,14.187,22.058,31.76,NA
"NEREC, Keiser",CummRain_in,259,14.214,22.477,31.803,NA
"NEREC, Keiser",CummRain_in,260,14.403,22.477,31.844,NA
"NEREC, Keiser",CummRain_in,261,14.657,22.477,32.209,NA
"NEREC, Keiser",CummRain_in,262,14.657,22.477,32.428,NA
"NEREC, Keiser",CummRain_in,263,14.657,22.871,32.794,NA
"NEREC, Keiser",CummRain_in,264,14.657,22.871,32.968,NA
"NEREC, Keiser",CummRain_in,265,14.657,22.871,33.067,NA
"NEREC, Keiser",CummRain_in,266,14.661,22.988,33.227,NA
"NEREC, Keiser",CummRain_in,267,14.67,22.988,33.661,NA
"NEREC, Keiser",CummRain_in,268,14.903,23.107,33.878,NA
"NEREC, Keiser",CummRain_in,269,15.221,23.154,33.879,NA
"NEREC, Keiser",CummRain_in,270,15.278,23.287,33.879,NA
"NEREC, Keiser",CummRain_in,271,15.406,23.287,33.88,NA
"NEREC, Keiser",CummRain_in,272,15.504,23.287,33.88,NA
"NEREC, Keiser",CummRain_in,273,15.504,23.426,33.88,NA
"NEREC, Keiser",CummRain_in,274,15.833,23.426,33.949,NA
"NEREC, Keiser",CummRain_in,275,15.944,23.437,34.111,NA
"NEREC, Keiser",CummRain_in,276,15.944,23.774,34.111,NA
"NEREC, Keiser",CummRain_in,277,15.944,23.921,34.916,NA
"NEREC, Keiser",CummRain_in,278,15.945,23.924,34.919,NA
"NEREC, Keiser",CummRain_in,279,15.945,23.924,35.313,NA
"NEREC, Keiser",CummRain_in,280,15.945,23.934,35.713,NA
"NEREC, Keiser",CummRain_in,281,16.496,24.674,35.715,NA
"NEREC, Keiser",CummRain_in,282,16.505,24.709,36.452,NA
"NEREC, Keiser",CummRain_in,283,16.505,24.709,36.453,NA
"NEREC, Keiser",CummRain_in,284,16.505,24.741,36.486,NA
"NEREC, Keiser",CummRain_in,285,16.505,25.096,36.516,NA
"NEREC, Keiser",CummRain_in,286,16.505,25.096,37.696,NA
"NEREC, Keiser",CummRain_in,287,16.505,25.111,37.759,NA
"NEREC, Keiser",CummRain_in,288,17.51,25.116,37.933,NA
"NEREC, Keiser",CummRain_in,289,17.622,25.221,37.94,NA
"NEREC, Keiser",CummRain_in,290,17.774,25.683,37.94,NA
"NEREC, Keiser",CummRain_in,291,18.949,25.683,37.94,NA
"NEREC, Keiser",CummRain_in,292,18.949,26.063,37.94,NA
"NEREC, Keiser",CummRain_in,293,18.949,26.139,37.94,NA
"NEREC, Keiser",CummRain_in,294,18.949,26.463,37.954,NA
"NEREC, Keiser",CummRain_in,295,18.949,26.501,38.833,NA
"NEREC, Keiser",CummRain_in,296,18.949,26.506,39.481,NA
"NEREC, Keiser",CummRain_in,297,18.949,26.684,39.481,NA
"NEREC, Keiser",CummRain_in,298,18.949,26.684,39.481,NA
"NEREC, Keiser",CummRain_in,299,19.019,26.684,39.498,NA
"NEREC, Keiser",CummRain_in,300,19.353,27.013,40.685,NA
"NEREC, Keiser",CummRain_in,301,19.354,27.013,40.718,NA
"NEREC, Keiser",CummRain_in,302,19.357,27.013,41.59,NA
"NEREC, Keiser",CummRain_in,303,19.387,27.216,43.617,NA
"NEREC, Keiser",CummRain_in,304,19.414,27.217,43.62,NA
"NEREC, Keiser",CummRain_in,305,19.414,27.325,43.62,NA
"NEREC, Keiser",CummRain_in,306,19.414,27.395,43.62,NA
"NEREC, Keiser",CummRain_in,307,19.414,27.396,43.62,NA
"NEREC, Keiser",CummRain_in,308,19.489,27.396,43.62,NA
"NEREC, Keiser",CummRain_in,309,19.489,27.485,43.62,NA
"NEREC, Keiser",CummRain_in,310,19.572,27.496,43.62,NA
"NEREC, Keiser",CummRain_in,311,19.581,28.136,43.62,NA
"NEREC, Keiser",CummRain_in,312,19.583,28.139,43.62,NA
"NEREC, Keiser",CummRain_in,313,19.583,28.231,43.62,NA
"NEREC, Keiser",CummRain_in,314,19.583,28.355,43.62,NA
"NEREC, Keiser",CummRain_in,315,19.583,28.421,43.62,NA
"NEREC, Keiser",CummRain_in,316,20.166,28.483,43.62,NA
"NEREC, Keiser",CummRain_in,317,21.198,28.486,43.62,NA
"NEREC, Keiser",CummRain_in,318,21.198,29.167,43.62,NA
"NEREC, Keiser",CummRain_in,319,21.198,29.504,43.651,NA
"NEREC, Keiser",CummRain_in,320,21.198,30.594,43.948,NA
"NEREC, Keiser",CummRain_in,321,21.198,30.595,43.969,NA
"NEREC, Keiser",CummRain_in,322,21.198,30.623,43.969,NA
"NEREC, Keiser",CummRain_in,323,21.198,30.793,43.969,NA
"NEREC, Keiser",CummRain_in,324,21.198,30.962,43.969,NA
"NEREC, Keiser",CummRain_in,325,21.198,30.972,43.969,NA
"NEREC, Keiser",CummRain_in,326,21.198,31.32,43.969,NA
"NEREC, Keiser",CummRain_in,327,21.2,31.32,43.976,NA
"NEREC, Keiser",CummRain_in,328,21.338,31.489,44.033,NA
"NEREC, Keiser",CummRain_in,329,21.338,31.558,44.033,NA
"NEREC, Keiser",CummRain_in,330,21.338,31.682,44.033,NA
"NEREC, Keiser",CummRain_in,331,21.509,32.227,44.033,NA
"NEREC, Keiser",CummRain_in,332,21.53,32.238,44.033,NA
"NEREC, Keiser",CummRain_in,333,21.53,32.244,44.424,NA
"NEREC, Keiser",CummRain_in,334,21.53,32.256,44.843,NA
"NEREC, Keiser",CummRain_in,335,21.53,32.256,44.843,NA
"NEREC, Keiser",CummRain_in,336,21.53,32.256,45.658,NA
"NEREC, Keiser",CummRain_in,337,21.53,32.493,45.659,NA
"NEREC, Keiser",CummRain_in,338,21.53,32.624,45.659,NA
"NEREC, Keiser",CummRain_in,339,21.974,32.931,45.659,NA
"NEREC, Keiser",CummRain_in,340,21.975,32.931,45.676,NA
"NEREC, Keiser",CummRain_in,341,21.987,32.931,45.735,NA
"NEREC, Keiser",CummRain_in,342,22.02,33.027,47.449,NA
"NEREC, Keiser",CummRain_in,343,22.333,33.278,47.453,NA
"NEREC, Keiser",CummRain_in,344,22.894,33.658,47.453,NA
"NEREC, Keiser",CummRain_in,345,23.27,33.693,47.453,NA
"NEREC, Keiser",CummRain_in,346,23.27,33.751,47.821,NA
"NEREC, Keiser",CummRain_in,347,23.27,33.872,48.38,NA
"NEREC, Keiser",CummRain_in,348,23.27,33.872,48.38,NA
"NEREC, Keiser",CummRain_in,349,23.308,34.362,48.38,NA
"NEREC, Keiser",CummRain_in,350,23.447,34.366,48.38,NA
"NEREC, Keiser",CummRain_in,351,23.459,34.561,48.38,NA
"NEREC, Keiser",CummRain_in,352,23.478,34.867,48.382,NA
"NEREC, Keiser",CummRain_in,353,23.478,34.867,48.383,NA
"NEREC, Keiser",CummRain_in,354,23.483,34.919,48.504,NA
"NEREC, Keiser",CummRain_in,355,23.844,35.241,48.873,NA
"NEREC, Keiser",CummRain_in,356,23.844,35.364,49.048,NA
"NEREC, Keiser",CummRain_in,357,23.844,35.628,49.365,NA
"NEREC, Keiser",CummRain_in,358,23.888,35.917,50.482,NA
"NEREC, Keiser",CummRain_in,359,23.929,35.919,50.498,NA
"NEREC, Keiser",CummRain_in,360,24.386,35.919,50.498,NA
"NEREC, Keiser",CummRain_in,361,24.386,35.973,50.498,NA
"NEREC, Keiser",CummRain_in,362,24.386,36.181,50.498,NA
"NEREC, Keiser",CummRain_in,363,24.386,36.182,50.498,NA
"NEREC, Keiser",CummRain_in,364,24.404,36.59,50.598,NA
"NEREC, Keiser",CummRain_in,365,24.404,37.209,50.614,NA
"NEREC, Keiser",CummRain_in,366,25.533,37.263,44.652,NA
"NEREC, Keiser",rel_sw_12in,1,0.456,0.465,0.6,0.458
"NEREC, Keiser",rel_sw_12in,2,0.45,0.466,0.643,0.484
"NEREC, Keiser",rel_sw_12in,3,0.443,0.47,0.762,0.476
"NEREC, Keiser",rel_sw_12in,4,0.441,0.478,0.708,0.467
"NEREC, Keiser",rel_sw_12in,5,0.432,0.506,0.652,0.456
"NEREC, Keiser",rel_sw_12in,6,0.424,0.507,0.732,0.445
"NEREC, Keiser",rel_sw_12in,7,0.421,0.494,0.747,0.435
"NEREC, Keiser",rel_sw_12in,8,0.412,0.502,0.715,0.438
"NEREC, Keiser",rel_sw_12in,9,0.416,0.509,0.705,0.456
"NEREC, Keiser",rel_sw_12in,10,0.416,0.523,0.668,0.495
"NEREC, Keiser",rel_sw_12in,11,0.408,0.516,0.774,0.481
"NEREC, Keiser",rel_sw_12in,12,0.399,0.51,0.757,0.469
"NEREC, Keiser",rel_sw_12in,13,0.394,0.506,0.864,0.456
"NEREC, Keiser",rel_sw_12in,14,0.385,0.497,0.879,0.461
"NEREC, Keiser",rel_sw_12in,15,0.381,0.485,0.81,0.455
"NEREC, Keiser",rel_sw_12in,16,0.378,0.488,0.744,0.457
"NEREC, Keiser",rel_sw_12in,17,0.414,0.518,0.685,0.453
"NEREC, Keiser",rel_sw_12in,18,0.411,0.519,0.734,0.45
"NEREC, Keiser",rel_sw_12in,19,0.407,0.511,0.75,0.446
"NEREC, Keiser",rel_sw_12in,20,0.417,0.498,0.7,0.437
"NEREC, Keiser",rel_sw_12in,21,0.411,0.5,0.666,0.49
"NEREC, Keiser",rel_sw_12in,22,0.402,0.511,0.716,0.477
"NEREC, Keiser",rel_sw_12in,23,0.398,0.504,0.698,0.472
"NEREC, Keiser",rel_sw_12in,24,0.395,0.518,0.724,0.533
"NEREC, Keiser",rel_sw_12in,25,0.393,0.499,0.686,0.597
"NEREC, Keiser",rel_sw_12in,26,0.403,0.488,0.649,0.575
"NEREC, Keiser",rel_sw_12in,27,0.399,0.495,0.768,0.55
"NEREC, Keiser",rel_sw_12in,28,0.395,0.493,0.715,0.527
"NEREC, Keiser",rel_sw_12in,29,0.392,0.496,0.667,0.504
"NEREC, Keiser",rel_sw_12in,30,0.388,0.487,0.73,0.49
"NEREC, Keiser",rel_sw_12in,31,0.385,0.482,0.695,0.479
"NEREC, Keiser",rel_sw_12in,32,0.409,0.492,0.65,0.47
"NEREC, Keiser",rel_sw_12in,33,0.409,0.497,0.781,0.473
"NEREC, Keiser",rel_sw_12in,34,0.404,0.495,0.909,0.521
"NEREC, Keiser",rel_sw_12in,35,0.399,0.502,0.838,0.508
"NEREC, Keiser",rel_sw_12in,36,0.395,0.488,0.758,0.492
"NEREC, Keiser",rel_sw_12in,37,0.391,0.5,0.722,0.474
"NEREC, Keiser",rel_sw_12in,38,0.388,0.503,0.694,0.456
"NEREC, Keiser",rel_sw_12in,39,0.385,0.488,0.663,0.447
"NEREC, Keiser",rel_sw_12in,40,0.381,0.48,0.753,0.435
"NEREC, Keiser",rel_sw_12in,41,0.392,0.498,0.776,0.435
"NEREC, Keiser",rel_sw_12in,42,0.399,0.501,0.841,0.435
"NEREC, Keiser",rel_sw_12in,43,0.396,0.501,0.861,0.425
"NEREC, Keiser",rel_sw_12in,44,0.392,0.506,0.78,0.418
"NEREC, Keiser",rel_sw_12in,45,0.389,0.512,0.793,0.494
"NEREC, Keiser",rel_sw_12in,46,0.387,0.523,0.903,0.642
"NEREC, Keiser",rel_sw_12in,47,0.396,0.503,0.922,0.602
"NEREC, Keiser",rel_sw_12in,48,0.391,0.504,0.895,0.569
"NEREC, Keiser",rel_sw_12in,49,0.389,0.512,0.827,0.535
"NEREC, Keiser",rel_sw_12in,50,0.399,0.505,0.826,0.504
"NEREC, Keiser",rel_sw_12in,51,0.395,0.498,0.973,0.48
"NEREC, Keiser",rel_sw_12in,52,0.407,0.515,0.934,0.465
"NEREC, Keiser",rel_sw_12in,53,0.393,0.509,0.947,0.452
"NEREC, Keiser",rel_sw_12in,54,0.409,0.499,0.998,0.442
"NEREC, Keiser",rel_sw_12in,55,0.409,0.503,0.957,0.434
"NEREC, Keiser",rel_sw_12in,56,0.406,0.493,0.922,0.433
"NEREC, Keiser",rel_sw_12in,57,0.401,0.528,0.882,0.427
"NEREC, Keiser",rel_sw_12in,58,0.397,0.509,0.848,0.423
"NEREC, Keiser",rel_sw_12in,59,0.394,0.488,0.94,0.418
"NEREC, Keiser",rel_sw_12in,60,0.39,0.5,0.989,0.415
"NEREC, Keiser",rel_sw_12in,61,0.387,0.501,0.941,0.422
"NEREC, Keiser",rel_sw_12in,62,0.384,0.482,0.89,0.411
"NEREC, Keiser",rel_sw_12in,63,0.381,0.506,0.848,0.408
"NEREC, Keiser",rel_sw_12in,64,0.378,0.496,0.923,0.405
"NEREC, Keiser",rel_sw_12in,65,0.375,0.483,0.9,0.402
"NEREC, Keiser",rel_sw_12in,66,0.372,0.47,0.872,0.551
"NEREC, Keiser",rel_sw_12in,67,0.37,0.461,0.843,0.563
"NEREC, Keiser",rel_sw_12in,68,0.367,0.489,0.81,0.597
"NEREC, Keiser",rel_sw_12in,69,0.385,0.507,0.771,0.57
"NEREC, Keiser",rel_sw_12in,70,0.401,0.491,0.857,0.637
"NEREC, Keiser",rel_sw_12in,71,0.398,0.534,0.825,0.585
"NEREC, Keiser",rel_sw_12in,72,0.404,0.517,0.884,0.536
"NEREC, Keiser",rel_sw_12in,73,0.398,0.486,0.91,0.504
"NEREC, Keiser",rel_sw_12in,74,0.398,0.499,0.882,0.562
"NEREC, Keiser",rel_sw_12in,75,0.395,0.51,0.827,0.527
"NEREC, Keiser",rel_sw_12in,76,0.392,0.514,0.784,0.495
"NEREC, Keiser",rel_sw_12in,77,0.389,0.498,0.762,0.468
"NEREC, Keiser",rel_sw_12in,78,0.392,0.497,0.818,0.452
"NEREC, Keiser",rel_sw_12in,79,0.386,0.482,0.86,0.44
"NEREC, Keiser",rel_sw_12in,80,0.383,0.492,0.778,0.431
"NEREC, Keiser",rel_sw_12in,81,0.38,0.491,0.698,0.424
"NEREC, Keiser",rel_sw_12in,82,0.378,0.5,0.66,0.418
"NEREC, Keiser",rel_sw_12in,83,0.375,0.497,0.699,0.413
"NEREC, Keiser",rel_sw_12in,84,0.373,0.478,0.707,0.409
"NEREC, Keiser",rel_sw_12in,85,0.371,0.48,0.706,0.405
"NEREC, Keiser",rel_sw_12in,86,0.406,0.479,0.814,0.402
"NEREC, Keiser",rel_sw_12in,87,0.406,0.479,0.737,0.398
"NEREC, Keiser",rel_sw_12in,88,0.403,0.476,0.68,0.395
"NEREC, Keiser",rel_sw_12in,89,0.399,0.512,0.732,0.392
"NEREC, Keiser",rel_sw_12in,90,0.396,0.528,0.799,0.39
"NEREC, Keiser",rel_sw_12in,91,0.392,0.499,0.755,0.387
"NEREC, Keiser",rel_sw_12in,92,0.389,0.482,0.757,0.398
"NEREC, Keiser",rel_sw_12in,93,0.386,0.491,0.82,0.386
"NEREC, Keiser",rel_sw_12in,94,0.406,0.502,0.903,0.479
"NEREC, Keiser",rel_sw_12in,95,0.402,0.488,0.998,0.452
"NEREC, Keiser",rel_sw_12in,96,0.398,0.5,0.995,0.44
"NEREC, Keiser",rel_sw_12in,97,0.41,0.49,0.941,0.431
"NEREC, Keiser",rel_sw_12in,98,0.396,0.474,0.889,0.424
"NEREC, Keiser",rel_sw_12in,99,0.393,0.473,0.847,0.418
"NEREC, Keiser",rel_sw_12in,100,0.389,0.47,0.806,0.413
"NEREC, Keiser",rel_sw_12in,101,0.386,0.467,0.79,0.409
"NEREC, Keiser",rel_sw_12in,102,0.383,0.48,0.786,0.405
"NEREC, Keiser",rel_sw_12in,103,0.38,0.505,0.819,0.401
"NEREC, Keiser",rel_sw_12in,104,0.377,0.516,0.921,0.397
"NEREC, Keiser",rel_sw_12in,105,0.374,0.506,0.829,0.394
"NEREC, Keiser",rel_sw_12in,106,0.372,0.485,0.779,0.391
"NEREC, Keiser",rel_sw_12in,107,0.369,0.466,0.811,0.388
"NEREC, Keiser",rel_sw_12in,108,0.367,0.467,0.893,0.423
"NEREC, Keiser",rel_sw_12in,109,0.387,0.462,0.847,0.403
"NEREC, Keiser",rel_sw_12in,110,0.41,0.472,0.803,0.4
"NEREC, Keiser",rel_sw_12in,111,0.409,0.49,0.759,0.396
"NEREC, Keiser",rel_sw_12in,112,0.405,0.5,0.717,0.393
"NEREC, Keiser",rel_sw_12in,113,0.402,0.481,0.703,0.39
"NEREC, Keiser",rel_sw_12in,114,0.398,0.479,0.804,0.42
"NEREC, Keiser",rel_sw_12in,115,0.395,0.491,0.811,0.402
"NEREC, Keiser",rel_sw_12in,116,0.392,0.481,0.82,0.398
"NEREC, Keiser",rel_sw_12in,117,0.398,0.494,0.933,0.438
"NEREC, Keiser",rel_sw_12in,118,0.405,0.478,0.981,0.585
"NEREC, Keiser",rel_sw_12in,119,0.402,0.497,0.988,0.713
"NEREC, Keiser",rel_sw_12in,120,0.399,0.52,0.94,0.662
"NEREC, Keiser",rel_sw_12in,121,0.396,0.5,0.953,0.609
"NEREC, Keiser",rel_sw_12in,122,0.393,0.502,0.997,0.565
"NEREC, Keiser",rel_sw_12in,123,0.394,0.5,0.975,0.53
"NEREC, Keiser",rel_sw_12in,124,0.391,0.508,0.919,0.504
"NEREC, Keiser",rel_sw_12in,125,0.388,0.505,0.904,0.602
"NEREC, Keiser",rel_sw_12in,126,0.385,0.49,0.855,0.662
"NEREC, Keiser",rel_sw_12in,127,0.385,0.483,0.814,0.597
"NEREC, Keiser",rel_sw_12in,128,0.383,0.469,0.831,0.544
"NEREC, Keiser",rel_sw_12in,129,0.38,0.488,0.818,0.51
"NEREC, Keiser",rel_sw_12in,130,0.385,0.49,0.842,0.484
"NEREC, Keiser",rel_sw_12in,131,0.39,0.474,0.9,0.465
"NEREC, Keiser",rel_sw_12in,132,0.388,0.471,0.984,0.451
"NEREC, Keiser",rel_sw_12in,133,0.385,0.478,0.979,0.44
"NEREC, Keiser",rel_sw_12in,134,0.383,0.467,0.955,0.432
"NEREC, Keiser",rel_sw_12in,135,0.381,0.465,0.976,0.426
"NEREC, Keiser",rel_sw_12in,136,0.379,0.452,0.955,0.421
"NEREC, Keiser",rel_sw_12in,137,0.377,0.445,0.96,0.416
"NEREC, Keiser",rel_sw_12in,138,0.375,0.444,0.961,0.413
"NEREC, Keiser",rel_sw_12in,139,0.375,0.45,0.943,0.507
"NEREC, Keiser",rel_sw_12in,140,0.372,0.452,0.907,0.586
"NEREC, Keiser",rel_sw_12in,141,0.37,0.458,0.864,0.556
"NEREC, Keiser",rel_sw_12in,142,0.368,0.441,0.841,0.67
"NEREC, Keiser",rel_sw_12in,143,0.383,0.434,0.829,0.634
"NEREC, Keiser",rel_sw_12in,144,0.385,0.456,0.89,0.619
"NEREC, Keiser",rel_sw_12in,145,0.381,0.446,0.961,0.567
"NEREC, Keiser",rel_sw_12in,146,0.378,0.452,0.937,0.543
"NEREC, Keiser",rel_sw_12in,147,0.399,0.479,0.885,0.509
"NEREC, Keiser",rel_sw_12in,148,0.421,0.475,0.846,0.493
"NEREC, Keiser",rel_sw_12in,149,0.423,0.476,0.812,0.509
"NEREC, Keiser",rel_sw_12in,150,0.418,0.466,0.779,0.499
"NEREC, Keiser",rel_sw_12in,151,0.42,0.469,0.752,0.462
"NEREC, Keiser",rel_sw_12in,152,0.422,0.475,0.721,0.439
"NEREC, Keiser",rel_sw_12in,153,0.421,0.476,0.707,0.445
"NEREC, Keiser",rel_sw_12in,154,0.416,0.469,0.683,0.424
"NEREC, Keiser",rel_sw_12in,155,0.414,0.477,0.66,0.437
"NEREC, Keiser",rel_sw_12in,156,0.424,0.464,0.663,0.416
"NEREC, Keiser",rel_sw_12in,157,0.418,0.475,0.652,0.44
"NEREC, Keiser",rel_sw_12in,158,0.416,0.452,0.672,0.5
"NEREC, Keiser",rel_sw_12in,159,0.413,0.454,0.693,0.485
"NEREC, Keiser",rel_sw_12in,160,0.412,0.453,0.746,0.454
"NEREC, Keiser",rel_sw_12in,161,0.408,0.479,0.751,0.43
"NEREC, Keiser",rel_sw_12in,162,0.411,0.474,0.67,0.43
"NEREC, Keiser",rel_sw_12in,163,0.405,0.465,0.657,0.596
"NEREC, Keiser",rel_sw_12in,164,0.403,0.46,0.632,0.72
"NEREC, Keiser",rel_sw_12in,165,0.392,0.453,0.688,0.693
"NEREC, Keiser",rel_sw_12in,166,0.399,0.434,0.628,0.623
"NEREC, Keiser",rel_sw_12in,167,0.394,0.443,0.634,0.555
"NEREC, Keiser",rel_sw_12in,168,0.399,0.435,0.72,0.508
"NEREC, Keiser",rel_sw_12in,169,0.396,0.432,0.71,0.485
"NEREC, Keiser",rel_sw_12in,170,0.394,0.443,0.66,0.451
"NEREC, Keiser",rel_sw_12in,171,0.384,0.443,0.592,0.427
"NEREC, Keiser",rel_sw_12in,172,0.391,0.443,0.586,0.464
"NEREC, Keiser",rel_sw_12in,173,0.369,0.433,0.566,0.662
"NEREC, Keiser",rel_sw_12in,174,0.377,0.442,0.633,0.606
"NEREC, Keiser",rel_sw_12in,175,0.369,0.437,0.583,0.556
"NEREC, Keiser",rel_sw_12in,176,0.378,0.433,0.59,0.511
"NEREC, Keiser",rel_sw_12in,177,0.372,0.44,0.643,0.487
"NEREC, Keiser",rel_sw_12in,178,0.386,0.443,0.632,0.456
"NEREC, Keiser",rel_sw_12in,179,0.361,0.438,0.627,0.424
"NEREC, Keiser",rel_sw_12in,180,0.368,0.439,0.732,0.435
"NEREC, Keiser",rel_sw_12in,181,0.352,0.434,0.694,0.401
"NEREC, Keiser",rel_sw_12in,182,0.356,0.439,0.69,0.435
"NEREC, Keiser",rel_sw_12in,183,0.352,0.427,0.73,0.418
"NEREC, Keiser",rel_sw_12in,184,0.348,0.422,0.672,0.402
"NEREC, Keiser",rel_sw_12in,185,0.356,0.423,0.652,0.435
"NEREC, Keiser",rel_sw_12in,186,0.328,0.444,0.69,0.449
"NEREC, Keiser",rel_sw_12in,187,0.335,0.437,0.627,0.443
"NEREC, Keiser",rel_sw_12in,188,0.34,0.433,0.581,0.447
"NEREC, Keiser",rel_sw_12in,189,0.331,0.416,0.575,0.446
"NEREC, Keiser",rel_sw_12in,190,0.336,0.427,0.671,0.434
"NEREC, Keiser",rel_sw_12in,191,0.341,0.429,0.612,0.422
"NEREC, Keiser",rel_sw_12in,192,0.349,0.433,0.648,0.438
"NEREC, Keiser",rel_sw_12in,193,0.36,0.423,0.681,0.457
"NEREC, Keiser",rel_sw_12in,194,0.335,0.428,0.735,0.437
"NEREC, Keiser",rel_sw_12in,195,0.345,0.444,0.762,0.433
"NEREC, Keiser",rel_sw_12in,196,0.348,0.44,0.683,0.506
"NEREC, Keiser",rel_sw_12in,197,0.348,0.422,0.785,0.515
"NEREC, Keiser",rel_sw_12in,198,0.345,0.426,0.729,0.493
"NEREC, Keiser",rel_sw_12in,199,0.355,0.417,0.653,0.46
"NEREC, Keiser",rel_sw_12in,200,0.35,0.417,0.582,0.438
"NEREC, Keiser",rel_sw_12in,201,0.358,0.396,0.549,0.429
"NEREC, Keiser",rel_sw_12in,202,0.324,0.41,0.639,0.409
"NEREC, Keiser",rel_sw_12in,203,0.349,0.409,0.647,0.424
"NEREC, Keiser",rel_sw_12in,204,0.347,0.411,0.705,0.395
"NEREC, Keiser",rel_sw_12in,205,0.339,0.424,0.681,0.421
"NEREC, Keiser",rel_sw_12in,206,0.34,0.404,0.65,0.46
"NEREC, Keiser",rel_sw_12in,207,0.329,0.417,0.635,0.433
"NEREC, Keiser",rel_sw_12in,208,0.355,0.413,0.673,0.401
"NEREC, Keiser",rel_sw_12in,209,0.33,0.425,0.701,0.375
"NEREC, Keiser",rel_sw_12in,210,0.339,0.425,0.778,0.408
"NEREC, Keiser",rel_sw_12in,211,0.322,0.426,0.778,0.377
"NEREC, Keiser",rel_sw_12in,212,0.336,0.425,0.77,0.413
"NEREC, Keiser",rel_sw_12in,213,0.329,0.419,0.693,0.399
"NEREC, Keiser",rel_sw_12in,214,0.344,0.406,0.622,NA
"NEREC, Keiser",rel_sw_12in,215,0.323,0.405,0.59,NA
"NEREC, Keiser",rel_sw_12in,216,0.329,0.407,0.622,NA
"NEREC, Keiser",rel_sw_12in,217,0.323,0.406,0.641,NA
"NEREC, Keiser",rel_sw_12in,218,0.32,0.401,0.643,NA
"NEREC, Keiser",rel_sw_12in,219,0.33,0.392,0.609,NA
"NEREC, Keiser",rel_sw_12in,220,0.344,0.414,0.679,NA
"NEREC, Keiser",rel_sw_12in,221,0.322,0.408,0.633,NA
"NEREC, Keiser",rel_sw_12in,222,0.32,0.394,0.707,NA
"NEREC, Keiser",rel_sw_12in,223,0.339,0.406,0.66,NA
"NEREC, Keiser",rel_sw_12in,224,0.336,0.399,0.625,NA
"NEREC, Keiser",rel_sw_12in,225,0.324,0.404,0.599,NA
"NEREC, Keiser",rel_sw_12in,226,0.331,0.394,0.582,NA
"NEREC, Keiser",rel_sw_12in,227,0.326,0.397,0.597,NA
"NEREC, Keiser",rel_sw_12in,228,0.321,0.391,0.661,NA
"NEREC, Keiser",rel_sw_12in,229,0.329,0.382,0.635,NA
"NEREC, Keiser",rel_sw_12in,230,0.329,0.399,0.605,NA
"NEREC, Keiser",rel_sw_12in,231,0.328,0.384,0.643,NA
"NEREC, Keiser",rel_sw_12in,232,0.325,0.405,0.622,NA
"NEREC, Keiser",rel_sw_12in,233,0.321,0.384,0.643,NA
"NEREC, Keiser",rel_sw_12in,234,0.319,0.395,0.587,NA
"NEREC, Keiser",rel_sw_12in,235,0.315,0.376,0.528,NA
"NEREC, Keiser",rel_sw_12in,236,0.331,0.379,0.544,NA
"NEREC, Keiser",rel_sw_12in,237,0.311,0.371,0.56,NA
"NEREC, Keiser",rel_sw_12in,238,0.319,0.38,0.527,NA
"NEREC, Keiser",rel_sw_12in,239,0.338,0.387,0.521,NA
"NEREC, Keiser",rel_sw_12in,240,0.329,0.381,0.543,NA
"NEREC, Keiser",rel_sw_12in,241,0.339,0.384,0.672,NA
"NEREC, Keiser",rel_sw_12in,242,0.325,0.385,0.664,NA
"NEREC, Keiser",rel_sw_12in,243,0.321,0.39,0.739,NA
"NEREC, Keiser",rel_sw_12in,244,0.326,0.394,0.746,NA
"NEREC, Keiser",rel_sw_12in,245,0.327,0.394,0.721,NA
"NEREC, Keiser",rel_sw_12in,246,0.325,0.399,0.741,NA
"NEREC, Keiser",rel_sw_12in,247,0.313,0.405,0.695,NA
"NEREC, Keiser",rel_sw_12in,248,0.337,0.405,0.628,NA
"NEREC, Keiser",rel_sw_12in,249,0.316,0.383,0.565,NA
"NEREC, Keiser",rel_sw_12in,250,0.327,0.396,0.521,NA
"NEREC, Keiser",rel_sw_12in,251,0.336,0.403,0.571,NA
"NEREC, Keiser",rel_sw_12in,252,0.314,0.403,0.703,NA
"NEREC, Keiser",rel_sw_12in,253,0.345,0.398,0.667,NA
"NEREC, Keiser",rel_sw_12in,254,0.346,0.406,0.673,NA
"NEREC, Keiser",rel_sw_12in,255,0.347,0.406,0.685,NA
"NEREC, Keiser",rel_sw_12in,256,0.353,0.413,0.662,NA
"NEREC, Keiser",rel_sw_12in,257,0.359,0.42,0.749,NA
"NEREC, Keiser",rel_sw_12in,258,0.335,0.419,0.739,NA
"NEREC, Keiser",rel_sw_12in,259,0.347,0.432,0.839,NA
"NEREC, Keiser",rel_sw_12in,260,0.342,0.44,0.847,NA
"NEREC, Keiser",rel_sw_12in,261,0.338,0.451,0.764,NA
"NEREC, Keiser",rel_sw_12in,262,0.334,0.442,0.72,NA
"NEREC, Keiser",rel_sw_12in,263,0.329,0.446,0.795,NA
"NEREC, Keiser",rel_sw_12in,264,0.324,0.447,0.727,NA
"NEREC, Keiser",rel_sw_12in,265,0.322,0.45,0.663,NA
"NEREC, Keiser",rel_sw_12in,266,0.327,0.464,0.714,NA
"NEREC, Keiser",rel_sw_12in,267,0.319,0.451,0.741,NA
"NEREC, Keiser",rel_sw_12in,268,0.319,0.452,0.707,NA
"NEREC, Keiser",rel_sw_12in,269,0.316,0.444,0.711,NA
"NEREC, Keiser",rel_sw_12in,270,0.312,0.436,0.676,NA
"NEREC, Keiser",rel_sw_12in,271,0.309,0.443,0.729,NA
"NEREC, Keiser",rel_sw_12in,272,0.306,0.447,0.68,NA
"NEREC, Keiser",rel_sw_12in,273,0.303,0.444,0.655,NA
"NEREC, Keiser",rel_sw_12in,274,0.3,0.444,0.623,NA
"NEREC, Keiser",rel_sw_12in,275,0.297,0.44,0.703,NA
"NEREC, Keiser",rel_sw_12in,276,0.294,0.438,0.651,NA
"NEREC, Keiser",rel_sw_12in,277,0.292,0.431,0.69,NA
"NEREC, Keiser",rel_sw_12in,278,0.289,0.431,0.643,NA
"NEREC, Keiser",rel_sw_12in,279,0.287,0.426,0.711,NA
"NEREC, Keiser",rel_sw_12in,280,0.284,0.425,0.729,NA
"NEREC, Keiser",rel_sw_12in,281,0.282,0.436,0.748,NA
"NEREC, Keiser",rel_sw_12in,282,0.28,0.436,0.819,NA
"NEREC, Keiser",rel_sw_12in,283,0.307,0.45,0.786,NA
"NEREC, Keiser",rel_sw_12in,284,0.313,0.444,0.748,NA
"NEREC, Keiser",rel_sw_12in,285,0.343,0.44,0.702,NA
"NEREC, Keiser",rel_sw_12in,286,0.329,0.439,0.818,NA
"NEREC, Keiser",rel_sw_12in,287,0.327,0.45,0.772,NA
"NEREC, Keiser",rel_sw_12in,288,0.325,0.475,0.705,NA
"NEREC, Keiser",rel_sw_12in,289,0.323,0.466,0.639,NA
"NEREC, Keiser",rel_sw_12in,290,0.32,0.468,0.671,NA
"NEREC, Keiser",rel_sw_12in,291,0.318,0.483,0.696,NA
"NEREC, Keiser",rel_sw_12in,292,0.316,0.474,0.638,NA
"NEREC, Keiser",rel_sw_12in,293,0.314,0.457,0.649,NA
"NEREC, Keiser",rel_sw_12in,294,0.312,0.451,0.615,NA
"NEREC, Keiser",rel_sw_12in,295,0.31,0.452,0.664,NA
"NEREC, Keiser",rel_sw_12in,296,0.308,0.441,0.738,NA
"NEREC, Keiser",rel_sw_12in,297,0.335,0.446,0.717,NA
"NEREC, Keiser",rel_sw_12in,298,0.332,0.458,0.737,NA
"NEREC, Keiser",rel_sw_12in,299,0.329,0.461,0.774,NA
"NEREC, Keiser",rel_sw_12in,300,0.327,0.474,0.723,NA
"NEREC, Keiser",rel_sw_12in,301,0.359,0.489,0.735,NA
"NEREC, Keiser",rel_sw_12in,302,0.357,0.486,0.776,NA
"NEREC, Keiser",rel_sw_12in,303,0.355,0.479,0.838,NA
"NEREC, Keiser",rel_sw_12in,304,0.354,0.477,0.764,NA
"NEREC, Keiser",rel_sw_12in,305,0.352,0.487,0.798,NA
"NEREC, Keiser",rel_sw_12in,306,0.35,0.483,0.724,NA
"NEREC, Keiser",rel_sw_12in,307,0.348,0.476,0.82,NA
"NEREC, Keiser",rel_sw_12in,308,0.346,0.471,0.779,NA
"NEREC, Keiser",rel_sw_12in,309,0.352,0.472,0.72,NA
"NEREC, Keiser",rel_sw_12in,310,0.356,0.49,0.69,NA
"NEREC, Keiser",rel_sw_12in,311,0.346,0.477,0.776,NA
"NEREC, Keiser",rel_sw_12in,312,0.345,0.467,0.818,NA
"NEREC, Keiser",rel_sw_12in,313,0.347,0.481,0.766,NA
"NEREC, Keiser",rel_sw_12in,314,0.343,0.474,0.75,NA
"NEREC, Keiser",rel_sw_12in,315,0.341,0.467,0.781,NA
"NEREC, Keiser",rel_sw_12in,316,0.339,0.468,0.707,NA
"NEREC, Keiser",rel_sw_12in,317,0.365,0.479,0.646,NA
"NEREC, Keiser",rel_sw_12in,318,0.362,0.475,0.679,NA
"NEREC, Keiser",rel_sw_12in,319,0.36,0.498,0.697,NA
"NEREC, Keiser",rel_sw_12in,320,0.36,0.491,0.793,NA
"NEREC, Keiser",rel_sw_12in,321,0.358,0.48,0.839,NA
"NEREC, Keiser",rel_sw_12in,322,0.356,0.478,0.883,NA
"NEREC, Keiser",rel_sw_12in,323,0.395,0.464,0.813,NA
"NEREC, Keiser",rel_sw_12in,324,0.413,0.472,0.888,NA
"NEREC, Keiser",rel_sw_12in,325,0.402,0.482,0.869,NA
"NEREC, Keiser",rel_sw_12in,326,0.399,0.489,0.795,NA
"NEREC, Keiser",rel_sw_12in,327,0.4,0.488,0.72,NA
"NEREC, Keiser",rel_sw_12in,328,0.414,0.496,0.669,NA
"NEREC, Keiser",rel_sw_12in,329,0.409,0.511,0.717,NA
"NEREC, Keiser",rel_sw_12in,330,0.404,0.499,0.717,NA
"NEREC, Keiser",rel_sw_12in,331,0.4,0.505,0.743,NA
"NEREC, Keiser",rel_sw_12in,332,0.396,0.492,0.827,NA
"NEREC, Keiser",rel_sw_12in,333,0.392,0.504,0.975,NA
"NEREC, Keiser",rel_sw_12in,334,0.389,0.517,0.897,NA
"NEREC, Keiser",rel_sw_12in,335,0.386,0.509,0.816,NA
"NEREC, Keiser",rel_sw_12in,336,0.382,0.497,0.878,NA
"NEREC, Keiser",rel_sw_12in,337,0.379,0.495,0.812,NA
"NEREC, Keiser",rel_sw_12in,338,0.377,0.495,0.784,NA
"NEREC, Keiser",rel_sw_12in,339,0.4,0.505,0.871,NA
"NEREC, Keiser",rel_sw_12in,340,0.397,0.494,0.814,NA
"NEREC, Keiser",rel_sw_12in,341,0.396,0.498,0.803,NA
"NEREC, Keiser",rel_sw_12in,342,0.393,0.491,0.761,NA
"NEREC, Keiser",rel_sw_12in,343,0.415,0.506,0.759,NA
"NEREC, Keiser",rel_sw_12in,344,0.411,0.512,0.789,NA
"NEREC, Keiser",rel_sw_12in,345,0.407,0.501,0.737,NA
"NEREC, Keiser",rel_sw_12in,346,0.418,0.515,0.808,NA
"NEREC, Keiser",rel_sw_12in,347,0.414,0.539,0.903,NA
"NEREC, Keiser",rel_sw_12in,348,0.41,0.524,0.9,NA
"NEREC, Keiser",rel_sw_12in,349,0.407,0.512,0.917,NA
"NEREC, Keiser",rel_sw_12in,350,0.404,0.515,0.999,NA
"NEREC, Keiser",rel_sw_12in,351,0.401,0.513,0.996,NA
"NEREC, Keiser",rel_sw_12in,352,0.398,0.507,0.959,NA
"NEREC, Keiser",rel_sw_12in,353,0.395,0.497,0.928,NA
"NEREC, Keiser",rel_sw_12in,354,0.392,0.498,0.897,NA
"NEREC, Keiser",rel_sw_12in,355,0.407,0.515,0.997,NA
"NEREC, Keiser",rel_sw_12in,356,0.403,0.509,0.998,NA
"NEREC, Keiser",rel_sw_12in,357,0.414,0.522,0.97,NA
"NEREC, Keiser",rel_sw_12in,358,0.429,0.533,0.934,NA
"NEREC, Keiser",rel_sw_12in,359,0.425,0.522,0.908,NA
"NEREC, Keiser",rel_sw_12in,360,0.42,0.514,0.991,NA
"NEREC, Keiser",rel_sw_12in,361,0.412,0.508,1,NA
"NEREC, Keiser",rel_sw_12in,362,0.413,0.535,0.975,NA
"NEREC, Keiser",rel_sw_12in,363,0.412,0.522,0.996,NA
"NEREC, Keiser",rel_sw_12in,364,0.407,0.514,0.998,NA
"NEREC, Keiser",rel_sw_12in,365,0.407,0.516,0.972,NA
"NEREC, Keiser",rel_sw_12in,366,0.456,0.538,0.775,NA
"NEREC, Keiser",rel_sw_24in,1,0.458,0.463,0.536,0.459
"NEREC, Keiser",rel_sw_24in,2,0.455,0.463,0.563,0.473
"NEREC, Keiser",rel_sw_24in,3,0.452,0.467,0.633,0.47
"NEREC, Keiser",rel_sw_24in,4,0.451,0.476,0.628,0.467
"NEREC, Keiser",rel_sw_24in,5,0.446,0.495,0.621,0.462
"NEREC, Keiser",rel_sw_24in,6,0.442,0.503,0.615,0.457
"NEREC, Keiser",rel_sw_24in,7,0.441,0.503,0.645,0.452
"NEREC, Keiser",rel_sw_24in,8,0.436,0.503,0.642,0.453
"NEREC, Keiser",rel_sw_24in,9,0.438,0.504,0.634,0.462
"NEREC, Keiser",rel_sw_24in,10,0.438,0.526,0.656,0.482
"NEREC, Keiser",rel_sw_24in,11,0.434,0.525,0.689,0.477
"NEREC, Keiser",rel_sw_24in,12,0.429,0.521,0.681,0.472
"NEREC, Keiser",rel_sw_24in,13,0.427,0.522,0.737,0.466
"NEREC, Keiser",rel_sw_24in,14,0.423,0.507,0.781,0.469
"NEREC, Keiser",rel_sw_24in,15,0.421,0.51,0.767,0.465
"NEREC, Keiser",rel_sw_24in,16,0.419,0.514,0.746,0.466
"NEREC, Keiser",rel_sw_24in,17,0.437,0.516,0.727,0.463
"NEREC, Keiser",rel_sw_24in,18,0.437,0.538,0.706,0.46
"NEREC, Keiser",rel_sw_24in,19,0.435,0.536,0.682,0.458
"NEREC, Keiser",rel_sw_24in,20,0.439,0.525,0.664,0.452
"NEREC, Keiser",rel_sw_24in,21,0.44,0.527,0.677,0.479
"NEREC, Keiser",rel_sw_24in,22,0.438,0.54,0.656,0.474
"NEREC, Keiser",rel_sw_24in,23,0.434,0.539,0.661,0.472
"NEREC, Keiser",rel_sw_24in,24,0.431,0.534,0.649,0.506
"NEREC, Keiser",rel_sw_24in,25,0.43,0.546,0.661,0.545
"NEREC, Keiser",rel_sw_24in,26,0.435,0.538,0.648,0.543
"NEREC, Keiser",rel_sw_24in,27,0.432,0.538,0.712,0.54
"NEREC, Keiser",rel_sw_24in,28,0.43,0.523,0.694,0.534
"NEREC, Keiser",rel_sw_24in,29,0.428,0.522,0.673,0.526
"NEREC, Keiser",rel_sw_24in,30,0.425,0.528,0.693,0.519
"NEREC, Keiser",rel_sw_24in,31,0.424,0.521,0.685,0.512
"NEREC, Keiser",rel_sw_24in,32,0.436,0.52,0.671,0.504
"NEREC, Keiser",rel_sw_24in,33,0.443,0.525,0.719,0.5
"NEREC, Keiser",rel_sw_24in,34,0.439,0.53,0.801,0.522
"NEREC, Keiser",rel_sw_24in,35,0.44,0.53,0.783,0.514
"NEREC, Keiser",rel_sw_24in,36,0.435,0.531,0.761,0.506
"NEREC, Keiser",rel_sw_24in,37,0.431,0.538,0.738,0.495
"NEREC, Keiser",rel_sw_24in,38,0.428,0.54,0.714,0.484
"NEREC, Keiser",rel_sw_24in,39,0.426,0.533,0.702,0.477
"NEREC, Keiser",rel_sw_24in,40,0.423,0.522,0.747,0.468
"NEREC, Keiser",rel_sw_24in,41,0.428,0.524,0.759,0.465
"NEREC, Keiser",rel_sw_24in,42,0.431,0.524,0.744,0.462
"NEREC, Keiser",rel_sw_24in,43,0.431,0.525,0.775,0.454
"NEREC, Keiser",rel_sw_24in,44,0.428,0.526,0.756,0.449
"NEREC, Keiser",rel_sw_24in,45,0.426,0.525,0.736,0.486
"NEREC, Keiser",rel_sw_24in,46,0.425,0.535,0.799,0.566
"NEREC, Keiser",rel_sw_24in,47,0.43,0.53,0.78,0.557
"NEREC, Keiser",rel_sw_24in,48,0.427,0.53,0.806,0.552
"NEREC, Keiser",rel_sw_24in,49,0.426,0.526,0.791,0.544
"NEREC, Keiser",rel_sw_24in,50,0.442,0.52,0.788,0.533
"NEREC, Keiser",rel_sw_24in,51,0.438,0.517,0.858,0.522
"NEREC, Keiser",rel_sw_24in,52,0.442,0.523,0.837,0.513
"NEREC, Keiser",rel_sw_24in,53,0.432,0.525,0.853,0.502
"NEREC, Keiser",rel_sw_24in,54,0.443,0.53,0.877,0.491
"NEREC, Keiser",rel_sw_24in,55,0.44,0.527,0.855,0.481
"NEREC, Keiser",rel_sw_24in,56,0.437,0.532,0.837,0.475
"NEREC, Keiser",rel_sw_24in,57,0.437,0.545,0.817,0.467
"NEREC, Keiser",rel_sw_24in,58,0.436,0.54,0.8,0.46
"NEREC, Keiser",rel_sw_24in,59,0.433,0.53,0.839,0.454
"NEREC, Keiser",rel_sw_24in,60,0.43,0.529,0.863,0.449
"NEREC, Keiser",rel_sw_24in,61,0.429,0.535,0.84,0.45
"NEREC, Keiser",rel_sw_24in,62,0.426,0.525,0.817,0.442
"NEREC, Keiser",rel_sw_24in,63,0.423,0.524,0.798,0.439
"NEREC, Keiser",rel_sw_24in,64,0.421,0.529,0.838,0.436
"NEREC, Keiser",rel_sw_24in,65,0.419,0.518,0.825,0.434
"NEREC, Keiser",rel_sw_24in,66,0.417,0.509,0.811,0.511
"NEREC, Keiser",rel_sw_24in,67,0.416,0.515,0.796,0.524
"NEREC, Keiser",rel_sw_24in,68,0.414,0.53,0.78,0.552
"NEREC, Keiser",rel_sw_24in,69,0.423,0.523,0.76,0.549
"NEREC, Keiser",rel_sw_24in,70,0.438,0.521,0.748,0.595
"NEREC, Keiser",rel_sw_24in,71,0.435,0.53,0.728,0.581
"NEREC, Keiser",rel_sw_24in,72,0.436,0.541,0.78,0.565
"NEREC, Keiser",rel_sw_24in,73,0.432,0.534,0.801,0.552
"NEREC, Keiser",rel_sw_24in,74,0.432,0.534,0.81,0.582
"NEREC, Keiser",rel_sw_24in,75,0.429,0.528,0.782,0.564
"NEREC, Keiser",rel_sw_24in,76,0.427,0.537,0.759,0.546
"NEREC, Keiser",rel_sw_24in,77,0.425,0.531,0.739,0.527
"NEREC, Keiser",rel_sw_24in,78,0.427,0.518,0.755,0.513
"NEREC, Keiser",rel_sw_24in,79,0.424,0.509,0.794,0.5
"NEREC, Keiser",rel_sw_24in,80,0.422,0.522,0.77,0.488
"NEREC, Keiser",rel_sw_24in,81,0.421,0.525,0.749,0.477
"NEREC, Keiser",rel_sw_24in,82,0.419,0.521,0.723,0.468
"NEREC, Keiser",rel_sw_24in,83,0.418,0.531,0.702,0.459
"NEREC, Keiser",rel_sw_24in,84,0.417,0.524,0.734,0.452
"NEREC, Keiser",rel_sw_24in,85,0.415,0.518,0.717,0.447
"NEREC, Keiser",rel_sw_24in,86,0.433,0.519,0.693,0.442
"NEREC, Keiser",rel_sw_24in,87,0.438,0.523,0.682,0.437
"NEREC, Keiser",rel_sw_24in,88,0.432,0.524,0.695,0.434
"NEREC, Keiser",rel_sw_24in,89,0.43,0.533,0.734,0.431
"NEREC, Keiser",rel_sw_24in,90,0.434,0.524,0.77,0.428
"NEREC, Keiser",rel_sw_24in,91,0.431,0.51,0.748,0.426
"NEREC, Keiser",rel_sw_24in,92,0.428,0.508,0.728,0.431
"NEREC, Keiser",rel_sw_24in,93,0.426,0.523,0.71,0.424
"NEREC, Keiser",rel_sw_24in,94,0.441,0.53,0.763,0.471
"NEREC, Keiser",rel_sw_24in,95,0.438,0.533,0.839,0.458
"NEREC, Keiser",rel_sw_24in,96,0.439,0.531,0.861,0.453
"NEREC, Keiser",rel_sw_24in,97,0.438,0.533,0.834,0.449
"NEREC, Keiser",rel_sw_24in,98,0.434,0.524,0.808,0.445
"NEREC, Keiser",rel_sw_24in,99,0.431,0.509,0.787,0.442
"NEREC, Keiser",rel_sw_24in,100,0.428,0.513,0.768,0.44
"NEREC, Keiser",rel_sw_24in,101,0.425,0.51,0.766,0.437
"NEREC, Keiser",rel_sw_24in,102,0.423,0.515,0.766,0.435
"NEREC, Keiser",rel_sw_24in,103,0.421,0.528,0.764,0.432
"NEREC, Keiser",rel_sw_24in,104,0.42,0.532,0.825,0.43
"NEREC, Keiser",rel_sw_24in,105,0.418,0.532,0.797,0.428
"NEREC, Keiser",rel_sw_24in,106,0.416,0.518,0.767,0.426
"NEREC, Keiser",rel_sw_24in,107,0.415,0.51,0.779,0.425
"NEREC, Keiser",rel_sw_24in,108,0.414,0.502,0.818,0.442
"NEREC, Keiser",rel_sw_24in,109,0.424,0.49,0.794,0.432
"NEREC, Keiser",rel_sw_24in,110,0.446,0.496,0.773,0.43
"NEREC, Keiser",rel_sw_24in,111,0.442,0.514,0.752,0.428
"NEREC, Keiser",rel_sw_24in,112,0.438,0.511,0.734,0.427
"NEREC, Keiser",rel_sw_24in,113,0.435,0.508,0.716,0.425
"NEREC, Keiser",rel_sw_24in,114,0.432,0.515,0.7,0.44
"NEREC, Keiser",rel_sw_24in,115,0.43,0.522,0.716,0.431
"NEREC, Keiser",rel_sw_24in,116,0.428,0.519,0.756,0.429
"NEREC, Keiser",rel_sw_24in,117,0.43,0.515,0.808,0.449
"NEREC, Keiser",rel_sw_24in,118,0.437,0.508,0.865,0.528
"NEREC, Keiser",rel_sw_24in,119,0.434,0.524,0.869,0.604
"NEREC, Keiser",rel_sw_24in,120,0.436,0.539,0.845,0.596
"NEREC, Keiser",rel_sw_24in,121,0.434,0.534,0.851,0.587
"NEREC, Keiser",rel_sw_24in,122,0.431,0.527,0.871,0.578
"NEREC, Keiser",rel_sw_24in,123,0.429,0.537,0.859,0.567
"NEREC, Keiser",rel_sw_24in,124,0.427,0.545,0.832,0.555
"NEREC, Keiser",rel_sw_24in,125,0.425,0.539,0.827,0.606
"NEREC, Keiser",rel_sw_24in,126,0.424,0.526,0.802,0.641
"NEREC, Keiser",rel_sw_24in,127,0.424,0.521,0.783,0.615
"NEREC, Keiser",rel_sw_24in,128,0.422,0.525,0.79,0.592
"NEREC, Keiser",rel_sw_24in,129,0.421,0.523,0.784,0.574
"NEREC, Keiser",rel_sw_24in,130,0.423,0.514,0.795,0.557
"NEREC, Keiser",rel_sw_24in,131,0.426,0.512,0.825,0.54
"NEREC, Keiser",rel_sw_24in,132,0.425,0.52,0.867,0.524
"NEREC, Keiser",rel_sw_24in,133,0.423,0.512,0.864,0.509
"NEREC, Keiser",rel_sw_24in,134,0.422,0.505,0.852,0.495
"NEREC, Keiser",rel_sw_24in,135,0.421,0.498,0.862,0.483
"NEREC, Keiser",rel_sw_24in,136,0.42,0.493,0.852,0.473
"NEREC, Keiser",rel_sw_24in,137,0.419,0.488,0.854,0.464
"NEREC, Keiser",rel_sw_24in,138,0.418,0.487,0.855,0.456
"NEREC, Keiser",rel_sw_24in,139,0.417,0.487,0.846,0.501
"NEREC, Keiser",rel_sw_24in,140,0.416,0.478,0.828,0.545
"NEREC, Keiser",rel_sw_24in,141,0.415,0.503,0.806,0.536
"NEREC, Keiser",rel_sw_24in,142,0.414,0.495,0.795,0.605
"NEREC, Keiser",rel_sw_24in,143,0.422,0.486,0.789,0.602
"NEREC, Keiser",rel_sw_24in,144,0.425,0.489,0.819,0.609
"NEREC, Keiser",rel_sw_24in,145,0.422,0.478,0.855,0.594
"NEREC, Keiser",rel_sw_24in,146,0.42,0.494,0.843,0.588
"NEREC, Keiser",rel_sw_24in,147,0.437,0.512,0.817,0.571
"NEREC, Keiser",rel_sw_24in,148,0.442,0.519,0.798,0.561
"NEREC, Keiser",rel_sw_24in,149,0.445,0.507,0.78,0.564
"NEREC, Keiser",rel_sw_24in,150,0.444,0.507,0.764,0.553
"NEREC, Keiser",rel_sw_24in,151,0.442,0.506,0.751,0.528
"NEREC, Keiser",rel_sw_24in,152,0.448,0.511,0.735,0.509
"NEREC, Keiser",rel_sw_24in,153,0.447,0.513,0.728,0.504
"NEREC, Keiser",rel_sw_24in,154,0.448,0.509,0.716,0.485
"NEREC, Keiser",rel_sw_24in,155,0.438,0.506,0.695,0.484
"NEREC, Keiser",rel_sw_24in,156,0.444,0.497,0.679,0.467
"NEREC, Keiser",rel_sw_24in,157,0.441,0.512,0.663,0.473
"NEREC, Keiser",rel_sw_24in,158,0.44,0.505,0.647,0.5
"NEREC, Keiser",rel_sw_24in,159,0.447,0.49,0.643,0.492
"NEREC, Keiser",rel_sw_24in,160,0.441,0.496,0.684,0.477
"NEREC, Keiser",rel_sw_24in,161,0.441,0.496,0.704,0.464
"NEREC, Keiser",rel_sw_24in,162,0.444,0.489,0.68,0.461
"NEREC, Keiser",rel_sw_24in,163,0.433,0.498,0.687,0.548
"NEREC, Keiser",rel_sw_24in,164,0.434,0.489,0.66,0.62
"NEREC, Keiser",rel_sw_24in,165,0.426,0.481,0.658,0.624
"NEREC, Keiser",rel_sw_24in,166,0.43,0.472,0.634,0.605
"NEREC, Keiser",rel_sw_24in,167,0.434,0.478,0.607,0.582
"NEREC, Keiser",rel_sw_24in,168,0.433,0.475,0.635,0.562
"NEREC, Keiser",rel_sw_24in,169,0.429,0.484,0.66,0.548
"NEREC, Keiser",rel_sw_24in,170,0.431,0.469,0.663,0.523
"NEREC, Keiser",rel_sw_24in,171,0.414,0.475,0.634,0.499
"NEREC, Keiser",rel_sw_24in,172,0.421,0.466,0.601,0.505
"NEREC, Keiser",rel_sw_24in,173,0.397,0.463,0.571,0.6
"NEREC, Keiser",rel_sw_24in,174,0.402,0.463,0.544,0.573
"NEREC, Keiser",rel_sw_24in,175,0.399,0.453,0.53,0.551
"NEREC, Keiser",rel_sw_24in,176,0.397,0.451,0.541,0.527
"NEREC, Keiser",rel_sw_24in,177,0.389,0.449,0.56,0.513
"NEREC, Keiser",rel_sw_24in,178,0.382,0.441,0.567,0.492
"NEREC, Keiser",rel_sw_24in,179,0.361,0.438,0.578,0.465
"NEREC, Keiser",rel_sw_24in,180,0.364,0.429,0.604,0.458
"NEREC, Keiser",rel_sw_24in,181,0.342,0.428,0.6,0.429
"NEREC, Keiser",rel_sw_24in,182,0.339,0.421,0.603,0.436
"NEREC, Keiser",rel_sw_24in,183,0.327,0.417,0.63,0.419
"NEREC, Keiser",rel_sw_24in,184,0.319,0.416,0.615,0.402
"NEREC, Keiser",rel_sw_24in,185,0.315,0.4,0.604,0.411
"NEREC, Keiser",rel_sw_24in,186,0.293,0.401,0.589,0.41
"NEREC, Keiser",rel_sw_24in,187,0.288,0.4,0.578,0.4
"NEREC, Keiser",rel_sw_24in,188,0.287,0.384,0.569,0.397
"NEREC, Keiser",rel_sw_24in,189,0.274,0.367,0.555,0.39
"NEREC, Keiser",rel_sw_24in,190,0.285,0.366,0.541,0.377
"NEREC, Keiser",rel_sw_24in,191,0.267,0.366,0.512,0.365
"NEREC, Keiser",rel_sw_24in,192,0.277,0.373,0.491,0.368
"NEREC, Keiser",rel_sw_24in,193,0.274,0.37,0.473,0.372
"NEREC, Keiser",rel_sw_24in,194,0.256,0.367,0.528,0.356
"NEREC, Keiser",rel_sw_24in,195,0.257,0.377,0.558,0.349
"NEREC, Keiser",rel_sw_24in,196,0.251,0.365,0.538,0.382
"NEREC, Keiser",rel_sw_24in,197,0.245,0.343,0.543,0.383
"NEREC, Keiser",rel_sw_24in,198,0.254,0.334,0.535,0.369
"NEREC, Keiser",rel_sw_24in,199,0.247,0.325,0.519,0.349
"NEREC, Keiser",rel_sw_24in,200,0.241,0.324,0.502,0.332
"NEREC, Keiser",rel_sw_24in,201,0.24,0.315,0.484,0.322
"NEREC, Keiser",rel_sw_24in,202,0.219,0.307,0.505,0.307
"NEREC, Keiser",rel_sw_24in,203,0.227,0.31,0.503,0.31
"NEREC, Keiser",rel_sw_24in,204,0.223,0.303,0.527,0.291
"NEREC, Keiser",rel_sw_24in,205,0.22,0.296,0.529,0.302
"NEREC, Keiser",rel_sw_24in,206,0.222,0.292,0.532,0.318
"NEREC, Keiser",rel_sw_24in,207,0.215,0.288,0.529,0.3
"NEREC, Keiser",rel_sw_24in,208,0.223,0.295,0.512,0.279
"NEREC, Keiser",rel_sw_24in,209,0.22,0.314,0.53,0.263
"NEREC, Keiser",rel_sw_24in,210,0.215,0.312,0.539,0.276
"NEREC, Keiser",rel_sw_24in,211,0.213,0.307,0.623,0.257
"NEREC, Keiser",rel_sw_24in,212,0.209,0.301,0.607,0.271
"NEREC, Keiser",rel_sw_24in,213,0.204,0.285,0.619,0.261
"NEREC, Keiser",rel_sw_24in,214,0.205,0.282,0.595,NA
"NEREC, Keiser",rel_sw_24in,215,0.203,0.27,0.567,NA
"NEREC, Keiser",rel_sw_24in,216,0.193,0.273,0.609,NA
"NEREC, Keiser",rel_sw_24in,217,0.187,0.272,0.588,NA
"NEREC, Keiser",rel_sw_24in,218,0.199,0.276,0.559,NA
"NEREC, Keiser",rel_sw_24in,219,0.19,0.269,0.576,NA
"NEREC, Keiser",rel_sw_24in,220,0.199,0.262,0.618,NA
"NEREC, Keiser",rel_sw_24in,221,0.188,0.268,0.598,NA
"NEREC, Keiser",rel_sw_24in,222,0.179,0.267,0.604,NA
"NEREC, Keiser",rel_sw_24in,223,0.192,0.254,0.625,NA
"NEREC, Keiser",rel_sw_24in,224,0.189,0.25,0.615,NA
"NEREC, Keiser",rel_sw_24in,225,0.183,0.264,0.597,NA
"NEREC, Keiser",rel_sw_24in,226,0.184,0.247,0.576,NA
"NEREC, Keiser",rel_sw_24in,227,0.181,0.252,0.548,NA
"NEREC, Keiser",rel_sw_24in,228,0.177,0.261,0.518,NA
"NEREC, Keiser",rel_sw_24in,229,0.184,0.247,0.49,NA
"NEREC, Keiser",rel_sw_24in,230,0.181,0.255,0.462,NA
"NEREC, Keiser",rel_sw_24in,231,0.18,0.239,0.462,NA
"NEREC, Keiser",rel_sw_24in,232,0.175,0.243,0.439,NA
"NEREC, Keiser",rel_sw_24in,233,0.171,0.249,0.438,NA
"NEREC, Keiser",rel_sw_24in,234,0.168,0.249,0.42,NA
"NEREC, Keiser",rel_sw_24in,235,0.166,0.247,0.418,NA
"NEREC, Keiser",rel_sw_24in,236,0.18,0.238,0.397,NA
"NEREC, Keiser",rel_sw_24in,237,0.163,0.236,0.396,NA
"NEREC, Keiser",rel_sw_24in,238,0.173,0.229,0.375,NA
"NEREC, Keiser",rel_sw_24in,239,0.178,0.23,0.378,NA
"NEREC, Keiser",rel_sw_24in,240,0.171,0.231,0.358,NA
"NEREC, Keiser",rel_sw_24in,241,0.176,0.231,0.367,NA
"NEREC, Keiser",rel_sw_24in,242,0.167,0.23,0.369,NA
"NEREC, Keiser",rel_sw_24in,243,0.167,0.244,0.401,NA
"NEREC, Keiser",rel_sw_24in,244,0.172,0.237,0.425,NA
"NEREC, Keiser",rel_sw_24in,245,0.174,0.237,0.438,NA
"NEREC, Keiser",rel_sw_24in,246,0.167,0.232,0.478,NA
"NEREC, Keiser",rel_sw_24in,247,0.162,0.235,0.486,NA
"NEREC, Keiser",rel_sw_24in,248,0.174,0.232,0.481,NA
"NEREC, Keiser",rel_sw_24in,249,0.163,0.233,0.473,NA
"NEREC, Keiser",rel_sw_24in,250,0.167,0.226,0.464,NA
"NEREC, Keiser",rel_sw_24in,251,0.178,0.231,0.455,NA
"NEREC, Keiser",rel_sw_24in,252,0.16,0.234,0.45,NA
"NEREC, Keiser",rel_sw_24in,253,0.177,0.236,0.448,NA
"NEREC, Keiser",rel_sw_24in,254,0.176,0.238,0.463,NA
"NEREC, Keiser",rel_sw_24in,255,0.177,0.236,0.458,NA
"NEREC, Keiser",rel_sw_24in,256,0.179,0.236,0.504,NA
"NEREC, Keiser",rel_sw_24in,257,0.184,0.245,0.506,NA
"NEREC, Keiser",rel_sw_24in,258,0.171,0.257,0.497,NA
"NEREC, Keiser",rel_sw_24in,259,0.183,0.259,0.489,NA
"NEREC, Keiser",rel_sw_24in,260,0.179,0.264,0.51,NA
"NEREC, Keiser",rel_sw_24in,261,0.176,0.281,0.539,NA
"NEREC, Keiser",rel_sw_24in,262,0.173,0.291,0.559,NA
"NEREC, Keiser",rel_sw_24in,263,0.17,0.311,0.591,NA
"NEREC, Keiser",rel_sw_24in,264,0.168,0.309,0.606,NA
"NEREC, Keiser",rel_sw_24in,265,0.193,0.308,0.615,NA
"NEREC, Keiser",rel_sw_24in,266,0.185,0.306,0.625,NA
"NEREC, Keiser",rel_sw_24in,267,0.181,0.304,0.651,NA
"NEREC, Keiser",rel_sw_24in,268,0.177,0.31,0.639,NA
"NEREC, Keiser",rel_sw_24in,269,0.175,0.307,0.629,NA
"NEREC, Keiser",rel_sw_24in,270,0.172,0.315,0.651,NA
"NEREC, Keiser",rel_sw_24in,271,0.183,0.307,0.639,NA
"NEREC, Keiser",rel_sw_24in,272,0.181,0.305,0.619,NA
"NEREC, Keiser",rel_sw_24in,273,0.18,0.321,0.604,NA
"NEREC, Keiser",rel_sw_24in,274,0.178,0.321,0.59,NA
"NEREC, Keiser",rel_sw_24in,275,0.177,0.326,0.576,NA
"NEREC, Keiser",rel_sw_24in,276,0.176,0.342,0.574,NA
"NEREC, Keiser",rel_sw_24in,277,0.175,0.342,0.574,NA
"NEREC, Keiser",rel_sw_24in,278,0.173,0.35,0.569,NA
"NEREC, Keiser",rel_sw_24in,279,0.172,0.364,0.562,NA
"NEREC, Keiser",rel_sw_24in,280,0.171,0.367,0.564,NA
"NEREC, Keiser",rel_sw_24in,281,0.17,0.364,0.556,NA
"NEREC, Keiser",rel_sw_24in,282,0.169,0.391,0.616,NA
"NEREC, Keiser",rel_sw_24in,283,0.179,0.394,0.698,NA
"NEREC, Keiser",rel_sw_24in,284,0.177,0.403,0.687,NA
"NEREC, Keiser",rel_sw_24in,285,0.185,0.406,0.672,NA
"NEREC, Keiser",rel_sw_24in,286,0.178,0.403,0.652,NA
"NEREC, Keiser",rel_sw_24in,287,0.177,0.4,0.64,NA
"NEREC, Keiser",rel_sw_24in,288,0.176,0.429,0.64,NA
"NEREC, Keiser",rel_sw_24in,289,0.175,0.433,0.623,NA
"NEREC, Keiser",rel_sw_24in,290,0.174,0.433,0.604,NA
"NEREC, Keiser",rel_sw_24in,291,0.173,0.434,0.595,NA
"NEREC, Keiser",rel_sw_24in,292,0.172,0.432,0.592,NA
"NEREC, Keiser",rel_sw_24in,293,0.171,0.43,0.587,NA
"NEREC, Keiser",rel_sw_24in,294,0.17,0.442,0.578,NA
"NEREC, Keiser",rel_sw_24in,295,0.17,0.44,0.651,NA
"NEREC, Keiser",rel_sw_24in,296,0.169,0.438,0.699,NA
"NEREC, Keiser",rel_sw_24in,297,0.199,0.457,0.701,NA
"NEREC, Keiser",rel_sw_24in,298,0.21,0.461,0.725,NA
"NEREC, Keiser",rel_sw_24in,299,0.236,0.456,0.707,NA
"NEREC, Keiser",rel_sw_24in,300,0.235,0.467,0.679,NA
"NEREC, Keiser",rel_sw_24in,301,0.237,0.477,0.691,NA
"NEREC, Keiser",rel_sw_24in,302,0.232,0.473,0.714,NA
"NEREC, Keiser",rel_sw_24in,303,0.226,0.469,0.758,NA
"NEREC, Keiser",rel_sw_24in,304,0.223,0.473,0.738,NA
"NEREC, Keiser",rel_sw_24in,305,0.22,0.473,0.716,NA
"NEREC, Keiser",rel_sw_24in,306,0.262,0.469,0.732,NA
"NEREC, Keiser",rel_sw_24in,307,0.27,0.466,0.715,NA
"NEREC, Keiser",rel_sw_24in,308,0.264,0.468,0.717,NA
"NEREC, Keiser",rel_sw_24in,309,0.26,0.465,0.705,NA
"NEREC, Keiser",rel_sw_24in,310,0.255,0.485,0.684,NA
"NEREC, Keiser",rel_sw_24in,311,0.25,0.485,0.691,NA
"NEREC, Keiser",rel_sw_24in,312,0.244,0.483,0.679,NA
"NEREC, Keiser",rel_sw_24in,313,0.24,0.489,0.664,NA
"NEREC, Keiser",rel_sw_24in,314,0.238,0.483,0.682,NA
"NEREC, Keiser",rel_sw_24in,315,0.235,0.487,0.725,NA
"NEREC, Keiser",rel_sw_24in,316,0.233,0.48,0.716,NA
"NEREC, Keiser",rel_sw_24in,317,0.251,0.486,0.707,NA
"NEREC, Keiser",rel_sw_24in,318,0.246,0.485,0.706,NA
"NEREC, Keiser",rel_sw_24in,319,0.258,0.499,0.688,NA
"NEREC, Keiser",rel_sw_24in,320,0.307,0.513,0.685,NA
"NEREC, Keiser",rel_sw_24in,321,0.306,0.502,0.733,NA
"NEREC, Keiser",rel_sw_24in,322,0.305,0.493,0.725,NA
"NEREC, Keiser",rel_sw_24in,323,0.32,0.49,0.718,NA
"NEREC, Keiser",rel_sw_24in,324,0.316,0.481,0.734,NA
"NEREC, Keiser",rel_sw_24in,325,0.314,0.507,0.747,NA
"NEREC, Keiser",rel_sw_24in,326,0.322,0.501,0.739,NA
"NEREC, Keiser",rel_sw_24in,327,0.342,0.5,0.723,NA
"NEREC, Keiser",rel_sw_24in,328,0.39,0.501,0.704,NA
"NEREC, Keiser",rel_sw_24in,329,0.39,0.502,0.678,NA
"NEREC, Keiser",rel_sw_24in,330,0.388,0.505,0.718,NA
"NEREC, Keiser",rel_sw_24in,331,0.385,0.502,0.744,NA
"NEREC, Keiser",rel_sw_24in,332,0.384,0.497,0.758,NA
"NEREC, Keiser",rel_sw_24in,333,0.428,0.514,0.801,NA
"NEREC, Keiser",rel_sw_24in,334,0.426,0.524,0.79,NA
"NEREC, Keiser",rel_sw_24in,335,0.424,0.526,0.774,NA
"NEREC, Keiser",rel_sw_24in,336,0.422,0.522,0.753,NA
"NEREC, Keiser",rel_sw_24in,337,0.421,0.514,0.736,NA
"NEREC, Keiser",rel_sw_24in,338,0.419,0.509,0.74,NA
"NEREC, Keiser",rel_sw_24in,339,0.435,0.524,0.821,NA
"NEREC, Keiser",rel_sw_24in,340,0.432,0.533,0.807,NA
"NEREC, Keiser",rel_sw_24in,341,0.431,0.526,0.798,NA
"NEREC, Keiser",rel_sw_24in,342,0.428,0.522,0.775,NA
"NEREC, Keiser",rel_sw_24in,343,0.45,0.519,0.752,NA
"NEREC, Keiser",rel_sw_24in,344,0.445,0.527,0.731,NA
"NEREC, Keiser",rel_sw_24in,345,0.442,0.527,0.711,NA
"NEREC, Keiser",rel_sw_24in,346,0.443,0.538,0.779,NA
"NEREC, Keiser",rel_sw_24in,347,0.439,0.539,0.826,NA
"NEREC, Keiser",rel_sw_24in,348,0.437,0.544,0.825,NA
"NEREC, Keiser",rel_sw_24in,349,0.436,0.537,0.833,NA
"NEREC, Keiser",rel_sw_24in,350,0.436,0.545,0.874,NA
"NEREC, Keiser",rel_sw_24in,351,0.435,0.54,0.872,NA
"NEREC, Keiser",rel_sw_24in,352,0.432,0.542,0.854,NA
"NEREC, Keiser",rel_sw_24in,353,0.43,0.528,0.839,NA
"NEREC, Keiser",rel_sw_24in,354,0.428,0.559,0.823,NA
"NEREC, Keiser",rel_sw_24in,355,0.438,0.553,0.856,NA
"NEREC, Keiser",rel_sw_24in,356,0.435,0.54,0.877,NA
"NEREC, Keiser",rel_sw_24in,357,0.44,0.54,0.86,NA
"NEREC, Keiser",rel_sw_24in,358,0.445,0.545,0.84,NA
"NEREC, Keiser",rel_sw_24in,359,0.442,0.545,0.82,NA
"NEREC, Keiser",rel_sw_24in,360,0.44,0.54,0.834,NA
"NEREC, Keiser",rel_sw_24in,361,0.436,0.552,0.872,NA
"NEREC, Keiser",rel_sw_24in,362,0.437,0.54,0.861,NA
"NEREC, Keiser",rel_sw_24in,363,0.441,0.553,0.874,NA
"NEREC, Keiser",rel_sw_24in,364,0.437,0.557,0.877,NA
"NEREC, Keiser",rel_sw_24in,365,0.44,0.546,0.862,NA
"NEREC, Keiser",rel_sw_24in,366,0.49,0.588,0.705,NA
"NEREC, Keiser",rel_sw_6in,1,0.446,0.462,0.667,0.449
"NEREC, Keiser",rel_sw_6in,2,0.434,0.464,0.717,0.492
"NEREC, Keiser",rel_sw_6in,3,0.42,0.466,0.888,0.472
"NEREC, Keiser",rel_sw_6in,4,0.415,0.465,0.732,0.457
"NEREC, Keiser",rel_sw_6in,5,0.399,0.505,0.635,0.439
"NEREC, Keiser",rel_sw_6in,6,0.381,0.495,0.862,0.417
"NEREC, Keiser",rel_sw_6in,7,0.376,0.483,0.846,0.399
"NEREC, Keiser",rel_sw_6in,8,0.359,0.49,0.742,0.408
"NEREC, Keiser",rel_sw_6in,9,0.366,0.496,0.808,0.445
"NEREC, Keiser",rel_sw_6in,10,0.367,0.51,0.714,0.506
"NEREC, Keiser",rel_sw_6in,11,0.35,0.507,0.895,0.475
"NEREC, Keiser",rel_sw_6in,12,0.332,0.496,0.845,0.454
"NEREC, Keiser",rel_sw_6in,13,0.323,0.485,0.959,0.433
"NEREC, Keiser",rel_sw_6in,14,0.306,0.475,0.965,0.448
"NEREC, Keiser",rel_sw_6in,15,0.298,0.467,0.91,0.437
"NEREC, Keiser",rel_sw_6in,16,0.291,0.474,0.763,0.444
"NEREC, Keiser",rel_sw_6in,17,0.363,0.503,0.707,0.438
"NEREC, Keiser",rel_sw_6in,18,0.356,0.51,0.839,0.432
"NEREC, Keiser",rel_sw_6in,19,0.348,0.506,0.88,0.425
"NEREC, Keiser",rel_sw_6in,20,0.369,0.486,0.731,0.407
"NEREC, Keiser",rel_sw_6in,21,0.352,0.483,0.691,0.499
"NEREC, Keiser",rel_sw_6in,22,0.338,0.507,0.83,0.47
"NEREC, Keiser",rel_sw_6in,23,0.331,0.497,0.74,0.464
"NEREC, Keiser",rel_sw_6in,24,0.324,0.487,0.788,0.559
"NEREC, Keiser",rel_sw_6in,25,0.321,0.47,0.716,0.641
"NEREC, Keiser",rel_sw_6in,26,0.339,0.463,0.698,0.583
"NEREC, Keiser",rel_sw_6in,27,0.331,0.469,0.883,0.538
"NEREC, Keiser",rel_sw_6in,28,0.325,0.461,0.739,0.506
"NEREC, Keiser",rel_sw_6in,29,0.318,0.476,0.719,0.479
"NEREC, Keiser",rel_sw_6in,30,0.312,0.47,0.797,0.468
"NEREC, Keiser",rel_sw_6in,31,0.306,0.468,0.703,0.461
"NEREC, Keiser",rel_sw_6in,32,0.349,0.477,0.698,0.453
"NEREC, Keiser",rel_sw_6in,33,0.349,0.48,0.885,0.461
"NEREC, Keiser",rel_sw_6in,34,0.34,0.486,0.994,0.539
"NEREC, Keiser",rel_sw_6in,35,0.332,0.482,0.837,0.508
"NEREC, Keiser",rel_sw_6in,36,0.324,0.469,0.766,0.479
"NEREC, Keiser",rel_sw_6in,37,0.317,0.49,0.669,0.452
"NEREC, Keiser",rel_sw_6in,38,0.311,0.477,0.785,0.426
"NEREC, Keiser",rel_sw_6in,39,0.304,0.465,0.674,0.413
"NEREC, Keiser",rel_sw_6in,40,0.298,0.471,0.677,0.394
"NEREC, Keiser",rel_sw_6in,41,0.319,0.49,0.749,0.398
"NEREC, Keiser",rel_sw_6in,42,0.333,0.482,0.935,0.399
"NEREC, Keiser",rel_sw_6in,43,0.326,0.499,0.933,0.381
"NEREC, Keiser",rel_sw_6in,44,0.319,0.493,0.765,0.369
"NEREC, Keiser",rel_sw_6in,45,0.312,0.509,0.91,0.505
"NEREC, Keiser",rel_sw_6in,46,0.308,0.501,0.997,0.722
"NEREC, Keiser",rel_sw_6in,47,0.327,0.484,0.997,0.61
"NEREC, Keiser",rel_sw_6in,48,0.316,0.488,0.946,0.55
"NEREC, Keiser",rel_sw_6in,49,0.314,0.502,0.808,0.501
"NEREC, Keiser",rel_sw_6in,50,0.331,0.487,0.839,0.463
"NEREC, Keiser",rel_sw_6in,51,0.324,0.489,0.966,0.439
"NEREC, Keiser",rel_sw_6in,52,0.348,0.506,0.868,0.427
"NEREC, Keiser",rel_sw_6in,53,0.32,0.493,0.921,0.413
"NEREC, Keiser",rel_sw_6in,54,0.349,0.49,0.995,0.401
"NEREC, Keiser",rel_sw_6in,55,0.351,0.479,0.994,0.391
"NEREC, Keiser",rel_sw_6in,56,0.343,0.472,0.844,0.394
"NEREC, Keiser",rel_sw_6in,57,0.335,0.5,0.772,0.385
"NEREC, Keiser",rel_sw_6in,58,0.328,0.478,0.732,0.377
"NEREC, Keiser",rel_sw_6in,59,0.321,0.464,0.918,0.369
"NEREC, Keiser",rel_sw_6in,60,0.314,0.476,0.977,0.362
"NEREC, Keiser",rel_sw_6in,61,0.308,0.473,0.994,0.377
"NEREC, Keiser",rel_sw_6in,62,0.302,0.469,0.893,0.356
"NEREC, Keiser",rel_sw_6in,63,0.296,0.491,0.834,0.35
"NEREC, Keiser",rel_sw_6in,64,0.291,0.469,0.931,0.344
"NEREC, Keiser",rel_sw_6in,65,0.286,0.454,0.805,0.338
"NEREC, Keiser",rel_sw_6in,66,0.28,0.442,0.857,0.593
"NEREC, Keiser",rel_sw_6in,67,0.276,0.426,0.774,0.579
"NEREC, Keiser",rel_sw_6in,68,0.271,0.48,0.794,0.618
"NEREC, Keiser",rel_sw_6in,69,0.306,0.478,0.831,0.558
"NEREC, Keiser",rel_sw_6in,70,0.337,0.475,0.973,0.66
"NEREC, Keiser",rel_sw_6in,71,0.33,0.486,0.868,0.559
"NEREC, Keiser",rel_sw_6in,72,0.34,0.467,0.961,0.486
"NEREC, Keiser",rel_sw_6in,73,0.332,0.446,0.974,0.455
"NEREC, Keiser",rel_sw_6in,74,0.33,0.454,0.911,0.563
"NEREC, Keiser",rel_sw_6in,75,0.325,0.457,0.739,0.502
"NEREC, Keiser",rel_sw_6in,76,0.319,0.464,0.849,0.46
"NEREC, Keiser",rel_sw_6in,77,0.313,0.467,0.826,0.423
"NEREC, Keiser",rel_sw_6in,78,0.32,0.466,0.908,0.406
"NEREC, Keiser",rel_sw_6in,79,0.308,0.457,0.939,0.393
"NEREC, Keiser",rel_sw_6in,80,0.303,0.463,0.764,0.382
"NEREC, Keiser",rel_sw_6in,81,0.298,0.449,0.724,0.373
"NEREC, Keiser",rel_sw_6in,82,0.293,0.453,0.632,0.364
"NEREC, Keiser",rel_sw_6in,83,0.288,0.431,0.777,0.357
"NEREC, Keiser",rel_sw_6in,84,0.284,0.45,0.725,0.35
"NEREC, Keiser",rel_sw_6in,85,0.279,0.442,0.789,0.343
"NEREC, Keiser",rel_sw_6in,86,0.348,0.434,0.917,0.337
"NEREC, Keiser",rel_sw_6in,87,0.345,0.456,0.742,0.331
"NEREC, Keiser",rel_sw_6in,88,0.338,0.45,0.757,0.325
"NEREC, Keiser",rel_sw_6in,89,0.332,0.508,0.77,0.32
"NEREC, Keiser",rel_sw_6in,90,0.325,0.5,0.752,0.314
"NEREC, Keiser",rel_sw_6in,91,0.319,0.467,0.874,0.309
"NEREC, Keiser",rel_sw_6in,92,0.314,0.456,0.831,0.332
"NEREC, Keiser",rel_sw_6in,93,0.308,0.469,0.928,0.308
"NEREC, Keiser",rel_sw_6in,94,0.345,0.48,0.965,0.483
"NEREC, Keiser",rel_sw_6in,95,0.337,0.456,0.997,0.428
"NEREC, Keiser",rel_sw_6in,96,0.329,0.459,0.989,0.406
"NEREC, Keiser",rel_sw_6in,97,0.353,0.454,0.881,0.391
"NEREC, Keiser",rel_sw_6in,98,0.327,0.455,0.778,0.379
"NEREC, Keiser",rel_sw_6in,99,0.32,0.443,0.727,0.368
"NEREC, Keiser",rel_sw_6in,100,0.314,0.435,0.634,0.359
"NEREC, Keiser",rel_sw_6in,101,0.308,0.424,0.779,0.351
"NEREC, Keiser",rel_sw_6in,102,0.302,0.459,0.842,0.343
"NEREC, Keiser",rel_sw_6in,103,0.296,0.485,0.906,0.336
"NEREC, Keiser",rel_sw_6in,104,0.29,0.472,0.987,0.329
"NEREC, Keiser",rel_sw_6in,105,0.285,0.47,0.798,0.323
"NEREC, Keiser",rel_sw_6in,106,0.28,0.449,0.66,0.317
"NEREC, Keiser",rel_sw_6in,107,0.276,0.429,0.696,0.311
"NEREC, Keiser",rel_sw_6in,108,0.271,0.427,0.803,0.382
"NEREC, Keiser",rel_sw_6in,109,0.309,0.419,0.706,0.342
"NEREC, Keiser",rel_sw_6in,110,0.353,0.446,0.696,0.335
"NEREC, Keiser",rel_sw_6in,111,0.352,0.464,0.716,0.328
"NEREC, Keiser",rel_sw_6in,112,0.345,0.454,0.73,0.322
"NEREC, Keiser",rel_sw_6in,113,0.338,0.445,0.799,0.316
"NEREC, Keiser",rel_sw_6in,114,0.331,0.453,0.897,0.376
"NEREC, Keiser",rel_sw_6in,115,0.325,0.461,0.879,0.34
"NEREC, Keiser",rel_sw_6in,116,0.319,0.455,0.908,0.333
"NEREC, Keiser",rel_sw_6in,117,0.332,0.461,0.978,0.413
"NEREC, Keiser",rel_sw_6in,118,0.343,0.452,0.961,0.64
"NEREC, Keiser",rel_sw_6in,119,0.337,0.487,0.976,0.824
"NEREC, Keiser",rel_sw_6in,120,0.332,0.495,0.88,0.679
"NEREC, Keiser",rel_sw_6in,121,0.326,0.471,0.947,0.579
"NEREC, Keiser",rel_sw_6in,122,0.321,0.469,0.993,0.522
"NEREC, Keiser",rel_sw_6in,123,0.323,0.474,0.949,0.487
"NEREC, Keiser",rel_sw_6in,124,0.317,0.498,0.839,0.466
"NEREC, Keiser",rel_sw_6in,125,0.311,0.464,0.808,0.631
"NEREC, Keiser",rel_sw_6in,126,0.306,0.435,0.865,0.701
"NEREC, Keiser",rel_sw_6in,127,0.307,0.437,0.869,0.565
"NEREC, Keiser",rel_sw_6in,128,0.302,0.429,0.709,0.489
"NEREC, Keiser",rel_sw_6in,129,0.298,0.454,0.773,0.456
"NEREC, Keiser",rel_sw_6in,130,0.306,0.455,0.693,0.434
"NEREC, Keiser",rel_sw_6in,131,0.316,0.437,0.801,0.418
"NEREC, Keiser",rel_sw_6in,132,0.312,0.431,0.968,0.405
"NEREC, Keiser",rel_sw_6in,133,0.307,0.454,0.957,0.394
"NEREC, Keiser",rel_sw_6in,134,0.303,0.426,0.91,0.385
"NEREC, Keiser",rel_sw_6in,135,0.299,0.421,0.951,0.377
"NEREC, Keiser",rel_sw_6in,136,0.295,0.413,0.91,0.37
"NEREC, Keiser",rel_sw_6in,137,0.291,0.399,0.919,0.364
"NEREC, Keiser",rel_sw_6in,138,0.287,0.391,0.922,0.357
"NEREC, Keiser",rel_sw_6in,139,0.288,0.406,0.887,0.517
"NEREC, Keiser",rel_sw_6in,140,0.284,0.409,0.815,0.625
"NEREC, Keiser",rel_sw_6in,141,0.28,0.425,0.819,0.548
"NEREC, Keiser",rel_sw_6in,142,0.276,0.397,0.746,0.717
"NEREC, Keiser",rel_sw_6in,143,0.302,0.39,0.682,0.626
"NEREC, Keiser",rel_sw_6in,144,0.304,0.421,0.78,0.593
"NEREC, Keiser",rel_sw_6in,145,0.297,0.413,0.922,0.516
"NEREC, Keiser",rel_sw_6in,146,0.291,0.425,0.897,0.494
"NEREC, Keiser",rel_sw_6in,147,0.328,0.439,0.824,0.454
"NEREC, Keiser",rel_sw_6in,148,0.374,0.432,0.824,0.447
"NEREC, Keiser",rel_sw_6in,149,0.377,0.437,0.656,0.482
"NEREC, Keiser",rel_sw_6in,150,0.366,0.424,0.63,0.469
"NEREC, Keiser",rel_sw_6in,151,0.362,0.432,0.672,0.412
"NEREC, Keiser",rel_sw_6in,152,0.35,0.439,0.722,0.38
"NEREC, Keiser",rel_sw_6in,153,0.37,0.438,0.624,0.402
"NEREC, Keiser",rel_sw_6in,154,0.362,0.432,0.6,0.369
"NEREC, Keiser",rel_sw_6in,155,0.362,0.431,0.723,0.4
"NEREC, Keiser",rel_sw_6in,156,0.372,0.42,0.69,0.362
"NEREC, Keiser",rel_sw_6in,157,0.366,0.442,0.695,0.414
"NEREC, Keiser",rel_sw_6in,158,0.371,0.406,0.71,0.507
"NEREC, Keiser",rel_sw_6in,159,0.36,0.413,0.738,0.467
"NEREC, Keiser",rel_sw_6in,160,0.351,0.42,0.802,0.417
"NEREC, Keiser",rel_sw_6in,161,0.341,0.435,0.782,0.382
"NEREC, Keiser",rel_sw_6in,162,0.368,0.444,0.638,0.392
"NEREC, Keiser",rel_sw_6in,163,0.37,0.44,0.659,0.654
"NEREC, Keiser",rel_sw_6in,164,0.353,0.419,0.663,0.835
"NEREC, Keiser",rel_sw_6in,165,0.362,0.417,0.754,0.733
"NEREC, Keiser",rel_sw_6in,166,0.357,0.401,0.623,0.597
"NEREC, Keiser",rel_sw_6in,167,0.357,0.423,0.716,0.501
"NEREC, Keiser",rel_sw_6in,168,0.358,0.415,0.826,0.457
"NEREC, Keiser",rel_sw_6in,169,0.354,0.416,0.839,0.446
"NEREC, Keiser",rel_sw_6in,170,0.356,0.43,0.677,0.408
"NEREC, Keiser",rel_sw_6in,171,0.366,0.427,0.595,0.385
"NEREC, Keiser",rel_sw_6in,172,0.351,0.43,0.646,0.461
"NEREC, Keiser",rel_sw_6in,173,0.369,0.425,0.579,0.782
"NEREC, Keiser",rel_sw_6in,174,0.35,0.429,0.726,0.633
"NEREC, Keiser",rel_sw_6in,175,0.366,0.435,0.599,0.541
"NEREC, Keiser",rel_sw_6in,176,0.377,0.441,0.626,0.481
"NEREC, Keiser",rel_sw_6in,177,0.378,0.443,0.703,0.459
"NEREC, Keiser",rel_sw_6in,178,0.37,0.45,0.653,0.424
"NEREC, Keiser",rel_sw_6in,179,0.375,0.454,0.706,0.385
"NEREC, Keiser",rel_sw_6in,180,0.38,0.454,0.86,0.424
"NEREC, Keiser",rel_sw_6in,181,0.373,0.453,0.744,0.378
"NEREC, Keiser",rel_sw_6in,182,0.387,0.459,0.783,0.452
"NEREC, Keiser",rel_sw_6in,183,0.37,0.447,0.82,0.432
"NEREC, Keiser",rel_sw_6in,184,0.375,0.445,0.685,0.417
"NEREC, Keiser",rel_sw_6in,185,0.38,0.45,0.719,0.48
"NEREC, Keiser",rel_sw_6in,186,0.388,0.467,0.743,0.495
"NEREC, Keiser",rel_sw_6in,187,0.382,0.465,0.62,0.478
"NEREC, Keiser",rel_sw_6in,188,0.39,0.451,0.558,0.481
"NEREC, Keiser",rel_sw_6in,189,0.378,0.446,0.636,0.475
"NEREC, Keiser",rel_sw_6in,190,0.389,0.455,0.777,0.458
"NEREC, Keiser",rel_sw_6in,191,0.386,0.47,0.663,0.446
"NEREC, Keiser",rel_sw_6in,192,0.373,0.454,0.787,0.477
"NEREC, Keiser",rel_sw_6in,193,0.381,0.462,0.866,0.5
"NEREC, Keiser",rel_sw_6in,194,0.39,0.455,0.874,0.464
"NEREC, Keiser",rel_sw_6in,195,0.387,0.475,0.872,0.461
"NEREC, Keiser",rel_sw_6in,196,0.4,0.469,0.815,0.565
"NEREC, Keiser",rel_sw_6in,197,0.376,0.459,0.911,0.552
"NEREC, Keiser",rel_sw_6in,198,0.38,0.45,0.766,0.505
"NEREC, Keiser",rel_sw_6in,199,0.384,0.456,0.642,0.455
"NEREC, Keiser",rel_sw_6in,200,0.397,0.457,0.625,0.433
"NEREC, Keiser",rel_sw_6in,201,0.375,0.451,0.58,0.434
"NEREC, Keiser",rel_sw_6in,202,0.388,0.455,0.703,0.417
"NEREC, Keiser",rel_sw_6in,203,0.376,0.461,0.698,0.454
"NEREC, Keiser",rel_sw_6in,204,0.391,0.466,0.82,0.416
"NEREC, Keiser",rel_sw_6in,205,0.4,0.458,0.726,0.469
"NEREC, Keiser",rel_sw_6in,206,0.389,0.459,0.661,0.525
"NEREC, Keiser",rel_sw_6in,207,0.393,0.456,0.701,0.471
"NEREC, Keiser",rel_sw_6in,208,0.389,0.461,0.73,0.428
"NEREC, Keiser",rel_sw_6in,209,0.376,0.457,0.746,0.397
"NEREC, Keiser",rel_sw_6in,210,0.387,0.465,0.872,0.466
"NEREC, Keiser",rel_sw_6in,211,0.395,0.45,0.864,0.423
"NEREC, Keiser",rel_sw_6in,212,0.367,0.465,0.831,0.487
"NEREC, Keiser",rel_sw_6in,213,0.391,0.457,0.709,0.463
"NEREC, Keiser",rel_sw_6in,214,0.388,0.457,0.59,NA
"NEREC, Keiser",rel_sw_6in,215,0.376,0.448,0.595,NA
"NEREC, Keiser",rel_sw_6in,216,0.399,0.459,0.702,NA
"NEREC, Keiser",rel_sw_6in,217,0.393,0.459,0.713,NA
"NEREC, Keiser",rel_sw_6in,218,0.397,0.464,0.716,NA
"NEREC, Keiser",rel_sw_6in,219,0.405,0.46,0.653,NA
"NEREC, Keiser",rel_sw_6in,220,0.385,0.466,0.755,NA
"NEREC, Keiser",rel_sw_6in,221,0.397,0.455,0.659,NA
"NEREC, Keiser",rel_sw_6in,222,0.401,0.461,0.825,NA
"NEREC, Keiser",rel_sw_6in,223,0.395,0.456,0.689,NA
"NEREC, Keiser",rel_sw_6in,224,0.383,0.457,0.617,NA
"NEREC, Keiser",rel_sw_6in,225,0.373,0.46,0.665,NA
"NEREC, Keiser",rel_sw_6in,226,0.39,0.457,0.699,NA
"NEREC, Keiser",rel_sw_6in,227,0.398,0.452,0.658,NA
"NEREC, Keiser",rel_sw_6in,228,0.376,0.454,0.721,NA
"NEREC, Keiser",rel_sw_6in,229,0.394,0.452,0.77,NA
"NEREC, Keiser",rel_sw_6in,230,0.38,0.466,0.666,NA
"NEREC, Keiser",rel_sw_6in,231,0.389,0.457,0.713,NA
"NEREC, Keiser",rel_sw_6in,232,0.411,0.458,0.681,NA
"NEREC, Keiser",rel_sw_6in,233,0.371,0.462,0.659,NA
"NEREC, Keiser",rel_sw_6in,234,0.389,0.458,0.628,NA
"NEREC, Keiser",rel_sw_6in,235,0.388,0.453,0.561,NA
"NEREC, Keiser",rel_sw_6in,236,0.37,0.457,0.611,NA
"NEREC, Keiser",rel_sw_6in,237,0.369,0.451,0.616,NA
"NEREC, Keiser",rel_sw_6in,238,0.383,0.446,0.629,NA
"NEREC, Keiser",rel_sw_6in,239,0.39,0.459,0.647,NA
"NEREC, Keiser",rel_sw_6in,240,0.391,0.454,0.668,NA
"NEREC, Keiser",rel_sw_6in,241,0.381,0.458,0.867,NA
"NEREC, Keiser",rel_sw_6in,242,0.384,0.452,0.749,NA
"NEREC, Keiser",rel_sw_6in,243,0.392,0.459,0.854,NA
"NEREC, Keiser",rel_sw_6in,244,0.394,0.46,0.825,NA
"NEREC, Keiser",rel_sw_6in,245,0.376,0.461,0.744,NA
"NEREC, Keiser",rel_sw_6in,246,0.391,0.463,0.762,NA
"NEREC, Keiser",rel_sw_6in,247,0.382,0.458,0.679,NA
"NEREC, Keiser",rel_sw_6in,248,0.382,0.46,0.645,NA
"NEREC, Keiser",rel_sw_6in,249,0.403,0.452,0.572,NA
"NEREC, Keiser",rel_sw_6in,250,0.377,0.458,0.553,NA
"NEREC, Keiser",rel_sw_6in,251,0.395,0.461,0.673,NA
"NEREC, Keiser",rel_sw_6in,252,0.386,0.447,0.81,NA
"NEREC, Keiser",rel_sw_6in,253,0.371,0.461,0.716,NA
"NEREC, Keiser",rel_sw_6in,254,0.387,0.45,0.812,NA
"NEREC, Keiser",rel_sw_6in,255,0.363,0.456,0.755,NA
"NEREC, Keiser",rel_sw_6in,256,0.348,0.453,0.88,NA
"NEREC, Keiser",rel_sw_6in,257,0.336,0.456,0.907,NA
"NEREC, Keiser",rel_sw_6in,258,0.325,0.456,0.813,NA
"NEREC, Keiser",rel_sw_6in,259,0.315,0.438,0.94,NA
"NEREC, Keiser",rel_sw_6in,260,0.307,0.447,0.928,NA
"NEREC, Keiser",rel_sw_6in,261,0.311,0.454,0.775,NA
"NEREC, Keiser",rel_sw_6in,262,0.303,0.432,0.717,NA
"NEREC, Keiser",rel_sw_6in,263,0.295,0.431,0.911,NA
"NEREC, Keiser",rel_sw_6in,264,0.288,0.439,0.733,NA
"NEREC, Keiser",rel_sw_6in,265,0.281,0.447,0.657,NA
"NEREC, Keiser",rel_sw_6in,266,0.292,0.437,0.865,NA
"NEREC, Keiser",rel_sw_6in,267,0.275,0.424,0.892,NA
"NEREC, Keiser",rel_sw_6in,268,0.295,0.429,0.773,NA
"NEREC, Keiser",rel_sw_6in,269,0.295,0.426,0.794,NA
"NEREC, Keiser",rel_sw_6in,270,0.288,0.417,0.688,NA
"NEREC, Keiser",rel_sw_6in,271,0.282,0.404,0.824,NA
"NEREC, Keiser",rel_sw_6in,272,0.276,0.416,0.73,NA
"NEREC, Keiser",rel_sw_6in,273,0.27,0.406,0.701,NA
"NEREC, Keiser",rel_sw_6in,274,0.265,0.403,0.639,NA
"NEREC, Keiser",rel_sw_6in,275,0.259,0.406,0.775,NA
"NEREC, Keiser",rel_sw_6in,276,0.254,0.402,0.651,NA
"NEREC, Keiser",rel_sw_6in,277,0.249,0.393,0.78,NA
"NEREC, Keiser",rel_sw_6in,278,0.244,0.389,0.653,NA
"NEREC, Keiser",rel_sw_6in,279,0.24,0.387,0.856,NA
"NEREC, Keiser",rel_sw_6in,280,0.235,0.385,0.81,NA
"NEREC, Keiser",rel_sw_6in,281,0.231,0.398,0.793,NA
"NEREC, Keiser",rel_sw_6in,282,0.227,0.403,0.908,NA
"NEREC, Keiser",rel_sw_6in,283,0.23,0.418,0.9,NA
"NEREC, Keiser",rel_sw_6in,284,0.226,0.405,0.886,NA
"NEREC, Keiser",rel_sw_6in,285,0.251,0.402,0.737,NA
"NEREC, Keiser",rel_sw_6in,286,0.225,0.412,0.913,NA
"NEREC, Keiser",rel_sw_6in,287,0.221,0.424,0.795,NA
"NEREC, Keiser",rel_sw_6in,288,0.217,0.449,0.72,NA
"NEREC, Keiser",rel_sw_6in,289,0.214,0.432,0.73,NA
"NEREC, Keiser",rel_sw_6in,290,0.21,0.435,0.725,NA
"NEREC, Keiser",rel_sw_6in,291,0.207,0.451,0.725,NA
"NEREC, Keiser",rel_sw_6in,292,0.203,0.453,0.67,NA
"NEREC, Keiser",rel_sw_6in,293,0.2,0.427,0.687,NA
"NEREC, Keiser",rel_sw_6in,294,0.197,0.421,0.61,NA
"NEREC, Keiser",rel_sw_6in,295,0.193,0.414,0.7,NA
"NEREC, Keiser",rel_sw_6in,296,0.19,0.408,0.805,NA
"NEREC, Keiser",rel_sw_6in,297,0.267,0.401,0.756,NA
"NEREC, Keiser",rel_sw_6in,298,0.262,0.426,0.749,NA
"NEREC, Keiser",rel_sw_6in,299,0.258,0.439,0.898,NA
"NEREC, Keiser",rel_sw_6in,300,0.253,0.471,0.75,NA
"NEREC, Keiser",rel_sw_6in,301,0.258,0.479,0.796,NA
"NEREC, Keiser",rel_sw_6in,302,0.254,0.472,0.851,NA
"NEREC, Keiser",rel_sw_6in,303,0.25,0.455,0.933,NA
"NEREC, Keiser",rel_sw_6in,304,0.247,0.457,0.795,NA
"NEREC, Keiser",rel_sw_6in,305,0.243,0.48,0.844,NA
"NEREC, Keiser",rel_sw_6in,306,0.24,0.462,0.767,NA
"NEREC, Keiser",rel_sw_6in,307,0.237,0.452,0.922,NA
"NEREC, Keiser",rel_sw_6in,308,0.233,0.447,0.809,NA
"NEREC, Keiser",rel_sw_6in,309,0.246,0.437,0.773,NA
"NEREC, Keiser",rel_sw_6in,310,0.253,0.471,0.733,NA
"NEREC, Keiser",rel_sw_6in,311,0.235,0.461,0.897,NA
"NEREC, Keiser",rel_sw_6in,312,0.232,0.446,0.915,NA
"NEREC, Keiser",rel_sw_6in,313,0.236,0.448,0.784,NA
"NEREC, Keiser",rel_sw_6in,314,0.229,0.441,0.743,NA
"NEREC, Keiser",rel_sw_6in,315,0.226,0.446,0.793,NA
"NEREC, Keiser",rel_sw_6in,316,0.222,0.456,0.668,NA
"NEREC, Keiser",rel_sw_6in,317,0.268,0.444,0.669,NA
"NEREC, Keiser",rel_sw_6in,318,0.264,0.455,0.762,NA
"NEREC, Keiser",rel_sw_6in,319,0.26,0.484,0.741,NA
"NEREC, Keiser",rel_sw_6in,320,0.259,0.477,0.897,NA
"NEREC, Keiser",rel_sw_6in,321,0.255,0.462,0.925,NA
"NEREC, Keiser",rel_sw_6in,322,0.251,0.453,0.977,NA
"NEREC, Keiser",rel_sw_6in,323,0.326,0.451,0.824,NA
"NEREC, Keiser",rel_sw_6in,324,0.358,0.452,0.995,NA
"NEREC, Keiser",rel_sw_6in,325,0.341,0.462,0.924,NA
"NEREC, Keiser",rel_sw_6in,326,0.335,0.464,0.848,NA
"NEREC, Keiser",rel_sw_6in,327,0.337,0.475,0.717,NA
"NEREC, Keiser",rel_sw_6in,328,0.359,0.48,0.748,NA
"NEREC, Keiser",rel_sw_6in,329,0.35,0.496,0.793,NA
"NEREC, Keiser",rel_sw_6in,330,0.342,0.498,0.744,NA
"NEREC, Keiser",rel_sw_6in,331,0.334,0.496,0.85,NA
"NEREC, Keiser",rel_sw_6in,332,0.326,0.47,0.931,NA
"NEREC, Keiser",rel_sw_6in,333,0.319,0.481,0.996,NA
"NEREC, Keiser",rel_sw_6in,334,0.312,0.498,0.902,NA
"NEREC, Keiser",rel_sw_6in,335,0.306,0.491,0.902,NA
"NEREC, Keiser",rel_sw_6in,336,0.3,0.486,0.979,NA
"NEREC, Keiser",rel_sw_6in,337,0.295,0.468,0.819,NA
"NEREC, Keiser",rel_sw_6in,338,0.289,0.482,0.903,NA
"NEREC, Keiser",rel_sw_6in,339,0.334,0.479,0.963,NA
"NEREC, Keiser",rel_sw_6in,340,0.328,0.478,0.829,NA
"NEREC, Keiser",rel_sw_6in,341,0.327,0.474,0.745,NA
"NEREC, Keiser",rel_sw_6in,342,0.321,0.478,0.763,NA
"NEREC, Keiser",rel_sw_6in,343,0.362,0.489,0.885,NA
"NEREC, Keiser",rel_sw_6in,344,0.355,0.493,0.903,NA
"NEREC, Keiser",rel_sw_6in,345,0.348,0.478,0.762,NA
"NEREC, Keiser",rel_sw_6in,346,0.364,0.499,0.822,NA
"NEREC, Keiser",rel_sw_6in,347,0.362,0.532,0.905,NA
"NEREC, Keiser",rel_sw_6in,348,0.355,0.511,0.835,NA
"NEREC, Keiser",rel_sw_6in,349,0.348,0.498,0.834,NA
"NEREC, Keiser",rel_sw_6in,350,0.342,0.507,0.997,NA
"NEREC, Keiser",rel_sw_6in,351,0.338,0.488,0.991,NA
"NEREC, Keiser",rel_sw_6in,352,0.331,0.485,0.946,NA
"NEREC, Keiser",rel_sw_6in,353,0.325,0.476,0.905,NA
"NEREC, Keiser",rel_sw_6in,354,0.32,0.485,0.97,NA
"NEREC, Keiser",rel_sw_6in,355,0.348,0.514,0.995,NA
"NEREC, Keiser",rel_sw_6in,356,0.34,0.487,0.997,NA
"NEREC, Keiser",rel_sw_6in,357,0.362,0.498,0.939,NA
"NEREC, Keiser",rel_sw_6in,358,0.396,0.528,0.883,NA
"NEREC, Keiser",rel_sw_6in,359,0.386,0.501,0.999,NA
"NEREC, Keiser",rel_sw_6in,360,0.375,0.489,0.999,NA
"NEREC, Keiser",rel_sw_6in,361,0.362,0.494,0.999,NA
"NEREC, Keiser",rel_sw_6in,362,0.365,0.501,0.951,NA
"NEREC, Keiser",rel_sw_6in,363,0.358,0.507,0.993,NA
"NEREC, Keiser",rel_sw_6in,364,0.349,0.504,0.996,NA
"NEREC, Keiser",rel_sw_6in,365,0.348,0.488,0.943,NA
"NEREC, Keiser",rel_sw_6in,366,0.434,0.521,0.89,NA
"PTRS, Colt",Biomass_kgha,1,0,0,0,0
"PTRS, Colt",Biomass_kgha,2,0,0,0,0
"PTRS, Colt",Biomass_kgha,3,0,0,0,0
"PTRS, Colt",Biomass_kgha,4,0,0,0,0
"PTRS, Colt",Biomass_kgha,5,0,0,0,0
"PTRS, Colt",Biomass_kgha,6,0,0,0,0
"PTRS, Colt",Biomass_kgha,7,0,0,0,0
"PTRS, Colt",Biomass_kgha,8,0,0,0,0
"PTRS, Colt",Biomass_kgha,9,0,0,0,0
"PTRS, Colt",Biomass_kgha,10,0,0,0,0
"PTRS, Colt",Biomass_kgha,11,0,0,0,0
"PTRS, Colt",Biomass_kgha,12,0,0,0,0
"PTRS, Colt",Biomass_kgha,13,0,0,0,0
"PTRS, Colt",Biomass_kgha,14,0,0,0,0
"PTRS, Colt",Biomass_kgha,15,0,0,0,0
"PTRS, Colt",Biomass_kgha,16,0,0,0,0
"PTRS, Colt",Biomass_kgha,17,0,0,0,0
"PTRS, Colt",Biomass_kgha,18,0,0,0,0
"PTRS, Colt",Biomass_kgha,19,0,0,0,0
"PTRS, Colt",Biomass_kgha,20,0,0,0,0
"PTRS, Colt",Biomass_kgha,21,0,0,0,0
"PTRS, Colt",Biomass_kgha,22,0,0,0,0
"PTRS, Colt",Biomass_kgha,23,0,0,0,0
"PTRS, Colt",Biomass_kgha,24,0,0,0,0
"PTRS, Colt",Biomass_kgha,25,0,0,0,0
"PTRS, Colt",Biomass_kgha,26,0,0,0,0
"PTRS, Colt",Biomass_kgha,27,0,0,0,0
"PTRS, Colt",Biomass_kgha,28,0,0,0,0
"PTRS, Colt",Biomass_kgha,29,0,0,0,0
"PTRS, Colt",Biomass_kgha,30,0,0,0,0
"PTRS, Colt",Biomass_kgha,31,0,0,0,0
"PTRS, Colt",Biomass_kgha,32,0,0,0,0
"PTRS, Colt",Biomass_kgha,33,0,0,0,0
"PTRS, Colt",Biomass_kgha,34,0,0,0,0
"PTRS, Colt",Biomass_kgha,35,0,0,0,0
"PTRS, Colt",Biomass_kgha,36,0,0,0,0
"PTRS, Colt",Biomass_kgha,37,0,0,0,0
"PTRS, Colt",Biomass_kgha,38,0,0,0,0
"PTRS, Colt",Biomass_kgha,39,0,0,0,0
"PTRS, Colt",Biomass_kgha,40,0,0,0,0
"PTRS, Colt",Biomass_kgha,41,0,0,0,0
"PTRS, Colt",Biomass_kgha,42,0,0,0,0
"PTRS, Colt",Biomass_kgha,43,0,0,0,0
"PTRS, Colt",Biomass_kgha,44,0,0,0,0
"PTRS, Colt",Biomass_kgha,45,0,0,0,0
"PTRS, Colt",Biomass_kgha,46,0,0,0,0
"PTRS, Colt",Biomass_kgha,47,0,0,0,0
"PTRS, Colt",Biomass_kgha,48,0,0,0,0
"PTRS, Colt",Biomass_kgha,49,0,0,0,0
"PTRS, Colt",Biomass_kgha,50,0,0,0,0
"PTRS, Colt",Biomass_kgha,51,0,0,0,0
"PTRS, Colt",Biomass_kgha,52,0,0,0,0
"PTRS, Colt",Biomass_kgha,53,0,0,0,0
"PTRS, Colt",Biomass_kgha,54,0,0,0,0
"PTRS, Colt",Biomass_kgha,55,0,0,0,0
"PTRS, Colt",Biomass_kgha,56,0,0,0,0
"PTRS, Colt",Biomass_kgha,57,0,0,0,0
"PTRS, Colt",Biomass_kgha,58,0,0,0,0
"PTRS, Colt",Biomass_kgha,59,0,0,0,0
"PTRS, Colt",Biomass_kgha,60,0,0,0,0
"PTRS, Colt",Biomass_kgha,61,0,0,0,0
"PTRS, Colt",Biomass_kgha,62,0,0,0,0
"PTRS, Colt",Biomass_kgha,63,0,0,0,0
"PTRS, Colt",Biomass_kgha,64,0,0,0,0
"PTRS, Colt",Biomass_kgha,65,0,0,0,0
"PTRS, Colt",Biomass_kgha,66,0,0,0,0
"PTRS, Colt",Biomass_kgha,67,0,0,0,0
"PTRS, Colt",Biomass_kgha,68,0,0,0,0
"PTRS, Colt",Biomass_kgha,69,0,0,0,0
"PTRS, Colt",Biomass_kgha,70,0,0,0,0
"PTRS, Colt",Biomass_kgha,71,0,0,0,0
"PTRS, Colt",Biomass_kgha,72,0,0,0,0
"PTRS, Colt",Biomass_kgha,73,0,0,0,0
"PTRS, Colt",Biomass_kgha,74,0,0,0,0
"PTRS, Colt",Biomass_kgha,75,0,0,0,0
"PTRS, Colt",Biomass_kgha,76,0,0,0,0
"PTRS, Colt",Biomass_kgha,77,0,0,0,0
"PTRS, Colt",Biomass_kgha,78,0,0,0,0
"PTRS, Colt",Biomass_kgha,79,0,0,0,0
"PTRS, Colt",Biomass_kgha,80,0,0,0,0
"PTRS, Colt",Biomass_kgha,81,0,0,0,0
"PTRS, Colt",Biomass_kgha,82,0,0,0,0
"PTRS, Colt",Biomass_kgha,83,0,0,0,0
"PTRS, Colt",Biomass_kgha,84,0,0,0,0
"PTRS, Colt",Biomass_kgha,85,0,0,0,0
"PTRS, Colt",Biomass_kgha,86,0,0,0,0
"PTRS, Colt",Biomass_kgha,87,0,0,0,0
"PTRS, Colt",Biomass_kgha,88,0,0,0,0
"PTRS, Colt",Biomass_kgha,89,0,0,0,0
"PTRS, Colt",Biomass_kgha,90,0,0,0,0
"PTRS, Colt",Biomass_kgha,91,0,0,0,0
"PTRS, Colt",Biomass_kgha,92,0,0,0,0
"PTRS, Colt",Biomass_kgha,93,0,0,0,0
"PTRS, Colt",Biomass_kgha,94,0,0,0,0
"PTRS, Colt",Biomass_kgha,95,0,0,0,0
"PTRS, Colt",Biomass_kgha,96,0,0,0,0
"PTRS, Colt",Biomass_kgha,97,0,0,0,0
"PTRS, Colt",Biomass_kgha,98,0,0,0,0
"PTRS, Colt",Biomass_kgha,99,0,0,0,0
"PTRS, Colt",Biomass_kgha,100,0,0,0,0
"PTRS, Colt",Biomass_kgha,101,0,0,0,0
"PTRS, Colt",Biomass_kgha,102,0,0,0,0
"PTRS, Colt",Biomass_kgha,103,0,0,0,0
"PTRS, Colt",Biomass_kgha,104,0,0,0,0
"PTRS, Colt",Biomass_kgha,105,0,0,0,0
"PTRS, Colt",Biomass_kgha,106,0,0,0,0
"PTRS, Colt",Biomass_kgha,107,0,0,0,0
"PTRS, Colt",Biomass_kgha,108,0,0,0,0
"PTRS, Colt",Biomass_kgha,109,0,0,0,0
"PTRS, Colt",Biomass_kgha,110,0,0,0,0
"PTRS, Colt",Biomass_kgha,111,0,0,0,0
"PTRS, Colt",Biomass_kgha,112,0,0,0,0
"PTRS, Colt",Biomass_kgha,113,0,0,0,0
"PTRS, Colt",Biomass_kgha,114,0,0,0,0
"PTRS, Colt",Biomass_kgha,115,0,0,0,0
"PTRS, Colt",Biomass_kgha,116,0,0,0,0
"PTRS, Colt",Biomass_kgha,117,0,0,0,0
"PTRS, Colt",Biomass_kgha,118,0,0,0,0
"PTRS, Colt",Biomass_kgha,119,0,0,0,0
"PTRS, Colt",Biomass_kgha,120,0,0,0,0
"PTRS, Colt",Biomass_kgha,121,0,0,0,0
"PTRS, Colt",Biomass_kgha,122,0,0,0,0
"PTRS, Colt",Biomass_kgha,123,0,0,0,0
"PTRS, Colt",Biomass_kgha,124,0,0,0,0
"PTRS, Colt",Biomass_kgha,125,0,0,0,0
"PTRS, Colt",Biomass_kgha,126,0,0,0,0
"PTRS, Colt",Biomass_kgha,127,0,0,0,0
"PTRS, Colt",Biomass_kgha,128,0,0,0,0
"PTRS, Colt",Biomass_kgha,129,0,0,0,0
"PTRS, Colt",Biomass_kgha,130,0,0,0,0
"PTRS, Colt",Biomass_kgha,131,0,0,0,0
"PTRS, Colt",Biomass_kgha,132,0,0,0,0
"PTRS, Colt",Biomass_kgha,133,0,0,0,0
"PTRS, Colt",Biomass_kgha,134,0,0,0,0
"PTRS, Colt",Biomass_kgha,135,0,0,0,0
"PTRS, Colt",Biomass_kgha,136,0,0,0,0
"PTRS, Colt",Biomass_kgha,137,0,0,0,0
"PTRS, Colt",Biomass_kgha,138,0,0,0,0
"PTRS, Colt",Biomass_kgha,139,0,0,0,0
"PTRS, Colt",Biomass_kgha,140,0,0,0,0
"PTRS, Colt",Biomass_kgha,141,0,0,0,0
"PTRS, Colt",Biomass_kgha,142,0,10,10,10
"PTRS, Colt",Biomass_kgha,143,10,10,10,10
"PTRS, Colt",Biomass_kgha,144,10,10,10,10
"PTRS, Colt",Biomass_kgha,145,10,10,10,10
"PTRS, Colt",Biomass_kgha,146,10,10,10,10
"PTRS, Colt",Biomass_kgha,147,10,10,14.621,10
"PTRS, Colt",Biomass_kgha,148,10,11.004,17.994,13.113
"PTRS, Colt",Biomass_kgha,149,10,14.701,21.868,16.07
"PTRS, Colt",Biomass_kgha,150,10,17.932,26.566,19.17
"PTRS, Colt",Biomass_kgha,151,10,22.309,32.234,24.73
"PTRS, Colt",Biomass_kgha,152,10,26.449,39.519,30.592
"PTRS, Colt",Biomass_kgha,153,13.102,31.898,47.882,37.057
"PTRS, Colt",Biomass_kgha,154,14.803,38.896,57.121,45.517
"PTRS, Colt",Biomass_kgha,155,17.474,45.742,64.152,53.755
"PTRS, Colt",Biomass_kgha,156,21.713,52.121,75.152,63.769
"PTRS, Colt",Biomass_kgha,157,26.796,61.448,89.981,73.61
"PTRS, Colt",Biomass_kgha,158,29.934,73.214,106.763,84.514
"PTRS, Colt",Biomass_kgha,159,36.618,88.163,123.106,98.8
"PTRS, Colt",Biomass_kgha,160,42.009,103.038,142.018,117.476
"PTRS, Colt",Biomass_kgha,161,51.483,121.178,168.033,137.702
"PTRS, Colt",Biomass_kgha,162,61.027,141.54,192.711,163.922
"PTRS, Colt",Biomass_kgha,163,69.302,163.783,218.975,183.841
"PTRS, Colt",Biomass_kgha,164,81.279,194.501,256.229,212.034
"PTRS, Colt",Biomass_kgha,165,92.953,225.901,302.975,239.763
"PTRS, Colt",Biomass_kgha,166,110.609,257.568,355.907,278.661
"PTRS, Colt",Biomass_kgha,167,133.288,294.414,411.307,333.782
"PTRS, Colt",Biomass_kgha,168,158.198,343.321,476.346,377.126
"PTRS, Colt",Biomass_kgha,169,187.655,397.745,550.699,428.167
"PTRS, Colt",Biomass_kgha,170,217.891,456.992,640.909,484.59
"PTRS, Colt",Biomass_kgha,171,253.75,528.895,739.29,563.085
"PTRS, Colt",Biomass_kgha,172,288.107,596.753,841.111,625.807
"PTRS, Colt",Biomass_kgha,173,328.518,685.159,949.251,653.447
"PTRS, Colt",Biomass_kgha,174,379.644,778.652,1066.305,759.889
"PTRS, Colt",Biomass_kgha,175,429.534,876.463,1185.986,860.795
"PTRS, Colt",Biomass_kgha,176,489.281,971.639,1312.834,983.211
"PTRS, Colt",Biomass_kgha,177,533.351,1092.064,1440.852,1038.189
"PTRS, Colt",Biomass_kgha,178,614.287,1204.762,1580.851,1145.962
"PTRS, Colt",Biomass_kgha,179,710.93,1329.238,1716.191,1280.053
"PTRS, Colt",Biomass_kgha,180,797.811,1445.447,1827.948,1417.494
"PTRS, Colt",Biomass_kgha,181,884.037,1568.484,1979.199,1557.169
"PTRS, Colt",Biomass_kgha,182,940.94,1703.256,2136.968,1698.19
"PTRS, Colt",Biomass_kgha,183,1043.828,1822.775,2297.668,1843.247
"PTRS, Colt",Biomass_kgha,184,1161.316,1938.111,2442.902,1990.49
"PTRS, Colt",Biomass_kgha,185,1286.73,2090.021,2602.068,2130.154
"PTRS, Colt",Biomass_kgha,186,1395.943,2209.179,2759.925,2279.111
"PTRS, Colt",Biomass_kgha,187,1503.707,2348.941,2909.852,2432.136
"PTRS, Colt",Biomass_kgha,188,1642.284,2495.1,3051.002,2552.556
"PTRS, Colt",Biomass_kgha,189,1766.75,2638.246,3204.737,2686.169
"PTRS, Colt",Biomass_kgha,190,1906.954,2777.113,3318.715,2834.595
"PTRS, Colt",Biomass_kgha,191,2054.052,2912.978,3467.32,2963.773
"PTRS, Colt",Biomass_kgha,192,2196.754,3054.6,3606.452,3077.868
"PTRS, Colt",Biomass_kgha,193,2345.869,3212.671,3750.226,3235.73
"PTRS, Colt",Biomass_kgha,194,2499.432,3373.76,3894.733,3388.985
"PTRS, Colt",Biomass_kgha,195,2647.196,3504.32,4039.488,3526
"PTRS, Colt",Biomass_kgha,196,2790.192,3643.728,4188.329,3624.782
"PTRS, Colt",Biomass_kgha,197,2926,3794.364,4345.721,3773.966
"PTRS, Colt",Biomass_kgha,198,3035.778,3946.24,4478.372,3932.949
"PTRS, Colt",Biomass_kgha,199,3173.157,4079.788,4626.831,4094.213
"PTRS, Colt",Biomass_kgha,200,3335.28,4230.884,4796.711,4251.741
"PTRS, Colt",Biomass_kgha,201,3502.325,4366.615,4954.656,4392.342
"PTRS, Colt",Biomass_kgha,202,3655.298,4502.878,5111.721,4528.833
"PTRS, Colt",Biomass_kgha,203,3796.356,4626.819,5265.711,4699.782
"PTRS, Colt",Biomass_kgha,204,3936.031,4788.866,5435.939,4869.664
"PTRS, Colt",Biomass_kgha,205,4088.104,4956.558,5589.984,4982.824
"PTRS, Colt",Biomass_kgha,206,4250.621,5102.084,5763.52,5119.39
"PTRS, Colt",Biomass_kgha,207,4407.693,5262.46,5915.016,5324.752
"PTRS, Colt",Biomass_kgha,208,4562.636,5400.466,6139.433,5526.824
"PTRS, Colt",Biomass_kgha,209,4684.343,5522.621,6382.37,5710.161
"PTRS, Colt",Biomass_kgha,210,4843.723,5723.385,6625.02,5936.493
"PTRS, Colt",Biomass_kgha,211,4960.533,5914.587,6881.376,6174.724
"PTRS, Colt",Biomass_kgha,212,5067.992,6150.095,7118.253,6422.371
"PTRS, Colt",Biomass_kgha,213,5218.063,6379.776,7351.346,6678.542
"PTRS, Colt",Biomass_kgha,214,5432.185,6615.957,7575.433,NA
"PTRS, Colt",Biomass_kgha,215,5653.695,6817.222,7753.282,NA
"PTRS, Colt",Biomass_kgha,216,5888.274,7007.263,7971.135,NA
"PTRS, Colt",Biomass_kgha,217,6054.804,7198.915,8214.05,NA
"PTRS, Colt",Biomass_kgha,218,6115.425,7457.494,8491.965,NA
"PTRS, Colt",Biomass_kgha,219,6319.594,7690.579,8775.692,NA
"PTRS, Colt",Biomass_kgha,220,6547.229,7937.708,8947.662,NA
"PTRS, Colt",Biomass_kgha,221,6788.313,8158.151,9132.948,NA
"PTRS, Colt",Biomass_kgha,222,7046.385,8401.441,9357.878,NA
"PTRS, Colt",Biomass_kgha,223,7229.968,8601.923,9636.789,NA
"PTRS, Colt",Biomass_kgha,224,7460.042,8863.002,9869.002,NA
"PTRS, Colt",Biomass_kgha,225,7701.457,9065.324,10030.682,NA
"PTRS, Colt",Biomass_kgha,226,7975.997,9268.152,10259.8,NA
"PTRS, Colt",Biomass_kgha,227,8174.777,9506.968,10483.129,NA
"PTRS, Colt",Biomass_kgha,228,8375.982,9740.644,10693.254,NA
"PTRS, Colt",Biomass_kgha,229,8562.269,9877.36,10840.742,NA
"PTRS, Colt",Biomass_kgha,230,8783.283,10034.104,11007.176,NA
"PTRS, Colt",Biomass_kgha,231,8992.694,10206.44,11129.298,NA
"PTRS, Colt",Biomass_kgha,232,9174.536,10392.86,11280.911,NA
"PTRS, Colt",Biomass_kgha,233,9287.312,10573.454,11451.062,NA
"PTRS, Colt",Biomass_kgha,234,9478.142,10740.664,11596.616,NA
"PTRS, Colt",Biomass_kgha,235,9638.246,10867.486,11763.824,NA
"PTRS, Colt",Biomass_kgha,236,9782.82,10973.327,11879.974,NA
"PTRS, Colt",Biomass_kgha,237,9916.938,11135.766,11930.338,NA
"PTRS, Colt",Biomass_kgha,238,10046.948,11259.379,12049.404,NA
"PTRS, Colt",Biomass_kgha,239,10163.203,11371.817,12146.086,NA
"PTRS, Colt",Biomass_kgha,240,10192.193,11444.789,12251.184,NA
"PTRS, Colt",Biomass_kgha,241,10253.892,11516.129,12283.453,NA
"PTRS, Colt",Biomass_kgha,242,10338.774,11601.466,12333.188,NA
"PTRS, Colt",Biomass_kgha,243,10428.073,11676.691,12413.256,NA
"PTRS, Colt",Biomass_kgha,244,10531.105,11737.724,12481.159,NA
"PTRS, Colt",Biomass_kgha,245,10620.362,11791.865,12529.17,NA
"PTRS, Colt",Biomass_kgha,246,10615.234,11809.865,12558.971,NA
"PTRS, Colt",Biomass_kgha,247,10627.216,11813.853,12574.519,NA
"PTRS, Colt",Biomass_kgha,248,10687.859,11790.478,12558.446,NA
"PTRS, Colt",Biomass_kgha,249,10668.822,11766.513,12556.056,NA
"PTRS, Colt",Biomass_kgha,250,10619.438,11722.623,12531.28,NA
"PTRS, Colt",Biomass_kgha,251,10572.523,11668.874,12497.184,NA
"PTRS, Colt",Biomass_kgha,252,0,11614.881,12534.611,NA
"PTRS, Colt",Biomass_kgha,253,0,11624.192,12552.766,NA
"PTRS, Colt",Biomass_kgha,254,0,11576.902,12503.402,NA
"PTRS, Colt",Biomass_kgha,255,0,11538.739,12452.683,NA
"PTRS, Colt",Biomass_kgha,256,0,11494.736,12401.701,NA
"PTRS, Colt",Biomass_kgha,257,0,11180.257,12351.682,NA
"PTRS, Colt",Biomass_kgha,258,0,10598.493,12304.164,NA
"PTRS, Colt",Biomass_kgha,259,0,0,12259.022,NA
"PTRS, Colt",Biomass_kgha,260,0,0,12216.137,NA
"PTRS, Colt",Biomass_kgha,261,0,0,12175.396,NA
"PTRS, Colt",Biomass_kgha,262,0,0,12136.692,NA
"PTRS, Colt",Biomass_kgha,263,0,0,11943.786,NA
"PTRS, Colt",Biomass_kgha,264,0,0,11331.067,NA
"PTRS, Colt",Biomass_kgha,265,0,0,11290.214,NA
"PTRS, Colt",Biomass_kgha,266,0,0,11251.403,NA
"PTRS, Colt",Biomass_kgha,267,0,0,0,NA
"PTRS, Colt",Biomass_kgha,268,0,0,0,NA
"PTRS, Colt",Biomass_kgha,269,0,0,0,NA
"PTRS, Colt",Biomass_kgha,270,0,0,0,NA
"PTRS, Colt",Biomass_kgha,271,0,0,0,NA
"PTRS, Colt",Biomass_kgha,272,0,0,0,NA
"PTRS, Colt",Biomass_kgha,273,0,0,0,NA
"PTRS, Colt",Biomass_kgha,274,0,0,0,NA
"PTRS, Colt",Biomass_kgha,275,0,0,0,NA
"PTRS, Colt",Biomass_kgha,276,0,0,0,NA
"PTRS, Colt",Biomass_kgha,277,0,0,0,NA
"PTRS, Colt",Biomass_kgha,278,0,0,0,NA
"PTRS, Colt",Biomass_kgha,279,0,0,0,NA
"PTRS, Colt",Biomass_kgha,280,0,0,0,NA
"PTRS, Colt",Biomass_kgha,281,0,0,0,NA
"PTRS, Colt",Biomass_kgha,282,0,0,0,NA
"PTRS, Colt",Biomass_kgha,283,0,0,0,NA
"PTRS, Colt",Biomass_kgha,284,0,0,0,NA
"PTRS, Colt",Biomass_kgha,285,0,0,0,NA
"PTRS, Colt",Biomass_kgha,286,0,0,0,NA
"PTRS, Colt",Biomass_kgha,287,0,0,0,NA
"PTRS, Colt",Biomass_kgha,288,0,0,0,NA
"PTRS, Colt",Biomass_kgha,289,0,0,0,NA
"PTRS, Colt",Biomass_kgha,290,0,0,0,NA
"PTRS, Colt",Biomass_kgha,291,0,0,0,NA
"PTRS, Colt",Biomass_kgha,292,0,0,0,NA
"PTRS, Colt",Biomass_kgha,293,0,0,0,NA
"PTRS, Colt",Biomass_kgha,294,0,0,0,NA
"PTRS, Colt",Biomass_kgha,295,0,0,0,NA
"PTRS, Colt",Biomass_kgha,296,0,0,0,NA
"PTRS, Colt",Biomass_kgha,297,0,0,0,NA
"PTRS, Colt",Biomass_kgha,298,0,0,0,NA
"PTRS, Colt",Biomass_kgha,299,0,0,0,NA
"PTRS, Colt",Biomass_kgha,300,0,0,0,NA
"PTRS, Colt",Biomass_kgha,301,0,0,0,NA
"PTRS, Colt",Biomass_kgha,302,0,0,0,NA
"PTRS, Colt",Biomass_kgha,303,0,0,0,NA
"PTRS, Colt",Biomass_kgha,304,0,0,0,NA
"PTRS, Colt",Biomass_kgha,305,0,0,0,NA
"PTRS, Colt",Biomass_kgha,306,0,0,0,NA
"PTRS, Colt",Biomass_kgha,307,0,0,0,NA
"PTRS, Colt",Biomass_kgha,308,0,0,0,NA
"PTRS, Colt",Biomass_kgha,309,0,0,0,NA
"PTRS, Colt",Biomass_kgha,310,0,0,0,NA
"PTRS, Colt",Biomass_kgha,311,0,0,0,NA
"PTRS, Colt",Biomass_kgha,312,0,0,0,NA
"PTRS, Colt",Biomass_kgha,313,0,0,0,NA
"PTRS, Colt",Biomass_kgha,314,0,0,0,NA
"PTRS, Colt",Biomass_kgha,315,0,0,0,NA
"PTRS, Colt",Biomass_kgha,316,0,0,0,NA
"PTRS, Colt",Biomass_kgha,317,0,0,0,NA
"PTRS, Colt",Biomass_kgha,318,0,0,0,NA
"PTRS, Colt",Biomass_kgha,319,0,0,0,NA
"PTRS, Colt",Biomass_kgha,320,0,0,0,NA
"PTRS, Colt",Biomass_kgha,321,0,0,0,NA
"PTRS, Colt",Biomass_kgha,322,0,0,0,NA
"PTRS, Colt",Biomass_kgha,323,0,0,0,NA
"PTRS, Colt",Biomass_kgha,324,0,0,0,NA
"PTRS, Colt",Biomass_kgha,325,0,0,0,NA
"PTRS, Colt",Biomass_kgha,326,0,0,0,NA
"PTRS, Colt",Biomass_kgha,327,0,0,0,NA
"PTRS, Colt",Biomass_kgha,328,0,0,0,NA
"PTRS, Colt",Biomass_kgha,329,0,0,0,NA
"PTRS, Colt",Biomass_kgha,330,0,0,0,NA
"PTRS, Colt",Biomass_kgha,331,0,0,0,NA
"PTRS, Colt",Biomass_kgha,332,0,0,0,NA
"PTRS, Colt",Biomass_kgha,333,0,0,0,NA
"PTRS, Colt",Biomass_kgha,334,0,0,0,NA
"PTRS, Colt",Biomass_kgha,335,0,0,0,NA
"PTRS, Colt",Biomass_kgha,336,0,0,0,NA
"PTRS, Colt",Biomass_kgha,337,0,0,0,NA
"PTRS, Colt",Biomass_kgha,338,0,0,0,NA
"PTRS, Colt",Biomass_kgha,339,0,0,0,NA
"PTRS, Colt",Biomass_kgha,340,0,0,0,NA
"PTRS, Colt",Biomass_kgha,341,0,0,0,NA
"PTRS, Colt",Biomass_kgha,342,0,0,0,NA
"PTRS, Colt",Biomass_kgha,343,0,0,0,NA
"PTRS, Colt",Biomass_kgha,344,0,0,0,NA
"PTRS, Colt",Biomass_kgha,345,0,0,0,NA
"PTRS, Colt",Biomass_kgha,346,0,0,0,NA
"PTRS, Colt",Biomass_kgha,347,0,0,0,NA
"PTRS, Colt",Biomass_kgha,348,0,0,0,NA
"PTRS, Colt",Biomass_kgha,349,0,0,0,NA
"PTRS, Colt",Biomass_kgha,350,0,0,0,NA
"PTRS, Colt",Biomass_kgha,351,0,0,0,NA
"PTRS, Colt",Biomass_kgha,352,0,0,0,NA
"PTRS, Colt",Biomass_kgha,353,0,0,0,NA
"PTRS, Colt",Biomass_kgha,354,0,0,0,NA
"PTRS, Colt",Biomass_kgha,355,0,0,0,NA
"PTRS, Colt",Biomass_kgha,356,0,0,0,NA
"PTRS, Colt",Biomass_kgha,357,0,0,0,NA
"PTRS, Colt",Biomass_kgha,358,0,0,0,NA
"PTRS, Colt",Biomass_kgha,359,0,0,0,NA
"PTRS, Colt",Biomass_kgha,360,0,0,0,NA
"PTRS, Colt",Biomass_kgha,361,0,0,0,NA
"PTRS, Colt",Biomass_kgha,362,0,0,0,NA
"PTRS, Colt",Biomass_kgha,363,0,0,0,NA
"PTRS, Colt",Biomass_kgha,364,0,0,0,NA
"PTRS, Colt",Biomass_kgha,365,0,0,0,NA
"PTRS, Colt",Biomass_kgha,366,0,0,0,NA
"PTRS, Colt",CummRain_in,1,23.2,36.763,58.152,42.489
"PTRS, Colt",CummRain_in,2,23.2,37.002,58.153,42.646
"PTRS, Colt",CummRain_in,3,23.2,37.018,58.162,42.647
"PTRS, Colt",CummRain_in,4,23.2,37.06,58.164,42.647
"PTRS, Colt",CummRain_in,5,23.2,37.306,58.164,42.647
"PTRS, Colt",CummRain_in,6,23.2,37.673,58.172,42.648
"PTRS, Colt",CummRain_in,7,23.2,37.717,58.202,42.648
"PTRS, Colt",CummRain_in,8,23.2,37.772,58.202,42.694
"PTRS, Colt",CummRain_in,9,23.287,37.957,58.202,42.912
"PTRS, Colt",CummRain_in,10,24.331,38.02,58.202,43.189
"PTRS, Colt",CummRain_in,11,24.331,38.307,58.202,43.189
"PTRS, Colt",CummRain_in,12,24.389,38.333,58.202,43.189
"PTRS, Colt",CummRain_in,13,24.699,38.496,58.202,43.22
"PTRS, Colt",CummRain_in,14,24.699,38.521,58.203,43.263
"PTRS, Colt",CummRain_in,15,24.699,38.795,58.204,43.263
"PTRS, Colt",CummRain_in,16,25.574,39.024,59.035,43.274
"PTRS, Colt",CummRain_in,17,26.043,39.45,59.306,43.274
"PTRS, Colt",CummRain_in,18,26.043,39.487,59.307,43.274
"PTRS, Colt",CummRain_in,19,26.043,39.619,59.372,43.274
"PTRS, Colt",CummRain_in,20,26.064,39.62,60.101,43.274
"PTRS, Colt",CummRain_in,21,26.08,39.621,60.57,43.681
"PTRS, Colt",CummRain_in,22,28.167,39.624,60.57,43.684
"PTRS, Colt",CummRain_in,23,28.3,39.645,61.149,43.703
"PTRS, Colt",CummRain_in,24,28.3,40.143,61.249,44.234
"PTRS, Colt",CummRain_in,25,28.3,40.349,61.249,44.471
"PTRS, Colt",CummRain_in,26,28.3,40.492,61.249,44.471
"PTRS, Colt",CummRain_in,27,28.3,40.492,61.249,44.471
"PTRS, Colt",CummRain_in,28,29.401,40.612,61.272,44.471
"PTRS, Colt",CummRain_in,29,29.413,40.735,62.033,44.481
"PTRS, Colt",CummRain_in,30,29.413,40.736,62.037,44.494
"PTRS, Colt",CummRain_in,31,29.413,40.946,62.037,44.494
"PTRS, Colt",CummRain_in,32,29.417,41.252,62.038,44.494
"PTRS, Colt",CummRain_in,33,30.3,41.569,62.038,44.517
"PTRS, Colt",CummRain_in,34,30.447,41.631,62.038,44.744
"PTRS, Colt",CummRain_in,35,30.447,41.658,62.697,44.744
"PTRS, Colt",CummRain_in,36,30.467,42.333,62.915,44.744
"PTRS, Colt",CummRain_in,37,30.662,42.346,62.915,44.744
"PTRS, Colt",CummRain_in,38,30.662,42.346,62.915,44.744
"PTRS, Colt",CummRain_in,39,30.665,42.381,64.089,44.745
"PTRS, Colt",CummRain_in,40,30.665,42.401,64.134,44.758
"PTRS, Colt",CummRain_in,41,30.879,42.824,64.134,44.793
"PTRS, Colt",CummRain_in,42,30.938,43.013,64.146,44.885
"PTRS, Colt",CummRain_in,43,30.972,43.013,64.161,44.885
"PTRS, Colt",CummRain_in,44,31.305,43.051,64.204,44.885
"PTRS, Colt",CummRain_in,45,31.305,43.698,64.476,45.423
"PTRS, Colt",CummRain_in,46,31.309,44.054,64.48,46.86
"PTRS, Colt",CummRain_in,47,31.347,44.087,64.48,46.863
"PTRS, Colt",CummRain_in,48,31.635,44.168,64.48,46.863
"PTRS, Colt",CummRain_in,49,31.751,44.219,64.48,46.863
"PTRS, Colt",CummRain_in,50,31.751,44.349,64.48,46.868
"PTRS, Colt",CummRain_in,51,31.751,44.349,64.48,46.877
"PTRS, Colt",CummRain_in,52,31.964,44.463,65.333,46.911
"PTRS, Colt",CummRain_in,53,32.117,44.619,65.363,46.911
"PTRS, Colt",CummRain_in,54,32.216,44.827,65.363,46.911
"PTRS, Colt",CummRain_in,55,32.219,45.286,65.363,46.911
"PTRS, Colt",CummRain_in,56,32.377,45.525,65.363,46.94
"PTRS, Colt",CummRain_in,57,32.409,45.681,65.363,47.043
"PTRS, Colt",CummRain_in,58,32.409,45.697,65.363,47.044
"PTRS, Colt",CummRain_in,59,32.409,46.283,65.363,47.044
"PTRS, Colt",CummRain_in,60,32.409,46.353,65.374,47.061
"PTRS, Colt",CummRain_in,61,32.41,46.638,65.393,47.093
"PTRS, Colt",CummRain_in,62,32.41,46.647,65.393,47.096
"PTRS, Colt",CummRain_in,63,32.411,46.766,65.393,47.099
"PTRS, Colt",CummRain_in,64,32.469,46.854,65.393,47.111
"PTRS, Colt",CummRain_in,65,32.469,47.101,65.393,47.122
"PTRS, Colt",CummRain_in,66,32.469,47.175,65.393,47.886
"PTRS, Colt",CummRain_in,67,32.644,47.256,65.407,48.229
"PTRS, Colt",CummRain_in,68,33.635,47.256,65.718,48.892
"PTRS, Colt",CummRain_in,69,33.638,47.256,66.162,48.931
"PTRS, Colt",CummRain_in,70,33.659,47.374,66.355,49.689
"PTRS, Colt",CummRain_in,71,33.717,47.479,66.646,49.689
"PTRS, Colt",CummRain_in,72,33.791,47.777,66.649,49.689
"PTRS, Colt",CummRain_in,73,33.791,47.789,66.651,49.689
"PTRS, Colt",CummRain_in,74,33.791,47.844,66.651,50.249
"PTRS, Colt",CummRain_in,75,33.791,47.9,66.651,50.249
"PTRS, Colt",CummRain_in,76,33.791,48.428,66.651,50.249
"PTRS, Colt",CummRain_in,77,33.859,48.449,66.651,50.249
"PTRS, Colt",CummRain_in,78,34.857,48.78,67.34,50.249
"PTRS, Colt",CummRain_in,79,36.093,48.796,67.521,50.249
"PTRS, Colt",CummRain_in,80,36.102,48.885,67.98,50.249
"PTRS, Colt",CummRain_in,81,36.102,49.113,68.178,50.249
"PTRS, Colt",CummRain_in,82,36.104,49.216,68.631,50.249
"PTRS, Colt",CummRain_in,83,36.104,49.379,69.056,50.249
"PTRS, Colt",CummRain_in,84,36.104,49.589,69.78,50.25
"PTRS, Colt",CummRain_in,85,36.104,49.962,69.802,50.25
"PTRS, Colt",CummRain_in,86,36.109,49.996,69.802,50.277
"PTRS, Colt",CummRain_in,87,36.109,49.996,69.928,50.277
"PTRS, Colt",CummRain_in,88,36.109,50.238,70.907,50.277
"PTRS, Colt",CummRain_in,89,36.112,50.569,70.965,50.277
"PTRS, Colt",CummRain_in,90,36.214,50.745,72.063,50.28
"PTRS, Colt",CummRain_in,91,0,0.001,72.653,0
"PTRS, Colt",CummRain_in,92,0,0.016,1.093,0.073
"PTRS, Colt",CummRain_in,93,0,0.257,3.517,0.1
"PTRS, Colt",CummRain_in,94,0,0.346,4.803,0.684
"PTRS, Colt",CummRain_in,95,0,0.421,8.382,0.685
"PTRS, Colt",CummRain_in,96,0,0.768,9.252,0.685
"PTRS, Colt",CummRain_in,97,0,0.842,9.253,0.685
"PTRS, Colt",CummRain_in,98,0.074,0.891,9.253,0.685
"PTRS, Colt",CummRain_in,99,0.08,0.95,9.253,0.685
"PTRS, Colt",CummRain_in,100,0.112,1.139,9.269,0.685
"PTRS, Colt",CummRain_in,101,0.112,1.25,9.272,0.685
"PTRS, Colt",CummRain_in,102,0.113,1.682,9.272,0.685
"PTRS, Colt",CummRain_in,103,0.265,1.963,9.272,0.689
"PTRS, Colt",CummRain_in,104,0.265,2.14,9.273,0.689
"PTRS, Colt",CummRain_in,105,0.265,2.257,9.273,0.691
"PTRS, Colt",CummRain_in,106,0.278,2.26,9.273,0.766
"PTRS, Colt",CummRain_in,107,0.363,2.346,9.273,0.77
"PTRS, Colt",CummRain_in,108,0.478,2.57,9.597,0.918
"PTRS, Colt",CummRain_in,109,0.483,2.693,9.626,0.918
"PTRS, Colt",CummRain_in,110,0.492,3.035,9.77,0.918
"PTRS, Colt",CummRain_in,111,0.643,3.146,10.057,0.918
"PTRS, Colt",CummRain_in,112,0.649,3.192,10.057,0.918
"PTRS, Colt",CummRain_in,113,0.742,3.728,10.136,0.918
"PTRS, Colt",CummRain_in,114,0.893,3.887,10.259,1.395
"PTRS, Colt",CummRain_in,115,0.893,3.915,10.63,1.699
"PTRS, Colt",CummRain_in,116,1.071,4.237,11.516,1.709
"PTRS, Colt",CummRain_in,117,1.095,4.416,12.798,1.833
"PTRS, Colt",CummRain_in,118,1.114,4.608,14.841,3.347
"PTRS, Colt",CummRain_in,119,1.179,4.723,15.421,4.117
"PTRS, Colt",CummRain_in,120,1.599,4.994,15.421,4.117
"PTRS, Colt",CummRain_in,121,1.661,5.368,15.421,4.119
"PTRS, Colt",CummRain_in,122,1.669,5.494,15.424,4.119
"PTRS, Colt",CummRain_in,123,1.718,5.78,15.984,4.119
"PTRS, Colt",CummRain_in,124,1.719,5.96,16.332,4.122
"PTRS, Colt",CummRain_in,125,1.719,6.041,16.578,4.695
"PTRS, Colt",CummRain_in,126,1.719,6.276,16.578,5.556
"PTRS, Colt",CummRain_in,127,2.196,6.37,16.58,5.556
"PTRS, Colt",CummRain_in,128,2.198,6.429,16.785,5.556
"PTRS, Colt",CummRain_in,129,2.198,6.599,17.028,5.556
"PTRS, Colt",CummRain_in,130,2.198,7.086,17.173,5.698
"PTRS, Colt",CummRain_in,131,2.198,7.106,17.461,5.753
"PTRS, Colt",CummRain_in,132,2.283,7.151,17.981,5.753
"PTRS, Colt",CummRain_in,133,2.335,7.341,18.109,5.762
"PTRS, Colt",CummRain_in,134,2.339,7.554,18.251,5.774
"PTRS, Colt",CummRain_in,135,2.375,7.693,18.754,5.939
"PTRS, Colt",CummRain_in,136,2.458,7.752,18.831,5.939
"PTRS, Colt",CummRain_in,137,2.489,7.981,19.234,5.963
"PTRS, Colt",CummRain_in,138,2.541,8.101,19.45,5.982
"PTRS, Colt",CummRain_in,139,2.819,8.157,19.583,6.626
"PTRS, Colt",CummRain_in,140,3.054,8.213,19.628,7.237
"PTRS, Colt",CummRain_in,141,3.105,8.47,19.684,7.304
"PTRS, Colt",CummRain_in,142,3.154,8.541,19.784,8.492
"PTRS, Colt",CummRain_in,143,3.252,8.613,20.003,8.936
"PTRS, Colt",CummRain_in,144,3.581,8.878,20.474,9.231
"PTRS, Colt",CummRain_in,145,3.581,9.143,21.156,9.328
"PTRS, Colt",CummRain_in,146,3.581,9.201,21.274,9.605
"PTRS, Colt",CummRain_in,147,3.581,9.256,21.291,9.752
"PTRS, Colt",CummRain_in,148,3.581,9.662,21.35,10.106
"PTRS, Colt",CummRain_in,149,3.588,9.803,21.374,10.431
"PTRS, Colt",CummRain_in,150,3.593,9.819,21.411,10.5
"PTRS, Colt",CummRain_in,151,3.676,9.988,21.476,10.504
"PTRS, Colt",CummRain_in,152,4.241,10.034,21.506,10.75
"PTRS, Colt",CummRain_in,153,4.245,10.125,21.738,10.852
"PTRS, Colt",CummRain_in,154,4.245,10.478,21.881,10.852
"PTRS, Colt",CummRain_in,155,4.835,10.629,21.89,10.852
"PTRS, Colt",CummRain_in,156,5.039,10.746,21.896,10.854
"PTRS, Colt",CummRain_in,157,5.054,10.88,21.898,10.861
"PTRS, Colt",CummRain_in,158,5.054,10.93,21.901,11.272
"PTRS, Colt",CummRain_in,159,5.054,11.031,21.901,11.39
"PTRS, Colt",CummRain_in,160,5.054,11.037,21.902,11.399
"PTRS, Colt",CummRain_in,161,5.054,11.339,22.057,11.399
"PTRS, Colt",CummRain_in,162,5.061,11.444,22.604,11.399
"PTRS, Colt",CummRain_in,163,5.28,11.626,22.874,12.065
"PTRS, Colt",CummRain_in,164,5.28,11.676,23.103,13.403
"PTRS, Colt",CummRain_in,165,5.281,11.839,23.952,13.562
"PTRS, Colt",CummRain_in,166,5.281,11.865,24.018,13.567
"PTRS, Colt",CummRain_in,167,5.281,11.87,24.299,13.567
"PTRS, Colt",CummRain_in,168,5.282,11.892,24.487,13.567
"PTRS, Colt",CummRain_in,169,5.301,12.22,25.107,13.615
"PTRS, Colt",CummRain_in,170,5.302,12.499,25.503,13.638
"PTRS, Colt",CummRain_in,171,5.302,12.695,25.605,13.766
"PTRS, Colt",CummRain_in,172,5.305,12.748,25.608,13.915
"PTRS, Colt",CummRain_in,173,5.312,12.885,25.611,15.664
"PTRS, Colt",CummRain_in,174,5.32,12.885,25.646,15.67
"PTRS, Colt",CummRain_in,175,5.329,12.897,25.696,15.738
"PTRS, Colt",CummRain_in,176,5.331,12.914,25.748,15.787
"PTRS, Colt",CummRain_in,177,5.333,13.652,25.756,15.789
"PTRS, Colt",CummRain_in,178,5.334,13.665,25.902,15.789
"PTRS, Colt",CummRain_in,179,5.334,14.023,26.184,15.789
"PTRS, Colt",CummRain_in,180,5.334,14.202,26.408,15.789
"PTRS, Colt",CummRain_in,181,5.647,14.326,26.748,15.789
"PTRS, Colt",CummRain_in,182,5.884,14.44,26.768,15.84
"PTRS, Colt",CummRain_in,183,5.884,14.447,26.768,15.925
"PTRS, Colt",CummRain_in,184,5.887,14.481,26.768,15.996
"PTRS, Colt",CummRain_in,185,5.891,14.894,26.768,16.164
"PTRS, Colt",CummRain_in,186,5.892,14.909,26.777,16.417
"PTRS, Colt",CummRain_in,187,5.892,14.957,26.833,16.515
"PTRS, Colt",CummRain_in,188,5.94,15.083,27.381,16.637
"PTRS, Colt",CummRain_in,189,5.961,15.13,27.763,16.709
"PTRS, Colt",CummRain_in,190,6.193,15.159,27.797,16.863
"PTRS, Colt",CummRain_in,191,6.368,15.388,27.863,16.952
"PTRS, Colt",CummRain_in,192,6.686,15.388,27.933,17.162
"PTRS, Colt",CummRain_in,193,6.872,15.59,27.969,17.31
"PTRS, Colt",CummRain_in,194,7.177,15.874,28.125,17.363
"PTRS, Colt",CummRain_in,195,7.365,15.906,28.21,17.609
"PTRS, Colt",CummRain_in,196,7.54,15.909,28.37,18.043
"PTRS, Colt",CummRain_in,197,7.6,15.909,28.396,18.077
"PTRS, Colt",CummRain_in,198,7.603,16.12,28.402,18.172
"PTRS, Colt",CummRain_in,199,7.615,16.122,28.438,18.179
"PTRS, Colt",CummRain_in,200,7.626,16.134,28.452,18.191
"PTRS, Colt",CummRain_in,201,7.657,16.283,28.534,18.303
"PTRS, Colt",CummRain_in,202,7.668,16.55,28.539,18.361
"PTRS, Colt",CummRain_in,203,7.706,16.55,28.539,18.372
"PTRS, Colt",CummRain_in,204,7.741,16.599,28.539,18.372
"PTRS, Colt",CummRain_in,205,7.741,16.811,28.541,18.481
"PTRS, Colt",CummRain_in,206,7.741,16.828,28.552,18.774
"PTRS, Colt",CummRain_in,207,7.741,16.851,28.559,18.845
"PTRS, Colt",CummRain_in,208,7.91,17.035,28.564,18.863
"PTRS, Colt",CummRain_in,209,7.917,17.182,28.566,18.906
"PTRS, Colt",CummRain_in,210,7.917,17.346,28.58,19.117
"PTRS, Colt",CummRain_in,211,7.917,17.575,28.582,19.117
"PTRS, Colt",CummRain_in,212,7.926,17.575,29.188,19.261
"PTRS, Colt",CummRain_in,213,7.981,17.575,29.237,19.359
"PTRS, Colt",CummRain_in,214,7.998,17.575,29.238,NA
"PTRS, Colt",CummRain_in,215,8.065,17.586,29.238,NA
"PTRS, Colt",CummRain_in,216,8.207,17.652,29.238,NA
"PTRS, Colt",CummRain_in,217,8.22,18.16,29.241,NA
"PTRS, Colt",CummRain_in,218,8.279,18.456,29.241,NA
"PTRS, Colt",CummRain_in,219,8.288,18.678,29.241,NA
"PTRS, Colt",CummRain_in,220,8.29,18.8,29.354,NA
"PTRS, Colt",CummRain_in,221,8.303,18.813,29.354,NA
"PTRS, Colt",CummRain_in,222,8.313,18.859,29.364,NA
"PTRS, Colt",CummRain_in,223,8.316,18.965,29.364,NA
"PTRS, Colt",CummRain_in,224,8.316,18.984,29.467,NA
"PTRS, Colt",CummRain_in,225,8.319,19.092,29.59,NA
"PTRS, Colt",CummRain_in,226,8.539,19.092,29.619,NA
"PTRS, Colt",CummRain_in,227,8.539,19.092,29.626,NA
"PTRS, Colt",CummRain_in,228,8.54,19.256,29.626,NA
"PTRS, Colt",CummRain_in,229,8.664,19.356,29.629,NA
"PTRS, Colt",CummRain_in,230,8.87,19.356,29.63,NA
"PTRS, Colt",CummRain_in,231,8.95,19.704,29.675,NA
"PTRS, Colt",CummRain_in,232,8.954,19.772,29.976,NA
"PTRS, Colt",CummRain_in,233,8.961,19.943,30,NA
"PTRS, Colt",CummRain_in,234,8.961,20.031,30,NA
"PTRS, Colt",CummRain_in,235,8.961,20.033,30,NA
"PTRS, Colt",CummRain_in,236,8.961,20.091,30,NA
"PTRS, Colt",CummRain_in,237,8.961,20.185,30,NA
"PTRS, Colt",CummRain_in,238,9.231,20.185,30,NA
"PTRS, Colt",CummRain_in,239,9.26,20.185,30.003,NA
"PTRS, Colt",CummRain_in,240,9.295,20.185,30.172,NA
"PTRS, Colt",CummRain_in,241,9.295,20.237,30.523,NA
"PTRS, Colt",CummRain_in,242,9.296,20.28,30.901,NA
"PTRS, Colt",CummRain_in,243,9.953,20.28,31.031,NA
"PTRS, Colt",CummRain_in,244,11.161,20.28,31.119,NA
"PTRS, Colt",CummRain_in,245,11.785,20.386,31.207,NA
"PTRS, Colt",CummRain_in,246,12.063,20.403,31.355,NA
"PTRS, Colt",CummRain_in,247,12.067,20.403,31.518,NA
"PTRS, Colt",CummRain_in,248,12.067,20.412,31.743,NA
"PTRS, Colt",CummRain_in,249,12.112,20.707,31.891,NA
"PTRS, Colt",CummRain_in,250,12.367,20.835,32.057,NA
"PTRS, Colt",CummRain_in,251,13.152,20.992,32.273,NA
"PTRS, Colt",CummRain_in,252,13.516,21.181,32.405,NA
"PTRS, Colt",CummRain_in,253,13.516,21.249,32.422,NA
"PTRS, Colt",CummRain_in,254,13.516,21.498,32.423,NA
"PTRS, Colt",CummRain_in,255,13.516,21.498,32.423,NA
"PTRS, Colt",CummRain_in,256,13.52,21.537,32.425,NA
"PTRS, Colt",CummRain_in,257,13.558,21.642,32.425,NA
"PTRS, Colt",CummRain_in,258,13.691,21.643,33.501,NA
"PTRS, Colt",CummRain_in,259,13.756,21.643,34.421,NA
"PTRS, Colt",CummRain_in,260,14.087,21.646,34.875,NA
"PTRS, Colt",CummRain_in,261,14.966,21.646,35.401,NA
"PTRS, Colt",CummRain_in,262,14.985,21.715,35.57,NA
"PTRS, Colt",CummRain_in,263,14.985,22.115,35.818,NA
"PTRS, Colt",CummRain_in,264,14.987,22.115,36.187,NA
"PTRS, Colt",CummRain_in,265,15.035,22.361,36.302,NA
"PTRS, Colt",CummRain_in,266,15.044,22.58,36.565,NA
"PTRS, Colt",CummRain_in,267,15.044,22.909,36.984,NA
"PTRS, Colt",CummRain_in,268,15.056,23.171,37.064,NA
"PTRS, Colt",CummRain_in,269,15.091,23.287,37.104,NA
"PTRS, Colt",CummRain_in,270,15.098,23.411,37.104,NA
"PTRS, Colt",CummRain_in,271,15.178,23.411,37.104,NA
"PTRS, Colt",CummRain_in,272,15.209,23.411,37.104,NA
"PTRS, Colt",CummRain_in,273,15.21,23.411,37.104,NA
"PTRS, Colt",CummRain_in,274,15.643,23.411,37.378,NA
"PTRS, Colt",CummRain_in,275,16.217,23.481,37.527,NA
"PTRS, Colt",CummRain_in,276,16.217,23.77,37.531,NA
"PTRS, Colt",CummRain_in,277,16.218,24.248,38.68,NA
"PTRS, Colt",CummRain_in,278,16.218,24.248,38.683,NA
"PTRS, Colt",CummRain_in,279,16.443,24.306,38.809,NA
"PTRS, Colt",CummRain_in,280,16.707,24.306,38.849,NA
"PTRS, Colt",CummRain_in,281,16.727,24.56,39.173,NA
"PTRS, Colt",CummRain_in,282,16.785,24.617,40.334,NA
"PTRS, Colt",CummRain_in,283,16.785,24.618,40.335,NA
"PTRS, Colt",CummRain_in,284,16.786,24.67,40.414,NA
"PTRS, Colt",CummRain_in,285,16.842,24.67,40.565,NA
"PTRS, Colt",CummRain_in,286,16.912,24.674,42.133,NA
"PTRS, Colt",CummRain_in,287,16.977,24.674,42.189,NA
"PTRS, Colt",CummRain_in,288,17.452,24.687,42.309,NA
"PTRS, Colt",CummRain_in,289,17.452,24.799,42.315,NA
"PTRS, Colt",CummRain_in,290,17.452,24.957,42.315,NA
"PTRS, Colt",CummRain_in,291,17.744,25.521,42.315,NA
"PTRS, Colt",CummRain_in,292,17.744,25.619,42.315,NA
"PTRS, Colt",CummRain_in,293,17.744,26.049,42.315,NA
"PTRS, Colt",CummRain_in,294,17.745,26.064,42.353,NA
"PTRS, Colt",CummRain_in,295,17.746,26.794,43.787,NA
"PTRS, Colt",CummRain_in,296,17.746,26.796,44.059,NA
"PTRS, Colt",CummRain_in,297,17.746,26.893,44.059,NA
"PTRS, Colt",CummRain_in,298,17.746,26.894,44.059,NA
"PTRS, Colt",CummRain_in,299,17.746,26.929,44.088,NA
"PTRS, Colt",CummRain_in,300,17.749,26.979,45.207,NA
"PTRS, Colt",CummRain_in,301,17.753,27.067,45.333,NA
"PTRS, Colt",CummRain_in,302,17.755,27.131,46.452,NA
"PTRS, Colt",CummRain_in,303,17.787,27.234,49.118,NA
"PTRS, Colt",CummRain_in,304,17.814,27.281,49.119,NA
"PTRS, Colt",CummRain_in,305,17.831,28.031,49.119,NA
"PTRS, Colt",CummRain_in,306,17.833,28.031,49.119,NA
"PTRS, Colt",CummRain_in,307,18.335,28.077,49.119,NA
"PTRS, Colt",CummRain_in,308,18.509,28.502,49.119,NA
"PTRS, Colt",CummRain_in,309,19.007,28.597,49.119,NA
"PTRS, Colt",CummRain_in,310,19.031,28.928,49.119,NA
"PTRS, Colt",CummRain_in,311,19.309,28.944,49.119,NA
"PTRS, Colt",CummRain_in,312,19.309,28.972,49.119,NA
"PTRS, Colt",CummRain_in,313,19.309,28.972,49.119,NA
"PTRS, Colt",CummRain_in,314,19.309,28.972,49.119,NA
"PTRS, Colt",CummRain_in,315,19.309,28.972,49.119,NA
"PTRS, Colt",CummRain_in,316,19.921,29.01,49.119,NA
"PTRS, Colt",CummRain_in,317,20.606,29.01,49.119,NA
"PTRS, Colt",CummRain_in,318,20.717,29.222,49.119,NA
"PTRS, Colt",CummRain_in,319,20.821,29.862,49.23,NA
"PTRS, Colt",CummRain_in,320,20.821,30.205,49.513,NA
"PTRS, Colt",CummRain_in,321,20.821,30.207,49.517,NA
"PTRS, Colt",CummRain_in,322,20.821,30.241,49.517,NA
"PTRS, Colt",CummRain_in,323,20.821,30.241,49.517,NA
"PTRS, Colt",CummRain_in,324,20.821,30.362,49.517,NA
"PTRS, Colt",CummRain_in,325,20.821,30.6,49.517,NA
"PTRS, Colt",CummRain_in,326,20.821,30.802,49.517,NA
"PTRS, Colt",CummRain_in,327,20.823,30.831,49.523,NA
"PTRS, Colt",CummRain_in,328,21.009,31.056,49.558,NA
"PTRS, Colt",CummRain_in,329,21.009,31.156,49.558,NA
"PTRS, Colt",CummRain_in,330,21.009,31.24,49.558,NA
"PTRS, Colt",CummRain_in,331,21.18,31.806,49.558,NA
"PTRS, Colt",CummRain_in,332,21.198,31.832,49.558,NA
"PTRS, Colt",CummRain_in,333,21.198,31.832,50.105,NA
"PTRS, Colt",CummRain_in,334,21.198,31.967,50.631,NA
"PTRS, Colt",CummRain_in,335,21.198,31.986,50.631,NA
"PTRS, Colt",CummRain_in,336,21.198,31.986,51.464,NA
"PTRS, Colt",CummRain_in,337,21.198,31.986,51.464,NA
"PTRS, Colt",CummRain_in,338,21.199,32.318,51.464,NA
"PTRS, Colt",CummRain_in,339,21.821,32.358,51.464,NA
"PTRS, Colt",CummRain_in,340,21.822,32.435,51.491,NA
"PTRS, Colt",CummRain_in,341,21.826,32.51,51.543,NA
"PTRS, Colt",CummRain_in,342,21.831,32.513,53.173,NA
"PTRS, Colt",CummRain_in,343,22.147,32.513,53.174,NA
"PTRS, Colt",CummRain_in,344,22.345,32.931,53.174,NA
"PTRS, Colt",CummRain_in,345,22.345,32.94,53.174,NA
"PTRS, Colt",CummRain_in,346,22.345,33.269,53.627,NA
"PTRS, Colt",CummRain_in,347,22.363,33.777,53.656,NA
"PTRS, Colt",CummRain_in,348,22.8,33.816,53.656,NA
"PTRS, Colt",CummRain_in,349,22.81,33.818,53.656,NA
"PTRS, Colt",CummRain_in,350,22.81,33.824,53.656,NA
"PTRS, Colt",CummRain_in,351,22.81,33.843,53.657,NA
"PTRS, Colt",CummRain_in,352,22.81,34.474,53.657,NA
"PTRS, Colt",CummRain_in,353,22.81,34.64,53.657,NA
"PTRS, Colt",CummRain_in,354,22.81,34.698,53.657,NA
"PTRS, Colt",CummRain_in,355,22.81,35.32,53.657,NA
"PTRS, Colt",CummRain_in,356,22.81,35.415,53.684,NA
"PTRS, Colt",CummRain_in,357,22.81,35.902,55.824,NA
"PTRS, Colt",CummRain_in,358,23.162,36.36,58.014,NA
"PTRS, Colt",CummRain_in,359,23.192,36.36,58.027,NA
"PTRS, Colt",CummRain_in,360,23.192,36.36,58.027,NA
"PTRS, Colt",CummRain_in,361,23.192,36.36,58.027,NA
"PTRS, Colt",CummRain_in,362,23.192,36.455,58.027,NA
"PTRS, Colt",CummRain_in,363,23.192,36.744,58.028,NA
"PTRS, Colt",CummRain_in,364,23.2,36.77,58.139,NA
"PTRS, Colt",CummRain_in,365,23.2,36.795,58.152,NA
"PTRS, Colt",CummRain_in,366,25.643,38.054,49.203,NA
"PTRS, Colt",rel_sw_12in,1,0.625,0.631,0.72,0.625
"PTRS, Colt",rel_sw_12in,2,0.619,0.631,0.793,0.643
"PTRS, Colt",rel_sw_12in,3,0.615,0.633,0.865,0.637
"PTRS, Colt",rel_sw_12in,4,0.609,0.636,0.825,0.631
"PTRS, Colt",rel_sw_12in,5,0.603,0.658,0.781,0.624
"PTRS, Colt",rel_sw_12in,6,0.596,0.66,0.834,0.615
"PTRS, Colt",rel_sw_12in,7,0.595,0.656,0.845,0.608
"PTRS, Colt",rel_sw_12in,8,0.588,0.658,0.826,0.611
"PTRS, Colt",rel_sw_12in,9,0.594,0.672,0.8,0.632
"PTRS, Colt",rel_sw_12in,10,0.594,0.669,0.817,0.663
"PTRS, Colt",rel_sw_12in,11,0.588,0.666,0.908,0.651
"PTRS, Colt",rel_sw_12in,12,0.581,0.663,0.87,0.641
"PTRS, Colt",rel_sw_12in,13,0.575,0.658,0.927,0.633
"PTRS, Colt",rel_sw_12in,14,0.572,0.65,0.944,0.632
"PTRS, Colt",rel_sw_12in,15,0.569,0.644,0.903,0.624
"PTRS, Colt",rel_sw_12in,16,0.566,0.646,0.866,0.621
"PTRS, Colt",rel_sw_12in,17,0.579,0.666,0.823,0.618
"PTRS, Colt",rel_sw_12in,18,0.595,0.676,0.858,0.615
"PTRS, Colt",rel_sw_12in,19,0.592,0.67,0.842,0.611
"PTRS, Colt",rel_sw_12in,20,0.587,0.662,0.823,0.605
"PTRS, Colt",rel_sw_12in,21,0.586,0.654,0.782,0.654
"PTRS, Colt",rel_sw_12in,22,0.584,0.669,0.806,0.644
"PTRS, Colt",rel_sw_12in,23,0.583,0.661,0.786,0.642
"PTRS, Colt",rel_sw_12in,24,0.582,0.667,0.833,0.701
"PTRS, Colt",rel_sw_12in,25,0.579,0.657,0.841,0.72
"PTRS, Colt",rel_sw_12in,26,0.576,0.646,0.81,0.705
"PTRS, Colt",rel_sw_12in,27,0.575,0.658,0.882,0.687
"PTRS, Colt",rel_sw_12in,28,0.57,0.653,0.841,0.67
"PTRS, Colt",rel_sw_12in,29,0.567,0.654,0.807,0.656
"PTRS, Colt",rel_sw_12in,30,0.565,0.643,0.844,0.647
"PTRS, Colt",rel_sw_12in,31,0.562,0.642,0.808,0.64
"PTRS, Colt",rel_sw_12in,32,0.561,0.654,0.773,0.634
"PTRS, Colt",rel_sw_12in,33,0.573,0.657,0.882,0.628
"PTRS, Colt",rel_sw_12in,34,0.583,0.652,0.969,0.654
"PTRS, Colt",rel_sw_12in,35,0.589,0.652,0.919,0.646
"PTRS, Colt",rel_sw_12in,36,0.588,0.65,0.863,0.637
"PTRS, Colt",rel_sw_12in,37,0.585,0.661,0.809,0.627
"PTRS, Colt",rel_sw_12in,38,0.583,0.665,0.762,0.616
"PTRS, Colt",rel_sw_12in,39,0.584,0.653,0.775,0.611
"PTRS, Colt",rel_sw_12in,40,0.58,0.647,0.78,0.604
"PTRS, Colt",rel_sw_12in,41,0.578,0.659,0.85,0.602
"PTRS, Colt",rel_sw_12in,42,0.582,0.656,0.878,0.604
"PTRS, Colt",rel_sw_12in,43,0.581,0.66,0.927,0.597
"PTRS, Colt",rel_sw_12in,44,0.578,0.665,0.881,0.593
"PTRS, Colt",rel_sw_12in,45,0.575,0.664,0.861,0.658
"PTRS, Colt",rel_sw_12in,46,0.573,0.674,0.931,0.77
"PTRS, Colt",rel_sw_12in,47,0.58,0.658,0.999,0.742
"PTRS, Colt",rel_sw_12in,48,0.577,0.662,0.939,0.717
"PTRS, Colt",rel_sw_12in,49,0.585,0.666,0.894,0.69
"PTRS, Colt",rel_sw_12in,50,0.588,0.657,0.873,0.664
"PTRS, Colt",rel_sw_12in,51,0.585,0.654,0.958,0.645
"PTRS, Colt",rel_sw_12in,52,0.59,0.673,0.908,0.635
"PTRS, Colt",rel_sw_12in,53,0.582,0.664,0.9,0.625
"PTRS, Colt",rel_sw_12in,54,0.59,0.656,0.975,0.617
"PTRS, Colt",rel_sw_12in,55,0.587,0.659,0.97,0.612
"PTRS, Colt",rel_sw_12in,56,0.584,0.664,0.924,0.609
"PTRS, Colt",rel_sw_12in,57,0.582,0.671,0.864,0.612
"PTRS, Colt",rel_sw_12in,58,0.579,0.664,0.871,0.605
"PTRS, Colt",rel_sw_12in,59,0.576,0.654,0.96,0.602
"PTRS, Colt",rel_sw_12in,60,0.574,0.665,0.992,0.599
"PTRS, Colt",rel_sw_12in,61,0.573,0.661,0.942,0.597
"PTRS, Colt",rel_sw_12in,62,0.571,0.65,0.894,0.595
"PTRS, Colt",rel_sw_12in,63,0.569,0.663,0.876,0.592
"PTRS, Colt",rel_sw_12in,64,0.567,0.649,0.913,0.59
"PTRS, Colt",rel_sw_12in,65,0.564,0.649,0.863,0.588
"PTRS, Colt",rel_sw_12in,66,0.562,0.645,0.848,0.678
"PTRS, Colt",rel_sw_12in,67,0.56,0.639,0.829,0.702
"PTRS, Colt",rel_sw_12in,68,0.558,0.664,0.795,0.761
"PTRS, Colt",rel_sw_12in,69,0.563,0.662,0.814,0.737
"PTRS, Colt",rel_sw_12in,70,0.584,0.657,0.926,0.792
"PTRS, Colt",rel_sw_12in,71,0.582,0.66,0.908,0.748
"PTRS, Colt",rel_sw_12in,72,0.58,0.652,0.928,0.706
"PTRS, Colt",rel_sw_12in,73,0.587,0.638,0.948,0.676
"PTRS, Colt",rel_sw_12in,74,0.591,0.652,0.913,0.72
"PTRS, Colt",rel_sw_12in,75,0.586,0.655,0.862,0.691
"PTRS, Colt",rel_sw_12in,76,0.584,0.653,0.862,0.664
"PTRS, Colt",rel_sw_12in,77,0.581,0.647,0.893,0.641
"PTRS, Colt",rel_sw_12in,78,0.579,0.648,0.94,0.628
"PTRS, Colt",rel_sw_12in,79,0.576,0.65,0.954,0.618
"PTRS, Colt",rel_sw_12in,80,0.574,0.652,0.896,0.611
"PTRS, Colt",rel_sw_12in,81,0.572,0.643,0.839,0.606
"PTRS, Colt",rel_sw_12in,82,0.57,0.646,0.817,0.602
"PTRS, Colt",rel_sw_12in,83,0.568,0.637,0.817,0.598
"PTRS, Colt",rel_sw_12in,84,0.566,0.652,0.863,0.595
"PTRS, Colt",rel_sw_12in,85,0.564,0.643,0.824,0.592
"PTRS, Colt",rel_sw_12in,86,0.578,0.64,0.877,0.589
"PTRS, Colt",rel_sw_12in,87,0.575,0.639,0.828,0.587
"PTRS, Colt",rel_sw_12in,88,0.572,0.643,0.823,0.585
"PTRS, Colt",rel_sw_12in,89,0.57,0.659,0.844,0.583
"PTRS, Colt",rel_sw_12in,90,0.581,0.672,0.871,0.58
"PTRS, Colt",rel_sw_12in,91,0.578,0.656,0.907,0.578
"PTRS, Colt",rel_sw_12in,92,0.576,0.646,0.875,0.579
"PTRS, Colt",rel_sw_12in,93,0.574,0.658,0.864,0.576
"PTRS, Colt",rel_sw_12in,94,0.593,0.657,0.93,0.648
"PTRS, Colt",rel_sw_12in,95,0.589,0.657,0.999,0.629
"PTRS, Colt",rel_sw_12in,96,0.586,0.657,0.996,0.619
"PTRS, Colt",rel_sw_12in,97,0.591,0.659,0.94,0.612
"PTRS, Colt",rel_sw_12in,98,0.59,0.643,0.89,0.607
"PTRS, Colt",rel_sw_12in,99,0.588,0.638,0.845,0.602
"PTRS, Colt",rel_sw_12in,100,0.586,0.64,0.809,0.599
"PTRS, Colt",rel_sw_12in,101,0.587,0.638,0.842,0.595
"PTRS, Colt",rel_sw_12in,102,0.584,0.649,0.864,0.592
"PTRS, Colt",rel_sw_12in,103,0.582,0.673,0.917,0.589
"PTRS, Colt",rel_sw_12in,104,0.579,0.685,0.995,0.587
"PTRS, Colt",rel_sw_12in,105,0.577,0.665,0.927,0.584
"PTRS, Colt",rel_sw_12in,106,0.575,0.651,0.866,0.582
"PTRS, Colt",rel_sw_12in,107,0.572,0.639,0.863,0.579
"PTRS, Colt",rel_sw_12in,108,0.572,0.634,0.893,0.595
"PTRS, Colt",rel_sw_12in,109,0.579,0.626,0.848,0.581
"PTRS, Colt",rel_sw_12in,110,0.593,0.632,0.802,0.579
"PTRS, Colt",rel_sw_12in,111,0.592,0.642,0.777,0.576
"PTRS, Colt",rel_sw_12in,112,0.59,0.654,0.744,0.574
"PTRS, Colt",rel_sw_12in,113,0.592,0.649,0.83,0.572
"PTRS, Colt",rel_sw_12in,114,0.589,0.655,0.843,0.63
"PTRS, Colt",rel_sw_12in,115,0.587,0.657,0.847,0.651
"PTRS, Colt",rel_sw_12in,116,0.585,0.654,0.919,0.635
"PTRS, Colt",rel_sw_12in,117,0.591,0.655,0.992,0.635
"PTRS, Colt",rel_sw_12in,118,0.588,0.644,0.957,0.747
"PTRS, Colt",rel_sw_12in,119,0.586,0.673,0.992,0.801
"PTRS, Colt",rel_sw_12in,120,0.584,0.672,0.952,0.763
"PTRS, Colt",rel_sw_12in,121,0.582,0.656,0.982,0.725
"PTRS, Colt",rel_sw_12in,122,0.588,0.667,0.997,0.694
"PTRS, Colt",rel_sw_12in,123,0.586,0.666,0.982,0.669
"PTRS, Colt",rel_sw_12in,124,0.583,0.668,0.942,0.652
"PTRS, Colt",rel_sw_12in,125,0.581,0.651,0.922,0.705
"PTRS, Colt",rel_sw_12in,126,0.579,0.651,0.962,0.773
"PTRS, Colt",rel_sw_12in,127,0.581,0.655,0.895,0.729
"PTRS, Colt",rel_sw_12in,128,0.579,0.648,0.904,0.691
"PTRS, Colt",rel_sw_12in,129,0.577,0.658,0.92,0.665
"PTRS, Colt",rel_sw_12in,130,0.583,0.647,0.904,0.656
"PTRS, Colt",rel_sw_12in,131,0.582,0.651,0.874,0.636
"PTRS, Colt",rel_sw_12in,132,0.58,0.648,0.84,0.625
"PTRS, Colt",rel_sw_12in,133,0.578,0.653,0.817,0.616
"PTRS, Colt",rel_sw_12in,134,0.577,0.645,0.786,0.61
"PTRS, Colt",rel_sw_12in,135,0.575,0.633,0.808,0.611
"PTRS, Colt",rel_sw_12in,136,0.573,0.628,0.843,0.605
"PTRS, Colt",rel_sw_12in,137,0.572,0.633,0.921,0.601
"PTRS, Colt",rel_sw_12in,138,0.57,0.627,0.876,0.598
"PTRS, Colt",rel_sw_12in,139,0.569,0.626,0.818,0.664
"PTRS, Colt",rel_sw_12in,140,0.567,0.616,0.824,0.72
"PTRS, Colt",rel_sw_12in,141,0.565,0.626,0.834,0.704
"PTRS, Colt",rel_sw_12in,142,0.564,0.614,0.787,0.788
"PTRS, Colt",rel_sw_12in,143,0.568,0.608,0.739,0.802
"PTRS, Colt",rel_sw_12in,144,0.566,0.636,0.773,0.79
"PTRS, Colt",rel_sw_12in,145,0.574,0.632,0.837,0.753
"PTRS, Colt",rel_sw_12in,146,0.572,0.626,0.892,0.742
"PTRS, Colt",rel_sw_12in,147,0.585,0.632,0.853,0.713
"PTRS, Colt",rel_sw_12in,148,0.584,0.634,0.805,0.716
"PTRS, Colt",rel_sw_12in,149,0.586,0.633,0.759,0.715
"PTRS, Colt",rel_sw_12in,150,0.589,0.631,0.745,0.686
"PTRS, Colt",rel_sw_12in,151,0.585,0.619,0.788,0.652
"PTRS, Colt",rel_sw_12in,152,0.584,0.618,0.756,0.644
"PTRS, Colt",rel_sw_12in,153,0.583,0.626,0.738,0.624
"PTRS, Colt",rel_sw_12in,154,0.583,0.629,0.703,0.61
"PTRS, Colt",rel_sw_12in,155,0.582,0.63,0.783,0.6
"PTRS, Colt",rel_sw_12in,156,0.585,0.621,0.77,0.592
"PTRS, Colt",rel_sw_12in,157,0.582,0.622,0.775,0.585
"PTRS, Colt",rel_sw_12in,158,0.583,0.609,0.758,0.667
"PTRS, Colt",rel_sw_12in,159,0.582,0.61,0.801,0.656
"PTRS, Colt",rel_sw_12in,160,0.583,0.608,0.858,0.631
"PTRS, Colt",rel_sw_12in,161,0.58,0.611,0.815,0.612
"PTRS, Colt",rel_sw_12in,162,0.581,0.615,0.766,0.599
"PTRS, Colt",rel_sw_12in,163,0.575,0.612,0.765,0.664
"PTRS, Colt",rel_sw_12in,164,0.574,0.624,0.739,0.752
"PTRS, Colt",rel_sw_12in,165,0.573,0.628,0.799,0.738
"PTRS, Colt",rel_sw_12in,166,0.572,0.61,0.759,0.697
"PTRS, Colt",rel_sw_12in,167,0.567,0.608,0.748,0.661
"PTRS, Colt",rel_sw_12in,168,0.574,0.607,0.802,0.633
"PTRS, Colt",rel_sw_12in,169,0.565,0.603,0.774,0.613
"PTRS, Colt",rel_sw_12in,170,0.564,0.607,0.752,0.599
"PTRS, Colt",rel_sw_12in,171,0.573,0.608,0.714,0.592
"PTRS, Colt",rel_sw_12in,172,0.556,0.611,0.704,0.594
"PTRS, Colt",rel_sw_12in,173,0.557,0.607,0.688,0.74
"PTRS, Colt",rel_sw_12in,174,0.541,0.598,0.742,0.707
"PTRS, Colt",rel_sw_12in,175,0.548,0.607,0.739,0.683
"PTRS, Colt",rel_sw_12in,176,0.548,0.609,0.727,0.654
"PTRS, Colt",rel_sw_12in,177,0.554,0.605,0.804,0.637
"PTRS, Colt",rel_sw_12in,178,0.544,0.602,0.788,0.616
"PTRS, Colt",rel_sw_12in,179,0.534,0.601,0.752,0.592
"PTRS, Colt",rel_sw_12in,180,0.538,0.592,0.85,0.57
"PTRS, Colt",rel_sw_12in,181,0.535,0.607,0.819,0.601
"PTRS, Colt",rel_sw_12in,182,0.529,0.602,0.824,0.584
"PTRS, Colt",rel_sw_12in,183,0.538,0.593,0.832,0.573
"PTRS, Colt",rel_sw_12in,184,0.547,0.595,0.796,0.559
"PTRS, Colt",rel_sw_12in,185,0.521,0.587,0.771,0.617
"PTRS, Colt",rel_sw_12in,186,0.538,0.604,0.806,0.632
"PTRS, Colt",rel_sw_12in,187,0.527,0.608,0.767,0.624
"PTRS, Colt",rel_sw_12in,188,0.526,0.596,0.726,0.624
"PTRS, Colt",rel_sw_12in,189,0.509,0.592,0.695,0.615
"PTRS, Colt",rel_sw_12in,190,0.518,0.583,0.731,0.613
"PTRS, Colt",rel_sw_12in,191,0.54,0.596,0.759,0.607
"PTRS, Colt",rel_sw_12in,192,0.521,0.597,0.731,0.619
"PTRS, Colt",rel_sw_12in,193,0.536,0.598,0.765,0.62
"PTRS, Colt",rel_sw_12in,194,0.531,0.615,0.789,0.608
"PTRS, Colt",rel_sw_12in,195,0.526,0.616,0.823,0.622
"PTRS, Colt",rel_sw_12in,196,0.516,0.619,0.827,0.667
"PTRS, Colt",rel_sw_12in,197,0.522,0.599,0.901,0.65
"PTRS, Colt",rel_sw_12in,198,0.519,0.6,0.859,0.637
"PTRS, Colt",rel_sw_12in,199,0.53,0.598,0.802,0.614
"PTRS, Colt",rel_sw_12in,200,0.519,0.582,0.745,0.592
"PTRS, Colt",rel_sw_12in,201,0.525,0.59,0.73,0.585
"PTRS, Colt",rel_sw_12in,202,0.513,0.586,0.75,0.57
"PTRS, Colt",rel_sw_12in,203,0.512,0.599,0.742,0.552
"PTRS, Colt",rel_sw_12in,204,0.519,0.597,0.759,0.592
"PTRS, Colt",rel_sw_12in,205,0.514,0.595,0.731,0.594
"PTRS, Colt",rel_sw_12in,206,0.488,0.593,0.732,0.617
"PTRS, Colt",rel_sw_12in,207,0.51,0.596,0.763,0.604
"PTRS, Colt",rel_sw_12in,208,0.502,0.595,0.727,0.583
"PTRS, Colt",rel_sw_12in,209,0.502,0.588,0.735,0.566
"PTRS, Colt",rel_sw_12in,210,0.51,0.593,0.765,0.573
"PTRS, Colt",rel_sw_12in,211,0.509,0.604,0.858,0.552
"PTRS, Colt",rel_sw_12in,212,0.506,0.605,0.81,0.551
"PTRS, Colt",rel_sw_12in,213,0.52,0.6,0.81,0.545
"PTRS, Colt",rel_sw_12in,214,0.516,0.582,0.761,NA
"PTRS, Colt",rel_sw_12in,215,0.486,0.577,0.715,NA
"PTRS, Colt",rel_sw_12in,216,0.513,0.583,0.77,NA
"PTRS, Colt",rel_sw_12in,217,0.528,0.581,0.752,NA
"PTRS, Colt",rel_sw_12in,218,0.507,0.584,0.804,NA
"PTRS, Colt",rel_sw_12in,219,0.508,0.581,0.768,NA
"PTRS, Colt",rel_sw_12in,220,0.534,0.587,0.725,NA
"PTRS, Colt",rel_sw_12in,221,0.516,0.588,0.702,NA
"PTRS, Colt",rel_sw_12in,222,0.493,0.584,0.739,NA
"PTRS, Colt",rel_sw_12in,223,0.513,0.585,0.711,NA
"PTRS, Colt",rel_sw_12in,224,0.518,0.587,0.719,NA
"PTRS, Colt",rel_sw_12in,225,0.495,0.581,0.705,NA
"PTRS, Colt",rel_sw_12in,226,0.508,0.578,0.754,NA
"PTRS, Colt",rel_sw_12in,227,0.497,0.576,0.778,NA
"PTRS, Colt",rel_sw_12in,228,0.508,0.576,0.817,NA
"PTRS, Colt",rel_sw_12in,229,0.488,0.574,0.77,NA
"PTRS, Colt",rel_sw_12in,230,0.488,0.581,0.745,NA
"PTRS, Colt",rel_sw_12in,231,0.497,0.572,0.759,NA
"PTRS, Colt",rel_sw_12in,232,0.472,0.58,0.747,NA
"PTRS, Colt",rel_sw_12in,233,0.505,0.586,0.772,NA
"PTRS, Colt",rel_sw_12in,234,0.488,0.564,0.731,NA
"PTRS, Colt",rel_sw_12in,235,0.468,0.576,0.7,NA
"PTRS, Colt",rel_sw_12in,236,0.495,0.574,0.676,NA
"PTRS, Colt",rel_sw_12in,237,0.491,0.562,0.676,NA
"PTRS, Colt",rel_sw_12in,238,0.471,0.57,0.694,NA
"PTRS, Colt",rel_sw_12in,239,0.491,0.573,0.667,NA
"PTRS, Colt",rel_sw_12in,240,0.477,0.569,0.797,NA
"PTRS, Colt",rel_sw_12in,241,0.489,0.585,0.906,NA
"PTRS, Colt",rel_sw_12in,242,0.469,0.579,0.889,NA
"PTRS, Colt",rel_sw_12in,243,0.499,0.573,0.93,NA
"PTRS, Colt",rel_sw_12in,244,0.473,0.574,0.939,NA
"PTRS, Colt",rel_sw_12in,245,0.491,0.591,0.94,NA
"PTRS, Colt",rel_sw_12in,246,0.468,0.577,0.95,NA
"PTRS, Colt",rel_sw_12in,247,0.495,0.577,0.911,NA
"PTRS, Colt",rel_sw_12in,248,0.463,0.585,0.853,NA
"PTRS, Colt",rel_sw_12in,249,0.515,0.577,0.791,NA
"PTRS, Colt",rel_sw_12in,250,0.491,0.575,0.739,NA
"PTRS, Colt",rel_sw_12in,251,0.492,0.589,0.732,NA
"PTRS, Colt",rel_sw_12in,252,0.481,0.584,0.785,NA
"PTRS, Colt",rel_sw_12in,253,0.518,0.582,0.788,NA
"PTRS, Colt",rel_sw_12in,254,0.511,0.59,0.753,NA
"PTRS, Colt",rel_sw_12in,255,0.531,0.589,0.714,NA
"PTRS, Colt",rel_sw_12in,256,0.517,0.594,0.752,NA
"PTRS, Colt",rel_sw_12in,257,0.514,0.598,0.814,NA
"PTRS, Colt",rel_sw_12in,258,0.495,0.596,0.843,NA
"PTRS, Colt",rel_sw_12in,259,0.506,0.607,0.911,NA
"PTRS, Colt",rel_sw_12in,260,0.502,0.613,0.929,NA
"PTRS, Colt",rel_sw_12in,261,0.498,0.612,0.944,NA
"PTRS, Colt",rel_sw_12in,262,0.501,0.607,0.914,NA
"PTRS, Colt",rel_sw_12in,263,0.494,0.612,0.892,NA
"PTRS, Colt",rel_sw_12in,264,0.491,0.611,0.882,NA
"PTRS, Colt",rel_sw_12in,265,0.51,0.611,0.84,NA
"PTRS, Colt",rel_sw_12in,266,0.516,0.625,0.819,NA
"PTRS, Colt",rel_sw_12in,267,0.512,0.618,0.82,NA
"PTRS, Colt",rel_sw_12in,268,0.509,0.616,0.785,NA
"PTRS, Colt",rel_sw_12in,269,0.506,0.619,0.812,NA
"PTRS, Colt",rel_sw_12in,270,0.503,0.611,0.774,NA
"PTRS, Colt",rel_sw_12in,271,0.515,0.609,0.826,NA
"PTRS, Colt",rel_sw_12in,272,0.511,0.61,0.789,NA
"PTRS, Colt",rel_sw_12in,273,0.515,0.61,0.8,NA
"PTRS, Colt",rel_sw_12in,274,0.517,0.609,0.773,NA
"PTRS, Colt",rel_sw_12in,275,0.508,0.609,0.794,NA
"PTRS, Colt",rel_sw_12in,276,0.512,0.606,0.768,NA
"PTRS, Colt",rel_sw_12in,277,0.51,0.602,0.76,NA
"PTRS, Colt",rel_sw_12in,278,0.508,0.605,0.731,NA
"PTRS, Colt",rel_sw_12in,279,0.505,0.604,0.781,NA
"PTRS, Colt",rel_sw_12in,280,0.503,0.6,0.806,NA
"PTRS, Colt",rel_sw_12in,281,0.501,0.601,0.855,NA
"PTRS, Colt",rel_sw_12in,282,0.503,0.619,0.911,NA
"PTRS, Colt",rel_sw_12in,283,0.501,0.62,0.87,NA
"PTRS, Colt",rel_sw_12in,284,0.499,0.617,0.855,NA
"PTRS, Colt",rel_sw_12in,285,0.53,0.614,0.824,NA
"PTRS, Colt",rel_sw_12in,286,0.52,0.61,0.902,NA
"PTRS, Colt",rel_sw_12in,287,0.518,0.621,0.862,NA
"PTRS, Colt",rel_sw_12in,288,0.516,0.631,0.817,NA
"PTRS, Colt",rel_sw_12in,289,0.513,0.636,0.767,NA
"PTRS, Colt",rel_sw_12in,290,0.511,0.64,0.796,NA
"PTRS, Colt",rel_sw_12in,291,0.509,0.639,0.796,NA
"PTRS, Colt",rel_sw_12in,292,0.512,0.642,0.768,NA
"PTRS, Colt",rel_sw_12in,293,0.506,0.627,0.779,NA
"PTRS, Colt",rel_sw_12in,294,0.504,0.631,0.756,NA
"PTRS, Colt",rel_sw_12in,295,0.502,0.622,0.779,NA
"PTRS, Colt",rel_sw_12in,296,0.5,0.62,0.815,NA
"PTRS, Colt",rel_sw_12in,297,0.523,0.614,0.784,NA
"PTRS, Colt",rel_sw_12in,298,0.521,0.629,0.801,NA
"PTRS, Colt",rel_sw_12in,299,0.518,0.628,0.863,NA
"PTRS, Colt",rel_sw_12in,300,0.516,0.648,0.829,NA
"PTRS, Colt",rel_sw_12in,301,0.555,0.657,0.835,NA
"PTRS, Colt",rel_sw_12in,302,0.554,0.658,0.906,NA
"PTRS, Colt",rel_sw_12in,303,0.552,0.649,0.947,NA
"PTRS, Colt",rel_sw_12in,304,0.553,0.647,0.967,NA
"PTRS, Colt",rel_sw_12in,305,0.55,0.642,0.982,NA
"PTRS, Colt",rel_sw_12in,306,0.547,0.644,0.929,NA
"PTRS, Colt",rel_sw_12in,307,0.565,0.645,0.905,NA
"PTRS, Colt",rel_sw_12in,308,0.563,0.643,0.885,NA
"PTRS, Colt",rel_sw_12in,309,0.569,0.649,0.841,NA
"PTRS, Colt",rel_sw_12in,310,0.572,0.646,0.788,NA
"PTRS, Colt",rel_sw_12in,311,0.565,0.65,0.865,NA
"PTRS, Colt",rel_sw_12in,312,0.564,0.649,0.914,NA
"PTRS, Colt",rel_sw_12in,313,0.562,0.649,0.882,NA
"PTRS, Colt",rel_sw_12in,314,0.56,0.642,0.891,NA
"PTRS, Colt",rel_sw_12in,315,0.559,0.64,0.916,NA
"PTRS, Colt",rel_sw_12in,316,0.557,0.642,0.863,NA
"PTRS, Colt",rel_sw_12in,317,0.563,0.644,0.813,NA
"PTRS, Colt",rel_sw_12in,318,0.561,0.642,0.786,NA
"PTRS, Colt",rel_sw_12in,319,0.56,0.66,0.815,NA
"PTRS, Colt",rel_sw_12in,320,0.558,0.653,0.907,NA
"PTRS, Colt",rel_sw_12in,321,0.557,0.644,0.896,NA
"PTRS, Colt",rel_sw_12in,322,0.555,0.638,0.889,NA
"PTRS, Colt",rel_sw_12in,323,0.585,0.63,0.845,NA
"PTRS, Colt",rel_sw_12in,324,0.583,0.636,0.936,NA
"PTRS, Colt",rel_sw_12in,325,0.59,0.65,0.902,NA
"PTRS, Colt",rel_sw_12in,326,0.588,0.661,0.907,NA
"PTRS, Colt",rel_sw_12in,327,0.588,0.651,0.865,NA
"PTRS, Colt",rel_sw_12in,328,0.593,0.661,0.818,NA
"PTRS, Colt",rel_sw_12in,329,0.59,0.672,0.827,NA
"PTRS, Colt",rel_sw_12in,330,0.587,0.682,0.822,NA
"PTRS, Colt",rel_sw_12in,331,0.584,0.687,0.831,NA
"PTRS, Colt",rel_sw_12in,332,0.582,0.673,0.915,NA
"PTRS, Colt",rel_sw_12in,333,0.579,0.674,0.999,NA
"PTRS, Colt",rel_sw_12in,334,0.577,0.682,0.941,NA
"PTRS, Colt",rel_sw_12in,335,0.575,0.674,0.885,NA
"PTRS, Colt",rel_sw_12in,336,0.573,0.662,0.94,NA
"PTRS, Colt",rel_sw_12in,337,0.571,0.658,0.89,NA
"PTRS, Colt",rel_sw_12in,338,0.572,0.661,0.89,NA
"PTRS, Colt",rel_sw_12in,339,0.593,0.666,0.924,NA
"PTRS, Colt",rel_sw_12in,340,0.589,0.661,0.889,NA
"PTRS, Colt",rel_sw_12in,341,0.588,0.661,0.859,NA
"PTRS, Colt",rel_sw_12in,342,0.586,0.659,0.808,NA
"PTRS, Colt",rel_sw_12in,343,0.599,0.667,0.902,NA
"PTRS, Colt",rel_sw_12in,344,0.596,0.67,0.867,NA
"PTRS, Colt",rel_sw_12in,345,0.593,0.657,0.826,NA
"PTRS, Colt",rel_sw_12in,346,0.6,0.67,0.818,NA
"PTRS, Colt",rel_sw_12in,347,0.601,0.675,0.89,NA
"PTRS, Colt",rel_sw_12in,348,0.597,0.675,0.869,NA
"PTRS, Colt",rel_sw_12in,349,0.593,0.675,0.864,NA
"PTRS, Colt",rel_sw_12in,350,0.59,0.671,0.955,NA
"PTRS, Colt",rel_sw_12in,351,0.594,0.669,0.997,NA
"PTRS, Colt",rel_sw_12in,352,0.591,0.664,0.949,NA
"PTRS, Colt",rel_sw_12in,353,0.588,0.661,0.909,NA
"PTRS, Colt",rel_sw_12in,354,0.586,0.657,0.944,NA
"PTRS, Colt",rel_sw_12in,355,0.591,0.678,0.999,NA
"PTRS, Colt",rel_sw_12in,356,0.587,0.662,0.987,NA
"PTRS, Colt",rel_sw_12in,357,0.6,0.681,0.94,NA
"PTRS, Colt",rel_sw_12in,358,0.611,0.686,0.901,NA
"PTRS, Colt",rel_sw_12in,359,0.607,0.673,0.968,NA
"PTRS, Colt",rel_sw_12in,360,0.601,0.662,1,NA
"PTRS, Colt",rel_sw_12in,361,0.6,0.675,1,NA
"PTRS, Colt",rel_sw_12in,362,0.6,0.684,0.956,NA
"PTRS, Colt",rel_sw_12in,363,0.595,0.682,0.922,NA
"PTRS, Colt",rel_sw_12in,364,0.593,0.682,0.986,NA
"PTRS, Colt",rel_sw_12in,365,0.592,0.671,0.962,NA
"PTRS, Colt",rel_sw_12in,366,0.624,0.676,0.932,NA
"PTRS, Colt",rel_sw_24in,1,0.646,0.649,0.698,0.647
"PTRS, Colt",rel_sw_24in,2,0.643,0.649,0.743,0.656
"PTRS, Colt",rel_sw_24in,3,0.641,0.652,0.788,0.654
"PTRS, Colt",rel_sw_24in,4,0.639,0.656,0.784,0.651
"PTRS, Colt",rel_sw_24in,5,0.635,0.67,0.778,0.648
"PTRS, Colt",rel_sw_24in,6,0.632,0.68,0.769,0.644
"PTRS, Colt",rel_sw_24in,7,0.631,0.679,0.794,0.64
"PTRS, Colt",rel_sw_24in,8,0.628,0.678,0.791,0.641
"PTRS, Colt",rel_sw_24in,9,0.631,0.685,0.793,0.652
"PTRS, Colt",rel_sw_24in,10,0.631,0.691,0.816,0.668
"PTRS, Colt",rel_sw_24in,11,0.628,0.693,0.85,0.665
"PTRS, Colt",rel_sw_24in,12,0.624,0.69,0.842,0.661
"PTRS, Colt",rel_sw_24in,13,0.622,0.69,0.855,0.658
"PTRS, Colt",rel_sw_24in,14,0.62,0.684,0.877,0.658
"PTRS, Colt",rel_sw_24in,15,0.618,0.678,0.869,0.653
"PTRS, Colt",rel_sw_24in,16,0.617,0.684,0.855,0.651
"PTRS, Colt",rel_sw_24in,17,0.623,0.693,0.839,0.649
"PTRS, Colt",rel_sw_24in,18,0.634,0.703,0.82,0.646
"PTRS, Colt",rel_sw_24in,19,0.63,0.698,0.813,0.644
"PTRS, Colt",rel_sw_24in,20,0.627,0.698,0.802,0.64
"PTRS, Colt",rel_sw_24in,21,0.627,0.695,0.816,0.664
"PTRS, Colt",rel_sw_24in,22,0.626,0.704,0.799,0.66
"PTRS, Colt",rel_sw_24in,23,0.626,0.709,0.792,0.66
"PTRS, Colt",rel_sw_24in,24,0.625,0.71,0.807,0.693
"PTRS, Colt",rel_sw_24in,25,0.623,0.707,0.82,0.708
"PTRS, Colt",rel_sw_24in,26,0.622,0.705,0.815,0.707
"PTRS, Colt",rel_sw_24in,27,0.621,0.697,0.861,0.704
"PTRS, Colt",rel_sw_24in,28,0.619,0.695,0.848,0.699
"PTRS, Colt",rel_sw_24in,29,0.618,0.701,0.832,0.693
"PTRS, Colt",rel_sw_24in,30,0.616,0.695,0.823,0.688
"PTRS, Colt",rel_sw_24in,31,0.615,0.686,0.814,0.682
"PTRS, Colt",rel_sw_24in,32,0.615,0.7,0.802,0.676
"PTRS, Colt",rel_sw_24in,33,0.62,0.697,0.851,0.669
"PTRS, Colt",rel_sw_24in,34,0.626,0.7,0.909,0.679
"PTRS, Colt",rel_sw_24in,35,0.628,0.698,0.896,0.674
"PTRS, Colt",rel_sw_24in,36,0.632,0.698,0.879,0.668
"PTRS, Colt",rel_sw_24in,37,0.632,0.699,0.862,0.661
"PTRS, Colt",rel_sw_24in,38,0.629,0.708,0.844,0.654
"PTRS, Colt",rel_sw_24in,39,0.629,0.7,0.832,0.649
"PTRS, Colt",rel_sw_24in,40,0.626,0.695,0.86,0.644
"PTRS, Colt",rel_sw_24in,41,0.625,0.693,0.872,0.642
"PTRS, Colt",rel_sw_24in,42,0.626,0.693,0.851,0.641
"PTRS, Colt",rel_sw_24in,43,0.624,0.698,0.886,0.637
"PTRS, Colt",rel_sw_24in,44,0.623,0.698,0.872,0.634
"PTRS, Colt",rel_sw_24in,45,0.622,0.694,0.857,0.666
"PTRS, Colt",rel_sw_24in,46,0.621,0.699,0.887,0.728
"PTRS, Colt",rel_sw_24in,47,0.626,0.695,0.904,0.723
"PTRS, Colt",rel_sw_24in,48,0.624,0.697,0.895,0.72
"PTRS, Colt",rel_sw_24in,49,0.628,0.691,0.881,0.714
"PTRS, Colt",rel_sw_24in,50,0.635,0.687,0.883,0.704
"PTRS, Colt",rel_sw_24in,51,0.634,0.687,0.936,0.696
"PTRS, Colt",rel_sw_24in,52,0.635,0.696,0.921,0.689
"PTRS, Colt",rel_sw_24in,53,0.629,0.694,0.903,0.68
"PTRS, Colt",rel_sw_24in,54,0.632,0.701,0.94,0.672
"PTRS, Colt",rel_sw_24in,55,0.63,0.697,0.918,0.665
"PTRS, Colt",rel_sw_24in,56,0.628,0.698,0.914,0.659
"PTRS, Colt",rel_sw_24in,57,0.627,0.701,0.911,0.656
"PTRS, Colt",rel_sw_24in,58,0.625,0.703,0.896,0.649
"PTRS, Colt",rel_sw_24in,59,0.623,0.697,0.95,0.645
"PTRS, Colt",rel_sw_24in,60,0.621,0.698,0.98,0.641
"PTRS, Colt",rel_sw_24in,61,0.623,0.697,0.964,0.638
"PTRS, Colt",rel_sw_24in,62,0.621,0.692,0.947,0.636
"PTRS, Colt",rel_sw_24in,63,0.619,0.699,0.938,0.633
"PTRS, Colt",rel_sw_24in,64,0.618,0.69,0.95,0.631
"PTRS, Colt",rel_sw_24in,65,0.617,0.68,0.932,0.63
"PTRS, Colt",rel_sw_24in,66,0.616,0.694,0.915,0.676
"PTRS, Colt",rel_sw_24in,67,0.614,0.687,0.896,0.692
"PTRS, Colt",rel_sw_24in,68,0.613,0.697,0.88,0.73
"PTRS, Colt",rel_sw_24in,69,0.615,0.695,0.879,0.729
"PTRS, Colt",rel_sw_24in,70,0.63,0.691,0.869,0.768
"PTRS, Colt",rel_sw_24in,71,0.628,0.707,0.851,0.758
"PTRS, Colt",rel_sw_24in,72,0.627,0.706,0.87,0.744
"PTRS, Colt",rel_sw_24in,73,0.631,0.698,0.897,0.733
"PTRS, Colt",rel_sw_24in,74,0.634,0.701,0.894,0.756
"PTRS, Colt",rel_sw_24in,75,0.628,0.696,0.874,0.741
"PTRS, Colt",rel_sw_24in,76,0.626,0.706,0.856,0.726
"PTRS, Colt",rel_sw_24in,77,0.625,0.699,0.869,0.71
"PTRS, Colt",rel_sw_24in,78,0.624,0.689,0.902,0.697
"PTRS, Colt",rel_sw_24in,79,0.622,0.69,0.92,0.686
"PTRS, Colt",rel_sw_24in,80,0.621,0.689,0.902,0.675
"PTRS, Colt",rel_sw_24in,81,0.62,0.698,0.882,0.666
"PTRS, Colt",rel_sw_24in,82,0.619,0.696,0.882,0.658
"PTRS, Colt",rel_sw_24in,83,0.618,0.691,0.888,0.652
"PTRS, Colt",rel_sw_24in,84,0.617,0.689,0.917,0.646
"PTRS, Colt",rel_sw_24in,85,0.616,0.688,0.904,0.641
"PTRS, Colt",rel_sw_24in,86,0.623,0.685,0.885,0.637
"PTRS, Colt",rel_sw_24in,87,0.622,0.686,0.875,0.634
"PTRS, Colt",rel_sw_24in,88,0.62,0.682,0.911,0.631
"PTRS, Colt",rel_sw_24in,89,0.619,0.687,0.895,0.629
"PTRS, Colt",rel_sw_24in,90,0.628,0.685,0.935,0.627
"PTRS, Colt",rel_sw_24in,91,0.626,0.678,0.953,0.625
"PTRS, Colt",rel_sw_24in,92,0.624,0.685,0.937,0.625
"PTRS, Colt",rel_sw_24in,93,0.622,0.695,0.92,0.623
"PTRS, Colt",rel_sw_24in,94,0.637,0.7,0.907,0.659
"PTRS, Colt",rel_sw_24in,95,0.635,0.698,0.935,0.65
"PTRS, Colt",rel_sw_24in,96,0.634,0.707,0.971,0.646
"PTRS, Colt",rel_sw_24in,97,0.632,0.707,0.953,0.642
"PTRS, Colt",rel_sw_24in,98,0.63,0.701,0.935,0.64
"PTRS, Colt",rel_sw_24in,99,0.63,0.689,0.92,0.637
"PTRS, Colt",rel_sw_24in,100,0.629,0.691,0.905,0.635
"PTRS, Colt",rel_sw_24in,101,0.629,0.684,0.9,0.633
"PTRS, Colt",rel_sw_24in,102,0.627,0.695,0.892,0.631
"PTRS, Colt",rel_sw_24in,103,0.626,0.699,0.91,0.63
"PTRS, Colt",rel_sw_24in,104,0.624,0.706,0.941,0.628
"PTRS, Colt",rel_sw_24in,105,0.623,0.701,0.92,0.627
"PTRS, Colt",rel_sw_24in,106,0.622,0.699,0.899,0.625
"PTRS, Colt",rel_sw_24in,107,0.62,0.688,0.907,0.624
"PTRS, Colt",rel_sw_24in,108,0.62,0.687,0.929,0.632
"PTRS, Colt",rel_sw_24in,109,0.624,0.682,0.913,0.625
"PTRS, Colt",rel_sw_24in,110,0.634,0.677,0.898,0.623
"PTRS, Colt",rel_sw_24in,111,0.634,0.68,0.886,0.622
"PTRS, Colt",rel_sw_24in,112,0.632,0.693,0.871,0.621
"PTRS, Colt",rel_sw_24in,113,0.632,0.691,0.854,0.62
"PTRS, Colt",rel_sw_24in,114,0.63,0.693,0.86,0.649
"PTRS, Colt",rel_sw_24in,115,0.628,0.691,0.844,0.661
"PTRS, Colt",rel_sw_24in,116,0.627,0.692,0.88,0.654
"PTRS, Colt",rel_sw_24in,117,0.63,0.691,0.922,0.656
"PTRS, Colt",rel_sw_24in,118,0.634,0.689,0.979,0.718
"PTRS, Colt",rel_sw_24in,119,0.632,0.692,0.996,0.756
"PTRS, Colt",rel_sw_24in,120,0.629,0.709,0.976,0.75
"PTRS, Colt",rel_sw_24in,121,0.627,0.697,0.96,0.741
"PTRS, Colt",rel_sw_24in,122,0.631,0.703,0.993,0.733
"PTRS, Colt",rel_sw_24in,123,0.629,0.72,0.991,0.723
"PTRS, Colt",rel_sw_24in,124,0.627,0.71,0.971,0.713
"PTRS, Colt",rel_sw_24in,125,0.626,0.711,0.961,0.738
"PTRS, Colt",rel_sw_24in,126,0.624,0.705,0.94,0.774
"PTRS, Colt",rel_sw_24in,127,0.625,0.707,0.925,0.756
"PTRS, Colt",rel_sw_24in,128,0.624,0.703,0.919,0.739
"PTRS, Colt",rel_sw_24in,129,0.623,0.695,0.926,0.726
"PTRS, Colt",rel_sw_24in,130,0.626,0.69,0.927,0.718
"PTRS, Colt",rel_sw_24in,131,0.626,0.693,0.919,0.703
"PTRS, Colt",rel_sw_24in,132,0.624,0.691,0.92,0.692
"PTRS, Colt",rel_sw_24in,133,0.623,0.693,0.909,0.681
"PTRS, Colt",rel_sw_24in,134,0.622,0.687,0.893,0.672
"PTRS, Colt",rel_sw_24in,135,0.622,0.683,0.904,0.666
"PTRS, Colt",rel_sw_24in,136,0.621,0.679,0.888,0.657
"PTRS, Colt",rel_sw_24in,137,0.62,0.682,0.892,0.651
"PTRS, Colt",rel_sw_24in,138,0.619,0.673,0.886,0.646
"PTRS, Colt",rel_sw_24in,139,0.618,0.67,0.872,0.677
"PTRS, Colt",rel_sw_24in,140,0.617,0.67,0.855,0.709
"PTRS, Colt",rel_sw_24in,141,0.617,0.675,0.838,0.706
"PTRS, Colt",rel_sw_24in,142,0.616,0.672,0.828,0.758
"PTRS, Colt",rel_sw_24in,143,0.619,0.669,0.83,0.777
"PTRS, Colt",rel_sw_24in,144,0.617,0.669,0.831,0.785
"PTRS, Colt",rel_sw_24in,145,0.621,0.662,0.856,0.778
"PTRS, Colt",rel_sw_24in,146,0.62,0.671,0.851,0.78
"PTRS, Colt",rel_sw_24in,147,0.627,0.671,0.842,0.77
"PTRS, Colt",rel_sw_24in,148,0.63,0.679,0.824,0.773
"PTRS, Colt",rel_sw_24in,149,0.629,0.678,0.807,0.773
"PTRS, Colt",rel_sw_24in,150,0.632,0.671,0.785,0.756
"PTRS, Colt",rel_sw_24in,151,0.631,0.673,0.782,0.734
"PTRS, Colt",rel_sw_24in,152,0.63,0.671,0.773,0.723
"PTRS, Colt",rel_sw_24in,153,0.627,0.672,0.759,0.706
"PTRS, Colt",rel_sw_24in,154,0.626,0.678,0.742,0.69
"PTRS, Colt",rel_sw_24in,155,0.627,0.677,0.751,0.677
"PTRS, Colt",rel_sw_24in,156,0.63,0.67,0.751,0.665
"PTRS, Colt",rel_sw_24in,157,0.626,0.668,0.763,0.655
"PTRS, Colt",rel_sw_24in,158,0.627,0.665,0.763,0.692
"PTRS, Colt",rel_sw_24in,159,0.626,0.659,0.786,0.684
"PTRS, Colt",rel_sw_24in,160,0.627,0.652,0.815,0.671
"PTRS, Colt",rel_sw_24in,161,0.625,0.657,0.812,0.659
"PTRS, Colt",rel_sw_24in,162,0.626,0.655,0.799,0.65
"PTRS, Colt",rel_sw_24in,163,0.623,0.654,0.79,0.682
"PTRS, Colt",rel_sw_24in,164,0.621,0.661,0.774,0.73
"PTRS, Colt",rel_sw_24in,165,0.621,0.654,0.782,0.73
"PTRS, Colt",rel_sw_24in,166,0.618,0.647,0.768,0.717
"PTRS, Colt",rel_sw_24in,167,0.617,0.658,0.762,0.702
"PTRS, Colt",rel_sw_24in,168,0.621,0.664,0.758,0.688
"PTRS, Colt",rel_sw_24in,169,0.614,0.657,0.777,0.675
"PTRS, Colt",rel_sw_24in,170,0.611,0.656,0.781,0.661
"PTRS, Colt",rel_sw_24in,171,0.612,0.65,0.764,0.651
"PTRS, Colt",rel_sw_24in,172,0.602,0.648,0.74,0.645
"PTRS, Colt",rel_sw_24in,173,0.605,0.64,0.718,0.716
"PTRS, Colt",rel_sw_24in,174,0.585,0.643,0.706,0.701
"PTRS, Colt",rel_sw_24in,175,0.594,0.637,0.697,0.691
"PTRS, Colt",rel_sw_24in,176,0.58,0.64,0.698,0.677
"PTRS, Colt",rel_sw_24in,177,0.584,0.629,0.748,0.667
"PTRS, Colt",rel_sw_24in,178,0.566,0.625,0.753,0.653
"PTRS, Colt",rel_sw_24in,179,0.556,0.616,0.746,0.635
"PTRS, Colt",rel_sw_24in,180,0.559,0.611,0.763,0.616
"PTRS, Colt",rel_sw_24in,181,0.551,0.609,0.761,0.624
"PTRS, Colt",rel_sw_24in,182,0.536,0.606,0.761,0.608
"PTRS, Colt",rel_sw_24in,183,0.539,0.601,0.777,0.595
"PTRS, Colt",rel_sw_24in,184,0.529,0.601,0.77,0.582
"PTRS, Colt",rel_sw_24in,185,0.509,0.587,0.759,0.604
"PTRS, Colt",rel_sw_24in,186,0.52,0.589,0.748,0.606
"PTRS, Colt",rel_sw_24in,187,0.506,0.586,0.752,0.596
"PTRS, Colt",rel_sw_24in,188,0.495,0.578,0.753,0.591
"PTRS, Colt",rel_sw_24in,189,0.476,0.571,0.731,0.582
"PTRS, Colt",rel_sw_24in,190,0.493,0.56,0.708,0.574
"PTRS, Colt",rel_sw_24in,191,0.499,0.562,0.688,0.566
"PTRS, Colt",rel_sw_24in,192,0.485,0.565,0.675,0.568
"PTRS, Colt",rel_sw_24in,193,0.495,0.564,0.68,0.563
"PTRS, Colt",rel_sw_24in,194,0.484,0.567,0.682,0.552
"PTRS, Colt",rel_sw_24in,195,0.467,0.556,0.705,0.555
"PTRS, Colt",rel_sw_24in,196,0.468,0.545,0.714,0.575
"PTRS, Colt",rel_sw_24in,197,0.453,0.538,0.741,0.562
"PTRS, Colt",rel_sw_24in,198,0.46,0.537,0.746,0.552
"PTRS, Colt",rel_sw_24in,199,0.453,0.547,0.734,0.535
"PTRS, Colt",rel_sw_24in,200,0.443,0.535,0.717,0.519
"PTRS, Colt",rel_sw_24in,201,0.444,0.528,0.711,0.51
"PTRS, Colt",rel_sw_24in,202,0.429,0.512,0.73,0.497
"PTRS, Colt",rel_sw_24in,203,0.425,0.508,0.722,0.484
"PTRS, Colt",rel_sw_24in,204,0.421,0.52,0.711,0.5
"PTRS, Colt",rel_sw_24in,205,0.415,0.519,0.715,0.498
"PTRS, Colt",rel_sw_24in,206,0.396,0.503,0.733,0.506
"PTRS, Colt",rel_sw_24in,207,0.417,0.503,0.752,0.494
"PTRS, Colt",rel_sw_24in,208,0.399,0.507,0.736,0.479
"PTRS, Colt",rel_sw_24in,209,0.391,0.507,0.721,0.467
"PTRS, Colt",rel_sw_24in,210,0.401,0.502,0.703,0.466
"PTRS, Colt",rel_sw_24in,211,0.385,0.496,0.753,0.451
"PTRS, Colt",rel_sw_24in,212,0.386,0.502,0.743,0.446
"PTRS, Colt",rel_sw_24in,213,0.401,0.494,0.762,0.44
"PTRS, Colt",rel_sw_24in,214,0.383,0.481,0.752,NA
"PTRS, Colt",rel_sw_24in,215,0.363,0.479,0.738,NA
"PTRS, Colt",rel_sw_24in,216,0.386,0.474,0.771,NA
"PTRS, Colt",rel_sw_24in,217,0.379,0.483,0.766,NA
"PTRS, Colt",rel_sw_24in,218,0.378,0.482,0.746,NA
"PTRS, Colt",rel_sw_24in,219,0.363,0.465,0.722,NA
"PTRS, Colt",rel_sw_24in,220,0.385,0.462,0.699,NA
"PTRS, Colt",rel_sw_24in,221,0.368,0.466,0.682,NA
"PTRS, Colt",rel_sw_24in,222,0.36,0.46,0.679,NA
"PTRS, Colt",rel_sw_24in,223,0.36,0.454,0.699,NA
"PTRS, Colt",rel_sw_24in,224,0.366,0.453,0.701,NA
"PTRS, Colt",rel_sw_24in,225,0.35,0.444,0.691,NA
"PTRS, Colt",rel_sw_24in,226,0.362,0.437,0.675,NA
"PTRS, Colt",rel_sw_24in,227,0.343,0.442,0.666,NA
"PTRS, Colt",rel_sw_24in,228,0.346,0.438,0.651,NA
"PTRS, Colt",rel_sw_24in,229,0.331,0.432,0.638,NA
"PTRS, Colt",rel_sw_24in,230,0.34,0.434,0.624,NA
"PTRS, Colt",rel_sw_24in,231,0.329,0.438,0.611,NA
"PTRS, Colt",rel_sw_24in,232,0.314,0.442,0.627,NA
"PTRS, Colt",rel_sw_24in,233,0.333,0.436,0.63,NA
"PTRS, Colt",rel_sw_24in,234,0.32,0.428,0.62,NA
"PTRS, Colt",rel_sw_24in,235,0.304,0.42,0.611,NA
"PTRS, Colt",rel_sw_24in,236,0.323,0.407,0.605,NA
"PTRS, Colt",rel_sw_24in,237,0.313,0.411,0.602,NA
"PTRS, Colt",rel_sw_24in,238,0.298,0.404,0.592,NA
"PTRS, Colt",rel_sw_24in,239,0.312,0.407,0.59,NA
"PTRS, Colt",rel_sw_24in,240,0.297,0.405,0.596,NA
"PTRS, Colt",rel_sw_24in,241,0.306,0.414,0.584,NA
"PTRS, Colt",rel_sw_24in,242,0.288,0.407,0.576,NA
"PTRS, Colt",rel_sw_24in,243,0.301,0.402,0.621,NA
"PTRS, Colt",rel_sw_24in,244,0.286,0.399,0.652,NA
"PTRS, Colt",rel_sw_24in,245,0.297,0.408,0.678,NA
"PTRS, Colt",rel_sw_24in,246,0.279,0.399,0.71,NA
"PTRS, Colt",rel_sw_24in,247,0.291,0.408,0.717,NA
"PTRS, Colt",rel_sw_24in,248,0.273,0.404,0.715,NA
"PTRS, Colt",rel_sw_24in,249,0.298,0.398,0.71,NA
"PTRS, Colt",rel_sw_24in,250,0.285,0.39,0.707,NA
"PTRS, Colt",rel_sw_24in,251,0.285,0.395,0.702,NA
"PTRS, Colt",rel_sw_24in,252,0.279,0.393,0.699,NA
"PTRS, Colt",rel_sw_24in,253,0.3,0.398,0.697,NA
"PTRS, Colt",rel_sw_24in,254,0.297,0.395,0.695,NA
"PTRS, Colt",rel_sw_24in,255,0.306,0.402,0.689,NA
"PTRS, Colt",rel_sw_24in,256,0.303,0.409,0.703,NA
"PTRS, Colt",rel_sw_24in,257,0.293,0.411,0.696,NA
"PTRS, Colt",rel_sw_24in,258,0.282,0.415,0.684,NA
"PTRS, Colt",rel_sw_24in,259,0.301,0.417,0.715,NA
"PTRS, Colt",rel_sw_24in,260,0.293,0.421,0.744,NA
"PTRS, Colt",rel_sw_24in,261,0.285,0.432,0.778,NA
"PTRS, Colt",rel_sw_24in,262,0.302,0.428,0.791,NA
"PTRS, Colt",rel_sw_24in,263,0.297,0.43,0.807,NA
"PTRS, Colt",rel_sw_24in,264,0.292,0.431,0.829,NA
"PTRS, Colt",rel_sw_24in,265,0.288,0.433,0.835,NA
"PTRS, Colt",rel_sw_24in,266,0.311,0.448,0.844,NA
"PTRS, Colt",rel_sw_24in,267,0.31,0.468,0.86,NA
"PTRS, Colt",rel_sw_24in,268,0.308,0.478,0.849,NA
"PTRS, Colt",rel_sw_24in,269,0.307,0.475,0.832,NA
"PTRS, Colt",rel_sw_24in,270,0.305,0.476,0.811,NA
"PTRS, Colt",rel_sw_24in,271,0.306,0.48,0.788,NA
"PTRS, Colt",rel_sw_24in,272,0.304,0.479,0.767,NA
"PTRS, Colt",rel_sw_24in,273,0.306,0.485,0.746,NA
"PTRS, Colt",rel_sw_24in,274,0.309,0.484,0.743,NA
"PTRS, Colt",rel_sw_24in,275,0.303,0.483,0.73,NA
"PTRS, Colt",rel_sw_24in,276,0.305,0.481,0.711,NA
"PTRS, Colt",rel_sw_24in,277,0.321,0.488,0.756,NA
"PTRS, Colt",rel_sw_24in,278,0.316,0.486,0.745,NA
"PTRS, Colt",rel_sw_24in,279,0.315,0.494,0.742,NA
"PTRS, Colt",rel_sw_24in,280,0.313,0.494,0.731,NA
"PTRS, Colt",rel_sw_24in,281,0.312,0.495,0.741,NA
"PTRS, Colt",rel_sw_24in,282,0.31,0.501,0.788,NA
"PTRS, Colt",rel_sw_24in,283,0.308,0.501,0.821,NA
"PTRS, Colt",rel_sw_24in,284,0.307,0.504,0.814,NA
"PTRS, Colt",rel_sw_24in,285,0.342,0.509,0.802,NA
"PTRS, Colt",rel_sw_24in,286,0.337,0.52,0.823,NA
"PTRS, Colt",rel_sw_24in,287,0.336,0.517,0.814,NA
"PTRS, Colt",rel_sw_24in,288,0.336,0.544,0.808,NA
"PTRS, Colt",rel_sw_24in,289,0.334,0.54,0.793,NA
"PTRS, Colt",rel_sw_24in,290,0.33,0.546,0.776,NA
"PTRS, Colt",rel_sw_24in,291,0.327,0.544,0.758,NA
"PTRS, Colt",rel_sw_24in,292,0.325,0.561,0.738,NA
"PTRS, Colt",rel_sw_24in,293,0.323,0.558,0.727,NA
"PTRS, Colt",rel_sw_24in,294,0.321,0.556,0.714,NA
"PTRS, Colt",rel_sw_24in,295,0.322,0.556,0.763,NA
"PTRS, Colt",rel_sw_24in,296,0.33,0.557,0.77,NA
"PTRS, Colt",rel_sw_24in,297,0.348,0.559,0.756,NA
"PTRS, Colt",rel_sw_24in,298,0.347,0.578,0.76,NA
"PTRS, Colt",rel_sw_24in,299,0.346,0.581,0.768,NA
"PTRS, Colt",rel_sw_24in,300,0.345,0.583,0.778,NA
"PTRS, Colt",rel_sw_24in,301,0.344,0.603,0.811,NA
"PTRS, Colt",rel_sw_24in,302,0.343,0.603,0.819,NA
"PTRS, Colt",rel_sw_24in,303,0.343,0.599,0.891,NA
"PTRS, Colt",rel_sw_24in,304,0.342,0.599,0.877,NA
"PTRS, Colt",rel_sw_24in,305,0.341,0.61,0.86,NA
"PTRS, Colt",rel_sw_24in,306,0.34,0.608,0.842,NA
"PTRS, Colt",rel_sw_24in,307,0.372,0.609,0.821,NA
"PTRS, Colt",rel_sw_24in,308,0.382,0.619,0.827,NA
"PTRS, Colt",rel_sw_24in,309,0.414,0.625,0.821,NA
"PTRS, Colt",rel_sw_24in,310,0.415,0.628,0.809,NA
"PTRS, Colt",rel_sw_24in,311,0.425,0.634,0.799,NA
"PTRS, Colt",rel_sw_24in,312,0.421,0.638,0.783,NA
"PTRS, Colt",rel_sw_24in,313,0.418,0.635,0.77,NA
"PTRS, Colt",rel_sw_24in,314,0.416,0.635,0.762,NA
"PTRS, Colt",rel_sw_24in,315,0.415,0.637,0.777,NA
"PTRS, Colt",rel_sw_24in,316,0.413,0.637,0.765,NA
"PTRS, Colt",rel_sw_24in,317,0.426,0.65,0.752,NA
"PTRS, Colt",rel_sw_24in,318,0.423,0.653,0.793,NA
"PTRS, Colt",rel_sw_24in,319,0.447,0.651,0.778,NA
"PTRS, Colt",rel_sw_24in,320,0.48,0.666,0.814,NA
"PTRS, Colt",rel_sw_24in,321,0.487,0.665,0.829,NA
"PTRS, Colt",rel_sw_24in,322,0.485,0.665,0.826,NA
"PTRS, Colt",rel_sw_24in,323,0.497,0.661,0.817,NA
"PTRS, Colt",rel_sw_24in,324,0.495,0.657,0.849,NA
"PTRS, Colt",rel_sw_24in,325,0.494,0.66,0.851,NA
"PTRS, Colt",rel_sw_24in,326,0.501,0.668,0.84,NA
"PTRS, Colt",rel_sw_24in,327,0.514,0.675,0.827,NA
"PTRS, Colt",rel_sw_24in,328,0.512,0.671,0.811,NA
"PTRS, Colt",rel_sw_24in,329,0.51,0.676,0.796,NA
"PTRS, Colt",rel_sw_24in,330,0.513,0.681,0.812,NA
"PTRS, Colt",rel_sw_24in,331,0.52,0.683,0.854,NA
"PTRS, Colt",rel_sw_24in,332,0.517,0.678,0.841,NA
"PTRS, Colt",rel_sw_24in,333,0.514,0.682,0.855,NA
"PTRS, Colt",rel_sw_24in,334,0.512,0.701,0.856,NA
"PTRS, Colt",rel_sw_24in,335,0.509,0.698,0.856,NA
"PTRS, Colt",rel_sw_24in,336,0.51,0.695,0.865,NA
"PTRS, Colt",rel_sw_24in,337,0.538,0.69,0.856,NA
"PTRS, Colt",rel_sw_24in,338,0.547,0.691,0.845,NA
"PTRS, Colt",rel_sw_24in,339,0.551,0.696,0.894,NA
"PTRS, Colt",rel_sw_24in,340,0.548,0.695,0.881,NA
"PTRS, Colt",rel_sw_24in,341,0.547,0.696,0.872,NA
"PTRS, Colt",rel_sw_24in,342,0.558,0.689,0.853,NA
"PTRS, Colt",rel_sw_24in,343,0.558,0.692,0.833,NA
"PTRS, Colt",rel_sw_24in,344,0.555,0.698,0.82,NA
"PTRS, Colt",rel_sw_24in,345,0.552,0.693,0.812,NA
"PTRS, Colt",rel_sw_24in,346,0.549,0.698,0.832,NA
"PTRS, Colt",rel_sw_24in,347,0.548,0.712,0.87,NA
"PTRS, Colt",rel_sw_24in,348,0.576,0.714,0.867,NA
"PTRS, Colt",rel_sw_24in,349,0.574,0.71,0.866,NA
"PTRS, Colt",rel_sw_24in,350,0.573,0.717,0.921,NA
"PTRS, Colt",rel_sw_24in,351,0.571,0.712,0.975,NA
"PTRS, Colt",rel_sw_24in,352,0.57,0.71,0.961,NA
"PTRS, Colt",rel_sw_24in,353,0.569,0.705,0.948,NA
"PTRS, Colt",rel_sw_24in,354,0.568,0.713,0.934,NA
"PTRS, Colt",rel_sw_24in,355,0.567,0.719,0.934,NA
"PTRS, Colt",rel_sw_24in,356,0.565,0.709,0.946,NA
"PTRS, Colt",rel_sw_24in,357,0.562,0.713,0.938,NA
"PTRS, Colt",rel_sw_24in,358,0.584,0.716,0.923,NA
"PTRS, Colt",rel_sw_24in,359,0.586,0.719,0.909,NA
"PTRS, Colt",rel_sw_24in,360,0.583,0.711,0.94,NA
"PTRS, Colt",rel_sw_24in,361,0.581,0.711,0.984,NA
"PTRS, Colt",rel_sw_24in,362,0.579,0.703,0.973,NA
"PTRS, Colt",rel_sw_24in,363,0.578,0.71,0.961,NA
"PTRS, Colt",rel_sw_24in,364,0.577,0.725,0.993,NA
"PTRS, Colt",rel_sw_24in,365,0.574,0.728,0.981,NA
"PTRS, Colt",rel_sw_24in,366,0.669,0.735,0.863,NA
"PTRS, Colt",rel_sw_6in,1,0.611,0.623,0.756,0.612
"PTRS, Colt",rel_sw_6in,2,0.6,0.623,0.852,0.641
"PTRS, Colt",rel_sw_6in,3,0.592,0.621,0.942,0.628
"PTRS, Colt",rel_sw_6in,4,0.583,0.622,0.831,0.618
"PTRS, Colt",rel_sw_6in,5,0.57,0.653,0.763,0.606
"PTRS, Colt",rel_sw_6in,6,0.557,0.646,0.922,0.591
"PTRS, Colt",rel_sw_6in,7,0.556,0.639,0.909,0.578
"PTRS, Colt",rel_sw_6in,8,0.544,0.643,0.839,0.585
"PTRS, Colt",rel_sw_6in,9,0.557,0.655,0.849,0.624
"PTRS, Colt",rel_sw_6in,10,0.556,0.658,0.848,0.668
"PTRS, Colt",rel_sw_6in,11,0.545,0.656,0.979,0.641
"PTRS, Colt",rel_sw_6in,12,0.532,0.649,0.92,0.623
"PTRS, Colt",rel_sw_6in,13,0.522,0.634,0.991,0.614
"PTRS, Colt",rel_sw_6in,14,0.515,0.63,0.998,0.616
"PTRS, Colt",rel_sw_6in,15,0.511,0.625,0.975,0.604
"PTRS, Colt",rel_sw_6in,16,0.507,0.628,0.875,0.601
"PTRS, Colt",rel_sw_6in,17,0.532,0.65,0.801,0.596
"PTRS, Colt",rel_sw_6in,18,0.555,0.658,0.937,0.592
"PTRS, Colt",rel_sw_6in,19,0.557,0.653,0.884,0.587
"PTRS, Colt",rel_sw_6in,20,0.546,0.639,0.852,0.574
"PTRS, Colt",rel_sw_6in,21,0.546,0.637,0.79,0.659
"PTRS, Colt",rel_sw_6in,22,0.542,0.658,0.874,0.634
"PTRS, Colt",rel_sw_6in,23,0.541,0.648,0.817,0.631
"PTRS, Colt",rel_sw_6in,24,0.54,0.642,0.891,0.72
"PTRS, Colt",rel_sw_6in,25,0.536,0.629,0.873,0.734
"PTRS, Colt",rel_sw_6in,26,0.53,0.627,0.821,0.697
"PTRS, Colt",rel_sw_6in,27,0.528,0.636,0.954,0.669
"PTRS, Colt",rel_sw_6in,28,0.52,0.625,0.849,0.647
"PTRS, Colt",rel_sw_6in,29,0.516,0.635,0.854,0.631
"PTRS, Colt",rel_sw_6in,30,0.512,0.628,0.891,0.627
"PTRS, Colt",rel_sw_6in,31,0.508,0.626,0.803,0.623
"PTRS, Colt",rel_sw_6in,32,0.506,0.633,0.772,0.618
"PTRS, Colt",rel_sw_6in,33,0.53,0.634,0.944,0.611
"PTRS, Colt",rel_sw_6in,34,0.547,0.639,0.996,0.654
"PTRS, Colt",rel_sw_6in,35,0.548,0.635,0.882,0.637
"PTRS, Colt",rel_sw_6in,36,0.542,0.631,0.858,0.622
"PTRS, Colt",rel_sw_6in,37,0.538,0.653,0.785,0.606
"PTRS, Colt",rel_sw_6in,38,0.533,0.639,0.793,0.588
"PTRS, Colt",rel_sw_6in,39,0.535,0.629,0.804,0.581
"PTRS, Colt",rel_sw_6in,40,0.53,0.626,0.775,0.569
"PTRS, Colt",rel_sw_6in,41,0.525,0.64,0.912,0.568
"PTRS, Colt",rel_sw_6in,42,0.534,0.639,0.946,0.573
"PTRS, Colt",rel_sw_6in,43,0.533,0.65,0.986,0.56
"PTRS, Colt",rel_sw_6in,44,0.528,0.641,0.879,0.553
"PTRS, Colt",rel_sw_6in,45,0.524,0.657,0.938,0.665
"PTRS, Colt",rel_sw_6in,46,0.521,0.651,0.998,0.829
"PTRS, Colt",rel_sw_6in,47,0.528,0.638,0.998,0.744
"PTRS, Colt",rel_sw_6in,48,0.523,0.643,0.966,0.696
"PTRS, Colt",rel_sw_6in,49,0.541,0.643,0.897,0.657
"PTRS, Colt",rel_sw_6in,50,0.54,0.634,0.943,0.627
"PTRS, Colt",rel_sw_6in,51,0.536,0.641,0.995,0.609
"PTRS, Colt",rel_sw_6in,52,0.547,0.646,0.905,0.603
"PTRS, Colt",rel_sw_6in,53,0.532,0.64,0.958,0.593
"PTRS, Colt",rel_sw_6in,54,0.548,0.635,0.996,0.586
"PTRS, Colt",rel_sw_6in,55,0.543,0.633,0.995,0.58
"PTRS, Colt",rel_sw_6in,56,0.538,0.641,0.889,0.578
"PTRS, Colt",rel_sw_6in,57,0.534,0.646,0.846,0.587
"PTRS, Colt",rel_sw_6in,58,0.529,0.633,0.873,0.573
"PTRS, Colt",rel_sw_6in,59,0.524,0.628,0.984,0.568
"PTRS, Colt",rel_sw_6in,60,0.52,0.641,0.983,0.564
"PTRS, Colt",rel_sw_6in,61,0.518,0.627,0.996,0.561
"PTRS, Colt",rel_sw_6in,62,0.514,0.62,0.952,0.557
"PTRS, Colt",rel_sw_6in,63,0.51,0.649,0.836,0.553
"PTRS, Colt",rel_sw_6in,64,0.507,0.63,0.934,0.549
"PTRS, Colt",rel_sw_6in,65,0.503,0.63,0.823,0.546
"PTRS, Colt",rel_sw_6in,66,0.5,0.616,0.91,0.697
"PTRS, Colt",rel_sw_6in,67,0.497,0.617,0.875,0.713
"PTRS, Colt",rel_sw_6in,68,0.494,0.654,0.81,0.787
"PTRS, Colt",rel_sw_6in,69,0.503,0.638,0.91,0.727
"PTRS, Colt",rel_sw_6in,70,0.536,0.642,0.996,0.805
"PTRS, Colt",rel_sw_6in,71,0.532,0.622,0.933,0.719
"PTRS, Colt",rel_sw_6in,72,0.53,0.616,0.957,0.658
"PTRS, Colt",rel_sw_6in,73,0.539,0.612,0.981,0.633
"PTRS, Colt",rel_sw_6in,74,0.55,0.625,0.898,0.714
"PTRS, Colt",rel_sw_6in,75,0.544,0.627,0.884,0.664
"PTRS, Colt",rel_sw_6in,76,0.54,0.618,0.914,0.629
"PTRS, Colt",rel_sw_6in,77,0.535,0.623,0.952,0.602
"PTRS, Colt",rel_sw_6in,78,0.531,0.623,0.995,0.59
"PTRS, Colt",rel_sw_6in,79,0.528,0.622,0.994,0.581
"PTRS, Colt",rel_sw_6in,80,0.524,0.625,0.868,0.574
"PTRS, Colt",rel_sw_6in,81,0.52,0.621,0.835,0.569
"PTRS, Colt",rel_sw_6in,82,0.517,0.617,0.795,0.563
"PTRS, Colt",rel_sw_6in,83,0.514,0.612,0.818,0.558
"PTRS, Colt",rel_sw_6in,84,0.511,0.618,0.853,0.554
"PTRS, Colt",rel_sw_6in,85,0.508,0.621,0.838,0.55
"PTRS, Colt",rel_sw_6in,86,0.537,0.615,0.948,0.546
"PTRS, Colt",rel_sw_6in,87,0.531,0.611,0.825,0.542
"PTRS, Colt",rel_sw_6in,88,0.526,0.626,0.882,0.538
"PTRS, Colt",rel_sw_6in,89,0.523,0.653,0.887,0.535
"PTRS, Colt",rel_sw_6in,90,0.531,0.652,0.821,0.531
"PTRS, Colt",rel_sw_6in,91,0.527,0.629,0.916,0.528
"PTRS, Colt",rel_sw_6in,92,0.523,0.619,0.899,0.531
"PTRS, Colt",rel_sw_6in,93,0.52,0.639,0.944,0.526
"PTRS, Colt",rel_sw_6in,94,0.55,0.633,0.974,0.655
"PTRS, Colt",rel_sw_6in,95,0.545,0.628,0.998,0.61
"PTRS, Colt",rel_sw_6in,96,0.54,0.629,0.992,0.593
"PTRS, Colt",rel_sw_6in,97,0.548,0.619,0.88,0.582
"PTRS, Colt",rel_sw_6in,98,0.548,0.621,0.869,0.574
"PTRS, Colt",rel_sw_6in,99,0.542,0.617,0.773,0.567
"PTRS, Colt",rel_sw_6in,100,0.54,0.606,0.792,0.561
"PTRS, Colt",rel_sw_6in,101,0.545,0.606,0.885,0.555
"PTRS, Colt",rel_sw_6in,102,0.541,0.63,0.93,0.55
"PTRS, Colt",rel_sw_6in,103,0.536,0.643,0.975,0.545
"PTRS, Colt",rel_sw_6in,104,0.532,0.645,0.991,0.541
"PTRS, Colt",rel_sw_6in,105,0.528,0.637,0.854,0.537
"PTRS, Colt",rel_sw_6in,106,0.524,0.623,0.76,0.533
"PTRS, Colt",rel_sw_6in,107,0.521,0.609,0.771,0.529
"PTRS, Colt",rel_sw_6in,108,0.52,0.602,0.817,0.561
"PTRS, Colt",rel_sw_6in,109,0.531,0.593,0.776,0.534
"PTRS, Colt",rel_sw_6in,110,0.554,0.613,0.808,0.53
"PTRS, Colt",rel_sw_6in,111,0.552,0.618,0.833,0.526
"PTRS, Colt",rel_sw_6in,112,0.548,0.622,0.77,0.523
"PTRS, Colt",rel_sw_6in,113,0.55,0.617,0.909,0.52
"PTRS, Colt",rel_sw_6in,114,0.547,0.628,0.896,0.628
"PTRS, Colt",rel_sw_6in,115,0.543,0.623,0.874,0.649
"PTRS, Colt",rel_sw_6in,116,0.54,0.631,0.976,0.615
"PTRS, Colt",rel_sw_6in,117,0.548,0.622,0.984,0.615
"PTRS, Colt",rel_sw_6in,118,0.544,0.615,0.972,0.783
"PTRS, Colt",rel_sw_6in,119,0.54,0.634,0.983,0.842
"PTRS, Colt",rel_sw_6in,120,0.537,0.648,0.903,0.751
"PTRS, Colt",rel_sw_6in,121,0.534,0.631,0.986,0.687
"PTRS, Colt",rel_sw_6in,122,0.544,0.635,0.995,0.652
"PTRS, Colt",rel_sw_6in,123,0.54,0.635,0.985,0.632
"PTRS, Colt",rel_sw_6in,124,0.536,0.64,0.885,0.619
"PTRS, Colt",rel_sw_6in,125,0.532,0.625,0.899,0.71
"PTRS, Colt",rel_sw_6in,126,0.529,0.607,0.985,0.801
"PTRS, Colt",rel_sw_6in,127,0.536,0.611,0.842,0.703
"PTRS, Colt",rel_sw_6in,128,0.533,0.61,0.856,0.647
"PTRS, Colt",rel_sw_6in,129,0.53,0.618,0.873,0.623
"PTRS, Colt",rel_sw_6in,130,0.539,0.623,0.849,0.622
"PTRS, Colt",rel_sw_6in,131,0.536,0.62,0.784,0.598
"PTRS, Colt",rel_sw_6in,132,0.533,0.63,0.741,0.589
"PTRS, Colt",rel_sw_6in,133,0.531,0.628,0.745,0.581
"PTRS, Colt",rel_sw_6in,134,0.528,0.613,0.779,0.575
"PTRS, Colt",rel_sw_6in,135,0.526,0.597,0.824,0.581
"PTRS, Colt",rel_sw_6in,136,0.523,0.598,0.904,0.571
"PTRS, Colt",rel_sw_6in,137,0.521,0.592,0.981,0.566
"PTRS, Colt",rel_sw_6in,138,0.518,0.596,0.869,0.561
"PTRS, Colt",rel_sw_6in,139,0.519,0.587,0.814,0.668
"PTRS, Colt",rel_sw_6in,140,0.517,0.582,0.881,0.741
"PTRS, Colt",rel_sw_6in,141,0.514,0.588,0.865,0.694
"PTRS, Colt",rel_sw_6in,142,0.511,0.579,0.765,0.816
"PTRS, Colt",rel_sw_6in,143,0.51,0.572,0.734,0.808
"PTRS, Colt",rel_sw_6in,144,0.507,0.613,0.801,0.77
"PTRS, Colt",rel_sw_6in,145,0.522,0.595,0.891,0.711
"PTRS, Colt",rel_sw_6in,146,0.519,0.606,0.956,0.703
"PTRS, Colt",rel_sw_6in,147,0.535,0.601,0.856,0.666
"PTRS, Colt",rel_sw_6in,148,0.534,0.609,0.824,0.682
"PTRS, Colt",rel_sw_6in,149,0.54,0.603,0.774,0.685
"PTRS, Colt",rel_sw_6in,150,0.541,0.595,0.743,0.644
"PTRS, Colt",rel_sw_6in,151,0.535,0.58,0.797,0.602
"PTRS, Colt",rel_sw_6in,152,0.532,0.583,0.768,0.601
"PTRS, Colt",rel_sw_6in,153,0.535,0.589,0.723,0.577
"PTRS, Colt",rel_sw_6in,154,0.533,0.598,0.713,0.562
"PTRS, Colt",rel_sw_6in,155,0.529,0.59,0.822,0.551
"PTRS, Colt",rel_sw_6in,156,0.539,0.591,0.796,0.541
"PTRS, Colt",rel_sw_6in,157,0.534,0.58,0.809,0.533
"PTRS, Colt",rel_sw_6in,158,0.535,0.578,0.773,0.671
"PTRS, Colt",rel_sw_6in,159,0.531,0.578,0.832,0.639
"PTRS, Colt",rel_sw_6in,160,0.531,0.583,0.914,0.599
"PTRS, Colt",rel_sw_6in,161,0.53,0.587,0.826,0.573
"PTRS, Colt",rel_sw_6in,162,0.53,0.583,0.727,0.557
"PTRS, Colt",rel_sw_6in,163,0.526,0.592,0.737,0.667
"PTRS, Colt",rel_sw_6in,164,0.528,0.609,0.751,0.789
"PTRS, Colt",rel_sw_6in,165,0.528,0.591,0.841,0.737
"PTRS, Colt",rel_sw_6in,166,0.528,0.576,0.745,0.666
"PTRS, Colt",rel_sw_6in,167,0.523,0.588,0.77,0.622
"PTRS, Colt",rel_sw_6in,168,0.539,0.594,0.863,0.593
"PTRS, Colt",rel_sw_6in,169,0.524,0.576,0.827,0.574
"PTRS, Colt",rel_sw_6in,170,0.525,0.597,0.756,0.559
"PTRS, Colt",rel_sw_6in,171,0.53,0.596,0.708,0.558
"PTRS, Colt",rel_sw_6in,172,0.52,0.593,0.744,0.57
"PTRS, Colt",rel_sw_6in,173,0.521,0.596,0.688,0.8
"PTRS, Colt",rel_sw_6in,174,0.519,0.587,0.791,0.713
"PTRS, Colt",rel_sw_6in,175,0.523,0.603,0.782,0.669
"PTRS, Colt",rel_sw_6in,176,0.525,0.607,0.734,0.63
"PTRS, Colt",rel_sw_6in,177,0.536,0.604,0.846,0.613
"PTRS, Colt",rel_sw_6in,178,0.547,0.611,0.793,0.59
"PTRS, Colt",rel_sw_6in,179,0.537,0.612,0.807,0.559
"PTRS, Colt",rel_sw_6in,180,0.529,0.604,0.933,0.527
"PTRS, Colt",rel_sw_6in,181,0.539,0.614,0.845,0.598
"PTRS, Colt",rel_sw_6in,182,0.537,0.618,0.895,0.577
"PTRS, Colt",rel_sw_6in,183,0.527,0.612,0.882,0.567
"PTRS, Colt",rel_sw_6in,184,0.537,0.611,0.796,0.554
"PTRS, Colt",rel_sw_6in,185,0.524,0.609,0.79,0.654
"PTRS, Colt",rel_sw_6in,186,0.523,0.614,0.855,0.664
"PTRS, Colt",rel_sw_6in,187,0.548,0.615,0.767,0.64
"PTRS, Colt",rel_sw_6in,188,0.538,0.616,0.715,0.635
"PTRS, Colt",rel_sw_6in,189,0.549,0.594,0.726,0.62
"PTRS, Colt",rel_sw_6in,190,0.548,0.616,0.762,0.619
"PTRS, Colt",rel_sw_6in,191,0.543,0.611,0.825,0.613
"PTRS, Colt",rel_sw_6in,192,0.536,0.613,0.782,0.635
"PTRS, Colt",rel_sw_6in,193,0.531,0.636,0.862,0.633
"PTRS, Colt",rel_sw_6in,194,0.542,0.621,0.879,0.614
"PTRS, Colt",rel_sw_6in,195,0.555,0.621,0.905,0.638
"PTRS, Colt",rel_sw_6in,196,0.55,0.627,0.927,0.696
"PTRS, Colt",rel_sw_6in,197,0.554,0.624,0.982,0.655
"PTRS, Colt",rel_sw_6in,198,0.549,0.62,0.873,0.634
"PTRS, Colt",rel_sw_6in,199,0.541,0.612,0.801,0.603
"PTRS, Colt",rel_sw_6in,200,0.539,0.612,0.774,0.577
"PTRS, Colt",rel_sw_6in,201,0.535,0.624,0.737,0.578
"PTRS, Colt",rel_sw_6in,202,0.54,0.613,0.794,0.564
"PTRS, Colt",rel_sw_6in,203,0.526,0.629,0.756,0.541
"PTRS, Colt",rel_sw_6in,204,0.554,0.628,0.817,0.62
"PTRS, Colt",rel_sw_6in,205,0.561,0.627,0.752,0.622
"PTRS, Colt",rel_sw_6in,206,0.536,0.611,0.743,0.657
"PTRS, Colt",rel_sw_6in,207,0.543,0.618,0.783,0.629
"PTRS, Colt",rel_sw_6in,208,0.538,0.614,0.737,0.6
"PTRS, Colt",rel_sw_6in,209,0.53,0.62,0.774,0.583
"PTRS, Colt",rel_sw_6in,210,0.525,0.627,0.789,0.603
"PTRS, Colt",rel_sw_6in,211,0.544,0.611,0.936,0.576
"PTRS, Colt",rel_sw_6in,212,0.551,0.616,0.821,0.584
"PTRS, Colt",rel_sw_6in,213,0.54,0.616,0.81,0.582
"PTRS, Colt",rel_sw_6in,214,0.545,0.606,0.732,NA
"PTRS, Colt",rel_sw_6in,215,0.527,0.594,0.721,NA
"PTRS, Colt",rel_sw_6in,216,0.547,0.61,0.777,NA
"PTRS, Colt",rel_sw_6in,217,0.548,0.622,0.869,NA
"PTRS, Colt",rel_sw_6in,218,0.546,0.612,0.908,NA
"PTRS, Colt",rel_sw_6in,219,0.555,0.618,0.803,NA
"PTRS, Colt",rel_sw_6in,220,0.542,0.626,0.762,NA
"PTRS, Colt",rel_sw_6in,221,0.539,0.627,0.755,NA
"PTRS, Colt",rel_sw_6in,222,0.545,0.628,0.816,NA
"PTRS, Colt",rel_sw_6in,223,0.546,0.616,0.732,NA
"PTRS, Colt",rel_sw_6in,224,0.557,0.619,0.741,NA
"PTRS, Colt",rel_sw_6in,225,0.535,0.617,0.771,NA
"PTRS, Colt",rel_sw_6in,226,0.53,0.615,0.826,NA
"PTRS, Colt",rel_sw_6in,227,0.539,0.618,0.822,NA
"PTRS, Colt",rel_sw_6in,228,0.548,0.608,0.859,NA
"PTRS, Colt",rel_sw_6in,229,0.546,0.614,0.828,NA
"PTRS, Colt",rel_sw_6in,230,0.539,0.615,0.766,NA
"PTRS, Colt",rel_sw_6in,231,0.533,0.624,0.771,NA
"PTRS, Colt",rel_sw_6in,232,0.541,0.622,0.746,NA
"PTRS, Colt",rel_sw_6in,233,0.554,0.628,0.779,NA
"PTRS, Colt",rel_sw_6in,234,0.556,0.617,0.755,NA
"PTRS, Colt",rel_sw_6in,235,0.548,0.611,0.717,NA
"PTRS, Colt",rel_sw_6in,236,0.554,0.612,0.732,NA
"PTRS, Colt",rel_sw_6in,237,0.541,0.611,0.688,NA
"PTRS, Colt",rel_sw_6in,238,0.528,0.611,0.709,NA
"PTRS, Colt",rel_sw_6in,239,0.533,0.616,0.736,NA
"PTRS, Colt",rel_sw_6in,240,0.543,0.607,0.916,NA
"PTRS, Colt",rel_sw_6in,241,0.556,0.627,0.991,NA
"PTRS, Colt",rel_sw_6in,242,0.548,0.612,0.932,NA
"PTRS, Colt",rel_sw_6in,243,0.536,0.629,0.986,NA
"PTRS, Colt",rel_sw_6in,244,0.535,0.608,0.985,NA
"PTRS, Colt",rel_sw_6in,245,0.566,0.628,0.977,NA
"PTRS, Colt",rel_sw_6in,246,0.551,0.616,0.989,NA
"PTRS, Colt",rel_sw_6in,247,0.542,0.609,0.901,NA
"PTRS, Colt",rel_sw_6in,248,0.531,0.624,0.874,NA
"PTRS, Colt",rel_sw_6in,249,0.562,0.614,0.787,NA
"PTRS, Colt",rel_sw_6in,250,0.547,0.599,0.717,NA
"PTRS, Colt",rel_sw_6in,251,0.549,0.62,0.776,NA
"PTRS, Colt",rel_sw_6in,252,0.534,0.609,0.83,NA
"PTRS, Colt",rel_sw_6in,253,0.539,0.609,0.804,NA
"PTRS, Colt",rel_sw_6in,254,0.529,0.612,0.734,NA
"PTRS, Colt",rel_sw_6in,255,0.521,0.612,0.777,NA
"PTRS, Colt",rel_sw_6in,256,0.514,0.605,0.867,NA
"PTRS, Colt",rel_sw_6in,257,0.507,0.607,0.913,NA
"PTRS, Colt",rel_sw_6in,258,0.501,0.592,0.933,NA
"PTRS, Colt",rel_sw_6in,259,0.496,0.594,0.985,NA
"PTRS, Colt",rel_sw_6in,260,0.49,0.594,0.991,NA
"PTRS, Colt",rel_sw_6in,261,0.485,0.598,0.992,NA
"PTRS, Colt",rel_sw_6in,262,0.481,0.593,0.918,NA
"PTRS, Colt",rel_sw_6in,263,0.502,0.601,0.951,NA
"PTRS, Colt",rel_sw_6in,264,0.496,0.594,0.851,NA
"PTRS, Colt",rel_sw_6in,265,0.49,0.589,0.788,NA
"PTRS, Colt",rel_sw_6in,266,0.485,0.602,0.87,NA
"PTRS, Colt",rel_sw_6in,267,0.48,0.593,0.893,NA
"PTRS, Colt",rel_sw_6in,268,0.487,0.59,0.88,NA
"PTRS, Colt",rel_sw_6in,269,0.482,0.588,0.856,NA
"PTRS, Colt",rel_sw_6in,270,0.477,0.58,0.775,NA
"PTRS, Colt",rel_sw_6in,271,0.472,0.575,0.887,NA
"PTRS, Colt",rel_sw_6in,272,0.468,0.578,0.817,NA
"PTRS, Colt",rel_sw_6in,273,0.464,0.578,0.841,NA
"PTRS, Colt",rel_sw_6in,274,0.46,0.578,0.769,NA
"PTRS, Colt",rel_sw_6in,275,0.456,0.579,0.825,NA
"PTRS, Colt",rel_sw_6in,276,0.452,0.578,0.756,NA
"PTRS, Colt",rel_sw_6in,277,0.448,0.575,0.791,NA
"PTRS, Colt",rel_sw_6in,278,0.445,0.576,0.722,NA
"PTRS, Colt",rel_sw_6in,279,0.441,0.569,0.854,NA
"PTRS, Colt",rel_sw_6in,280,0.438,0.564,0.84,NA
"PTRS, Colt",rel_sw_6in,281,0.435,0.574,0.906,NA
"PTRS, Colt",rel_sw_6in,282,0.435,0.586,0.971,NA
"PTRS, Colt",rel_sw_6in,283,0.432,0.598,0.937,NA
"PTRS, Colt",rel_sw_6in,284,0.429,0.59,0.945,NA
"PTRS, Colt",rel_sw_6in,285,0.481,0.598,0.843,NA
"PTRS, Colt",rel_sw_6in,286,0.475,0.591,0.967,NA
"PTRS, Colt",rel_sw_6in,287,0.471,0.596,0.867,NA
"PTRS, Colt",rel_sw_6in,288,0.468,0.608,0.782,NA
"PTRS, Colt",rel_sw_6in,289,0.464,0.608,0.77,NA
"PTRS, Colt",rel_sw_6in,290,0.461,0.616,0.84,NA
"PTRS, Colt",rel_sw_6in,291,0.458,0.612,0.805,NA
"PTRS, Colt",rel_sw_6in,292,0.462,0.62,0.8,NA
"PTRS, Colt",rel_sw_6in,293,0.455,0.6,0.791,NA
"PTRS, Colt",rel_sw_6in,294,0.452,0.601,0.741,NA
"PTRS, Colt",rel_sw_6in,295,0.449,0.595,0.839,NA
"PTRS, Colt",rel_sw_6in,296,0.446,0.589,0.862,NA
"PTRS, Colt",rel_sw_6in,297,0.463,0.584,0.907,NA
"PTRS, Colt",rel_sw_6in,298,0.459,0.614,0.816,NA
"PTRS, Colt",rel_sw_6in,299,0.456,0.612,0.944,NA
"PTRS, Colt",rel_sw_6in,300,0.453,0.631,0.842,NA
"PTRS, Colt",rel_sw_6in,301,0.492,0.646,0.874,NA
"PTRS, Colt",rel_sw_6in,302,0.49,0.634,0.978,NA
"PTRS, Colt",rel_sw_6in,303,0.488,0.63,0.998,NA
"PTRS, Colt",rel_sw_6in,304,0.496,0.627,0.988,NA
"PTRS, Colt",rel_sw_6in,305,0.495,0.628,0.995,NA
"PTRS, Colt",rel_sw_6in,306,0.491,0.622,0.876,NA
"PTRS, Colt",rel_sw_6in,307,0.515,0.622,0.978,NA
"PTRS, Colt",rel_sw_6in,308,0.512,0.623,0.91,NA
"PTRS, Colt",rel_sw_6in,309,0.521,0.624,0.851,NA
"PTRS, Colt",rel_sw_6in,310,0.517,0.621,0.785,NA
"PTRS, Colt",rel_sw_6in,311,0.517,0.635,0.943,NA
"PTRS, Colt",rel_sw_6in,312,0.515,0.635,0.979,NA
"PTRS, Colt",rel_sw_6in,313,0.513,0.622,0.893,NA
"PTRS, Colt",rel_sw_6in,314,0.51,0.612,0.892,NA
"PTRS, Colt",rel_sw_6in,315,0.507,0.621,0.928,NA
"PTRS, Colt",rel_sw_6in,316,0.505,0.618,0.834,NA
"PTRS, Colt",rel_sw_6in,317,0.506,0.62,0.785,NA
"PTRS, Colt",rel_sw_6in,318,0.504,0.628,0.84,NA
"PTRS, Colt",rel_sw_6in,319,0.501,0.645,0.859,NA
"PTRS, Colt",rel_sw_6in,320,0.499,0.64,0.975,NA
"PTRS, Colt",rel_sw_6in,321,0.497,0.627,0.935,NA
"PTRS, Colt",rel_sw_6in,322,0.494,0.618,0.957,NA
"PTRS, Colt",rel_sw_6in,323,0.544,0.615,0.872,NA
"PTRS, Colt",rel_sw_6in,324,0.542,0.622,0.997,NA
"PTRS, Colt",rel_sw_6in,325,0.551,0.63,0.911,NA
"PTRS, Colt",rel_sw_6in,326,0.548,0.635,0.967,NA
"PTRS, Colt",rel_sw_6in,327,0.544,0.633,0.866,NA
"PTRS, Colt",rel_sw_6in,328,0.552,0.649,0.875,NA
"PTRS, Colt",rel_sw_6in,329,0.549,0.654,0.925,NA
"PTRS, Colt",rel_sw_6in,330,0.544,0.661,0.834,NA
"PTRS, Colt",rel_sw_6in,331,0.54,0.657,0.894,NA
"PTRS, Colt",rel_sw_6in,332,0.536,0.653,0.988,NA
"PTRS, Colt",rel_sw_6in,333,0.532,0.644,0.998,NA
"PTRS, Colt",rel_sw_6in,334,0.528,0.648,0.936,NA
"PTRS, Colt",rel_sw_6in,335,0.524,0.652,0.944,NA
"PTRS, Colt",rel_sw_6in,336,0.521,0.639,0.997,NA
"PTRS, Colt",rel_sw_6in,337,0.518,0.638,0.882,NA
"PTRS, Colt",rel_sw_6in,338,0.521,0.641,0.966,NA
"PTRS, Colt",rel_sw_6in,339,0.551,0.646,0.998,NA
"PTRS, Colt",rel_sw_6in,340,0.545,0.639,0.899,NA
"PTRS, Colt",rel_sw_6in,341,0.546,0.645,0.839,NA
"PTRS, Colt",rel_sw_6in,342,0.542,0.639,0.882,NA
"PTRS, Colt",rel_sw_6in,343,0.562,0.651,0.979,NA
"PTRS, Colt",rel_sw_6in,344,0.557,0.652,0.932,NA
"PTRS, Colt",rel_sw_6in,345,0.553,0.64,0.832,NA
"PTRS, Colt",rel_sw_6in,346,0.56,0.65,0.887,NA
"PTRS, Colt",rel_sw_6in,347,0.563,0.671,0.96,NA
"PTRS, Colt",rel_sw_6in,348,0.556,0.658,0.902,NA
"PTRS, Colt",rel_sw_6in,349,0.551,0.65,0.891,NA
"PTRS, Colt",rel_sw_6in,350,0.546,0.66,0.998,NA
"PTRS, Colt",rel_sw_6in,351,0.558,0.643,0.995,NA
"PTRS, Colt",rel_sw_6in,352,0.552,0.645,0.975,NA
"PTRS, Colt",rel_sw_6in,353,0.548,0.634,0.957,NA
"PTRS, Colt",rel_sw_6in,354,0.544,0.642,0.99,NA
"PTRS, Colt",rel_sw_6in,355,0.549,0.657,0.997,NA
"PTRS, Colt",rel_sw_6in,356,0.543,0.642,0.975,NA
"PTRS, Colt",rel_sw_6in,357,0.569,0.649,0.957,NA
"PTRS, Colt",rel_sw_6in,358,0.585,0.669,0.985,NA
"PTRS, Colt",rel_sw_6in,359,0.579,0.651,0.999,NA
"PTRS, Colt",rel_sw_6in,360,0.568,0.645,0.999,NA
"PTRS, Colt",rel_sw_6in,361,0.566,0.658,0.999,NA
"PTRS, Colt",rel_sw_6in,362,0.566,0.657,0.922,NA
"PTRS, Colt",rel_sw_6in,363,0.558,0.651,0.944,NA
"PTRS, Colt",rel_sw_6in,364,0.554,0.66,0.99,NA
"PTRS, Colt",rel_sw_6in,365,0.552,0.642,0.923,NA
"PTRS, Colt",rel_sw_6in,366,0.603,0.655,0.998,NA
Pratt Farm,Biomass_kgha,1,0,0,0,0
Pratt Farm,Biomass_kgha,2,0,0,0,0
Pratt Farm,Biomass_kgha,3,0,0,0,0
Pratt Farm,Biomass_kgha,4,0,0,0,0
Pratt Farm,Biomass_kgha,5,0,0,0,0
Pratt Farm,Biomass_kgha,6,0,0,0,0
Pratt Farm,Biomass_kgha,7,0,0,0,0
Pratt Farm,Biomass_kgha,8,0,0,0,0
Pratt Farm,Biomass_kgha,9,0,0,0,0
Pratt Farm,Biomass_kgha,10,0,0,0,0
Pratt Farm,Biomass_kgha,11,0,0,0,0
Pratt Farm,Biomass_kgha,12,0,0,0,0
Pratt Farm,Biomass_kgha,13,0,0,0,0
Pratt Farm,Biomass_kgha,14,0,0,0,0
Pratt Farm,Biomass_kgha,15,0,0,0,0
Pratt Farm,Biomass_kgha,16,0,0,0,0
Pratt Farm,Biomass_kgha,17,0,0,0,0
Pratt Farm,Biomass_kgha,18,0,0,0,0
Pratt Farm,Biomass_kgha,19,0,0,0,0
Pratt Farm,Biomass_kgha,20,0,0,0,0
Pratt Farm,Biomass_kgha,21,0,0,0,0
Pratt Farm,Biomass_kgha,22,0,0,0,0
Pratt Farm,Biomass_kgha,23,0,0,0,0
Pratt Farm,Biomass_kgha,24,0,0,0,0
Pratt Farm,Biomass_kgha,25,0,0,0,0
Pratt Farm,Biomass_kgha,26,0,0,0,0
Pratt Farm,Biomass_kgha,27,0,0,0,0
Pratt Farm,Biomass_kgha,28,0,0,0,0
Pratt Farm,Biomass_kgha,29,0,0,0,0
Pratt Farm,Biomass_kgha,30,0,0,0,0
Pratt Farm,Biomass_kgha,31,0,0,0,0
Pratt Farm,Biomass_kgha,32,0,0,0,0
Pratt Farm,Biomass_kgha,33,0,0,0,0
Pratt Farm,Biomass_kgha,34,0,0,0,0
Pratt Farm,Biomass_kgha,35,0,0,0,0
Pratt Farm,Biomass_kgha,36,0,0,0,0
Pratt Farm,Biomass_kgha,37,0,0,0,0
Pratt Farm,Biomass_kgha,38,0,0,0,0
Pratt Farm,Biomass_kgha,39,0,0,0,0
Pratt Farm,Biomass_kgha,40,0,0,0,0
Pratt Farm,Biomass_kgha,41,0,0,0,0
Pratt Farm,Biomass_kgha,42,0,0,0,0
Pratt Farm,Biomass_kgha,43,0,0,0,0
Pratt Farm,Biomass_kgha,44,0,0,0,0
Pratt Farm,Biomass_kgha,45,0,0,0,0
Pratt Farm,Biomass_kgha,46,0,0,0,0
Pratt Farm,Biomass_kgha,47,0,0,0,0
Pratt Farm,Biomass_kgha,48,0,0,0,0
Pratt Farm,Biomass_kgha,49,0,0,0,0
Pratt Farm,Biomass_kgha,50,0,0,0,0
Pratt Farm,Biomass_kgha,51,0,0,0,0
Pratt Farm,Biomass_kgha,52,0,0,0,0
Pratt Farm,Biomass_kgha,53,0,0,0,0
Pratt Farm,Biomass_kgha,54,0,0,0,0
Pratt Farm,Biomass_kgha,55,0,0,0,0
Pratt Farm,Biomass_kgha,56,0,0,0,0
Pratt Farm,Biomass_kgha,57,0,0,0,0
Pratt Farm,Biomass_kgha,58,0,0,0,0
Pratt Farm,Biomass_kgha,59,0,0,0,0
Pratt Farm,Biomass_kgha,60,0,0,0,0
Pratt Farm,Biomass_kgha,61,0,0,0,0
Pratt Farm,Biomass_kgha,62,0,0,0,0
Pratt Farm,Biomass_kgha,63,0,0,0,0
Pratt Farm,Biomass_kgha,64,0,0,0,0
Pratt Farm,Biomass_kgha,65,0,0,0,0
Pratt Farm,Biomass_kgha,66,0,0,0,0
Pratt Farm,Biomass_kgha,67,0,0,0,0
Pratt Farm,Biomass_kgha,68,0,0,0,0
Pratt Farm,Biomass_kgha,69,0,0,0,0
Pratt Farm,Biomass_kgha,70,0,0,0,0
Pratt Farm,Biomass_kgha,71,0,0,0,0
Pratt Farm,Biomass_kgha,72,0,0,0,0
Pratt Farm,Biomass_kgha,73,0,0,0,0
Pratt Farm,Biomass_kgha,74,0,0,0,0
Pratt Farm,Biomass_kgha,75,0,0,0,0
Pratt Farm,Biomass_kgha,76,0,0,0,0
Pratt Farm,Biomass_kgha,77,0,0,0,0
Pratt Farm,Biomass_kgha,78,0,0,0,0
Pratt Farm,Biomass_kgha,79,0,0,0,0
Pratt Farm,Biomass_kgha,80,0,0,0,0
Pratt Farm,Biomass_kgha,81,0,0,0,0
Pratt Farm,Biomass_kgha,82,0,0,0,0
Pratt Farm,Biomass_kgha,83,0,0,0,0
Pratt Farm,Biomass_kgha,84,0,0,0,0
Pratt Farm,Biomass_kgha,85,0,0,0,0
Pratt Farm,Biomass_kgha,86,0,0,0,0
Pratt Farm,Biomass_kgha,87,0,0,0,0
Pratt Farm,Biomass_kgha,88,0,0,0,0
Pratt Farm,Biomass_kgha,89,0,0,0,0
Pratt Farm,Biomass_kgha,90,0,0,0,0
Pratt Farm,Biomass_kgha,91,0,0,0,0
Pratt Farm,Biomass_kgha,92,0,0,0,0
Pratt Farm,Biomass_kgha,93,0,0,0,0
Pratt Farm,Biomass_kgha,94,0,0,0,0
Pratt Farm,Biomass_kgha,95,0,0,0,0
Pratt Farm,Biomass_kgha,96,0,0,0,0
Pratt Farm,Biomass_kgha,97,0,0,0,0
Pratt Farm,Biomass_kgha,98,0,0,0,0
Pratt Farm,Biomass_kgha,99,0,0,0,0
Pratt Farm,Biomass_kgha,100,0,0,0,0
Pratt Farm,Biomass_kgha,101,0,0,0,0
Pratt Farm,Biomass_kgha,102,0,0,0,0
Pratt Farm,Biomass_kgha,103,0,0,0,0
Pratt Farm,Biomass_kgha,104,0,0,0,0
Pratt Farm,Biomass_kgha,105,0,0,0,0
Pratt Farm,Biomass_kgha,106,0,0,0,0
Pratt Farm,Biomass_kgha,107,0,0,0,0
Pratt Farm,Biomass_kgha,108,0,0,0,0
Pratt Farm,Biomass_kgha,109,0,0,0,0
Pratt Farm,Biomass_kgha,110,0,0,0,0
Pratt Farm,Biomass_kgha,111,0,0,0,0
Pratt Farm,Biomass_kgha,112,0,0,0,0
Pratt Farm,Biomass_kgha,113,0,0,0,0
Pratt Farm,Biomass_kgha,114,0,0,0,0
Pratt Farm,Biomass_kgha,115,0,0,0,0
Pratt Farm,Biomass_kgha,116,0,0,0,0
Pratt Farm,Biomass_kgha,117,0,0,0,0
Pratt Farm,Biomass_kgha,118,0,0,0,0
Pratt Farm,Biomass_kgha,119,0,0,0,0
Pratt Farm,Biomass_kgha,120,0,0,0,0
Pratt Farm,Biomass_kgha,121,0,0,0,0
Pratt Farm,Biomass_kgha,122,0,0,0,0
Pratt Farm,Biomass_kgha,123,0,0,0,0
Pratt Farm,Biomass_kgha,124,0,0,0,0
Pratt Farm,Biomass_kgha,125,0,0,0,0
Pratt Farm,Biomass_kgha,126,0,0,0,0
Pratt Farm,Biomass_kgha,127,0,0,0,0
Pratt Farm,Biomass_kgha,128,0,0,0,0
Pratt Farm,Biomass_kgha,129,0,0,0,0
Pratt Farm,Biomass_kgha,130,0,0,0,0
Pratt Farm,Biomass_kgha,131,0,0,0,0
Pratt Farm,Biomass_kgha,132,0,0,0,0
Pratt Farm,Biomass_kgha,133,0,0,0,0
Pratt Farm,Biomass_kgha,134,0,0,0,0
Pratt Farm,Biomass_kgha,135,0,0,0,0
Pratt Farm,Biomass_kgha,136,0,0,0,0
Pratt Farm,Biomass_kgha,137,0,0,0,0
Pratt Farm,Biomass_kgha,138,0,0,0,0
Pratt Farm,Biomass_kgha,139,0,0,0,0
Pratt Farm,Biomass_kgha,140,0,0,0,0
Pratt Farm,Biomass_kgha,141,0,0,0,0
Pratt Farm,Biomass_kgha,142,0,10,10,10
Pratt Farm,Biomass_kgha,143,10,10,10,10
Pratt Farm,Biomass_kgha,144,10,10,10,10
Pratt Farm,Biomass_kgha,145,10,10,10,10
Pratt Farm,Biomass_kgha,146,10,10,10,10
Pratt Farm,Biomass_kgha,147,10,10,14.814,10
Pratt Farm,Biomass_kgha,148,10,13.186,18.277,11.168
Pratt Farm,Biomass_kgha,149,10,16.139,22.82,15.158
Pratt Farm,Biomass_kgha,150,11.255,19.339,28.037,18.796
Pratt Farm,Biomass_kgha,151,14.583,23.06,33.944,23.538
Pratt Farm,Biomass_kgha,152,18.594,27.446,40.704,29.147
Pratt Farm,Biomass_kgha,153,20.983,33.375,48.932,32.721
Pratt Farm,Biomass_kgha,154,22.587,40.345,59.247,40.137
Pratt Farm,Biomass_kgha,155,27.576,48.082,70.122,47.532
Pratt Farm,Biomass_kgha,156,33.693,55.478,82.789,57.92
Pratt Farm,Biomass_kgha,157,41.027,64.814,99.804,65.08
Pratt Farm,Biomass_kgha,158,48.676,76.78,118.79,74.374
Pratt Farm,Biomass_kgha,159,59.53,91.668,138.409,87.523
Pratt Farm,Biomass_kgha,160,67.436,108.613,159.79,105.629
Pratt Farm,Biomass_kgha,161,81.15,126.794,187.558,124.699
Pratt Farm,Biomass_kgha,162,96.141,149.065,213.792,147.292
Pratt Farm,Biomass_kgha,163,111.238,171.812,248.49,162.872
Pratt Farm,Biomass_kgha,164,125.805,199.59,283.748,193.696
Pratt Farm,Biomass_kgha,165,145.229,227.46,327.806,221.886
Pratt Farm,Biomass_kgha,166,170.313,266.648,382.552,231.67
Pratt Farm,Biomass_kgha,167,198.216,307.001,443.721,278.969
Pratt Farm,Biomass_kgha,168,235.78,353.046,508.111,328.008
Pratt Farm,Biomass_kgha,169,279.779,397.932,579.672,379.979
Pratt Farm,Biomass_kgha,170,326.12,465.409,644.639,391.349
Pratt Farm,Biomass_kgha,171,375.812,533.975,678.056,470.404
Pratt Farm,Biomass_kgha,172,432.071,607.263,777.614,511.524
Pratt Farm,Biomass_kgha,173,490.538,687.651,854.033,610.307
Pratt Farm,Biomass_kgha,174,564.013,778.731,954.3,686.97
Pratt Farm,Biomass_kgha,175,634.89,878.775,1063.635,748.787
Pratt Farm,Biomass_kgha,176,724.031,987.598,1186.857,862.485
Pratt Farm,Biomass_kgha,177,786.325,1103.233,1313.891,936.918
Pratt Farm,Biomass_kgha,178,886.567,1199.597,1429.962,1060.079
Pratt Farm,Biomass_kgha,179,974.146,1311.447,1542.878,1186.834
Pratt Farm,Biomass_kgha,180,1073.199,1424.838,1673.678,1316.655
Pratt Farm,Biomass_kgha,181,1144.954,1534.033,1803.984,1447.313
Pratt Farm,Biomass_kgha,182,1258.631,1636.362,1941.889,1578.93
Pratt Farm,Biomass_kgha,183,1326.948,1773.142,2079.949,1717.56
Pratt Farm,Biomass_kgha,184,1435.643,1897.033,2218.372,1853.242
Pratt Farm,Biomass_kgha,185,1569.143,2012.465,2329.068,1926.887
Pratt Farm,Biomass_kgha,186,1711.915,2115.494,2485.401,2065.037
Pratt Farm,Biomass_kgha,187,1858.145,2247.056,2607.583,2208.924
Pratt Farm,Biomass_kgha,188,1999.141,2393.718,2709.362,2330.111
Pratt Farm,Biomass_kgha,189,2088.936,2525.223,2862.389,2476.76
Pratt Farm,Biomass_kgha,190,2153.546,2656.557,3019.238,2634.101
Pratt Farm,Biomass_kgha,191,2293.441,2794.317,3177.624,2792.054
Pratt Farm,Biomass_kgha,192,2422.014,2913.853,3330.785,2945.229
Pratt Farm,Biomass_kgha,193,2545.879,3043.038,3482.224,3084.588
Pratt Farm,Biomass_kgha,194,2649.081,3162.959,3634.325,3226.802
Pratt Farm,Biomass_kgha,195,2758.683,3292.708,3783.818,3367.314
Pratt Farm,Biomass_kgha,196,2879.085,3419.512,3922.275,3504.626
Pratt Farm,Biomass_kgha,197,2995.119,3553.048,4069.14,3654.014
Pratt Farm,Biomass_kgha,198,3117.969,3675.9,4196.648,3792.673
Pratt Farm,Biomass_kgha,199,3250.508,3835.02,4316.567,3935.869
Pratt Farm,Biomass_kgha,200,3382.313,3963.013,4434.779,4088.213
Pratt Farm,Biomass_kgha,201,3499.334,4097.984,4594.322,4218.034
Pratt Farm,Biomass_kgha,202,3605.027,4214.005,4741.191,4330.77
Pratt Farm,Biomass_kgha,203,3701.784,4371.843,4890.108,4471.659
Pratt Farm,Biomass_kgha,204,3792.58,4484.53,5056.168,4598.308
Pratt Farm,Biomass_kgha,205,3899.459,4612.398,5222.992,4716.821
Pratt Farm,Biomass_kgha,206,4026.677,4752.164,5367.437,4922.436
Pratt Farm,Biomass_kgha,207,4148.452,4898.62,5573.255,5104.499
Pratt Farm,Biomass_kgha,208,4265.489,5009.672,5800.019,5292.775
Pratt Farm,Biomass_kgha,209,4388.191,5141.365,6029.803,5456.722
Pratt Farm,Biomass_kgha,210,4519.104,5312.175,6245.644,5649.415
Pratt Farm,Biomass_kgha,211,4639.15,5511.094,6472.436,5719.64
Pratt Farm,Biomass_kgha,212,4746.565,5655.768,6699.895,5841.845
Pratt Farm,Biomass_kgha,213,4832.38,5843.559,6856.739,6056.83
Pratt Farm,Biomass_kgha,214,4903.11,6041.513,7109.187,NA
Pratt Farm,Biomass_kgha,215,4951.877,6240.445,7363.4,NA
Pratt Farm,Biomass_kgha,216,4994.958,6421.388,7599.899,NA
Pratt Farm,Biomass_kgha,217,5062.291,6610.121,7827.665,NA
Pratt Farm,Biomass_kgha,218,5124.891,6801.069,8046.553,NA
Pratt Farm,Biomass_kgha,219,5197.213,6998.19,8296.732,NA
Pratt Farm,Biomass_kgha,220,5297.795,7140.883,8475.534,NA
Pratt Farm,Biomass_kgha,221,5408.106,7372.933,8660.556,NA
Pratt Farm,Biomass_kgha,222,5510.087,7569.42,8872.102,NA
Pratt Farm,Biomass_kgha,223,5625.747,7730.339,9054.078,NA
Pratt Farm,Biomass_kgha,224,5809.743,7888.85,9250.929,NA
Pratt Farm,Biomass_kgha,225,5988.146,8076.708,9365.932,NA
Pratt Farm,Biomass_kgha,226,6166.865,8272.35,9575.752,NA
Pratt Farm,Biomass_kgha,227,6350.06,8430.448,9723.339,NA
Pratt Farm,Biomass_kgha,228,6516.3,8583.94,9876.829,NA
Pratt Farm,Biomass_kgha,229,6634.754,8731.185,10068.642,NA
Pratt Farm,Biomass_kgha,230,6766.6,8856.725,10275.101,NA
Pratt Farm,Biomass_kgha,231,6858.537,8979.731,10383.5,NA
Pratt Farm,Biomass_kgha,232,6948.576,9096.022,10451.932,NA
Pratt Farm,Biomass_kgha,233,7094.097,9288.251,10624.312,NA
Pratt Farm,Biomass_kgha,234,7217.384,9436.279,10788.24,NA
Pratt Farm,Biomass_kgha,235,7332.253,9537.045,10944.217,NA
Pratt Farm,Biomass_kgha,236,7363.462,9664.591,11044.437,NA
Pratt Farm,Biomass_kgha,237,7520.135,9781.202,11149.504,NA
Pratt Farm,Biomass_kgha,238,7699.774,9873.633,11243.37,NA
Pratt Farm,Biomass_kgha,239,7855.013,9945.912,11331.956,NA
Pratt Farm,Biomass_kgha,240,7984.244,10024.815,11430.272,NA
Pratt Farm,Biomass_kgha,241,8129.808,10104.407,11514.322,NA
Pratt Farm,Biomass_kgha,242,8237.445,10153.933,11583.332,NA
Pratt Farm,Biomass_kgha,243,8366.198,10221.516,11618.29,NA
Pratt Farm,Biomass_kgha,244,8472.832,10276.535,11639.131,NA
Pratt Farm,Biomass_kgha,245,8576.419,10319.121,11645.105,NA
Pratt Farm,Biomass_kgha,246,8611.009,10339.952,11669.326,NA
Pratt Farm,Biomass_kgha,247,8635.846,10397.759,11680.821,NA
Pratt Farm,Biomass_kgha,248,8775.776,10437.727,11677.109,NA
Pratt Farm,Biomass_kgha,249,8881.385,10497.051,11628.208,NA
Pratt Farm,Biomass_kgha,250,8933.672,10473.574,11606.421,NA
Pratt Farm,Biomass_kgha,251,8996.104,10430.453,11558.003,NA
Pratt Farm,Biomass_kgha,252,9059.785,10424.601,11508.723,NA
Pratt Farm,Biomass_kgha,253,0,10384.095,11457.972,NA
Pratt Farm,Biomass_kgha,254,0,10312.776,11409.758,NA
Pratt Farm,Biomass_kgha,255,0,10237.204,11363.955,NA
Pratt Farm,Biomass_kgha,256,0,10104.732,11320.442,NA
Pratt Farm,Biomass_kgha,257,0,10062.596,11279.105,NA
Pratt Farm,Biomass_kgha,258,0,9994.495,11239.835,NA
Pratt Farm,Biomass_kgha,259,0,9546.255,10872.559,NA
Pratt Farm,Biomass_kgha,260,0,9261.199,10827.871,NA
Pratt Farm,Biomass_kgha,261,0,0,10785.418,NA
Pratt Farm,Biomass_kgha,262,0,0,10745.087,NA
Pratt Farm,Biomass_kgha,263,0,0,10706.772,NA
Pratt Farm,Biomass_kgha,264,0,0,10670.374,NA
Pratt Farm,Biomass_kgha,265,0,0,9896.478,NA
Pratt Farm,Biomass_kgha,266,0,0,9312.76,NA
Pratt Farm,Biomass_kgha,267,0,0,9266.434,NA
Pratt Farm,Biomass_kgha,268,0,0,9221.69,NA
Pratt Farm,Biomass_kgha,269,0,0,9179.184,NA
Pratt Farm,Biomass_kgha,270,0,0,9138.803,NA
Pratt Farm,Biomass_kgha,271,0,0,9100.441,NA
Pratt Farm,Biomass_kgha,272,0,0,9063.997,NA
Pratt Farm,Biomass_kgha,273,0,0,0,NA
Pratt Farm,Biomass_kgha,274,0,0,0,NA
Pratt Farm,Biomass_kgha,275,0,0,0,NA
Pratt Farm,Biomass_kgha,276,0,0,0,NA
Pratt Farm,Biomass_kgha,277,0,0,0,NA
Pratt Farm,Biomass_kgha,278,0,0,0,NA
Pratt Farm,Biomass_kgha,279,0,0,0,NA
Pratt Farm,Biomass_kgha,280,0,0,0,NA
Pratt Farm,Biomass_kgha,281,0,0,0,NA
Pratt Farm,Biomass_kgha,282,0,0,0,NA
Pratt Farm,Biomass_kgha,283,0,0,0,NA
Pratt Farm,Biomass_kgha,284,0,0,0,NA
Pratt Farm,Biomass_kgha,285,0,0,0,NA
Pratt Farm,Biomass_kgha,286,0,0,0,NA
Pratt Farm,Biomass_kgha,287,0,0,0,NA
Pratt Farm,Biomass_kgha,288,0,0,0,NA
Pratt Farm,Biomass_kgha,289,0,0,0,NA
Pratt Farm,Biomass_kgha,290,0,0,0,NA
Pratt Farm,Biomass_kgha,291,0,0,0,NA
Pratt Farm,Biomass_kgha,292,0,0,0,NA
Pratt Farm,Biomass_kgha,293,0,0,0,NA
Pratt Farm,Biomass_kgha,294,0,0,0,NA
Pratt Farm,Biomass_kgha,295,0,0,0,NA
Pratt Farm,Biomass_kgha,296,0,0,0,NA
Pratt Farm,Biomass_kgha,297,0,0,0,NA
Pratt Farm,Biomass_kgha,298,0,0,0,NA
Pratt Farm,Biomass_kgha,299,0,0,0,NA
Pratt Farm,Biomass_kgha,300,0,0,0,NA
Pratt Farm,Biomass_kgha,301,0,0,0,NA
Pratt Farm,Biomass_kgha,302,0,0,0,NA
Pratt Farm,Biomass_kgha,303,0,0,0,NA
Pratt Farm,Biomass_kgha,304,0,0,0,NA
Pratt Farm,Biomass_kgha,305,0,0,0,NA
Pratt Farm,Biomass_kgha,306,0,0,0,NA
Pratt Farm,Biomass_kgha,307,0,0,0,NA
Pratt Farm,Biomass_kgha,308,0,0,0,NA
Pratt Farm,Biomass_kgha,309,0,0,0,NA
Pratt Farm,Biomass_kgha,310,0,0,0,NA
Pratt Farm,Biomass_kgha,311,0,0,0,NA
Pratt Farm,Biomass_kgha,312,0,0,0,NA
Pratt Farm,Biomass_kgha,313,0,0,0,NA
Pratt Farm,Biomass_kgha,314,0,0,0,NA
Pratt Farm,Biomass_kgha,315,0,0,0,NA
Pratt Farm,Biomass_kgha,316,0,0,0,NA
Pratt Farm,Biomass_kgha,317,0,0,0,NA
Pratt Farm,Biomass_kgha,318,0,0,0,NA
Pratt Farm,Biomass_kgha,319,0,0,0,NA
Pratt Farm,Biomass_kgha,320,0,0,0,NA
Pratt Farm,Biomass_kgha,321,0,0,0,NA
Pratt Farm,Biomass_kgha,322,0,0,0,NA
Pratt Farm,Biomass_kgha,323,0,0,0,NA
Pratt Farm,Biomass_kgha,324,0,0,0,NA
Pratt Farm,Biomass_kgha,325,0,0,0,NA
Pratt Farm,Biomass_kgha,326,0,0,0,NA
Pratt Farm,Biomass_kgha,327,0,0,0,NA
Pratt Farm,Biomass_kgha,328,0,0,0,NA
Pratt Farm,Biomass_kgha,329,0,0,0,NA
Pratt Farm,Biomass_kgha,330,0,0,0,NA
Pratt Farm,Biomass_kgha,331,0,0,0,NA
Pratt Farm,Biomass_kgha,332,0,0,0,NA
Pratt Farm,Biomass_kgha,333,0,0,0,NA
Pratt Farm,Biomass_kgha,334,0,0,0,NA
Pratt Farm,Biomass_kgha,335,0,0,0,NA
Pratt Farm,Biomass_kgha,336,0,0,0,NA
Pratt Farm,Biomass_kgha,337,0,0,0,NA
Pratt Farm,Biomass_kgha,338,0,0,0,NA
Pratt Farm,Biomass_kgha,339,0,0,0,NA
Pratt Farm,Biomass_kgha,340,0,0,0,NA
Pratt Farm,Biomass_kgha,341,0,0,0,NA
Pratt Farm,Biomass_kgha,342,0,0,0,NA
Pratt Farm,Biomass_kgha,343,0,0,0,NA
Pratt Farm,Biomass_kgha,344,0,0,0,NA
Pratt Farm,Biomass_kgha,345,0,0,0,NA
Pratt Farm,Biomass_kgha,346,0,0,0,NA
Pratt Farm,Biomass_kgha,347,0,0,0,NA
Pratt Farm,Biomass_kgha,348,0,0,0,NA
Pratt Farm,Biomass_kgha,349,0,0,0,NA
Pratt Farm,Biomass_kgha,350,0,0,0,NA
Pratt Farm,Biomass_kgha,351,0,0,0,NA
Pratt Farm,Biomass_kgha,352,0,0,0,NA
Pratt Farm,Biomass_kgha,353,0,0,0,NA
Pratt Farm,Biomass_kgha,354,0,0,0,NA
Pratt Farm,Biomass_kgha,355,0,0,0,NA
Pratt Farm,Biomass_kgha,356,0,0,0,NA
Pratt Farm,Biomass_kgha,357,0,0,0,NA
Pratt Farm,Biomass_kgha,358,0,0,0,NA
Pratt Farm,Biomass_kgha,359,0,0,0,NA
Pratt Farm,Biomass_kgha,360,0,0,0,NA
Pratt Farm,Biomass_kgha,361,0,0,0,NA
Pratt Farm,Biomass_kgha,362,0,0,0,NA
Pratt Farm,Biomass_kgha,363,0,0,0,NA
Pratt Farm,Biomass_kgha,364,0,0,0,NA
Pratt Farm,Biomass_kgha,365,0,0,0,NA
Pratt Farm,Biomass_kgha,366,0,0,0,NA
Pratt Farm,CummRain_in,1,22.751,38.224,71.395,40.897
Pratt Farm,CummRain_in,2,22.751,38.849,71.395,40.899
Pratt Farm,CummRain_in,3,22.751,39.223,71.402,40.899
Pratt Farm,CummRain_in,4,22.751,39.226,71.415,40.899
Pratt Farm,CummRain_in,5,22.751,39.48,71.415,40.899
Pratt Farm,CummRain_in,6,22.751,39.485,71.467,40.899
Pratt Farm,CummRain_in,7,22.751,39.517,71.608,40.899
Pratt Farm,CummRain_in,8,22.751,39.567,71.608,40.922
Pratt Farm,CummRain_in,9,22.804,40.068,71.608,41.524
Pratt Farm,CummRain_in,10,23.211,40.135,71.608,41.576
Pratt Farm,CummRain_in,11,23.211,40.461,71.608,41.576
Pratt Farm,CummRain_in,12,23.352,40.625,71.608,41.576
Pratt Farm,CummRain_in,13,23.462,40.636,71.608,41.576
Pratt Farm,CummRain_in,14,23.462,40.643,71.611,41.576
Pratt Farm,CummRain_in,15,23.462,40.646,71.613,41.576
Pratt Farm,CummRain_in,16,24.144,40.654,72.311,41.576
Pratt Farm,CummRain_in,17,24.266,41.266,72.597,41.576
Pratt Farm,CummRain_in,18,24.266,41.395,72.597,41.576
Pratt Farm,CummRain_in,19,24.266,41.497,72.609,41.576
Pratt Farm,CummRain_in,20,24.345,41.608,73.48,41.576
Pratt Farm,CummRain_in,21,24.367,41.637,73.764,42.331
Pratt Farm,CummRain_in,22,27.041,42.112,73.764,42.334
Pratt Farm,CummRain_in,23,27.053,42.332,74.326,42.498
Pratt Farm,CummRain_in,24,27.054,42.454,74.337,43.307
Pratt Farm,CummRain_in,25,27.054,42.456,74.337,43.716
Pratt Farm,CummRain_in,26,27.054,42.456,74.337,43.717
Pratt Farm,CummRain_in,27,27.054,42.532,74.348,43.72
Pratt Farm,CummRain_in,28,27.621,42.839,74.394,43.728
Pratt Farm,CummRain_in,29,27.621,43.376,75.54,43.728
Pratt Farm,CummRain_in,30,27.673,43.38,75.542,43.728
Pratt Farm,CummRain_in,31,27.695,43.425,75.542,43.728
Pratt Farm,CummRain_in,32,27.702,43.625,75.542,43.728
Pratt Farm,CummRain_in,33,28.307,43.793,75.542,43.728
Pratt Farm,CummRain_in,34,28.522,44.306,75.656,43.914
Pratt Farm,CummRain_in,35,28.522,44.312,76.748,43.914
Pratt Farm,CummRain_in,36,28.526,44.314,76.791,43.914
Pratt Farm,CummRain_in,37,28.538,44.629,76.791,43.914
Pratt Farm,CummRain_in,38,28.538,44.845,76.801,43.914
Pratt Farm,CummRain_in,39,28.538,44.845,78.503,43.914
Pratt Farm,CummRain_in,40,28.538,44.876,78.511,43.914
Pratt Farm,CummRain_in,41,29.06,45.235,78.52,43.916
Pratt Farm,CummRain_in,42,29.061,45.353,78.703,43.95
Pratt Farm,CummRain_in,43,29.062,45.394,78.72,43.95
Pratt Farm,CummRain_in,44,29.081,45.394,78.72,43.95
Pratt Farm,CummRain_in,45,29.081,45.395,78.802,44.984
Pratt Farm,CummRain_in,46,29.081,46.024,78.802,45.453
Pratt Farm,CummRain_in,47,29.133,46.036,78.802,45.454
Pratt Farm,CummRain_in,48,29.187,46.352,78.802,45.454
Pratt Farm,CummRain_in,49,29.495,46.469,78.802,45.454
Pratt Farm,CummRain_in,50,29.495,46.472,78.802,45.454
Pratt Farm,CummRain_in,51,29.495,46.788,78.802,45.462
Pratt Farm,CummRain_in,52,29.51,46.807,78.983,45.471
Pratt Farm,CummRain_in,53,29.51,46.822,78.992,45.471
Pratt Farm,CummRain_in,54,29.543,47.052,78.993,45.471
Pratt Farm,CummRain_in,55,29.587,47.198,78.993,45.471
Pratt Farm,CummRain_in,56,30.137,47.2,79.003,45.471
Pratt Farm,CummRain_in,57,30.346,47.593,79.35,45.471
Pratt Farm,CummRain_in,58,30.573,47.899,79.35,45.471
Pratt Farm,CummRain_in,59,30.632,47.902,79.35,45.471
Pratt Farm,CummRain_in,60,30.632,47.916,79.475,45.471
Pratt Farm,CummRain_in,61,30.632,47.922,79.475,45.471
Pratt Farm,CummRain_in,62,30.632,48.05,79.475,45.471
Pratt Farm,CummRain_in,63,30.835,48.548,79.475,45.471
Pratt Farm,CummRain_in,64,31.208,48.707,79.475,45.471
Pratt Farm,CummRain_in,65,31.208,48.708,79.475,45.661
Pratt Farm,CummRain_in,66,31.214,48.755,79.475,46.596
Pratt Farm,CummRain_in,67,31.266,48.922,79.838,46.689
Pratt Farm,CummRain_in,68,31.58,49.061,79.868,46.743
Pratt Farm,CummRain_in,69,31.58,49.061,80.268,47.219
Pratt Farm,CummRain_in,70,31.58,49.145,80.332,48.587
Pratt Farm,CummRain_in,71,31.58,49.145,80.333,48.587
Pratt Farm,CummRain_in,72,31.596,49.576,80.333,48.587
Pratt Farm,CummRain_in,73,31.734,49.687,80.333,48.591
Pratt Farm,CummRain_in,74,31.734,49.886,80.333,48.849
Pratt Farm,CummRain_in,75,31.734,49.897,80.333,48.849
Pratt Farm,CummRain_in,76,31.734,50.04,80.333,48.849
Pratt Farm,CummRain_in,77,31.734,50.194,80.333,48.849
Pratt Farm,CummRain_in,78,31.734,50.244,80.333,48.849
Pratt Farm,CummRain_in,79,31.734,50.475,80.63,48.849
Pratt Farm,CummRain_in,80,31.734,50.947,80.718,48.849
Pratt Farm,CummRain_in,81,31.734,51.339,80.719,48.849
Pratt Farm,CummRain_in,82,31.734,51.408,80.719,48.849
Pratt Farm,CummRain_in,83,31.734,51.801,80.763,48.849
Pratt Farm,CummRain_in,84,31.735,51.944,81.296,48.849
Pratt Farm,CummRain_in,85,31.735,52.23,81.296,48.849
Pratt Farm,CummRain_in,86,31.795,52.557,81.636,48.868
Pratt Farm,CummRain_in,87,31.798,53.231,81.649,48.868
Pratt Farm,CummRain_in,88,31.833,54.382,81.649,48.868
Pratt Farm,CummRain_in,89,31.835,54.465,81.649,48.868
Pratt Farm,CummRain_in,90,31.836,54.628,81.649,48.868
Pratt Farm,CummRain_in,91,0,0.004,74.641,0.022
Pratt Farm,CummRain_in,92,0,0.029,2.24,0.104
Pratt Farm,CummRain_in,93,0,0.195,2.383,0.358
Pratt Farm,CummRain_in,94,0,0.323,4.567,1.619
Pratt Farm,CummRain_in,95,0,0.58,6.458,1.619
Pratt Farm,CummRain_in,96,0,0.79,6.518,1.62
Pratt Farm,CummRain_in,97,0,0.943,6.526,1.62
Pratt Farm,CummRain_in,98,0.017,0.943,6.526,1.62
Pratt Farm,CummRain_in,99,0.017,1.207,6.526,1.62
Pratt Farm,CummRain_in,100,0.017,1.506,6.526,1.62
Pratt Farm,CummRain_in,101,0.017,1.6,6.526,1.62
Pratt Farm,CummRain_in,102,0.28,2.132,6.526,1.673
Pratt Farm,CummRain_in,103,0.286,2.469,7.903,1.71
Pratt Farm,CummRain_in,104,0.286,2.593,7.935,1.71
Pratt Farm,CummRain_in,105,0.286,2.754,7.935,1.727
Pratt Farm,CummRain_in,106,0.286,2.849,7.935,1.843
Pratt Farm,CummRain_in,107,0.286,2.849,8.078,1.843
Pratt Farm,CummRain_in,108,0.287,3.328,9.861,2.156
Pratt Farm,CummRain_in,109,0.293,3.381,9.863,2.156
Pratt Farm,CummRain_in,110,0.524,3.519,9.863,2.159
Pratt Farm,CummRain_in,111,0.63,3.716,9.863,2.165
Pratt Farm,CummRain_in,112,0.63,3.82,9.863,2.252
Pratt Farm,CummRain_in,113,0.63,4.18,9.863,2.255
Pratt Farm,CummRain_in,114,0.63,4.287,10.34,3.062
Pratt Farm,CummRain_in,115,0.63,4.393,11.126,4.018
Pratt Farm,CummRain_in,116,0.631,4.393,11.126,4.346
Pratt Farm,CummRain_in,117,0.631,4.478,11.786,4.346
Pratt Farm,CummRain_in,118,0.631,4.558,14.213,4.456
Pratt Farm,CummRain_in,119,0.631,4.852,14.643,4.801
Pratt Farm,CummRain_in,120,0.631,4.862,14.643,4.87
Pratt Farm,CummRain_in,121,0.685,4.873,14.643,4.938
Pratt Farm,CummRain_in,122,1.202,5.163,15.029,4.938
Pratt Farm,CummRain_in,123,1.239,5.348,16.98,4.938
Pratt Farm,CummRain_in,124,1.324,5.626,17.747,4.938
Pratt Farm,CummRain_in,125,1.809,5.632,17.938,4.964
Pratt Farm,CummRain_in,126,2.355,5.639,17.938,5.166
Pratt Farm,CummRain_in,127,2.425,5.761,17.944,5.167
Pratt Farm,CummRain_in,128,2.425,5.992,18.162,5.295
Pratt Farm,CummRain_in,129,2.425,6.058,18.398,5.482
Pratt Farm,CummRain_in,130,2.48,6.389,18.512,5.52
Pratt Farm,CummRain_in,131,2.491,6.696,18.531,5.574
Pratt Farm,CummRain_in,132,2.53,6.75,18.548,5.574
Pratt Farm,CummRain_in,133,2.67,6.961,18.592,5.574
Pratt Farm,CummRain_in,134,2.67,7.3,19.027,5.574
Pratt Farm,CummRain_in,135,2.67,7.313,19.489,5.574
Pratt Farm,CummRain_in,136,2.67,7.559,19.538,5.574
Pratt Farm,CummRain_in,137,2.67,8.065,19.567,5.575
Pratt Farm,CummRain_in,138,2.67,8.072,19.66,5.575
Pratt Farm,CummRain_in,139,2.67,8.072,20.049,6.238
Pratt Farm,CummRain_in,140,2.67,8.072,20.435,6.256
Pratt Farm,CummRain_in,141,2.67,8.293,20.507,6.565
Pratt Farm,CummRain_in,142,2.67,8.43,20.554,7.042
Pratt Farm,CummRain_in,143,2.67,8.522,20.639,7.738
Pratt Farm,CummRain_in,144,2.672,8.594,21.479,7.739
Pratt Farm,CummRain_in,145,2.793,8.854,21.813,7.746
Pratt Farm,CummRain_in,146,3.151,8.941,21.818,7.748
Pratt Farm,CummRain_in,147,4.531,9.176,21.819,7.887
Pratt Farm,CummRain_in,148,4.553,9.311,21.827,8.704
Pratt Farm,CummRain_in,149,4.553,9.38,21.844,8.726
Pratt Farm,CummRain_in,150,4.553,9.479,21.94,8.74
Pratt Farm,CummRain_in,151,4.553,9.948,21.987,8.747
Pratt Farm,CummRain_in,152,4.553,10.007,21.991,8.762
Pratt Farm,CummRain_in,153,4.694,10.496,21.993,9.098
Pratt Farm,CummRain_in,154,5.006,10.497,21.993,9.125
Pratt Farm,CummRain_in,155,5.006,10.497,22.02,9.224
Pratt Farm,CummRain_in,156,5.026,10.499,22.091,9.226
Pratt Farm,CummRain_in,157,5.043,10.502,22.093,9.312
Pratt Farm,CummRain_in,158,5.044,10.502,22.093,9.72
Pratt Farm,CummRain_in,159,5.044,10.83,22.093,9.826
Pratt Farm,CummRain_in,160,5.044,11.711,22.181,9.83
Pratt Farm,CummRain_in,161,5.044,12.006,22.307,9.83
Pratt Farm,CummRain_in,162,5.044,12.006,22.427,9.83
Pratt Farm,CummRain_in,163,5.52,12.037,22.431,9.893
Pratt Farm,CummRain_in,164,5.52,12.467,22.431,9.989
Pratt Farm,CummRain_in,165,5.52,12.848,22.507,10.067
Pratt Farm,CummRain_in,166,5.52,13.106,22.996,10.457
Pratt Farm,CummRain_in,167,5.544,13.263,23.514,10.489
Pratt Farm,CummRain_in,168,5.545,13.494,23.547,10.501
Pratt Farm,CummRain_in,169,5.606,13.577,23.578,10.502
Pratt Farm,CummRain_in,170,5.627,13.812,23.582,10.936
Pratt Farm,CummRain_in,171,5.663,13.828,23.593,12
Pratt Farm,CummRain_in,172,5.677,13.863,23.645,12.198
Pratt Farm,CummRain_in,173,5.707,13.915,23.718,12.618
Pratt Farm,CummRain_in,174,5.707,13.94,23.837,13.548
Pratt Farm,CummRain_in,175,5.741,13.944,25.337,14.525
Pratt Farm,CummRain_in,176,5.839,13.975,25.348,14.67
Pratt Farm,CummRain_in,177,5.868,14.274,25.351,14.67
Pratt Farm,CummRain_in,178,5.897,14.307,25.352,14.67
Pratt Farm,CummRain_in,179,5.901,14.425,25.803,14.67
Pratt Farm,CummRain_in,180,5.902,14.695,26.158,14.67
Pratt Farm,CummRain_in,181,5.941,14.745,26.211,14.67
Pratt Farm,CummRain_in,182,5.946,14.746,26.3,14.72
Pratt Farm,CummRain_in,183,6.174,14.747,26.322,14.745
Pratt Farm,CummRain_in,184,6.408,14.749,26.326,15.05
Pratt Farm,CummRain_in,185,6.79,14.75,26.58,15.44
Pratt Farm,CummRain_in,186,7.126,14.978,26.689,15.536
Pratt Farm,CummRain_in,187,7.169,15.358,26.707,15.68
Pratt Farm,CummRain_in,188,7.198,15.37,27.256,15.773
Pratt Farm,CummRain_in,189,7.465,15.37,27.457,15.943
Pratt Farm,CummRain_in,190,7.733,15.379,27.501,16.02
Pratt Farm,CummRain_in,191,7.734,15.513,27.517,16.041
Pratt Farm,CummRain_in,192,7.795,15.71,27.583,16.171
Pratt Farm,CummRain_in,193,8.24,15.712,27.587,16.463
Pratt Farm,CummRain_in,194,8.716,15.77,27.717,16.787
Pratt Farm,CummRain_in,195,8.716,15.876,28.619,16.795
Pratt Farm,CummRain_in,196,8.777,15.978,28.939,16.992
Pratt Farm,CummRain_in,197,8.778,16.024,29.991,17.009
Pratt Farm,CummRain_in,198,8.778,16.035,30.114,17.021
Pratt Farm,CummRain_in,199,8.778,16.154,30.114,17.021
Pratt Farm,CummRain_in,200,8.809,16.302,30.114,17.072
Pratt Farm,CummRain_in,201,8.809,16.402,30.114,17.138
Pratt Farm,CummRain_in,202,8.871,16.686,30.115,17.164
Pratt Farm,CummRain_in,203,8.877,16.988,30.978,17.232
Pratt Farm,CummRain_in,204,8.877,17.269,31.015,17.25
Pratt Farm,CummRain_in,205,8.877,17.35,31.015,17.493
Pratt Farm,CummRain_in,206,8.88,17.356,31.015,17.648
Pratt Farm,CummRain_in,207,9.05,17.356,31.015,17.648
Pratt Farm,CummRain_in,208,9.817,17.365,31.015,17.648
Pratt Farm,CummRain_in,209,9.893,17.524,31.015,17.649
Pratt Farm,CummRain_in,210,9.905,17.666,31.116,17.678
Pratt Farm,CummRain_in,211,9.905,17.711,31.141,17.898
Pratt Farm,CummRain_in,212,9.905,17.819,31.143,18.037
Pratt Farm,CummRain_in,213,9.905,17.907,31.144,18.052
Pratt Farm,CummRain_in,214,9.919,17.907,31.163,NA
Pratt Farm,CummRain_in,215,9.933,17.907,31.169,NA
Pratt Farm,CummRain_in,216,9.989,17.909,31.169,NA
Pratt Farm,CummRain_in,217,10.104,18.311,31.171,NA
Pratt Farm,CummRain_in,218,10.125,18.876,31.404,NA
Pratt Farm,CummRain_in,219,10.186,18.876,31.47,NA
Pratt Farm,CummRain_in,220,10.19,19.083,31.483,NA
Pratt Farm,CummRain_in,221,10.19,19.155,31.52,NA
Pratt Farm,CummRain_in,222,10.205,19.172,31.596,NA
Pratt Farm,CummRain_in,223,10.373,19.427,31.596,NA
Pratt Farm,CummRain_in,224,10.646,19.651,31.596,NA
Pratt Farm,CummRain_in,225,10.7,19.668,31.598,NA
Pratt Farm,CummRain_in,226,10.811,19.847,31.601,NA
Pratt Farm,CummRain_in,227,10.816,19.952,31.607,NA
Pratt Farm,CummRain_in,228,10.818,19.953,31.636,NA
Pratt Farm,CummRain_in,229,10.862,19.953,31.64,NA
Pratt Farm,CummRain_in,230,11.018,19.953,31.644,NA
Pratt Farm,CummRain_in,231,11.254,19.96,31.645,NA
Pratt Farm,CummRain_in,232,11.474,19.965,31.645,NA
Pratt Farm,CummRain_in,233,11.905,19.972,31.646,NA
Pratt Farm,CummRain_in,234,12.496,20.809,31.787,NA
Pratt Farm,CummRain_in,235,12.623,20.909,31.851,NA
Pratt Farm,CummRain_in,236,12.835,20.917,31.911,NA
Pratt Farm,CummRain_in,237,12.931,20.918,32.005,NA
Pratt Farm,CummRain_in,238,12.931,20.918,32.082,NA
Pratt Farm,CummRain_in,239,12.931,20.92,32.77,NA
Pratt Farm,CummRain_in,240,12.936,20.92,35.785,NA
Pratt Farm,CummRain_in,241,12.962,20.92,36.169,NA
Pratt Farm,CummRain_in,242,12.963,20.92,36.483,NA
Pratt Farm,CummRain_in,243,12.963,21.83,37.371,NA
Pratt Farm,CummRain_in,244,12.967,21.83,38.022,NA
Pratt Farm,CummRain_in,245,13.112,22.021,38.239,NA
Pratt Farm,CummRain_in,246,13.225,22.256,39.473,NA
Pratt Farm,CummRain_in,247,13.226,22.486,39.657,NA
Pratt Farm,CummRain_in,248,13.226,22.492,39.673,NA
Pratt Farm,CummRain_in,249,13.269,22.503,39.676,NA
Pratt Farm,CummRain_in,250,13.291,22.586,39.676,NA
Pratt Farm,CummRain_in,251,13.404,23.23,39.676,NA
Pratt Farm,CummRain_in,252,13.429,23.315,39.676,NA
Pratt Farm,CummRain_in,253,13.514,23.36,39.681,NA
Pratt Farm,CummRain_in,254,13.592,23.384,40.102,NA
Pratt Farm,CummRain_in,255,13.609,23.625,40.132,NA
Pratt Farm,CummRain_in,256,13.611,23.785,40.174,NA
Pratt Farm,CummRain_in,257,13.622,23.807,40.262,NA
Pratt Farm,CummRain_in,258,13.829,23.807,40.275,NA
Pratt Farm,CummRain_in,259,13.939,23.81,40.276,NA
Pratt Farm,CummRain_in,260,14.424,23.81,40.277,NA
Pratt Farm,CummRain_in,261,14.426,23.81,40.303,NA
Pratt Farm,CummRain_in,262,14.454,23.81,40.303,NA
Pratt Farm,CummRain_in,263,14.557,23.839,40.303,NA
Pratt Farm,CummRain_in,264,14.561,24.32,40.305,NA
Pratt Farm,CummRain_in,265,14.561,24.484,40.667,NA
Pratt Farm,CummRain_in,266,14.563,24.594,43.785,NA
Pratt Farm,CummRain_in,267,14.569,24.594,43.931,NA
Pratt Farm,CummRain_in,268,14.589,24.594,43.943,NA
Pratt Farm,CummRain_in,269,14.592,24.596,43.943,NA
Pratt Farm,CummRain_in,270,14.592,24.596,43.961,NA
Pratt Farm,CummRain_in,271,14.592,24.596,44.064,NA
Pratt Farm,CummRain_in,272,14.592,24.596,44.173,NA
Pratt Farm,CummRain_in,273,14.963,24.596,44.176,NA
Pratt Farm,CummRain_in,274,15.803,24.596,44.176,NA
Pratt Farm,CummRain_in,275,15.803,24.661,44.176,NA
Pratt Farm,CummRain_in,276,15.803,24.661,44.18,NA
Pratt Farm,CummRain_in,277,15.804,24.669,45.419,NA
Pratt Farm,CummRain_in,278,15.804,24.861,45.441,NA
Pratt Farm,CummRain_in,279,15.804,24.9,45.946,NA
Pratt Farm,CummRain_in,280,15.804,25.252,46.188,NA
Pratt Farm,CummRain_in,281,15.804,25.37,46.342,NA
Pratt Farm,CummRain_in,282,15.804,25.37,47.163,NA
Pratt Farm,CummRain_in,283,15.804,25.37,47.174,NA
Pratt Farm,CummRain_in,284,15.804,25.37,47.575,NA
Pratt Farm,CummRain_in,285,15.804,25.371,48.572,NA
Pratt Farm,CummRain_in,286,15.804,25.742,52.404,NA
Pratt Farm,CummRain_in,287,15.804,25.742,52.615,NA
Pratt Farm,CummRain_in,288,15.804,25.744,53.461,NA
Pratt Farm,CummRain_in,289,15.806,25.744,53.473,NA
Pratt Farm,CummRain_in,290,15.838,26.158,53.474,NA
Pratt Farm,CummRain_in,291,16.157,27.153,53.474,NA
Pratt Farm,CummRain_in,292,16.433,27.199,53.474,NA
Pratt Farm,CummRain_in,293,16.437,27.231,53.474,NA
Pratt Farm,CummRain_in,294,16.437,27.252,53.657,NA
Pratt Farm,CummRain_in,295,16.437,27.252,56.131,NA
Pratt Farm,CummRain_in,296,16.47,27.252,56.135,NA
Pratt Farm,CummRain_in,297,17.128,27.252,56.135,NA
Pratt Farm,CummRain_in,298,17.459,27.252,56.148,NA
Pratt Farm,CummRain_in,299,18.083,27.253,57.025,NA
Pratt Farm,CummRain_in,300,18.083,27.253,57.823,NA
Pratt Farm,CummRain_in,301,18.083,27.253,57.894,NA
Pratt Farm,CummRain_in,302,18.083,27.253,60.163,NA
Pratt Farm,CummRain_in,303,18.083,27.865,61.984,NA
Pratt Farm,CummRain_in,304,18.083,27.97,61.984,NA
Pratt Farm,CummRain_in,305,18.083,28.109,61.985,NA
Pratt Farm,CummRain_in,306,18.083,28.109,61.985,NA
Pratt Farm,CummRain_in,307,18.083,28.123,61.985,NA
Pratt Farm,CummRain_in,308,18.083,28.572,61.985,NA
Pratt Farm,CummRain_in,309,18.083,28.756,61.985,NA
Pratt Farm,CummRain_in,310,18.083,28.785,61.985,NA
Pratt Farm,CummRain_in,311,18.146,29.228,61.985,NA
Pratt Farm,CummRain_in,312,18.493,30.002,61.985,NA
Pratt Farm,CummRain_in,313,20.23,30.099,61.986,NA
Pratt Farm,CummRain_in,314,20.231,30.099,61.986,NA
Pratt Farm,CummRain_in,315,20.231,30.189,61.986,NA
Pratt Farm,CummRain_in,316,20.251,30.294,61.986,NA
Pratt Farm,CummRain_in,317,20.808,30.519,61.986,NA
Pratt Farm,CummRain_in,318,20.929,30.541,61.986,NA
Pratt Farm,CummRain_in,319,21.161,30.541,62.063,NA
Pratt Farm,CummRain_in,320,21.161,30.541,62.606,NA
Pratt Farm,CummRain_in,321,21.161,30.691,62.606,NA
Pratt Farm,CummRain_in,322,21.161,30.828,62.606,NA
Pratt Farm,CummRain_in,323,21.162,30.978,62.607,NA
Pratt Farm,CummRain_in,324,21.186,30.98,62.623,NA
Pratt Farm,CummRain_in,325,21.191,30.98,62.648,NA
Pratt Farm,CummRain_in,326,21.191,31.236,62.649,NA
Pratt Farm,CummRain_in,327,21.191,31.307,62.653,NA
Pratt Farm,CummRain_in,328,21.191,32.072,62.664,NA
Pratt Farm,CummRain_in,329,21.191,32.152,62.664,NA
Pratt Farm,CummRain_in,330,21.37,32.285,62.664,NA
Pratt Farm,CummRain_in,331,22.079,32.529,62.664,NA
Pratt Farm,CummRain_in,332,22.109,32.571,62.664,NA
Pratt Farm,CummRain_in,333,22.109,32.616,63.263,NA
Pratt Farm,CummRain_in,334,22.109,32.749,63.995,NA
Pratt Farm,CummRain_in,335,22.111,33.086,63.998,NA
Pratt Farm,CummRain_in,336,22.111,33.121,64.702,NA
Pratt Farm,CummRain_in,337,22.177,33.121,64.702,NA
Pratt Farm,CummRain_in,338,22.2,33.287,64.702,NA
Pratt Farm,CummRain_in,339,22.2,33.314,64.702,NA
Pratt Farm,CummRain_in,340,22.2,33.532,64.788,NA
Pratt Farm,CummRain_in,341,22.27,34.028,64.867,NA
Pratt Farm,CummRain_in,342,22.369,34.035,65.48,NA
Pratt Farm,CummRain_in,343,22.369,34.037,65.48,NA
Pratt Farm,CummRain_in,344,22.369,34.334,65.48,NA
Pratt Farm,CummRain_in,345,22.369,34.837,65.48,NA
Pratt Farm,CummRain_in,346,22.369,35.062,65.772,NA
Pratt Farm,CummRain_in,347,22.399,35.065,65.773,NA
Pratt Farm,CummRain_in,348,22.618,35.065,65.78,NA
Pratt Farm,CummRain_in,349,22.618,35.816,65.781,NA
Pratt Farm,CummRain_in,350,22.619,35.946,65.781,NA
Pratt Farm,CummRain_in,351,22.62,35.946,65.781,NA
Pratt Farm,CummRain_in,352,22.62,35.947,65.781,NA
Pratt Farm,CummRain_in,353,22.62,36.091,65.781,NA
Pratt Farm,CummRain_in,354,22.634,36.865,65.781,NA
Pratt Farm,CummRain_in,355,22.635,37.113,65.781,NA
Pratt Farm,CummRain_in,356,22.635,37.141,66.022,NA
Pratt Farm,CummRain_in,357,22.639,37.203,68.047,NA
Pratt Farm,CummRain_in,358,22.75,37.369,71.03,NA
Pratt Farm,CummRain_in,359,22.751,37.369,71.031,NA
Pratt Farm,CummRain_in,360,22.751,37.686,71.031,NA
Pratt Farm,CummRain_in,361,22.751,37.687,71.031,NA
Pratt Farm,CummRain_in,362,22.751,37.879,71.031,NA
Pratt Farm,CummRain_in,363,22.751,38.319,71.09,NA
Pratt Farm,CummRain_in,364,22.751,38.319,71.173,NA
Pratt Farm,CummRain_in,365,22.751,38.319,71.395,NA
Pratt Farm,CummRain_in,366,30.834,41.34,57.889,NA
Pratt Farm,rel_sw_12in,1,0.279,0.284,0.386,0.28
Pratt Farm,rel_sw_12in,2,0.273,0.284,0.471,0.275
Pratt Farm,rel_sw_12in,3,0.269,0.288,0.46,0.272
Pratt Farm,rel_sw_12in,4,0.263,0.288,0.427,0.269
Pratt Farm,rel_sw_12in,5,0.255,0.302,0.395,0.262
Pratt Farm,rel_sw_12in,6,0.249,0.311,0.479,0.255
Pratt Farm,rel_sw_12in,7,0.242,0.306,0.516,0.247
Pratt Farm,rel_sw_12in,8,0.239,0.311,0.482,0.246
Pratt Farm,rel_sw_12in,9,0.239,0.316,0.442,0.316
Pratt Farm,rel_sw_12in,10,0.235,0.317,0.501,0.314
Pratt Farm,rel_sw_12in,11,0.233,0.316,0.538,0.301
Pratt Farm,rel_sw_12in,12,0.232,0.311,0.491,0.291
Pratt Farm,rel_sw_12in,13,0.229,0.302,0.486,0.28
Pratt Farm,rel_sw_12in,14,0.227,0.294,0.531,0.271
Pratt Farm,rel_sw_12in,15,0.225,0.289,0.592,0.264
Pratt Farm,rel_sw_12in,16,0.225,0.31,0.537,0.258
Pratt Farm,rel_sw_12in,17,0.223,0.324,0.483,0.253
Pratt Farm,rel_sw_12in,18,0.22,0.323,0.536,0.249
Pratt Farm,rel_sw_12in,19,0.218,0.309,0.522,0.246
Pratt Farm,rel_sw_12in,20,0.216,0.306,0.512,0.243
Pratt Farm,rel_sw_12in,21,0.214,0.31,0.458,0.333
Pratt Farm,rel_sw_12in,22,0.212,0.312,0.446,0.32
Pratt Farm,rel_sw_12in,23,0.211,0.325,0.537,0.33
Pratt Farm,rel_sw_12in,24,0.209,0.313,0.564,0.4
Pratt Farm,rel_sw_12in,25,0.207,0.313,0.553,0.428
Pratt Farm,rel_sw_12in,26,0.205,0.301,0.575,0.402
Pratt Farm,rel_sw_12in,27,0.204,0.304,0.535,0.375
Pratt Farm,rel_sw_12in,28,0.204,0.3,0.471,0.347
Pratt Farm,rel_sw_12in,29,0.211,0.31,0.512,0.323
Pratt Farm,rel_sw_12in,30,0.207,0.305,0.548,0.303
Pratt Farm,rel_sw_12in,31,0.204,0.298,0.515,0.291
Pratt Farm,rel_sw_12in,32,0.202,0.295,0.513,0.278
Pratt Farm,rel_sw_12in,33,0.2,0.292,0.545,0.265
Pratt Farm,rel_sw_12in,34,0.206,0.3,0.548,0.283
Pratt Farm,rel_sw_12in,35,0.199,0.306,0.492,0.275
Pratt Farm,rel_sw_12in,36,0.239,0.303,0.439,0.265
Pratt Farm,rel_sw_12in,37,0.237,0.315,0.432,0.259
Pratt Farm,rel_sw_12in,38,0.234,0.303,0.442,0.255
Pratt Farm,rel_sw_12in,39,0.232,0.286,0.446,0.251
Pratt Farm,rel_sw_12in,40,0.23,0.29,0.417,0.248
Pratt Farm,rel_sw_12in,41,0.228,0.306,0.534,0.245
Pratt Farm,rel_sw_12in,42,0.226,0.308,0.577,0.244
Pratt Farm,rel_sw_12in,43,0.225,0.326,0.617,0.242
Pratt Farm,rel_sw_12in,44,0.223,0.322,0.548,0.239
Pratt Farm,rel_sw_12in,45,0.226,0.324,0.493,0.358
Pratt Farm,rel_sw_12in,46,0.224,0.322,0.523,0.398
Pratt Farm,rel_sw_12in,47,0.228,0.308,0.614,0.374
Pratt Farm,rel_sw_12in,48,0.23,0.3,0.545,0.348
Pratt Farm,rel_sw_12in,49,0.231,0.295,0.48,0.324
Pratt Farm,rel_sw_12in,50,0.243,0.298,0.464,0.301
Pratt Farm,rel_sw_12in,51,0.24,0.3,0.489,0.287
Pratt Farm,rel_sw_12in,52,0.237,0.322,0.491,0.277
Pratt Farm,rel_sw_12in,53,0.235,0.32,0.53,0.269
Pratt Farm,rel_sw_12in,54,0.232,0.308,0.532,0.262
Pratt Farm,rel_sw_12in,55,0.237,0.313,0.585,0.258
Pratt Farm,rel_sw_12in,56,0.234,0.322,0.523,0.254
Pratt Farm,rel_sw_12in,57,0.232,0.322,0.498,0.25
Pratt Farm,rel_sw_12in,58,0.23,0.318,0.513,0.248
Pratt Farm,rel_sw_12in,59,0.228,0.301,0.557,0.245
Pratt Farm,rel_sw_12in,60,0.226,0.306,0.604,0.243
Pratt Farm,rel_sw_12in,61,0.224,0.303,0.536,0.24
Pratt Farm,rel_sw_12in,62,0.222,0.298,0.515,0.238
Pratt Farm,rel_sw_12in,63,0.22,0.31,0.458,0.236
Pratt Farm,rel_sw_12in,64,0.218,0.311,0.463,0.234
Pratt Farm,rel_sw_12in,65,0.216,0.298,0.443,0.247
Pratt Farm,rel_sw_12in,66,0.215,0.297,0.467,0.352
Pratt Farm,rel_sw_12in,67,0.213,0.295,0.59,0.348
Pratt Farm,rel_sw_12in,68,0.211,0.304,0.538,0.337
Pratt Farm,rel_sw_12in,69,0.221,0.301,0.563,0.374
Pratt Farm,rel_sw_12in,70,0.245,0.307,0.649,0.463
Pratt Farm,rel_sw_12in,71,0.242,0.302,0.628,0.419
Pratt Farm,rel_sw_12in,72,0.244,0.288,0.579,0.375
Pratt Farm,rel_sw_12in,73,0.246,0.299,0.518,0.344
Pratt Farm,rel_sw_12in,74,0.245,0.313,0.45,0.349
Pratt Farm,rel_sw_12in,75,0.243,0.32,0.458,0.32
Pratt Farm,rel_sw_12in,76,0.24,0.313,0.442,0.298
Pratt Farm,rel_sw_12in,77,0.241,0.316,0.487,0.284
Pratt Farm,rel_sw_12in,78,0.238,0.306,0.529,0.273
Pratt Farm,rel_sw_12in,79,0.243,0.298,0.583,0.265
Pratt Farm,rel_sw_12in,80,0.241,0.293,0.524,0.259
Pratt Farm,rel_sw_12in,81,0.238,0.289,0.53,0.254
Pratt Farm,rel_sw_12in,82,0.236,0.29,0.491,0.251
Pratt Farm,rel_sw_12in,83,0.234,0.295,0.434,0.247
Pratt Farm,rel_sw_12in,84,0.231,0.305,0.443,0.244
Pratt Farm,rel_sw_12in,85,0.229,0.303,0.413,0.242
Pratt Farm,rel_sw_12in,86,0.234,0.292,0.453,0.239
Pratt Farm,rel_sw_12in,87,0.228,0.301,0.448,0.237
Pratt Farm,rel_sw_12in,88,0.227,0.296,0.544,0.235
Pratt Farm,rel_sw_12in,89,0.225,0.308,0.502,0.233
Pratt Farm,rel_sw_12in,90,0.223,0.31,0.455,0.231
Pratt Farm,rel_sw_12in,91,0.221,0.297,0.419,0.229
Pratt Farm,rel_sw_12in,92,0.22,0.298,0.445,0.23
Pratt Farm,rel_sw_12in,93,0.218,0.298,0.431,0.249
Pratt Farm,rel_sw_12in,94,0.244,0.31,0.495,0.384
Pratt Farm,rel_sw_12in,95,0.242,0.306,0.61,0.355
Pratt Farm,rel_sw_12in,96,0.24,0.31,0.557,0.329
Pratt Farm,rel_sw_12in,97,0.249,0.315,0.549,0.311
Pratt Farm,rel_sw_12in,98,0.245,0.299,0.504,0.297
Pratt Farm,rel_sw_12in,99,0.242,0.293,0.443,0.286
Pratt Farm,rel_sw_12in,100,0.24,0.299,0.503,0.278
Pratt Farm,rel_sw_12in,101,0.239,0.303,0.579,0.271
Pratt Farm,rel_sw_12in,102,0.237,0.301,0.516,0.266
Pratt Farm,rel_sw_12in,103,0.235,0.34,0.552,0.262
Pratt Farm,rel_sw_12in,104,0.233,0.338,0.602,0.259
Pratt Farm,rel_sw_12in,105,0.232,0.327,0.525,0.256
Pratt Farm,rel_sw_12in,106,0.23,0.307,0.458,0.254
Pratt Farm,rel_sw_12in,107,0.228,0.291,0.417,0.252
Pratt Farm,rel_sw_12in,108,0.227,0.293,0.44,0.286
Pratt Farm,rel_sw_12in,109,0.225,0.288,0.403,0.272
Pratt Farm,rel_sw_12in,110,0.237,0.277,0.438,0.268
Pratt Farm,rel_sw_12in,111,0.235,0.29,0.495,0.264
Pratt Farm,rel_sw_12in,112,0.233,0.285,0.462,0.263
Pratt Farm,rel_sw_12in,113,0.235,0.294,0.504,0.26
Pratt Farm,rel_sw_12in,114,0.233,0.294,0.451,0.347
Pratt Farm,rel_sw_12in,115,0.231,0.3,0.445,0.411
Pratt Farm,rel_sw_12in,116,0.229,0.321,0.517,0.415
Pratt Farm,rel_sw_12in,117,0.227,0.305,0.542,0.383
Pratt Farm,rel_sw_12in,118,0.226,0.303,0.568,0.364
Pratt Farm,rel_sw_12in,119,0.224,0.293,0.553,0.379
Pratt Farm,rel_sw_12in,120,0.222,0.293,0.484,0.356
Pratt Farm,rel_sw_12in,121,0.221,0.315,0.436,0.338
Pratt Farm,rel_sw_12in,122,0.249,0.31,0.451,0.311
Pratt Farm,rel_sw_12in,123,0.247,0.319,0.511,0.293
Pratt Farm,rel_sw_12in,124,0.245,0.31,0.523,0.28
Pratt Farm,rel_sw_12in,125,0.243,0.308,0.479,0.27
Pratt Farm,rel_sw_12in,126,0.241,0.301,0.53,0.289
Pratt Farm,rel_sw_12in,127,0.24,0.286,0.488,0.269
Pratt Farm,rel_sw_12in,128,0.238,0.295,0.455,0.266
Pratt Farm,rel_sw_12in,129,0.242,0.298,0.473,0.273
Pratt Farm,rel_sw_12in,130,0.24,0.29,0.539,0.263
Pratt Farm,rel_sw_12in,131,0.237,0.301,0.584,0.258
Pratt Farm,rel_sw_12in,132,0.235,0.292,0.593,0.255
Pratt Farm,rel_sw_12in,133,0.233,0.284,0.561,0.252
Pratt Farm,rel_sw_12in,134,0.231,0.284,0.505,0.249
Pratt Farm,rel_sw_12in,135,0.229,0.283,0.436,0.246
Pratt Farm,rel_sw_12in,136,0.227,0.282,0.444,0.244
Pratt Farm,rel_sw_12in,137,0.225,0.276,0.455,0.241
Pratt Farm,rel_sw_12in,138,0.223,0.279,0.489,0.239
Pratt Farm,rel_sw_12in,139,0.221,0.277,0.458,0.306
Pratt Farm,rel_sw_12in,140,0.22,0.278,0.466,0.293
Pratt Farm,rel_sw_12in,141,0.218,0.271,0.459,0.319
Pratt Farm,rel_sw_12in,142,0.217,0.275,0.414,0.35
Pratt Farm,rel_sw_12in,143,0.215,0.279,0.405,0.403
Pratt Farm,rel_sw_12in,144,0.213,0.29,0.449,0.364
Pratt Farm,rel_sw_12in,145,0.212,0.285,0.422,0.33
Pratt Farm,rel_sw_12in,146,0.217,0.274,0.472,0.309
Pratt Farm,rel_sw_12in,147,0.216,0.292,0.522,0.299
Pratt Farm,rel_sw_12in,148,0.257,0.295,0.504,0.372
Pratt Farm,rel_sw_12in,149,0.259,0.3,0.454,0.337
Pratt Farm,rel_sw_12in,150,0.255,0.291,0.431,0.309
Pratt Farm,rel_sw_12in,151,0.254,0.288,0.455,0.29
Pratt Farm,rel_sw_12in,152,0.253,0.292,0.418,0.276
Pratt Farm,rel_sw_12in,153,0.254,0.295,0.445,0.298
Pratt Farm,rel_sw_12in,154,0.252,0.287,0.502,0.273
Pratt Farm,rel_sw_12in,155,0.253,0.285,0.458,0.262
Pratt Farm,rel_sw_12in,156,0.248,0.28,0.408,0.263
Pratt Farm,rel_sw_12in,157,0.244,0.281,0.395,0.283
Pratt Farm,rel_sw_12in,158,0.255,0.278,0.466,0.315
Pratt Farm,rel_sw_12in,159,0.251,0.276,0.481,0.3
Pratt Farm,rel_sw_12in,160,0.245,0.27,0.45,0.273
Pratt Farm,rel_sw_12in,161,0.254,0.299,0.426,0.257
Pratt Farm,rel_sw_12in,162,0.254,0.281,0.393,0.259
Pratt Farm,rel_sw_12in,163,0.245,0.288,0.431,0.281
Pratt Farm,rel_sw_12in,164,0.249,0.278,0.405,0.264
Pratt Farm,rel_sw_12in,165,0.246,0.272,0.433,0.273
Pratt Farm,rel_sw_12in,166,0.24,0.269,0.398,0.314
Pratt Farm,rel_sw_12in,167,0.243,0.283,0.439,0.29
Pratt Farm,rel_sw_12in,168,0.238,0.282,0.464,0.266
Pratt Farm,rel_sw_12in,169,0.237,0.273,0.429,0.259
Pratt Farm,rel_sw_12in,170,0.237,0.266,0.4,0.333
Pratt Farm,rel_sw_12in,171,0.23,0.263,0.427,0.398
Pratt Farm,rel_sw_12in,172,0.23,0.266,0.466,0.391
Pratt Farm,rel_sw_12in,173,0.223,0.263,0.453,0.396
Pratt Farm,rel_sw_12in,174,0.235,0.265,0.441,0.445
Pratt Farm,rel_sw_12in,175,0.232,0.26,0.432,0.49
Pratt Farm,rel_sw_12in,176,0.23,0.26,0.444,0.444
Pratt Farm,rel_sw_12in,177,0.226,0.261,0.454,0.395
Pratt Farm,rel_sw_12in,178,0.223,0.269,0.491,0.347
Pratt Farm,rel_sw_12in,179,0.212,0.259,0.534,0.306
Pratt Farm,rel_sw_12in,180,0.22,0.261,0.478,0.273
Pratt Farm,rel_sw_12in,181,0.22,0.254,0.54,0.269
Pratt Farm,rel_sw_12in,182,0.214,0.255,0.559,0.254
Pratt Farm,rel_sw_12in,183,0.22,0.263,0.544,0.268
Pratt Farm,rel_sw_12in,184,0.211,0.267,0.493,0.286
Pratt Farm,rel_sw_12in,185,0.215,0.266,0.453,0.323
Pratt Farm,rel_sw_12in,186,0.217,0.273,0.442,0.312
Pratt Farm,rel_sw_12in,187,0.212,0.267,0.466,0.304
Pratt Farm,rel_sw_12in,188,0.203,0.253,0.42,0.295
Pratt Farm,rel_sw_12in,189,0.212,0.254,0.385,0.293
Pratt Farm,rel_sw_12in,190,0.216,0.261,0.468,0.278
Pratt Farm,rel_sw_12in,191,0.216,0.265,0.479,0.259
Pratt Farm,rel_sw_12in,192,0.206,0.259,0.431,0.276
Pratt Farm,rel_sw_12in,193,0.212,0.26,0.474,0.294
Pratt Farm,rel_sw_12in,194,0.209,0.26,0.488,0.314
Pratt Farm,rel_sw_12in,195,0.218,0.257,0.469,0.293
Pratt Farm,rel_sw_12in,196,0.202,0.251,0.461,0.298
Pratt Farm,rel_sw_12in,197,0.203,0.255,0.451,0.277
Pratt Farm,rel_sw_12in,198,0.204,0.25,0.452,0.262
Pratt Farm,rel_sw_12in,199,0.197,0.249,0.441,0.24
Pratt Farm,rel_sw_12in,200,0.202,0.245,0.418,0.26
Pratt Farm,rel_sw_12in,201,0.201,0.245,0.401,0.247
Pratt Farm,rel_sw_12in,202,0.203,0.239,0.41,0.25
Pratt Farm,rel_sw_12in,203,0.203,0.243,0.397,0.237
Pratt Farm,rel_sw_12in,204,0.197,0.25,0.377,0.251
Pratt Farm,rel_sw_12in,205,0.206,0.245,0.347,0.268
Pratt Farm,rel_sw_12in,206,0.209,0.246,0.399,0.264
Pratt Farm,rel_sw_12in,207,0.204,0.242,0.42,0.241
Pratt Farm,rel_sw_12in,208,0.201,0.248,0.412,0.238
Pratt Farm,rel_sw_12in,209,0.212,0.246,0.46,0.237
Pratt Farm,rel_sw_12in,210,0.209,0.251,0.52,0.22
Pratt Farm,rel_sw_12in,211,0.209,0.257,0.562,0.272
Pratt Farm,rel_sw_12in,212,0.206,0.252,0.489,0.271
Pratt Farm,rel_sw_12in,213,0.208,0.254,0.523,0.251
Pratt Farm,rel_sw_12in,214,0.199,0.254,0.456,NA
Pratt Farm,rel_sw_12in,215,0.2,0.25,0.459,NA
Pratt Farm,rel_sw_12in,216,0.192,0.239,0.488,NA
Pratt Farm,rel_sw_12in,217,0.21,0.247,0.428,NA
Pratt Farm,rel_sw_12in,218,0.2,0.243,0.462,NA
Pratt Farm,rel_sw_12in,219,0.196,0.238,0.423,NA
Pratt Farm,rel_sw_12in,220,0.202,0.239,0.373,NA
Pratt Farm,rel_sw_12in,221,0.196,0.238,0.394,NA
Pratt Farm,rel_sw_12in,222,0.194,0.241,0.369,NA
Pratt Farm,rel_sw_12in,223,0.194,0.236,0.37,NA
Pratt Farm,rel_sw_12in,224,0.194,0.242,0.477,NA
Pratt Farm,rel_sw_12in,225,0.202,0.247,0.556,NA
Pratt Farm,rel_sw_12in,226,0.205,0.246,0.481,NA
Pratt Farm,rel_sw_12in,227,0.192,0.235,0.411,NA
Pratt Farm,rel_sw_12in,228,0.208,0.243,0.425,NA
Pratt Farm,rel_sw_12in,229,0.204,0.231,0.535,NA
Pratt Farm,rel_sw_12in,230,0.191,0.235,0.509,NA
Pratt Farm,rel_sw_12in,231,0.193,0.233,0.506,NA
Pratt Farm,rel_sw_12in,232,0.205,0.24,0.475,NA
Pratt Farm,rel_sw_12in,233,0.193,0.233,0.463,NA
Pratt Farm,rel_sw_12in,234,0.202,0.241,0.451,NA
Pratt Farm,rel_sw_12in,235,0.19,0.235,0.49,NA
Pratt Farm,rel_sw_12in,236,0.194,0.233,0.452,NA
Pratt Farm,rel_sw_12in,237,0.197,0.232,0.407,NA
Pratt Farm,rel_sw_12in,238,0.195,0.233,0.367,NA
Pratt Farm,rel_sw_12in,239,0.202,0.229,0.421,NA
Pratt Farm,rel_sw_12in,240,0.192,0.229,0.554,NA
Pratt Farm,rel_sw_12in,241,0.203,0.229,0.542,NA
Pratt Farm,rel_sw_12in,242,0.204,0.228,0.507,NA
Pratt Farm,rel_sw_12in,243,0.206,0.233,0.528,NA
Pratt Farm,rel_sw_12in,244,0.197,0.237,0.532,NA
Pratt Farm,rel_sw_12in,245,0.202,0.243,0.494,NA
Pratt Farm,rel_sw_12in,246,0.199,0.239,0.54,NA
Pratt Farm,rel_sw_12in,247,0.199,0.24,0.582,NA
Pratt Farm,rel_sw_12in,248,0.206,0.244,0.537,NA
Pratt Farm,rel_sw_12in,249,0.203,0.247,0.479,NA
Pratt Farm,rel_sw_12in,250,0.194,0.244,0.42,NA
Pratt Farm,rel_sw_12in,251,0.207,0.25,0.405,NA
Pratt Farm,rel_sw_12in,252,0.201,0.249,0.409,NA
Pratt Farm,rel_sw_12in,253,0.199,0.257,0.37,NA
Pratt Farm,rel_sw_12in,254,0.198,0.255,0.387,NA
Pratt Farm,rel_sw_12in,255,0.192,0.267,0.493,NA
Pratt Farm,rel_sw_12in,256,0.197,0.266,0.533,NA
Pratt Farm,rel_sw_12in,257,0.196,0.264,0.591,NA
Pratt Farm,rel_sw_12in,258,0.199,0.256,0.609,NA
Pratt Farm,rel_sw_12in,259,0.21,0.258,0.609,NA
Pratt Farm,rel_sw_12in,260,0.204,0.261,0.645,NA
Pratt Farm,rel_sw_12in,261,0.199,0.265,0.631,NA
Pratt Farm,rel_sw_12in,262,0.195,0.264,0.556,NA
Pratt Farm,rel_sw_12in,263,0.197,0.264,0.481,NA
Pratt Farm,rel_sw_12in,264,0.193,0.263,0.49,NA
Pratt Farm,rel_sw_12in,265,0.189,0.269,0.484,NA
Pratt Farm,rel_sw_12in,266,0.186,0.269,0.472,NA
Pratt Farm,rel_sw_12in,267,0.183,0.281,0.489,NA
Pratt Farm,rel_sw_12in,268,0.18,0.276,0.52,NA
Pratt Farm,rel_sw_12in,269,0.177,0.272,0.466,NA
Pratt Farm,rel_sw_12in,270,0.174,0.264,0.449,NA
Pratt Farm,rel_sw_12in,271,0.172,0.26,0.482,NA
Pratt Farm,rel_sw_12in,272,0.17,0.26,0.434,NA
Pratt Farm,rel_sw_12in,273,0.167,0.261,0.392,NA
Pratt Farm,rel_sw_12in,274,0.165,0.259,0.397,NA
Pratt Farm,rel_sw_12in,275,0.163,0.257,0.435,NA
Pratt Farm,rel_sw_12in,276,0.161,0.257,0.411,NA
Pratt Farm,rel_sw_12in,277,0.159,0.254,0.49,NA
Pratt Farm,rel_sw_12in,278,0.158,0.258,0.455,NA
Pratt Farm,rel_sw_12in,279,0.156,0.259,0.505,NA
Pratt Farm,rel_sw_12in,280,0.154,0.259,0.457,NA
Pratt Farm,rel_sw_12in,281,0.152,0.269,0.491,NA
Pratt Farm,rel_sw_12in,282,0.151,0.276,0.542,NA
Pratt Farm,rel_sw_12in,283,0.149,0.272,0.506,NA
Pratt Farm,rel_sw_12in,284,0.147,0.266,0.577,NA
Pratt Farm,rel_sw_12in,285,0.146,0.268,0.537,NA
Pratt Farm,rel_sw_12in,286,0.144,0.264,0.609,NA
Pratt Farm,rel_sw_12in,287,0.143,0.276,0.57,NA
Pratt Farm,rel_sw_12in,288,0.141,0.271,0.589,NA
Pratt Farm,rel_sw_12in,289,0.14,0.289,0.52,NA
Pratt Farm,rel_sw_12in,290,0.138,0.286,0.466,NA
Pratt Farm,rel_sw_12in,291,0.137,0.285,0.452,NA
Pratt Farm,rel_sw_12in,292,0.136,0.284,0.539,NA
Pratt Farm,rel_sw_12in,293,0.134,0.278,0.534,NA
Pratt Farm,rel_sw_12in,294,0.133,0.276,0.481,NA
Pratt Farm,rel_sw_12in,295,0.131,0.27,0.452,NA
Pratt Farm,rel_sw_12in,296,0.194,0.268,0.494,NA
Pratt Farm,rel_sw_12in,297,0.193,0.271,0.482,NA
Pratt Farm,rel_sw_12in,298,0.191,0.305,0.441,NA
Pratt Farm,rel_sw_12in,299,0.19,0.299,0.445,NA
Pratt Farm,rel_sw_12in,300,0.189,0.311,0.468,NA
Pratt Farm,rel_sw_12in,301,0.187,0.311,0.433,NA
Pratt Farm,rel_sw_12in,302,0.186,0.308,0.533,NA
Pratt Farm,rel_sw_12in,303,0.185,0.302,0.629,NA
Pratt Farm,rel_sw_12in,304,0.207,0.295,0.596,NA
Pratt Farm,rel_sw_12in,305,0.224,0.301,0.564,NA
Pratt Farm,rel_sw_12in,306,0.237,0.307,0.53,NA
Pratt Farm,rel_sw_12in,307,0.236,0.301,0.496,NA
Pratt Farm,rel_sw_12in,308,0.234,0.294,0.469,NA
Pratt Farm,rel_sw_12in,309,0.232,0.294,0.482,NA
Pratt Farm,rel_sw_12in,310,0.23,0.294,0.461,NA
Pratt Farm,rel_sw_12in,311,0.229,0.298,0.523,NA
Pratt Farm,rel_sw_12in,312,0.232,0.311,0.535,NA
Pratt Farm,rel_sw_12in,313,0.23,0.298,0.571,NA
Pratt Farm,rel_sw_12in,314,0.228,0.285,0.52,NA
Pratt Farm,rel_sw_12in,315,0.226,0.289,0.502,NA
Pratt Farm,rel_sw_12in,316,0.224,0.299,0.469,NA
Pratt Farm,rel_sw_12in,317,0.222,0.294,0.44,NA
Pratt Farm,rel_sw_12in,318,0.221,0.286,0.411,NA
Pratt Farm,rel_sw_12in,319,0.219,0.293,0.435,NA
Pratt Farm,rel_sw_12in,320,0.217,0.296,0.552,NA
Pratt Farm,rel_sw_12in,321,0.215,0.287,0.499,NA
Pratt Farm,rel_sw_12in,322,0.217,0.295,0.456,NA
Pratt Farm,rel_sw_12in,323,0.217,0.29,0.507,NA
Pratt Farm,rel_sw_12in,324,0.214,0.283,0.523,NA
Pratt Farm,rel_sw_12in,325,0.223,0.291,0.476,NA
Pratt Farm,rel_sw_12in,326,0.222,0.304,0.451,NA
Pratt Farm,rel_sw_12in,327,0.224,0.288,0.44,NA
Pratt Farm,rel_sw_12in,328,0.234,0.303,0.497,NA
Pratt Farm,rel_sw_12in,329,0.232,0.31,0.541,NA
Pratt Farm,rel_sw_12in,330,0.229,0.308,0.496,NA
Pratt Farm,rel_sw_12in,331,0.227,0.325,0.501,NA
Pratt Farm,rel_sw_12in,332,0.225,0.317,0.523,NA
Pratt Farm,rel_sw_12in,333,0.224,0.318,0.582,NA
Pratt Farm,rel_sw_12in,334,0.222,0.324,0.521,NA
Pratt Farm,rel_sw_12in,335,0.22,0.313,0.49,NA
Pratt Farm,rel_sw_12in,336,0.218,0.302,0.519,NA
Pratt Farm,rel_sw_12in,337,0.217,0.296,0.52,NA
Pratt Farm,rel_sw_12in,338,0.215,0.293,0.518,NA
Pratt Farm,rel_sw_12in,339,0.213,0.295,0.531,NA
Pratt Farm,rel_sw_12in,340,0.212,0.296,0.497,NA
Pratt Farm,rel_sw_12in,341,0.246,0.304,0.449,NA
Pratt Farm,rel_sw_12in,342,0.245,0.309,0.525,NA
Pratt Farm,rel_sw_12in,343,0.251,0.316,0.54,NA
Pratt Farm,rel_sw_12in,344,0.248,0.319,0.494,NA
Pratt Farm,rel_sw_12in,345,0.248,0.311,0.498,NA
Pratt Farm,rel_sw_12in,346,0.25,0.312,0.517,NA
Pratt Farm,rel_sw_12in,347,0.247,0.329,0.556,NA
Pratt Farm,rel_sw_12in,348,0.245,0.318,0.51,NA
Pratt Farm,rel_sw_12in,349,0.241,0.327,0.535,NA
Pratt Farm,rel_sw_12in,350,0.241,0.336,0.61,NA
Pratt Farm,rel_sw_12in,351,0.239,0.319,0.6,NA
Pratt Farm,rel_sw_12in,352,0.237,0.313,0.526,NA
Pratt Farm,rel_sw_12in,353,0.235,0.304,0.484,NA
Pratt Farm,rel_sw_12in,354,0.233,0.308,0.486,NA
Pratt Farm,rel_sw_12in,355,0.231,0.321,0.454,NA
Pratt Farm,rel_sw_12in,356,0.229,0.309,0.498,NA
Pratt Farm,rel_sw_12in,357,0.227,0.31,0.474,NA
Pratt Farm,rel_sw_12in,358,0.229,0.311,0.545,NA
Pratt Farm,rel_sw_12in,359,0.23,0.317,0.547,NA
Pratt Farm,rel_sw_12in,360,0.228,0.32,0.654,NA
Pratt Farm,rel_sw_12in,361,0.226,0.317,0.641,NA
Pratt Farm,rel_sw_12in,362,0.233,0.311,0.565,NA
Pratt Farm,rel_sw_12in,363,0.226,0.323,0.536,NA
Pratt Farm,rel_sw_12in,364,0.224,0.329,0.486,NA
Pratt Farm,rel_sw_12in,365,0.222,0.315,0.484,NA
Pratt Farm,rel_sw_12in,366,0.276,0.358,0.525,NA
Pratt Farm,rel_sw_24in,1,0.327,0.329,0.384,0.327
Pratt Farm,rel_sw_24in,2,0.324,0.329,0.438,0.325
Pratt Farm,rel_sw_24in,3,0.321,0.331,0.438,0.323
Pratt Farm,rel_sw_24in,4,0.318,0.332,0.436,0.322
Pratt Farm,rel_sw_24in,5,0.314,0.347,0.431,0.318
Pratt Farm,rel_sw_24in,6,0.311,0.353,0.446,0.315
Pratt Farm,rel_sw_24in,7,0.308,0.35,0.484,0.311
Pratt Farm,rel_sw_24in,8,0.306,0.364,0.487,0.31
Pratt Farm,rel_sw_24in,9,0.306,0.37,0.485,0.347
Pratt Farm,rel_sw_24in,10,0.305,0.374,0.502,0.348
Pratt Farm,rel_sw_24in,11,0.303,0.375,0.543,0.344
Pratt Farm,rel_sw_24in,12,0.303,0.375,0.536,0.341
Pratt Farm,rel_sw_24in,13,0.302,0.368,0.526,0.337
Pratt Farm,rel_sw_24in,14,0.301,0.362,0.521,0.332
Pratt Farm,rel_sw_24in,15,0.299,0.356,0.558,0.328
Pratt Farm,rel_sw_24in,16,0.3,0.363,0.551,0.325
Pratt Farm,rel_sw_24in,17,0.298,0.381,0.542,0.321
Pratt Farm,rel_sw_24in,18,0.297,0.378,0.529,0.318
Pratt Farm,rel_sw_24in,19,0.296,0.381,0.516,0.315
Pratt Farm,rel_sw_24in,20,0.295,0.374,0.536,0.313
Pratt Farm,rel_sw_24in,21,0.294,0.375,0.523,0.359
Pratt Farm,rel_sw_24in,22,0.293,0.378,0.501,0.355
Pratt Farm,rel_sw_24in,23,0.292,0.376,0.508,0.363
Pratt Farm,rel_sw_24in,24,0.291,0.384,0.538,0.406
Pratt Farm,rel_sw_24in,25,0.291,0.383,0.554,0.43
Pratt Farm,rel_sw_24in,26,0.29,0.376,0.588,0.428
Pratt Farm,rel_sw_24in,27,0.289,0.384,0.589,0.424
Pratt Farm,rel_sw_24in,28,0.289,0.383,0.571,0.417
Pratt Farm,rel_sw_24in,29,0.292,0.381,0.55,0.407
Pratt Farm,rel_sw_24in,30,0.29,0.375,0.525,0.395
Pratt Farm,rel_sw_24in,31,0.289,0.376,0.53,0.386
Pratt Farm,rel_sw_24in,32,0.288,0.371,0.544,0.373
Pratt Farm,rel_sw_24in,33,0.287,0.369,0.576,0.361
Pratt Farm,rel_sw_24in,34,0.29,0.363,0.561,0.363
Pratt Farm,rel_sw_24in,35,0.286,0.361,0.545,0.353
Pratt Farm,rel_sw_24in,36,0.309,0.373,0.529,0.343
Pratt Farm,rel_sw_24in,37,0.308,0.373,0.512,0.335
Pratt Farm,rel_sw_24in,38,0.306,0.366,0.489,0.329
Pratt Farm,rel_sw_24in,39,0.305,0.359,0.495,0.324
Pratt Farm,rel_sw_24in,40,0.303,0.358,0.505,0.319
Pratt Farm,rel_sw_24in,41,0.302,0.368,0.531,0.316
Pratt Farm,rel_sw_24in,42,0.301,0.381,0.568,0.314
Pratt Farm,rel_sw_24in,43,0.3,0.382,0.61,0.311
Pratt Farm,rel_sw_24in,44,0.299,0.376,0.596,0.309
Pratt Farm,rel_sw_24in,45,0.3,0.371,0.577,0.371
Pratt Farm,rel_sw_24in,46,0.299,0.382,0.557,0.398
Pratt Farm,rel_sw_24in,47,0.303,0.376,0.579,0.395
Pratt Farm,rel_sw_24in,48,0.303,0.37,0.568,0.391
Pratt Farm,rel_sw_24in,49,0.304,0.373,0.555,0.384
Pratt Farm,rel_sw_24in,50,0.316,0.369,0.543,0.376
Pratt Farm,rel_sw_24in,51,0.313,0.37,0.568,0.368
Pratt Farm,rel_sw_24in,52,0.311,0.383,0.55,0.361
Pratt Farm,rel_sw_24in,53,0.309,0.38,0.544,0.353
Pratt Farm,rel_sw_24in,54,0.307,0.377,0.544,0.346
Pratt Farm,rel_sw_24in,55,0.306,0.377,0.589,0.34
Pratt Farm,rel_sw_24in,56,0.305,0.388,0.576,0.333
Pratt Farm,rel_sw_24in,57,0.304,0.396,0.57,0.328
Pratt Farm,rel_sw_24in,58,0.303,0.391,0.584,0.323
Pratt Farm,rel_sw_24in,59,0.302,0.385,0.618,0.319
Pratt Farm,rel_sw_24in,60,0.301,0.387,0.645,0.316
Pratt Farm,rel_sw_24in,61,0.3,0.386,0.628,0.313
Pratt Farm,rel_sw_24in,62,0.299,0.376,0.608,0.311
Pratt Farm,rel_sw_24in,63,0.297,0.38,0.603,0.308
Pratt Farm,rel_sw_24in,64,0.296,0.382,0.589,0.307
Pratt Farm,rel_sw_24in,65,0.295,0.379,0.568,0.312
Pratt Farm,rel_sw_24in,66,0.295,0.374,0.551,0.367
Pratt Farm,rel_sw_24in,67,0.294,0.38,0.535,0.37
Pratt Farm,rel_sw_24in,68,0.293,0.387,0.518,0.37
Pratt Farm,rel_sw_24in,69,0.298,0.384,0.53,0.396
Pratt Farm,rel_sw_24in,70,0.319,0.384,0.57,0.452
Pratt Farm,rel_sw_24in,71,0.316,0.396,0.589,0.443
Pratt Farm,rel_sw_24in,72,0.315,0.382,0.594,0.433
Pratt Farm,rel_sw_24in,73,0.314,0.37,0.587,0.424
Pratt Farm,rel_sw_24in,74,0.312,0.376,0.567,0.429
Pratt Farm,rel_sw_24in,75,0.312,0.389,0.544,0.414
Pratt Farm,rel_sw_24in,76,0.31,0.381,0.52,0.4
Pratt Farm,rel_sw_24in,77,0.308,0.388,0.53,0.387
Pratt Farm,rel_sw_24in,78,0.307,0.385,0.525,0.375
Pratt Farm,rel_sw_24in,79,0.309,0.381,0.559,0.363
Pratt Farm,rel_sw_24in,80,0.311,0.375,0.543,0.353
Pratt Farm,rel_sw_24in,81,0.309,0.367,0.526,0.344
Pratt Farm,rel_sw_24in,82,0.307,0.36,0.515,0.336
Pratt Farm,rel_sw_24in,83,0.305,0.372,0.516,0.33
Pratt Farm,rel_sw_24in,84,0.304,0.37,0.497,0.324
Pratt Farm,rel_sw_24in,85,0.303,0.363,0.475,0.319
Pratt Farm,rel_sw_24in,86,0.304,0.366,0.479,0.315
Pratt Farm,rel_sw_24in,87,0.301,0.368,0.476,0.312
Pratt Farm,rel_sw_24in,88,0.301,0.364,0.503,0.309
Pratt Farm,rel_sw_24in,89,0.3,0.367,0.498,0.307
Pratt Farm,rel_sw_24in,90,0.299,0.367,0.493,0.305
Pratt Farm,rel_sw_24in,91,0.298,0.363,0.484,0.303
Pratt Farm,rel_sw_24in,92,0.297,0.366,0.467,0.304
Pratt Farm,rel_sw_24in,93,0.296,0.379,0.458,0.312
Pratt Farm,rel_sw_24in,94,0.313,0.381,0.483,0.384
Pratt Farm,rel_sw_24in,95,0.311,0.378,0.555,0.377
Pratt Farm,rel_sw_24in,96,0.309,0.388,0.553,0.37
Pratt Farm,rel_sw_24in,97,0.319,0.397,0.54,0.366
Pratt Farm,rel_sw_24in,98,0.315,0.383,0.523,0.362
Pratt Farm,rel_sw_24in,99,0.313,0.375,0.506,0.357
Pratt Farm,rel_sw_24in,100,0.31,0.38,0.486,0.351
Pratt Farm,rel_sw_24in,101,0.309,0.38,0.52,0.346
Pratt Farm,rel_sw_24in,102,0.307,0.388,0.514,0.34
Pratt Farm,rel_sw_24in,103,0.306,0.399,0.531,0.335
Pratt Farm,rel_sw_24in,104,0.304,0.396,0.578,0.331
Pratt Farm,rel_sw_24in,105,0.303,0.388,0.562,0.326
Pratt Farm,rel_sw_24in,106,0.302,0.38,0.545,0.323
Pratt Farm,rel_sw_24in,107,0.301,0.374,0.534,0.32
Pratt Farm,rel_sw_24in,108,0.301,0.374,0.513,0.336
Pratt Farm,rel_sw_24in,109,0.3,0.373,0.492,0.327
Pratt Farm,rel_sw_24in,110,0.307,0.366,0.47,0.324
Pratt Farm,rel_sw_24in,111,0.306,0.362,0.487,0.322
Pratt Farm,rel_sw_24in,112,0.305,0.367,0.495,0.321
Pratt Farm,rel_sw_24in,113,0.304,0.361,0.484,0.319
Pratt Farm,rel_sw_24in,114,0.303,0.366,0.486,0.365
Pratt Farm,rel_sw_24in,115,0.302,0.363,0.495,0.405
Pratt Farm,rel_sw_24in,116,0.302,0.373,0.54,0.419
Pratt Farm,rel_sw_24in,117,0.301,0.369,0.547,0.415
Pratt Farm,rel_sw_24in,118,0.3,0.362,0.55,0.416
Pratt Farm,rel_sw_24in,119,0.299,0.362,0.561,0.431
Pratt Farm,rel_sw_24in,120,0.298,0.363,0.544,0.425
Pratt Farm,rel_sw_24in,121,0.297,0.374,0.527,0.418
Pratt Farm,rel_sw_24in,122,0.318,0.373,0.532,0.403
Pratt Farm,rel_sw_24in,123,0.315,0.382,0.576,0.391
Pratt Farm,rel_sw_24in,124,0.313,0.377,0.592,0.379
Pratt Farm,rel_sw_24in,125,0.311,0.377,0.577,0.368
Pratt Farm,rel_sw_24in,126,0.31,0.377,0.552,0.37
Pratt Farm,rel_sw_24in,127,0.308,0.373,0.548,0.354
Pratt Farm,rel_sw_24in,128,0.307,0.371,0.528,0.347
Pratt Farm,rel_sw_24in,129,0.313,0.382,0.559,0.345
Pratt Farm,rel_sw_24in,130,0.308,0.376,0.6,0.335
Pratt Farm,rel_sw_24in,131,0.307,0.378,0.633,0.329
Pratt Farm,rel_sw_24in,132,0.307,0.371,0.651,0.324
Pratt Farm,rel_sw_24in,133,0.305,0.379,0.659,0.32
Pratt Farm,rel_sw_24in,134,0.304,0.371,0.65,0.317
Pratt Farm,rel_sw_24in,135,0.302,0.368,0.63,0.314
Pratt Farm,rel_sw_24in,136,0.301,0.363,0.627,0.312
Pratt Farm,rel_sw_24in,137,0.3,0.368,0.605,0.31
Pratt Farm,rel_sw_24in,138,0.299,0.362,0.587,0.308
Pratt Farm,rel_sw_24in,139,0.298,0.353,0.571,0.343
Pratt Farm,rel_sw_24in,140,0.297,0.355,0.555,0.338
Pratt Farm,rel_sw_24in,141,0.296,0.361,0.54,0.353
Pratt Farm,rel_sw_24in,142,0.295,0.354,0.53,0.374
Pratt Farm,rel_sw_24in,143,0.295,0.351,0.518,0.409
Pratt Farm,rel_sw_24in,144,0.294,0.356,0.518,0.399
Pratt Farm,rel_sw_24in,145,0.293,0.351,0.498,0.39
Pratt Farm,rel_sw_24in,146,0.296,0.347,0.484,0.383
Pratt Farm,rel_sw_24in,147,0.295,0.361,0.49,0.38
Pratt Farm,rel_sw_24in,148,0.318,0.36,0.481,0.418
Pratt Farm,rel_sw_24in,149,0.317,0.357,0.472,0.402
Pratt Farm,rel_sw_24in,150,0.317,0.367,0.466,0.388
Pratt Farm,rel_sw_24in,151,0.319,0.367,0.459,0.378
Pratt Farm,rel_sw_24in,152,0.319,0.357,0.444,0.367
Pratt Farm,rel_sw_24in,153,0.317,0.369,0.456,0.375
Pratt Farm,rel_sw_24in,154,0.321,0.366,0.504,0.358
Pratt Farm,rel_sw_24in,155,0.316,0.358,0.485,0.348
Pratt Farm,rel_sw_24in,156,0.313,0.355,0.468,0.344
Pratt Farm,rel_sw_24in,157,0.311,0.356,0.464,0.35
Pratt Farm,rel_sw_24in,158,0.317,0.353,0.475,0.364
Pratt Farm,rel_sw_24in,159,0.319,0.352,0.494,0.356
Pratt Farm,rel_sw_24in,160,0.316,0.348,0.492,0.342
Pratt Farm,rel_sw_24in,161,0.318,0.361,0.481,0.333
Pratt Farm,rel_sw_24in,162,0.317,0.355,0.463,0.332
Pratt Farm,rel_sw_24in,163,0.31,0.357,0.449,0.34
Pratt Farm,rel_sw_24in,164,0.313,0.355,0.464,0.33
Pratt Farm,rel_sw_24in,165,0.311,0.346,0.476,0.332
Pratt Farm,rel_sw_24in,166,0.311,0.352,0.455,0.351
Pratt Farm,rel_sw_24in,167,0.308,0.353,0.474,0.339
Pratt Farm,rel_sw_24in,168,0.307,0.351,0.497,0.326
Pratt Farm,rel_sw_24in,169,0.302,0.349,0.489,0.321
Pratt Farm,rel_sw_24in,170,0.301,0.34,0.469,0.357
Pratt Farm,rel_sw_24in,171,0.296,0.334,0.447,0.395
Pratt Farm,rel_sw_24in,172,0.296,0.332,0.443,0.4
Pratt Farm,rel_sw_24in,173,0.291,0.33,0.452,0.412
Pratt Farm,rel_sw_24in,174,0.287,0.327,0.461,0.448
Pratt Farm,rel_sw_24in,175,0.281,0.321,0.457,0.485
Pratt Farm,rel_sw_24in,176,0.275,0.311,0.462,0.475
Pratt Farm,rel_sw_24in,177,0.272,0.309,0.443,0.459
Pratt Farm,rel_sw_24in,178,0.267,0.306,0.433,0.436
Pratt Farm,rel_sw_24in,179,0.252,0.294,0.468,0.41
Pratt Farm,rel_sw_24in,180,0.255,0.292,0.487,0.381
Pratt Farm,rel_sw_24in,181,0.244,0.289,0.492,0.364
Pratt Farm,rel_sw_24in,182,0.242,0.286,0.526,0.341
Pratt Farm,rel_sw_24in,183,0.233,0.291,0.54,0.334
Pratt Farm,rel_sw_24in,184,0.224,0.291,0.533,0.333
Pratt Farm,rel_sw_24in,185,0.221,0.282,0.512,0.346
Pratt Farm,rel_sw_24in,186,0.22,0.282,0.514,0.336
Pratt Farm,rel_sw_24in,187,0.207,0.268,0.509,0.328
Pratt Farm,rel_sw_24in,188,0.199,0.263,0.487,0.32
Pratt Farm,rel_sw_24in,189,0.198,0.254,0.458,0.313
Pratt Farm,rel_sw_24in,190,0.194,0.245,0.482,0.299
Pratt Farm,rel_sw_24in,191,0.186,0.248,0.498,0.282
Pratt Farm,rel_sw_24in,192,0.179,0.241,0.479,0.283
Pratt Farm,rel_sw_24in,193,0.176,0.243,0.491,0.287
Pratt Farm,rel_sw_24in,194,0.171,0.241,0.522,0.292
Pratt Farm,rel_sw_24in,195,0.169,0.23,0.52,0.277
Pratt Farm,rel_sw_24in,196,0.161,0.222,0.506,0.276
Pratt Farm,rel_sw_24in,197,0.16,0.222,0.482,0.26
Pratt Farm,rel_sw_24in,198,0.151,0.214,0.46,0.248
Pratt Farm,rel_sw_24in,199,0.152,0.211,0.462,0.231
Pratt Farm,rel_sw_24in,200,0.154,0.214,0.452,0.235
Pratt Farm,rel_sw_24in,201,0.141,0.201,0.434,0.223
Pratt Farm,rel_sw_24in,202,0.15,0.206,0.414,0.218
Pratt Farm,rel_sw_24in,203,0.137,0.202,0.401,0.207
Pratt Farm,rel_sw_24in,204,0.136,0.193,0.398,0.211
Pratt Farm,rel_sw_24in,205,0.14,0.186,0.392,0.216
Pratt Farm,rel_sw_24in,206,0.138,0.186,0.399,0.21
Pratt Farm,rel_sw_24in,207,0.136,0.181,0.419,0.194
Pratt Farm,rel_sw_24in,208,0.133,0.193,0.408,0.188
Pratt Farm,rel_sw_24in,209,0.135,0.187,0.392,0.183
Pratt Farm,rel_sw_24in,210,0.132,0.19,0.374,0.171
Pratt Farm,rel_sw_24in,211,0.132,0.18,0.396,0.195
Pratt Farm,rel_sw_24in,212,0.13,0.18,0.387,0.192
Pratt Farm,rel_sw_24in,213,0.128,0.177,0.435,0.179
Pratt Farm,rel_sw_24in,214,0.126,0.171,0.429,NA
Pratt Farm,rel_sw_24in,215,0.127,0.162,0.434,NA
Pratt Farm,rel_sw_24in,216,0.119,0.155,0.471,NA
Pratt Farm,rel_sw_24in,217,0.124,0.159,0.455,NA
Pratt Farm,rel_sw_24in,218,0.122,0.152,0.436,NA
Pratt Farm,rel_sw_24in,219,0.119,0.158,0.415,NA
Pratt Farm,rel_sw_24in,220,0.115,0.151,0.395,NA
Pratt Farm,rel_sw_24in,221,0.118,0.158,0.383,NA
Pratt Farm,rel_sw_24in,222,0.12,0.154,0.376,NA
Pratt Farm,rel_sw_24in,223,0.117,0.153,0.382,NA
Pratt Farm,rel_sw_24in,224,0.11,0.154,0.381,NA
Pratt Farm,rel_sw_24in,225,0.116,0.157,0.387,NA
Pratt Farm,rel_sw_24in,226,0.115,0.145,0.37,NA
Pratt Farm,rel_sw_24in,227,0.113,0.143,0.352,NA
Pratt Farm,rel_sw_24in,228,0.114,0.146,0.336,NA
Pratt Farm,rel_sw_24in,229,0.113,0.146,0.321,NA
Pratt Farm,rel_sw_24in,230,0.107,0.153,0.326,NA
Pratt Farm,rel_sw_24in,231,0.105,0.147,0.352,NA
Pratt Farm,rel_sw_24in,232,0.112,0.139,0.363,NA
Pratt Farm,rel_sw_24in,233,0.107,0.144,0.381,NA
Pratt Farm,rel_sw_24in,234,0.109,0.142,0.392,NA
Pratt Farm,rel_sw_24in,235,0.105,0.14,0.403,NA
Pratt Farm,rel_sw_24in,236,0.102,0.138,0.424,NA
Pratt Farm,rel_sw_24in,237,0.105,0.142,0.42,NA
Pratt Farm,rel_sw_24in,238,0.106,0.133,0.415,NA
Pratt Farm,rel_sw_24in,239,0.105,0.135,0.399,NA
Pratt Farm,rel_sw_24in,240,0.102,0.131,0.379,NA
Pratt Farm,rel_sw_24in,241,0.108,0.13,0.36,NA
Pratt Farm,rel_sw_24in,242,0.107,0.13,0.348,NA
Pratt Farm,rel_sw_24in,243,0.107,0.131,0.383,NA
Pratt Farm,rel_sw_24in,244,0.105,0.129,0.417,NA
Pratt Farm,rel_sw_24in,245,0.106,0.132,0.432,NA
Pratt Farm,rel_sw_24in,246,0.103,0.132,0.49,NA
Pratt Farm,rel_sw_24in,247,0.107,0.139,0.505,NA
Pratt Farm,rel_sw_24in,248,0.106,0.134,0.504,NA
Pratt Farm,rel_sw_24in,249,0.107,0.138,0.497,NA
Pratt Farm,rel_sw_24in,250,0.1,0.143,0.482,NA
Pratt Farm,rel_sw_24in,251,0.107,0.146,0.463,NA
Pratt Farm,rel_sw_24in,252,0.104,0.151,0.448,NA
Pratt Farm,rel_sw_24in,253,0.105,0.139,0.446,NA
Pratt Farm,rel_sw_24in,254,0.102,0.153,0.433,NA
Pratt Farm,rel_sw_24in,255,0.098,0.156,0.414,NA
Pratt Farm,rel_sw_24in,256,0.101,0.16,0.401,NA
Pratt Farm,rel_sw_24in,257,0.1,0.159,0.443,NA
Pratt Farm,rel_sw_24in,258,0.101,0.153,0.439,NA
Pratt Farm,rel_sw_24in,259,0.109,0.151,0.485,NA
Pratt Farm,rel_sw_24in,260,0.105,0.167,0.551,NA
Pratt Farm,rel_sw_24in,261,0.106,0.174,0.596,NA
Pratt Farm,rel_sw_24in,262,0.104,0.178,0.6,NA
Pratt Farm,rel_sw_24in,263,0.101,0.181,0.589,NA
Pratt Farm,rel_sw_24in,264,0.099,0.18,0.61,NA
Pratt Farm,rel_sw_24in,265,0.097,0.187,0.617,NA
Pratt Farm,rel_sw_24in,266,0.096,0.188,0.597,NA
Pratt Farm,rel_sw_24in,267,0.094,0.194,0.592,NA
Pratt Farm,rel_sw_24in,268,0.093,0.192,0.563,NA
Pratt Farm,rel_sw_24in,269,0.091,0.199,0.543,NA
Pratt Farm,rel_sw_24in,270,0.09,0.194,0.518,NA
Pratt Farm,rel_sw_24in,271,0.089,0.19,0.495,NA
Pratt Farm,rel_sw_24in,272,0.088,0.203,0.471,NA
Pratt Farm,rel_sw_24in,273,0.087,0.204,0.45,NA
Pratt Farm,rel_sw_24in,274,0.086,0.203,0.503,NA
Pratt Farm,rel_sw_24in,275,0.085,0.202,0.487,NA
Pratt Farm,rel_sw_24in,276,0.084,0.211,0.476,NA
Pratt Farm,rel_sw_24in,277,0.083,0.219,0.541,NA
Pratt Farm,rel_sw_24in,278,0.082,0.218,0.528,NA
Pratt Farm,rel_sw_24in,279,0.081,0.224,0.545,NA
Pratt Farm,rel_sw_24in,280,0.08,0.233,0.546,NA
Pratt Farm,rel_sw_24in,281,0.08,0.234,0.541,NA
Pratt Farm,rel_sw_24in,282,0.079,0.252,0.572,NA
Pratt Farm,rel_sw_24in,283,0.078,0.252,0.561,NA
Pratt Farm,rel_sw_24in,284,0.077,0.25,0.574,NA
Pratt Farm,rel_sw_24in,285,0.076,0.262,0.611,NA
Pratt Farm,rel_sw_24in,286,0.076,0.264,0.686,NA
Pratt Farm,rel_sw_24in,287,0.075,0.269,0.689,NA
Pratt Farm,rel_sw_24in,288,0.074,0.274,0.725,NA
Pratt Farm,rel_sw_24in,289,0.074,0.277,0.711,NA
Pratt Farm,rel_sw_24in,290,0.073,0.282,0.695,NA
Pratt Farm,rel_sw_24in,291,0.072,0.281,0.679,NA
Pratt Farm,rel_sw_24in,292,0.072,0.281,0.662,NA
Pratt Farm,rel_sw_24in,293,0.071,0.28,0.645,NA
Pratt Farm,rel_sw_24in,294,0.07,0.283,0.641,NA
Pratt Farm,rel_sw_24in,295,0.07,0.28,0.702,NA
Pratt Farm,rel_sw_24in,296,0.121,0.292,0.688,NA
Pratt Farm,rel_sw_24in,297,0.136,0.3,0.671,NA
Pratt Farm,rel_sw_24in,298,0.133,0.322,0.655,NA
Pratt Farm,rel_sw_24in,299,0.131,0.32,0.687,NA
Pratt Farm,rel_sw_24in,300,0.139,0.328,0.715,NA
Pratt Farm,rel_sw_24in,301,0.139,0.333,0.702,NA
Pratt Farm,rel_sw_24in,302,0.139,0.34,0.762,NA
Pratt Farm,rel_sw_24in,303,0.138,0.348,0.815,NA
Pratt Farm,rel_sw_24in,304,0.15,0.348,0.798,NA
Pratt Farm,rel_sw_24in,305,0.152,0.343,0.782,NA
Pratt Farm,rel_sw_24in,306,0.156,0.339,0.765,NA
Pratt Farm,rel_sw_24in,307,0.153,0.335,0.748,NA
Pratt Farm,rel_sw_24in,308,0.151,0.345,0.731,NA
Pratt Farm,rel_sw_24in,309,0.149,0.345,0.716,NA
Pratt Farm,rel_sw_24in,310,0.148,0.348,0.701,NA
Pratt Farm,rel_sw_24in,311,0.146,0.361,0.686,NA
Pratt Farm,rel_sw_24in,312,0.177,0.356,0.672,NA
Pratt Farm,rel_sw_24in,313,0.173,0.36,0.657,NA
Pratt Farm,rel_sw_24in,314,0.168,0.353,0.643,NA
Pratt Farm,rel_sw_24in,315,0.163,0.363,0.628,NA
Pratt Farm,rel_sw_24in,316,0.16,0.364,0.614,NA
Pratt Farm,rel_sw_24in,317,0.158,0.357,0.599,NA
Pratt Farm,rel_sw_24in,318,0.158,0.36,0.585,NA
Pratt Farm,rel_sw_24in,319,0.183,0.358,0.574,NA
Pratt Farm,rel_sw_24in,320,0.186,0.357,0.594,NA
Pratt Farm,rel_sw_24in,321,0.186,0.353,0.579,NA
Pratt Farm,rel_sw_24in,322,0.185,0.347,0.564,NA
Pratt Farm,rel_sw_24in,323,0.202,0.343,0.547,NA
Pratt Farm,rel_sw_24in,324,0.2,0.342,0.531,NA
Pratt Farm,rel_sw_24in,325,0.197,0.362,0.52,NA
Pratt Farm,rel_sw_24in,326,0.2,0.364,0.506,NA
Pratt Farm,rel_sw_24in,327,0.21,0.363,0.489,NA
Pratt Farm,rel_sw_24in,328,0.207,0.361,0.511,NA
Pratt Farm,rel_sw_24in,329,0.208,0.362,0.519,NA
Pratt Farm,rel_sw_24in,330,0.204,0.357,0.511,NA
Pratt Farm,rel_sw_24in,331,0.202,0.375,0.534,NA
Pratt Farm,rel_sw_24in,332,0.2,0.378,0.518,NA
Pratt Farm,rel_sw_24in,333,0.198,0.383,0.528,NA
Pratt Farm,rel_sw_24in,334,0.196,0.386,0.523,NA
Pratt Farm,rel_sw_24in,335,0.195,0.383,0.525,NA
Pratt Farm,rel_sw_24in,336,0.211,0.381,0.515,NA
Pratt Farm,rel_sw_24in,337,0.231,0.379,0.499,NA
Pratt Farm,rel_sw_24in,338,0.245,0.379,0.507,NA
Pratt Farm,rel_sw_24in,339,0.257,0.369,0.5,NA
Pratt Farm,rel_sw_24in,340,0.256,0.369,0.501,NA
Pratt Farm,rel_sw_24in,341,0.272,0.372,0.493,NA
Pratt Farm,rel_sw_24in,342,0.27,0.369,0.481,NA
Pratt Farm,rel_sw_24in,343,0.268,0.365,0.514,NA
Pratt Farm,rel_sw_24in,344,0.264,0.379,0.508,NA
Pratt Farm,rel_sw_24in,345,0.26,0.37,0.506,NA
Pratt Farm,rel_sw_24in,346,0.257,0.386,0.529,NA
Pratt Farm,rel_sw_24in,347,0.255,0.394,0.561,NA
Pratt Farm,rel_sw_24in,348,0.253,0.385,0.55,NA
Pratt Farm,rel_sw_24in,349,0.252,0.388,0.579,NA
Pratt Farm,rel_sw_24in,350,0.263,0.385,0.634,NA
Pratt Farm,rel_sw_24in,351,0.276,0.388,0.647,NA
Pratt Farm,rel_sw_24in,352,0.283,0.4,0.626,NA
Pratt Farm,rel_sw_24in,353,0.284,0.394,0.602,NA
Pratt Farm,rel_sw_24in,354,0.283,0.387,0.587,NA
Pratt Farm,rel_sw_24in,355,0.283,0.389,0.568,NA
Pratt Farm,rel_sw_24in,356,0.283,0.382,0.569,NA
Pratt Farm,rel_sw_24in,357,0.283,0.4,0.554,NA
Pratt Farm,rel_sw_24in,358,0.282,0.398,0.538,NA
Pratt Farm,rel_sw_24in,359,0.28,0.393,0.523,NA
Pratt Farm,rel_sw_24in,360,0.277,0.389,0.596,NA
Pratt Farm,rel_sw_24in,361,0.275,0.387,0.616,NA
Pratt Farm,rel_sw_24in,362,0.275,0.396,0.603,NA
Pratt Farm,rel_sw_24in,363,0.29,0.393,0.588,NA
Pratt Farm,rel_sw_24in,364,0.299,0.391,0.579,NA
Pratt Farm,rel_sw_24in,365,0.298,0.388,0.575,NA
Pratt Farm,rel_sw_24in,366,0.353,0.43,0.508,NA
Pratt Farm,rel_sw_6in,1,0.272,0.281,0.435,0.272
Pratt Farm,rel_sw_6in,2,0.259,0.28,0.534,0.264
Pratt Farm,rel_sw_6in,3,0.25,0.283,0.513,0.258
Pratt Farm,rel_sw_6in,4,0.239,0.283,0.441,0.252
Pratt Farm,rel_sw_6in,5,0.223,0.291,0.449,0.237
Pratt Farm,rel_sw_6in,6,0.211,0.294,0.54,0.224
Pratt Farm,rel_sw_6in,7,0.198,0.301,0.559,0.208
Pratt Farm,rel_sw_6in,8,0.191,0.301,0.488,0.206
Pratt Farm,rel_sw_6in,9,0.191,0.31,0.457,0.33
Pratt Farm,rel_sw_6in,10,0.185,0.3,0.535,0.316
Pratt Farm,rel_sw_6in,11,0.179,0.304,0.597,0.291
Pratt Farm,rel_sw_6in,12,0.178,0.3,0.489,0.276
Pratt Farm,rel_sw_6in,13,0.173,0.296,0.531,0.26
Pratt Farm,rel_sw_6in,14,0.169,0.281,0.613,0.247
Pratt Farm,rel_sw_6in,15,0.164,0.278,0.656,0.235
Pratt Farm,rel_sw_6in,16,0.166,0.296,0.532,0.225
Pratt Farm,rel_sw_6in,17,0.16,0.298,0.523,0.217
Pratt Farm,rel_sw_6in,18,0.156,0.325,0.596,0.211
Pratt Farm,rel_sw_6in,19,0.152,0.3,0.562,0.204
Pratt Farm,rel_sw_6in,20,0.148,0.297,0.519,0.199
Pratt Farm,rel_sw_6in,21,0.144,0.293,0.424,0.355
Pratt Farm,rel_sw_6in,22,0.14,0.313,0.51,0.32
Pratt Farm,rel_sw_6in,23,0.137,0.306,0.624,0.332
Pratt Farm,rel_sw_6in,24,0.134,0.3,0.612,0.435
Pratt Farm,rel_sw_6in,25,0.13,0.293,0.562,0.457
Pratt Farm,rel_sw_6in,26,0.127,0.279,0.582,0.398
Pratt Farm,rel_sw_6in,27,0.124,0.287,0.545,0.357
Pratt Farm,rel_sw_6in,28,0.124,0.282,0.458,0.319
Pratt Farm,rel_sw_6in,29,0.138,0.293,0.581,0.293
Pratt Farm,rel_sw_6in,30,0.131,0.285,0.592,0.272
Pratt Farm,rel_sw_6in,31,0.125,0.278,0.543,0.264
Pratt Farm,rel_sw_6in,32,0.121,0.274,0.52,0.248
Pratt Farm,rel_sw_6in,33,0.118,0.274,0.559,0.23
Pratt Farm,rel_sw_6in,34,0.129,0.288,0.581,0.27
Pratt Farm,rel_sw_6in,35,0.116,0.289,0.491,0.257
Pratt Farm,rel_sw_6in,36,0.191,0.292,0.479,0.239
Pratt Farm,rel_sw_6in,37,0.187,0.298,0.477,0.23
Pratt Farm,rel_sw_6in,38,0.183,0.282,0.483,0.222
Pratt Farm,rel_sw_6in,39,0.179,0.265,0.488,0.215
Pratt Farm,rel_sw_6in,40,0.175,0.277,0.435,0.208
Pratt Farm,rel_sw_6in,41,0.171,0.295,0.6,0.203
Pratt Farm,rel_sw_6in,42,0.167,0.294,0.624,0.202
Pratt Farm,rel_sw_6in,43,0.164,0.311,0.653,0.197
Pratt Farm,rel_sw_6in,44,0.161,0.289,0.52,0.192
Pratt Farm,rel_sw_6in,45,0.167,0.298,0.543,0.393
Pratt Farm,rel_sw_6in,46,0.164,0.308,0.562,0.433
Pratt Farm,rel_sw_6in,47,0.171,0.29,0.678,0.371
Pratt Farm,rel_sw_6in,48,0.175,0.287,0.53,0.328
Pratt Farm,rel_sw_6in,49,0.176,0.274,0.492,0.297
Pratt Farm,rel_sw_6in,50,0.198,0.286,0.502,0.269
Pratt Farm,rel_sw_6in,51,0.193,0.281,0.489,0.255
Pratt Farm,rel_sw_6in,52,0.188,0.3,0.535,0.244
Pratt Farm,rel_sw_6in,53,0.183,0.299,0.59,0.236
Pratt Farm,rel_sw_6in,54,0.179,0.296,0.554,0.229
Pratt Farm,rel_sw_6in,55,0.187,0.296,0.615,0.223
Pratt Farm,rel_sw_6in,56,0.182,0.308,0.497,0.217
Pratt Farm,rel_sw_6in,57,0.178,0.305,0.557,0.212
Pratt Farm,rel_sw_6in,58,0.174,0.301,0.553,0.207
Pratt Farm,rel_sw_6in,59,0.169,0.285,0.585,0.203
Pratt Farm,rel_sw_6in,60,0.166,0.29,0.634,0.198
Pratt Farm,rel_sw_6in,61,0.162,0.283,0.57,0.194
Pratt Farm,rel_sw_6in,62,0.158,0.279,0.521,0.19
Pratt Farm,rel_sw_6in,63,0.155,0.298,0.463,0.186
Pratt Farm,rel_sw_6in,64,0.151,0.291,0.49,0.183
Pratt Farm,rel_sw_6in,65,0.148,0.287,0.434,0.208
Pratt Farm,rel_sw_6in,66,0.145,0.273,0.555,0.383
Pratt Farm,rel_sw_6in,67,0.142,0.276,0.705,0.356
Pratt Farm,rel_sw_6in,68,0.139,0.293,0.557,0.331
Pratt Farm,rel_sw_6in,69,0.159,0.28,0.661,0.385
Pratt Farm,rel_sw_6in,70,0.203,0.292,0.755,0.511
Pratt Farm,rel_sw_6in,71,0.196,0.285,0.66,0.408
Pratt Farm,rel_sw_6in,72,0.201,0.267,0.586,0.338
Pratt Farm,rel_sw_6in,73,0.203,0.275,0.494,0.305
Pratt Farm,rel_sw_6in,74,0.203,0.284,0.46,0.328
Pratt Farm,rel_sw_6in,75,0.199,0.304,0.522,0.289
Pratt Farm,rel_sw_6in,76,0.193,0.288,0.456,0.265
Pratt Farm,rel_sw_6in,77,0.195,0.281,0.537,0.25
Pratt Farm,rel_sw_6in,78,0.19,0.275,0.61,0.239
Pratt Farm,rel_sw_6in,79,0.199,0.276,0.642,0.23
Pratt Farm,rel_sw_6in,80,0.195,0.273,0.513,0.223
Pratt Farm,rel_sw_6in,81,0.19,0.257,0.604,0.217
Pratt Farm,rel_sw_6in,82,0.185,0.257,0.494,0.211
Pratt Farm,rel_sw_6in,83,0.181,0.277,0.43,0.206
Pratt Farm,rel_sw_6in,84,0.177,0.289,0.483,0.201
Pratt Farm,rel_sw_6in,85,0.173,0.284,0.408,0.196
Pratt Farm,rel_sw_6in,86,0.182,0.266,0.473,0.192
Pratt Farm,rel_sw_6in,87,0.17,0.271,0.527,0.188
Pratt Farm,rel_sw_6in,88,0.169,0.273,0.616,0.184
Pratt Farm,rel_sw_6in,89,0.165,0.286,0.516,0.18
Pratt Farm,rel_sw_6in,90,0.162,0.293,0.5,0.176
Pratt Farm,rel_sw_6in,91,0.158,0.273,0.43,0.172
Pratt Farm,rel_sw_6in,92,0.155,0.269,0.52,0.175
Pratt Farm,rel_sw_6in,93,0.152,0.275,0.476,0.212
Pratt Farm,rel_sw_6in,94,0.202,0.282,0.547,0.433
Pratt Farm,rel_sw_6in,95,0.197,0.29,0.693,0.354
Pratt Farm,rel_sw_6in,96,0.193,0.286,0.56,0.307
Pratt Farm,rel_sw_6in,97,0.208,0.296,0.621,0.286
Pratt Farm,rel_sw_6in,98,0.202,0.284,0.504,0.271
Pratt Farm,rel_sw_6in,99,0.197,0.274,0.439,0.26
Pratt Farm,rel_sw_6in,100,0.192,0.267,0.58,0.252
Pratt Farm,rel_sw_6in,101,0.192,0.28,0.645,0.245
Pratt Farm,rel_sw_6in,102,0.188,0.287,0.537,0.238
Pratt Farm,rel_sw_6in,103,0.185,0.321,0.605,0.233
Pratt Farm,rel_sw_6in,104,0.181,0.307,0.644,0.228
Pratt Farm,rel_sw_6in,105,0.178,0.292,0.49,0.223
Pratt Farm,rel_sw_6in,106,0.175,0.28,0.396,0.22
Pratt Farm,rel_sw_6in,107,0.172,0.263,0.386,0.216
Pratt Farm,rel_sw_6in,108,0.168,0.264,0.478,0.283
Pratt Farm,rel_sw_6in,109,0.166,0.265,0.42,0.255
Pratt Farm,rel_sw_6in,110,0.188,0.257,0.482,0.247
Pratt Farm,rel_sw_6in,111,0.184,0.264,0.55,0.241
Pratt Farm,rel_sw_6in,112,0.18,0.263,0.512,0.238
Pratt Farm,rel_sw_6in,113,0.184,0.27,0.55,0.233
Pratt Farm,rel_sw_6in,114,0.181,0.274,0.456,0.375
Pratt Farm,rel_sw_6in,115,0.177,0.279,0.459,0.447
Pratt Farm,rel_sw_6in,116,0.174,0.293,0.551,0.424
Pratt Farm,rel_sw_6in,117,0.17,0.281,0.593,0.365
Pratt Farm,rel_sw_6in,118,0.167,0.284,0.629,0.339
Pratt Farm,rel_sw_6in,119,0.164,0.268,0.565,0.37
Pratt Farm,rel_sw_6in,120,0.161,0.285,0.45,0.334
Pratt Farm,rel_sw_6in,121,0.158,0.298,0.488,0.312
Pratt Farm,rel_sw_6in,122,0.212,0.28,0.499,0.279
Pratt Farm,rel_sw_6in,123,0.208,0.29,0.561,0.259
Pratt Farm,rel_sw_6in,124,0.204,0.277,0.532,0.246
Pratt Farm,rel_sw_6in,125,0.2,0.284,0.469,0.236
Pratt Farm,rel_sw_6in,126,0.197,0.274,0.541,0.279
Pratt Farm,rel_sw_6in,127,0.193,0.254,0.465,0.244
Pratt Farm,rel_sw_6in,128,0.19,0.276,0.496,0.241
Pratt Farm,rel_sw_6in,129,0.197,0.271,0.489,0.257
Pratt Farm,rel_sw_6in,130,0.192,0.263,0.562,0.236
Pratt Farm,rel_sw_6in,131,0.188,0.269,0.612,0.229
Pratt Farm,rel_sw_6in,132,0.184,0.253,0.602,0.222
Pratt Farm,rel_sw_6in,133,0.179,0.251,0.534,0.216
Pratt Farm,rel_sw_6in,134,0.176,0.248,0.452,0.211
Pratt Farm,rel_sw_6in,135,0.172,0.257,0.469,0.206
Pratt Farm,rel_sw_6in,136,0.168,0.244,0.461,0.201
Pratt Farm,rel_sw_6in,137,0.165,0.245,0.479,0.196
Pratt Farm,rel_sw_6in,138,0.161,0.243,0.511,0.192
Pratt Farm,rel_sw_6in,139,0.158,0.246,0.474,0.309
Pratt Farm,rel_sw_6in,140,0.155,0.244,0.519,0.282
Pratt Farm,rel_sw_6in,141,0.151,0.244,0.472,0.322
Pratt Farm,rel_sw_6in,142,0.148,0.241,0.463,0.359
Pratt Farm,rel_sw_6in,143,0.145,0.259,0.423,0.428
Pratt Farm,rel_sw_6in,144,0.142,0.256,0.472,0.344
Pratt Farm,rel_sw_6in,145,0.14,0.254,0.454,0.293
Pratt Farm,rel_sw_6in,146,0.151,0.243,0.525,0.272
Pratt Farm,rel_sw_6in,147,0.148,0.277,0.562,0.269
Pratt Farm,rel_sw_6in,148,0.221,0.278,0.57,0.391
Pratt Farm,rel_sw_6in,149,0.222,0.273,0.445,0.317
Pratt Farm,rel_sw_6in,150,0.22,0.269,0.454,0.274
Pratt Farm,rel_sw_6in,151,0.214,0.269,0.481,0.252
Pratt Farm,rel_sw_6in,152,0.213,0.265,0.474,0.236
Pratt Farm,rel_sw_6in,153,0.22,0.263,0.475,0.283
Pratt Farm,rel_sw_6in,154,0.21,0.259,0.546,0.241
Pratt Farm,rel_sw_6in,155,0.216,0.258,0.471,0.226
Pratt Farm,rel_sw_6in,156,0.211,0.262,0.432,0.233
Pratt Farm,rel_sw_6in,157,0.203,0.267,0.405,0.272
Pratt Farm,rel_sw_6in,158,0.219,0.255,0.506,0.319
Pratt Farm,rel_sw_6in,159,0.217,0.25,0.498,0.285
Pratt Farm,rel_sw_6in,160,0.208,0.246,0.474,0.239
Pratt Farm,rel_sw_6in,161,0.222,0.289,0.436,0.219
Pratt Farm,rel_sw_6in,162,0.22,0.268,0.432,0.231
Pratt Farm,rel_sw_6in,163,0.214,0.261,0.462,0.274
Pratt Farm,rel_sw_6in,164,0.219,0.259,0.431,0.245
Pratt Farm,rel_sw_6in,165,0.218,0.251,0.481,0.262
Pratt Farm,rel_sw_6in,166,0.212,0.251,0.426,0.329
Pratt Farm,rel_sw_6in,167,0.224,0.281,0.45,0.28
Pratt Farm,rel_sw_6in,168,0.217,0.262,0.476,0.243
Pratt Farm,rel_sw_6in,169,0.216,0.259,0.432,0.24
Pratt Farm,rel_sw_6in,170,0.221,0.255,0.405,0.361
Pratt Farm,rel_sw_6in,171,0.207,0.255,0.486,0.439
Pratt Farm,rel_sw_6in,172,0.21,0.261,0.508,0.404
Pratt Farm,rel_sw_6in,173,0.222,0.256,0.461,0.399
Pratt Farm,rel_sw_6in,174,0.211,0.263,0.451,0.466
Pratt Farm,rel_sw_6in,175,0.22,0.259,0.49,0.519
Pratt Farm,rel_sw_6in,176,0.219,0.263,0.497,0.431
Pratt Farm,rel_sw_6in,177,0.219,0.267,0.481,0.362
Pratt Farm,rel_sw_6in,178,0.22,0.276,0.586,0.306
Pratt Farm,rel_sw_6in,179,0.226,0.276,0.596,0.267
Pratt Farm,rel_sw_6in,180,0.227,0.263,0.523,0.233
Pratt Farm,rel_sw_6in,181,0.218,0.276,0.589,0.248
Pratt Farm,rel_sw_6in,182,0.23,0.276,0.586,0.233
Pratt Farm,rel_sw_6in,183,0.223,0.275,0.546,0.268
Pratt Farm,rel_sw_6in,184,0.228,0.284,0.465,0.3
Pratt Farm,rel_sw_6in,185,0.232,0.283,0.524,0.35
Pratt Farm,rel_sw_6in,186,0.236,0.283,0.472,0.32
Pratt Farm,rel_sw_6in,187,0.214,0.281,0.503,0.306
Pratt Farm,rel_sw_6in,188,0.225,0.276,0.415,0.294
Pratt Farm,rel_sw_6in,189,0.227,0.272,0.391,0.293
Pratt Farm,rel_sw_6in,190,0.23,0.278,0.513,0.275
Pratt Farm,rel_sw_6in,191,0.219,0.272,0.499,0.252
Pratt Farm,rel_sw_6in,192,0.22,0.272,0.439,0.287
Pratt Farm,rel_sw_6in,193,0.23,0.277,0.517,0.314
Pratt Farm,rel_sw_6in,194,0.244,0.282,0.509,0.336
Pratt Farm,rel_sw_6in,195,0.233,0.283,0.468,0.295
Pratt Farm,rel_sw_6in,196,0.218,0.282,0.507,0.304
Pratt Farm,rel_sw_6in,197,0.24,0.276,0.502,0.274
Pratt Farm,rel_sw_6in,198,0.222,0.281,0.467,0.255
Pratt Farm,rel_sw_6in,199,0.243,0.28,0.495,0.228
Pratt Farm,rel_sw_6in,200,0.244,0.276,0.464,0.275
Pratt Farm,rel_sw_6in,201,0.226,0.273,0.415,0.26
Pratt Farm,rel_sw_6in,202,0.227,0.278,0.501,0.273
Pratt Farm,rel_sw_6in,203,0.241,0.275,0.459,0.258
Pratt Farm,rel_sw_6in,204,0.244,0.278,0.432,0.287
Pratt Farm,rel_sw_6in,205,0.241,0.278,0.359,0.311
Pratt Farm,rel_sw_6in,206,0.229,0.28,0.427,0.299
Pratt Farm,rel_sw_6in,207,0.231,0.276,0.444,0.263
Pratt Farm,rel_sw_6in,208,0.243,0.278,0.514,0.267
Pratt Farm,rel_sw_6in,209,0.228,0.28,0.52,0.272
Pratt Farm,rel_sw_6in,210,0.239,0.28,0.575,0.25
Pratt Farm,rel_sw_6in,211,0.236,0.285,0.607,0.336
Pratt Farm,rel_sw_6in,212,0.227,0.277,0.474,0.319
Pratt Farm,rel_sw_6in,213,0.223,0.289,0.53,0.283
Pratt Farm,rel_sw_6in,214,0.229,0.278,0.461,NA
Pratt Farm,rel_sw_6in,215,0.231,0.276,0.478,NA
Pratt Farm,rel_sw_6in,216,0.236,0.271,0.511,NA
Pratt Farm,rel_sw_6in,217,0.239,0.278,0.451,NA
Pratt Farm,rel_sw_6in,218,0.235,0.279,0.494,NA
Pratt Farm,rel_sw_6in,219,0.239,0.281,0.482,NA
Pratt Farm,rel_sw_6in,220,0.237,0.278,0.456,NA
Pratt Farm,rel_sw_6in,221,0.238,0.282,0.454,NA
Pratt Farm,rel_sw_6in,222,0.238,0.281,0.394,NA
Pratt Farm,rel_sw_6in,223,0.233,0.281,0.489,NA
Pratt Farm,rel_sw_6in,224,0.221,0.284,0.583,NA
Pratt Farm,rel_sw_6in,225,0.24,0.283,0.643,NA
Pratt Farm,rel_sw_6in,226,0.222,0.278,0.487,NA
Pratt Farm,rel_sw_6in,227,0.233,0.279,0.437,NA
Pratt Farm,rel_sw_6in,228,0.249,0.278,0.476,NA
Pratt Farm,rel_sw_6in,229,0.239,0.277,0.612,NA
Pratt Farm,rel_sw_6in,230,0.235,0.279,0.532,NA
Pratt Farm,rel_sw_6in,231,0.224,0.277,0.513,NA
Pratt Farm,rel_sw_6in,232,0.226,0.281,0.463,NA
Pratt Farm,rel_sw_6in,233,0.235,0.278,0.512,NA
Pratt Farm,rel_sw_6in,234,0.237,0.283,0.498,NA
Pratt Farm,rel_sw_6in,235,0.238,0.273,0.563,NA
Pratt Farm,rel_sw_6in,236,0.223,0.277,0.466,NA
Pratt Farm,rel_sw_6in,237,0.245,0.276,0.386,NA
Pratt Farm,rel_sw_6in,238,0.243,0.279,0.343,NA
Pratt Farm,rel_sw_6in,239,0.241,0.279,0.518,NA
Pratt Farm,rel_sw_6in,240,0.227,0.276,0.671,NA
Pratt Farm,rel_sw_6in,241,0.227,0.279,0.588,NA
Pratt Farm,rel_sw_6in,242,0.237,0.278,0.509,NA
Pratt Farm,rel_sw_6in,243,0.23,0.278,0.536,NA
Pratt Farm,rel_sw_6in,244,0.245,0.281,0.554,NA
Pratt Farm,rel_sw_6in,245,0.242,0.283,0.48,NA
Pratt Farm,rel_sw_6in,246,0.233,0.279,0.551,NA
Pratt Farm,rel_sw_6in,247,0.238,0.275,0.69,NA
Pratt Farm,rel_sw_6in,248,0.233,0.281,0.559,NA
Pratt Farm,rel_sw_6in,249,0.235,0.277,0.455,NA
Pratt Farm,rel_sw_6in,250,0.245,0.277,0.375,NA
Pratt Farm,rel_sw_6in,251,0.236,0.276,0.428,NA
Pratt Farm,rel_sw_6in,252,0.225,0.276,0.444,NA
Pratt Farm,rel_sw_6in,253,0.231,0.275,0.405,NA
Pratt Farm,rel_sw_6in,254,0.224,0.282,0.473,NA
Pratt Farm,rel_sw_6in,255,0.224,0.279,0.617,NA
Pratt Farm,rel_sw_6in,256,0.21,0.278,0.603,NA
Pratt Farm,rel_sw_6in,257,0.2,0.278,0.646,NA
Pratt Farm,rel_sw_6in,258,0.192,0.269,0.637,NA
Pratt Farm,rel_sw_6in,259,0.192,0.267,0.622,NA
Pratt Farm,rel_sw_6in,260,0.184,0.266,0.661,NA
Pratt Farm,rel_sw_6in,261,0.177,0.26,0.623,NA
Pratt Farm,rel_sw_6in,262,0.171,0.267,0.505,NA
Pratt Farm,rel_sw_6in,263,0.166,0.255,0.505,NA
Pratt Farm,rel_sw_6in,264,0.16,0.26,0.451,NA
Pratt Farm,rel_sw_6in,265,0.155,0.255,0.457,NA
Pratt Farm,rel_sw_6in,266,0.151,0.25,0.538,NA
Pratt Farm,rel_sw_6in,267,0.161,0.252,0.593,NA
Pratt Farm,rel_sw_6in,268,0.161,0.254,0.579,NA
Pratt Farm,rel_sw_6in,269,0.157,0.253,0.454,NA
Pratt Farm,rel_sw_6in,270,0.153,0.237,0.492,NA
Pratt Farm,rel_sw_6in,271,0.149,0.233,0.515,NA
Pratt Farm,rel_sw_6in,272,0.145,0.239,0.414,NA
Pratt Farm,rel_sw_6in,273,0.142,0.233,0.375,NA
Pratt Farm,rel_sw_6in,274,0.138,0.227,0.443,NA
Pratt Farm,rel_sw_6in,275,0.135,0.224,0.482,NA
Pratt Farm,rel_sw_6in,276,0.132,0.228,0.413,NA
Pratt Farm,rel_sw_6in,277,0.129,0.224,0.544,NA
Pratt Farm,rel_sw_6in,278,0.126,0.23,0.511,NA
Pratt Farm,rel_sw_6in,279,0.123,0.229,0.554,NA
Pratt Farm,rel_sw_6in,280,0.12,0.236,0.445,NA
Pratt Farm,rel_sw_6in,281,0.117,0.248,0.545,NA
Pratt Farm,rel_sw_6in,282,0.114,0.25,0.587,NA
Pratt Farm,rel_sw_6in,283,0.112,0.249,0.575,NA
Pratt Farm,rel_sw_6in,284,0.109,0.239,0.652,NA
Pratt Farm,rel_sw_6in,285,0.106,0.243,0.561,NA
Pratt Farm,rel_sw_6in,286,0.104,0.235,0.678,NA
Pratt Farm,rel_sw_6in,287,0.101,0.248,0.576,NA
Pratt Farm,rel_sw_6in,288,0.099,0.249,0.595,NA
Pratt Farm,rel_sw_6in,289,0.096,0.274,0.513,NA
Pratt Farm,rel_sw_6in,290,0.094,0.269,0.496,NA
Pratt Farm,rel_sw_6in,291,0.091,0.27,0.5,NA
Pratt Farm,rel_sw_6in,292,0.089,0.267,0.6,NA
Pratt Farm,rel_sw_6in,293,0.087,0.255,0.552,NA
Pratt Farm,rel_sw_6in,294,0.103,0.248,0.497,NA
Pratt Farm,rel_sw_6in,295,0.1,0.247,0.502,NA
Pratt Farm,rel_sw_6in,296,0.107,0.247,0.567,NA
Pratt Farm,rel_sw_6in,297,0.105,0.244,0.529,NA
Pratt Farm,rel_sw_6in,298,0.102,0.277,0.483,NA
Pratt Farm,rel_sw_6in,299,0.1,0.27,0.502,NA
Pratt Farm,rel_sw_6in,300,0.098,0.303,0.497,NA
Pratt Farm,rel_sw_6in,301,0.095,0.291,0.478,NA
Pratt Farm,rel_sw_6in,302,0.093,0.279,0.609,NA
Pratt Farm,rel_sw_6in,303,0.091,0.277,0.66,NA
Pratt Farm,rel_sw_6in,304,0.136,0.274,0.578,NA
Pratt Farm,rel_sw_6in,305,0.163,0.287,0.47,NA
Pratt Farm,rel_sw_6in,306,0.189,0.286,0.488,NA
Pratt Farm,rel_sw_6in,307,0.185,0.278,0.529,NA
Pratt Farm,rel_sw_6in,308,0.182,0.28,0.485,NA
Pratt Farm,rel_sw_6in,309,0.178,0.275,0.533,NA
Pratt Farm,rel_sw_6in,310,0.175,0.274,0.469,NA
Pratt Farm,rel_sw_6in,311,0.172,0.276,0.573,NA
Pratt Farm,rel_sw_6in,312,0.178,0.286,0.558,NA
Pratt Farm,rel_sw_6in,313,0.174,0.277,0.599,NA
Pratt Farm,rel_sw_6in,314,0.17,0.268,0.501,NA
Pratt Farm,rel_sw_6in,315,0.166,0.28,0.494,NA
Pratt Farm,rel_sw_6in,316,0.163,0.283,0.503,NA
Pratt Farm,rel_sw_6in,317,0.159,0.278,0.492,NA
Pratt Farm,rel_sw_6in,318,0.156,0.274,0.423,NA
Pratt Farm,rel_sw_6in,319,0.153,0.272,0.479,NA
Pratt Farm,rel_sw_6in,320,0.149,0.287,0.629,NA
Pratt Farm,rel_sw_6in,321,0.146,0.271,0.509,NA
Pratt Farm,rel_sw_6in,322,0.15,0.274,0.499,NA
Pratt Farm,rel_sw_6in,323,0.149,0.27,0.565,NA
Pratt Farm,rel_sw_6in,324,0.144,0.272,0.569,NA
Pratt Farm,rel_sw_6in,325,0.163,0.274,0.467,NA
Pratt Farm,rel_sw_6in,326,0.16,0.274,0.493,NA
Pratt Farm,rel_sw_6in,327,0.165,0.277,0.472,NA
Pratt Farm,rel_sw_6in,328,0.181,0.288,0.542,NA
Pratt Farm,rel_sw_6in,329,0.177,0.294,0.623,NA
Pratt Farm,rel_sw_6in,330,0.173,0.305,0.504,NA
Pratt Farm,rel_sw_6in,331,0.169,0.315,0.564,NA
Pratt Farm,rel_sw_6in,332,0.165,0.297,0.596,NA
Pratt Farm,rel_sw_6in,333,0.162,0.3,0.641,NA
Pratt Farm,rel_sw_6in,334,0.158,0.303,0.533,NA
Pratt Farm,rel_sw_6in,335,0.155,0.288,0.554,NA
Pratt Farm,rel_sw_6in,336,0.152,0.284,0.558,NA
Pratt Farm,rel_sw_6in,337,0.148,0.277,0.602,NA
Pratt Farm,rel_sw_6in,338,0.145,0.275,0.549,NA
Pratt Farm,rel_sw_6in,339,0.142,0.292,0.601,NA
Pratt Farm,rel_sw_6in,340,0.139,0.295,0.507,NA
Pratt Farm,rel_sw_6in,341,0.205,0.29,0.484,NA
Pratt Farm,rel_sw_6in,342,0.204,0.291,0.603,NA
Pratt Farm,rel_sw_6in,343,0.214,0.304,0.595,NA
Pratt Farm,rel_sw_6in,344,0.209,0.303,0.535,NA
Pratt Farm,rel_sw_6in,345,0.208,0.297,0.547,NA
Pratt Farm,rel_sw_6in,346,0.21,0.302,0.577,NA
Pratt Farm,rel_sw_6in,347,0.207,0.314,0.601,NA
Pratt Farm,rel_sw_6in,348,0.203,0.301,0.548,NA
Pratt Farm,rel_sw_6in,349,0.196,0.311,0.577,NA
Pratt Farm,rel_sw_6in,350,0.196,0.309,0.643,NA
Pratt Farm,rel_sw_6in,351,0.192,0.298,0.603,NA
Pratt Farm,rel_sw_6in,352,0.188,0.292,0.526,NA
Pratt Farm,rel_sw_6in,353,0.184,0.288,0.551,NA
Pratt Farm,rel_sw_6in,354,0.18,0.302,0.512,NA
Pratt Farm,rel_sw_6in,355,0.176,0.296,0.495,NA
Pratt Farm,rel_sw_6in,356,0.173,0.29,0.512,NA
Pratt Farm,rel_sw_6in,357,0.169,0.297,0.505,NA
Pratt Farm,rel_sw_6in,358,0.173,0.292,0.637,NA
Pratt Farm,rel_sw_6in,359,0.175,0.295,0.622,NA
Pratt Farm,rel_sw_6in,360,0.17,0.304,0.763,NA
Pratt Farm,rel_sw_6in,361,0.166,0.302,0.681,NA
Pratt Farm,rel_sw_6in,362,0.18,0.297,0.598,NA
Pratt Farm,rel_sw_6in,363,0.166,0.306,0.583,NA
Pratt Farm,rel_sw_6in,364,0.162,0.31,0.502,NA
Pratt Farm,rel_sw_6in,365,0.158,0.302,0.554,NA
Pratt Farm,rel_sw_6in,366,0.257,0.325,0.573,NA
"RREC, Stuttgart",Biomass_kgha,1,0,0,0,0
"RREC, Stuttgart",Biomass_kgha,2,0,0,0,0
"RREC, Stuttgart",Biomass_kgha,3,0,0,0,0
"RREC, Stuttgart",Biomass_kgha,4,0,0,0,0
"RREC, Stuttgart",Biomass_kgha,5,0,0,0,0
"RREC, Stuttgart",Biomass_kgha,6,0,0,0,0
"RREC, Stuttgart",Biomass_kgha,7,0,0,0,0
"RREC, Stuttgart",Biomass_kgha,8,0,0,0,0
"RREC, Stuttgart",Biomass_kgha,9,0,0,0,0
"RREC, Stuttgart",Biomass_kgha,10,0,0,0,0
"RREC, Stuttgart",Biomass_kgha,11,0,0,0,0
"RREC, Stuttgart",Biomass_kgha,12,0,0,0,0
"RREC, Stuttgart",Biomass_kgha,13,0,0,0,0
"RREC, Stuttgart",Biomass_kgha,14,0,0,0,0
"RREC, Stuttgart",Biomass_kgha,15,0,0,0,0
"RREC, Stuttgart",Biomass_kgha,16,0,0,0,0
"RREC, Stuttgart",Biomass_kgha,17,0,0,0,0
"RREC, Stuttgart",Biomass_kgha,18,0,0,0,0
"RREC, Stuttgart",Biomass_kgha,19,0,0,0,0
"RREC, Stuttgart",Biomass_kgha,20,0,0,0,0
"RREC, Stuttgart",Biomass_kgha,21,0,0,0,0
"RREC, Stuttgart",Biomass_kgha,22,0,0,0,0
"RREC, Stuttgart",Biomass_kgha,23,0,0,0,0
"RREC, Stuttgart",Biomass_kgha,24,0,0,0,0
"RREC, Stuttgart",Biomass_kgha,25,0,0,0,0
"RREC, Stuttgart",Biomass_kgha,26,0,0,0,0
"RREC, Stuttgart",Biomass_kgha,27,0,0,0,0
"RREC, Stuttgart",Biomass_kgha,28,0,0,0,0
"RREC, Stuttgart",Biomass_kgha,29,0,0,0,0
"RREC, Stuttgart",Biomass_kgha,30,0,0,0,0
"RREC, Stuttgart",Biomass_kgha,31,0,0,0,0
"RREC, Stuttgart",Biomass_kgha,32,0,0,0,0
"RREC, Stuttgart",Biomass_kgha,33,0,0,0,0
"RREC, Stuttgart",Biomass_kgha,34,0,0,0,0
"RREC, Stuttgart",Biomass_kgha,35,0,0,0,0
"RREC, Stuttgart",Biomass_kgha,36,0,0,0,0
"RREC, Stuttgart",Biomass_kgha,37,0,0,0,0
"RREC, Stuttgart",Biomass_kgha,38,0,0,0,0
"RREC, Stuttgart",Biomass_kgha,39,0,0,0,0
"RREC, Stuttgart",Biomass_kgha,40,0,0,0,0
"RREC, Stuttgart",Biomass_kgha,41,0,0,0,0
"RREC, Stuttgart",Biomass_kgha,42,0,0,0,0
"RREC, Stuttgart",Biomass_kgha,43,0,0,0,0
"RREC, Stuttgart",Biomass_kgha,44,0,0,0,0
"RREC, Stuttgart",Biomass_kgha,45,0,0,0,0
"RREC, Stuttgart",Biomass_kgha,46,0,0,0,0
"RREC, Stuttgart",Biomass_kgha,47,0,0,0,0
"RREC, Stuttgart",Biomass_kgha,48,0,0,0,0
"RREC, Stuttgart",Biomass_kgha,49,0,0,0,0
"RREC, Stuttgart",Biomass_kgha,50,0,0,0,0
"RREC, Stuttgart",Biomass_kgha,51,0,0,0,0
"RREC, Stuttgart",Biomass_kgha,52,0,0,0,0
"RREC, Stuttgart",Biomass_kgha,53,0,0,0,0
"RREC, Stuttgart",Biomass_kgha,54,0,0,0,0
"RREC, Stuttgart",Biomass_kgha,55,0,0,0,0
"RREC, Stuttgart",Biomass_kgha,56,0,0,0,0
"RREC, Stuttgart",Biomass_kgha,57,0,0,0,0
"RREC, Stuttgart",Biomass_kgha,58,0,0,0,0
"RREC, Stuttgart",Biomass_kgha,59,0,0,0,0
"RREC, Stuttgart",Biomass_kgha,60,0,0,0,0
"RREC, Stuttgart",Biomass_kgha,61,0,0,0,0
"RREC, Stuttgart",Biomass_kgha,62,0,0,0,0
"RREC, Stuttgart",Biomass_kgha,63,0,0,0,0
"RREC, Stuttgart",Biomass_kgha,64,0,0,0,0
"RREC, Stuttgart",Biomass_kgha,65,0,0,0,0
"RREC, Stuttgart",Biomass_kgha,66,0,0,0,0
"RREC, Stuttgart",Biomass_kgha,67,0,0,0,0
"RREC, Stuttgart",Biomass_kgha,68,0,0,0,0
"RREC, Stuttgart",Biomass_kgha,69,0,0,0,0
"RREC, Stuttgart",Biomass_kgha,70,0,0,0,0
"RREC, Stuttgart",Biomass_kgha,71,0,0,0,0
"RREC, Stuttgart",Biomass_kgha,72,0,0,0,0
"RREC, Stuttgart",Biomass_kgha,73,0,0,0,0
"RREC, Stuttgart",Biomass_kgha,74,0,0,0,0
"RREC, Stuttgart",Biomass_kgha,75,0,0,0,0
"RREC, Stuttgart",Biomass_kgha,76,0,0,0,0
"RREC, Stuttgart",Biomass_kgha,77,0,0,0,0
"RREC, Stuttgart",Biomass_kgha,78,0,0,0,0
"RREC, Stuttgart",Biomass_kgha,79,0,0,0,0
"RREC, Stuttgart",Biomass_kgha,80,0,0,0,0
"RREC, Stuttgart",Biomass_kgha,81,0,0,0,0
"RREC, Stuttgart",Biomass_kgha,82,0,0,0,0
"RREC, Stuttgart",Biomass_kgha,83,0,0,0,0
"RREC, Stuttgart",Biomass_kgha,84,0,0,0,0
"RREC, Stuttgart",Biomass_kgha,85,0,0,0,0
"RREC, Stuttgart",Biomass_kgha,86,0,0,0,0
"RREC, Stuttgart",Biomass_kgha,87,0,0,0,0
"RREC, Stuttgart",Biomass_kgha,88,0,0,0,0
"RREC, Stuttgart",Biomass_kgha,89,0,0,0,0
"RREC, Stuttgart",Biomass_kgha,90,0,0,0,0
"RREC, Stuttgart",Biomass_kgha,91,0,0,0,0
"RREC, Stuttgart",Biomass_kgha,92,0,0,0,0
"RREC, Stuttgart",Biomass_kgha,93,0,0,0,0
"RREC, Stuttgart",Biomass_kgha,94,0,0,0,0
"RREC, Stuttgart",Biomass_kgha,95,0,0,0,0
"RREC, Stuttgart",Biomass_kgha,96,0,0,0,0
"RREC, Stuttgart",Biomass_kgha,97,0,0,0,0
"RREC, Stuttgart",Biomass_kgha,98,0,0,0,0
"RREC, Stuttgart",Biomass_kgha,99,0,0,0,0
"RREC, Stuttgart",Biomass_kgha,100,0,0,0,0
"RREC, Stuttgart",Biomass_kgha,101,0,0,0,0
"RREC, Stuttgart",Biomass_kgha,102,0,0,0,0
"RREC, Stuttgart",Biomass_kgha,103,0,0,0,0
"RREC, Stuttgart",Biomass_kgha,104,0,0,0,0
"RREC, Stuttgart",Biomass_kgha,105,0,0,0,0
"RREC, Stuttgart",Biomass_kgha,106,0,0,0,0
"RREC, Stuttgart",Biomass_kgha,107,0,0,0,0
"RREC, Stuttgart",Biomass_kgha,108,0,0,0,0
"RREC, Stuttgart",Biomass_kgha,109,0,0,0,0
"RREC, Stuttgart",Biomass_kgha,110,0,0,0,0
"RREC, Stuttgart",Biomass_kgha,111,0,0,0,0
"RREC, Stuttgart",Biomass_kgha,112,0,0,0,0
"RREC, Stuttgart",Biomass_kgha,113,0,0,0,0
"RREC, Stuttgart",Biomass_kgha,114,0,0,0,0
"RREC, Stuttgart",Biomass_kgha,115,0,0,0,0
"RREC, Stuttgart",Biomass_kgha,116,0,0,0,0
"RREC, Stuttgart",Biomass_kgha,117,0,0,0,0
"RREC, Stuttgart",Biomass_kgha,118,0,0,0,0
"RREC, Stuttgart",Biomass_kgha,119,0,0,0,0
"RREC, Stuttgart",Biomass_kgha,120,0,0,0,0
"RREC, Stuttgart",Biomass_kgha,121,0,0,0,0
"RREC, Stuttgart",Biomass_kgha,122,0,0,0,0
"RREC, Stuttgart",Biomass_kgha,123,0,0,0,0
"RREC, Stuttgart",Biomass_kgha,124,0,0,0,0
"RREC, Stuttgart",Biomass_kgha,125,0,0,0,0
"RREC, Stuttgart",Biomass_kgha,126,0,0,0,0
"RREC, Stuttgart",Biomass_kgha,127,0,0,0,0
"RREC, Stuttgart",Biomass_kgha,128,0,0,0,0
"RREC, Stuttgart",Biomass_kgha,129,0,0,0,0
"RREC, Stuttgart",Biomass_kgha,130,0,0,0,0
"RREC, Stuttgart",Biomass_kgha,131,0,0,0,0
"RREC, Stuttgart",Biomass_kgha,132,0,0,0,0
"RREC, Stuttgart",Biomass_kgha,133,0,0,0,0
"RREC, Stuttgart",Biomass_kgha,134,0,0,0,0
"RREC, Stuttgart",Biomass_kgha,135,0,0,0,0
"RREC, Stuttgart",Biomass_kgha,136,0,0,0,0
"RREC, Stuttgart",Biomass_kgha,137,0,0,0,0
"RREC, Stuttgart",Biomass_kgha,138,0,0,0,0
"RREC, Stuttgart",Biomass_kgha,139,0,0,0,0
"RREC, Stuttgart",Biomass_kgha,140,0,0,0,0
"RREC, Stuttgart",Biomass_kgha,141,0,0,0,0
"RREC, Stuttgart",Biomass_kgha,142,0,10,10,10
"RREC, Stuttgart",Biomass_kgha,143,10,10,10,10
"RREC, Stuttgart",Biomass_kgha,144,10,10,10,10
"RREC, Stuttgart",Biomass_kgha,145,10,10,10,10
"RREC, Stuttgart",Biomass_kgha,146,10,10,10,10
"RREC, Stuttgart",Biomass_kgha,147,10,10,14.836,10
"RREC, Stuttgart",Biomass_kgha,148,10,11.884,18.414,12.344
"RREC, Stuttgart",Biomass_kgha,149,10,15.076,22.402,15.809
"RREC, Stuttgart",Biomass_kgha,150,10,18.495,27.609,19.67
"RREC, Stuttgart",Biomass_kgha,151,13.347,22.381,33.381,24.922
"RREC, Stuttgart",Biomass_kgha,152,16.734,26.623,40.874,30.918
"RREC, Stuttgart",Biomass_kgha,153,19.182,32.31,48.859,36.764
"RREC, Stuttgart",Biomass_kgha,154,21.473,39.447,57.323,44.487
"RREC, Stuttgart",Biomass_kgha,155,25.169,46.519,67.721,52.052
"RREC, Stuttgart",Biomass_kgha,156,30.248,54.242,77.805,62.557
"RREC, Stuttgart",Biomass_kgha,157,37.251,63.324,92.6,73.347
"RREC, Stuttgart",Biomass_kgha,158,42.593,77.943,110.413,82.7
"RREC, Stuttgart",Biomass_kgha,159,53.163,92.79,130.283,91.032
"RREC, Stuttgart",Biomass_kgha,160,60.645,107.106,149.693,111.351
"RREC, Stuttgart",Biomass_kgha,161,71.193,121.888,172.303,131.7
"RREC, Stuttgart",Biomass_kgha,162,85.254,142.399,197.575,156.595
"RREC, Stuttgart",Biomass_kgha,163,96.644,165.876,233.196,181.095
"RREC, Stuttgart",Biomass_kgha,164,109.708,192.244,276.314,214.41
"RREC, Stuttgart",Biomass_kgha,165,127.917,226.186,328.008,244.819
"RREC, Stuttgart",Biomass_kgha,166,151.476,260.419,385.511,283.341
"RREC, Stuttgart",Biomass_kgha,167,177.921,297.252,443.428,338.22
"RREC, Stuttgart",Biomass_kgha,168,214.399,345.67,511.63,385.508
"RREC, Stuttgart",Biomass_kgha,169,255.259,404.032,595.616,452.986
"RREC, Stuttgart",Biomass_kgha,170,294.931,468.213,687.15,486.394
"RREC, Stuttgart",Biomass_kgha,171,336.422,533.873,786.17,556.208
"RREC, Stuttgart",Biomass_kgha,172,384.225,611.675,887.474,626.894
"RREC, Stuttgart",Biomass_kgha,173,433.167,695.723,992.753,704.8
"RREC, Stuttgart",Biomass_kgha,174,494.92,781.344,1108.648,782.937
"RREC, Stuttgart",Biomass_kgha,175,559.812,890.6,1224.954,886.395
"RREC, Stuttgart",Biomass_kgha,176,642.644,999.602,1349.652,1008.213
"RREC, Stuttgart",Biomass_kgha,177,702.907,1117.4,1486.368,1077.436
"RREC, Stuttgart",Biomass_kgha,178,797.109,1226.928,1613.351,1204.955
"RREC, Stuttgart",Biomass_kgha,179,903.236,1331.617,1741.633,1333.662
"RREC, Stuttgart",Biomass_kgha,180,1004.246,1475.21,1828.929,1461.017
"RREC, Stuttgart",Biomass_kgha,181,1071.11,1594.907,1972.005,1591.04
"RREC, Stuttgart",Biomass_kgha,182,1163.079,1726.431,2114.83,1723.765
"RREC, Stuttgart",Biomass_kgha,183,1276.134,1870.115,2263.704,1862.887
"RREC, Stuttgart",Biomass_kgha,184,1406.221,2007.652,2395.327,1996.353
"RREC, Stuttgart",Biomass_kgha,185,1531.405,2134.964,2553.511,2075.446
"RREC, Stuttgart",Biomass_kgha,186,1681.133,2246.21,2708.162,2217.165
"RREC, Stuttgart",Biomass_kgha,187,1794.328,2382.896,2848.539,2370.722
"RREC, Stuttgart",Biomass_kgha,188,1946.349,2523.731,2969.67,2529.26
"RREC, Stuttgart",Biomass_kgha,189,2089.686,2657.721,3116.034,2683.229
"RREC, Stuttgart",Biomass_kgha,190,2231.22,2784.76,3252.035,2831.041
"RREC, Stuttgart",Biomass_kgha,191,2379.202,2909.52,3410.114,2977.643
"RREC, Stuttgart",Biomass_kgha,192,2525.751,3065.902,3562.903,3127.828
"RREC, Stuttgart",Biomass_kgha,193,2656.175,3215.557,3727.815,3276.488
"RREC, Stuttgart",Biomass_kgha,194,2736.665,3357.182,3860.29,3427.107
"RREC, Stuttgart",Biomass_kgha,195,2863.526,3489.204,3978.879,3552.557
"RREC, Stuttgart",Biomass_kgha,196,3015.279,3627.379,4112.734,3687.35
"RREC, Stuttgart",Biomass_kgha,197,3163.169,3785.249,4223.998,3845.611
"RREC, Stuttgart",Biomass_kgha,198,3317.309,3904.873,4362.354,3988.664
"RREC, Stuttgart",Biomass_kgha,199,3465.452,4049.933,4487.575,4142.628
"RREC, Stuttgart",Biomass_kgha,200,3612.185,4190.522,4634.681,4292.529
"RREC, Stuttgart",Biomass_kgha,201,3751.058,4342.472,4770.288,4428.026
"RREC, Stuttgart",Biomass_kgha,202,3857.118,4464.041,4910.217,4551.305
"RREC, Stuttgart",Biomass_kgha,203,4000.837,4618.308,5045.367,4721.153
"RREC, Stuttgart",Biomass_kgha,204,4156.326,4756.008,5194.724,4874.175
"RREC, Stuttgart",Biomass_kgha,205,4322.797,4897.047,5345.713,5024.627
"RREC, Stuttgart",Biomass_kgha,206,4478.444,5040.691,5532.194,5176.192
"RREC, Stuttgart",Biomass_kgha,207,4562.323,5183.468,5763.769,5364.794
"RREC, Stuttgart",Biomass_kgha,208,4701.201,5333.538,6003.988,5551.781
"RREC, Stuttgart",Biomass_kgha,209,4835.75,5507.477,6255.263,5727.243
"RREC, Stuttgart",Biomass_kgha,210,4993.253,5723.188,6440.307,5929.325
"RREC, Stuttgart",Biomass_kgha,211,5159.763,5936.501,6694.351,6154.517
"RREC, Stuttgart",Biomass_kgha,212,5323.01,6119.081,6957.128,6384.474
"RREC, Stuttgart",Biomass_kgha,213,5480.206,6361.288,7151.584,6640.254
"RREC, Stuttgart",Biomass_kgha,214,5703.292,6578.977,7415.734,NA
"RREC, Stuttgart",Biomass_kgha,215,5921.835,6813.51,7683.135,NA
"RREC, Stuttgart",Biomass_kgha,216,6047.968,7028.205,7971.766,NA
"RREC, Stuttgart",Biomass_kgha,217,6242.807,7261.829,8265.933,NA
"RREC, Stuttgart",Biomass_kgha,218,6431.828,7473.773,8549.988,NA
"RREC, Stuttgart",Biomass_kgha,219,6597.799,7659.331,8788.047,NA
"RREC, Stuttgart",Biomass_kgha,220,6806.944,7898.872,8899.524,NA
"RREC, Stuttgart",Biomass_kgha,221,7007.905,8119.404,9091.468,NA
"RREC, Stuttgart",Biomass_kgha,222,7245.767,8313.591,9361.438,NA
"RREC, Stuttgart",Biomass_kgha,223,7454.826,8559.553,9619.614,NA
"RREC, Stuttgart",Biomass_kgha,224,7736.937,8780.186,9819.861,NA
"RREC, Stuttgart",Biomass_kgha,225,7900.147,8955.443,9962.623,NA
"RREC, Stuttgart",Biomass_kgha,226,8113.78,9186.244,10135.397,NA
"RREC, Stuttgart",Biomass_kgha,227,8343.684,9392.736,10326.74,NA
"RREC, Stuttgart",Biomass_kgha,228,8594.124,9589.56,10509.165,NA
"RREC, Stuttgart",Biomass_kgha,229,8855.621,9765.345,10640.662,NA
"RREC, Stuttgart",Biomass_kgha,230,9051.621,9927.294,10783.918,NA
"RREC, Stuttgart",Biomass_kgha,231,9297.799,10093.639,10972.113,NA
"RREC, Stuttgart",Biomass_kgha,232,9472.686,10289.109,11148.972,NA
"RREC, Stuttgart",Biomass_kgha,233,9579.851,10473.17,11263.77,NA
"RREC, Stuttgart",Biomass_kgha,234,9755.697,10609.925,11384.692,NA
"RREC, Stuttgart",Biomass_kgha,235,9896.703,10712.08,11492.792,NA
"RREC, Stuttgart",Biomass_kgha,236,9900.034,10865.575,11588.388,NA
"RREC, Stuttgart",Biomass_kgha,237,10067.437,10960.811,11641.028,NA
"RREC, Stuttgart",Biomass_kgha,238,10261.059,11094.756,11713.646,NA
"RREC, Stuttgart",Biomass_kgha,239,10360.854,11151.42,11809.384,NA
"RREC, Stuttgart",Biomass_kgha,240,10462.034,11210.065,11878.226,NA
"RREC, Stuttgart",Biomass_kgha,241,10557.306,11318.225,11964.191,NA
"RREC, Stuttgart",Biomass_kgha,242,10646.773,11418.66,12042.977,NA
"RREC, Stuttgart",Biomass_kgha,243,10697.181,11444.777,12135.924,NA
"RREC, Stuttgart",Biomass_kgha,244,10721.824,11489.514,12210.048,NA
"RREC, Stuttgart",Biomass_kgha,245,10721.907,11530.407,12269.669,NA
"RREC, Stuttgart",Biomass_kgha,246,10668.623,11558.291,12300.318,NA
"RREC, Stuttgart",Biomass_kgha,247,10614.89,11579.868,12315.4,NA
"RREC, Stuttgart",Biomass_kgha,248,10561.946,11563.191,12344.346,NA
"RREC, Stuttgart",Biomass_kgha,249,10511.648,11516.55,12378.594,NA
"RREC, Stuttgart",Biomass_kgha,250,10463.866,11534.64,12403.143,NA
"RREC, Stuttgart",Biomass_kgha,251,10418.472,11481.534,12391.34,NA
"RREC, Stuttgart",Biomass_kgha,252,0,11467.812,12430.618,NA
"RREC, Stuttgart",Biomass_kgha,253,0,11419.309,12461.347,NA
"RREC, Stuttgart",Biomass_kgha,254,0,11369.214,12423.964,NA
"RREC, Stuttgart",Biomass_kgha,255,0,11319.497,12374.913,NA
"RREC, Stuttgart",Biomass_kgha,256,0,11168.38,12325.628,NA
"RREC, Stuttgart",Biomass_kgha,257,0,11000.263,12276.383,NA
"RREC, Stuttgart",Biomass_kgha,258,0,0,12228.252,NA
"RREC, Stuttgart",Biomass_kgha,259,0,0,12182.528,NA
"RREC, Stuttgart",Biomass_kgha,260,0,0,12139.091,NA
"RREC, Stuttgart",Biomass_kgha,261,0,0,12097.825,NA
"RREC, Stuttgart",Biomass_kgha,262,0,0,12058.622,NA
"RREC, Stuttgart",Biomass_kgha,263,0,0,12021.38,NA
"RREC, Stuttgart",Biomass_kgha,264,0,0,11548.561,NA
"RREC, Stuttgart",Biomass_kgha,265,0,0,11509.314,NA
"RREC, Stuttgart",Biomass_kgha,266,0,0,11472.03,NA
"RREC, Stuttgart",Biomass_kgha,267,0,0,0,NA
"RREC, Stuttgart",Biomass_kgha,268,0,0,0,NA
"RREC, Stuttgart",Biomass_kgha,269,0,0,0,NA
"RREC, Stuttgart",Biomass_kgha,270,0,0,0,NA
"RREC, Stuttgart",Biomass_kgha,271,0,0,0,NA
"RREC, Stuttgart",Biomass_kgha,272,0,0,0,NA
"RREC, Stuttgart",Biomass_kgha,273,0,0,0,NA
"RREC, Stuttgart",Biomass_kgha,274,0,0,0,NA
"RREC, Stuttgart",Biomass_kgha,275,0,0,0,NA
"RREC, Stuttgart",Biomass_kgha,276,0,0,0,NA
"RREC, Stuttgart",Biomass_kgha,277,0,0,0,NA
"RREC, Stuttgart",Biomass_kgha,278,0,0,0,NA
"RREC, Stuttgart",Biomass_kgha,279,0,0,0,NA
"RREC, Stuttgart",Biomass_kgha,280,0,0,0,NA
"RREC, Stuttgart",Biomass_kgha,281,0,0,0,NA
"RREC, Stuttgart",Biomass_kgha,282,0,0,0,NA
"RREC, Stuttgart",Biomass_kgha,283,0,0,0,NA
"RREC, Stuttgart",Biomass_kgha,284,0,0,0,NA
"RREC, Stuttgart",Biomass_kgha,285,0,0,0,NA
"RREC, Stuttgart",Biomass_kgha,286,0,0,0,NA
"RREC, Stuttgart",Biomass_kgha,287,0,0,0,NA
"RREC, Stuttgart",Biomass_kgha,288,0,0,0,NA
"RREC, Stuttgart",Biomass_kgha,289,0,0,0,NA
"RREC, Stuttgart",Biomass_kgha,290,0,0,0,NA
"RREC, Stuttgart",Biomass_kgha,291,0,0,0,NA
"RREC, Stuttgart",Biomass_kgha,292,0,0,0,NA
"RREC, Stuttgart",Biomass_kgha,293,0,0,0,NA
"RREC, Stuttgart",Biomass_kgha,294,0,0,0,NA
"RREC, Stuttgart",Biomass_kgha,295,0,0,0,NA
"RREC, Stuttgart",Biomass_kgha,296,0,0,0,NA
"RREC, Stuttgart",Biomass_kgha,297,0,0,0,NA
"RREC, Stuttgart",Biomass_kgha,298,0,0,0,NA
"RREC, Stuttgart",Biomass_kgha,299,0,0,0,NA
"RREC, Stuttgart",Biomass_kgha,300,0,0,0,NA
"RREC, Stuttgart",Biomass_kgha,301,0,0,0,NA
"RREC, Stuttgart",Biomass_kgha,302,0,0,0,NA
"RREC, Stuttgart",Biomass_kgha,303,0,0,0,NA
"RREC, Stuttgart",Biomass_kgha,304,0,0,0,NA
"RREC, Stuttgart",Biomass_kgha,305,0,0,0,NA
"RREC, Stuttgart",Biomass_kgha,306,0,0,0,NA
"RREC, Stuttgart",Biomass_kgha,307,0,0,0,NA
"RREC, Stuttgart",Biomass_kgha,308,0,0,0,NA
"RREC, Stuttgart",Biomass_kgha,309,0,0,0,NA
"RREC, Stuttgart",Biomass_kgha,310,0,0,0,NA
"RREC, Stuttgart",Biomass_kgha,311,0,0,0,NA
"RREC, Stuttgart",Biomass_kgha,312,0,0,0,NA
"RREC, Stuttgart",Biomass_kgha,313,0,0,0,NA
"RREC, Stuttgart",Biomass_kgha,314,0,0,0,NA
"RREC, Stuttgart",Biomass_kgha,315,0,0,0,NA
"RREC, Stuttgart",Biomass_kgha,316,0,0,0,NA
"RREC, Stuttgart",Biomass_kgha,317,0,0,0,NA
"RREC, Stuttgart",Biomass_kgha,318,0,0,0,NA
"RREC, Stuttgart",Biomass_kgha,319,0,0,0,NA
"RREC, Stuttgart",Biomass_kgha,320,0,0,0,NA
"RREC, Stuttgart",Biomass_kgha,321,0,0,0,NA
"RREC, Stuttgart",Biomass_kgha,322,0,0,0,NA
"RREC, Stuttgart",Biomass_kgha,323,0,0,0,NA
"RREC, Stuttgart",Biomass_kgha,324,0,0,0,NA
"RREC, Stuttgart",Biomass_kgha,325,0,0,0,NA
"RREC, Stuttgart",Biomass_kgha,326,0,0,0,NA
"RREC, Stuttgart",Biomass_kgha,327,0,0,0,NA
"RREC, Stuttgart",Biomass_kgha,328,0,0,0,NA
"RREC, Stuttgart",Biomass_kgha,329,0,0,0,NA
"RREC, Stuttgart",Biomass_kgha,330,0,0,0,NA
"RREC, Stuttgart",Biomass_kgha,331,0,0,0,NA
"RREC, Stuttgart",Biomass_kgha,332,0,0,0,NA
"RREC, Stuttgart",Biomass_kgha,333,0,0,0,NA
"RREC, Stuttgart",Biomass_kgha,334,0,0,0,NA
"RREC, Stuttgart",Biomass_kgha,335,0,0,0,NA
"RREC, Stuttgart",Biomass_kgha,336,0,0,0,NA
"RREC, Stuttgart",Biomass_kgha,337,0,0,0,NA
"RREC, Stuttgart",Biomass_kgha,338,0,0,0,NA
"RREC, Stuttgart",Biomass_kgha,339,0,0,0,NA
"RREC, Stuttgart",Biomass_kgha,340,0,0,0,NA
"RREC, Stuttgart",Biomass_kgha,341,0,0,0,NA
"RREC, Stuttgart",Biomass_kgha,342,0,0,0,NA
"RREC, Stuttgart",Biomass_kgha,343,0,0,0,NA
"RREC, Stuttgart",Biomass_kgha,344,0,0,0,NA
"RREC, Stuttgart",Biomass_kgha,345,0,0,0,NA
"RREC, Stuttgart",Biomass_kgha,346,0,0,0,NA
"RREC, Stuttgart",Biomass_kgha,347,0,0,0,NA
"RREC, Stuttgart",Biomass_kgha,348,0,0,0,NA
"RREC, Stuttgart",Biomass_kgha,349,0,0,0,NA
"RREC, Stuttgart",Biomass_kgha,350,0,0,0,NA
"RREC, Stuttgart",Biomass_kgha,351,0,0,0,NA
"RREC, Stuttgart",Biomass_kgha,352,0,0,0,NA
"RREC, Stuttgart",Biomass_kgha,353,0,0,0,NA
"RREC, Stuttgart",Biomass_kgha,354,0,0,0,NA
"RREC, Stuttgart",Biomass_kgha,355,0,0,0,NA
"RREC, Stuttgart",Biomass_kgha,356,0,0,0,NA
"RREC, Stuttgart",Biomass_kgha,357,0,0,0,NA
"RREC, Stuttgart",Biomass_kgha,358,0,0,0,NA
"RREC, Stuttgart",Biomass_kgha,359,0,0,0,NA
"RREC, Stuttgart",Biomass_kgha,360,0,0,0,NA
"RREC, Stuttgart",Biomass_kgha,361,0,0,0,NA
"RREC, Stuttgart",Biomass_kgha,362,0,0,0,NA
"RREC, Stuttgart",Biomass_kgha,363,0,0,0,NA
"RREC, Stuttgart",Biomass_kgha,364,0,0,0,NA
"RREC, Stuttgart",Biomass_kgha,365,0,0,0,NA
"RREC, Stuttgart",Biomass_kgha,366,0,0,0,NA
"RREC, Stuttgart",CummRain_in,1,23.819,36.447,65.882,39.47
"RREC, Stuttgart",CummRain_in,2,23.819,36.466,65.882,39.542
"RREC, Stuttgart",CummRain_in,3,23.819,36.466,65.891,39.542
"RREC, Stuttgart",CummRain_in,4,23.819,36.467,65.893,39.542
"RREC, Stuttgart",CummRain_in,5,23.819,36.468,65.893,39.542
"RREC, Stuttgart",CummRain_in,6,23.819,36.487,65.899,39.542
"RREC, Stuttgart",CummRain_in,7,23.819,36.574,65.928,39.542
"RREC, Stuttgart",CummRain_in,8,23.819,36.722,65.928,39.567
"RREC, Stuttgart",CummRain_in,9,23.907,36.73,65.928,39.936
"RREC, Stuttgart",CummRain_in,10,24.73,36.944,65.928,40.244
"RREC, Stuttgart",CummRain_in,11,24.73,37.574,65.928,40.244
"RREC, Stuttgart",CummRain_in,12,24.819,38.184,65.928,40.244
"RREC, Stuttgart",CummRain_in,13,25.075,38.492,65.928,40.258
"RREC, Stuttgart",CummRain_in,14,25.075,38.531,65.929,40.279
"RREC, Stuttgart",CummRain_in,15,25.075,38.708,65.929,40.279
"RREC, Stuttgart",CummRain_in,16,25.972,38.746,66.706,40.281
"RREC, Stuttgart",CummRain_in,17,26.377,39.036,66.977,40.281
"RREC, Stuttgart",CummRain_in,18,26.377,39.039,66.98,40.281
"RREC, Stuttgart",CummRain_in,19,26.377,39.039,67.017,40.281
"RREC, Stuttgart",CummRain_in,20,26.401,39.249,67.725,40.281
"RREC, Stuttgart",CummRain_in,21,26.41,39.418,68.18,40.782
"RREC, Stuttgart",CummRain_in,22,27.678,39.419,68.18,40.783
"RREC, Stuttgart",CummRain_in,23,27.68,39.421,68.946,40.9
"RREC, Stuttgart",CummRain_in,24,27.683,39.488,68.981,41.931
"RREC, Stuttgart",CummRain_in,25,27.683,39.528,68.981,42.276
"RREC, Stuttgart",CummRain_in,26,27.835,39.657,68.981,42.276
"RREC, Stuttgart",CummRain_in,27,28.075,40.197,68.981,42.281
"RREC, Stuttgart",CummRain_in,28,28.11,40.294,68.996,42.291
"RREC, Stuttgart",CummRain_in,29,28.15,40.509,69.868,42.297
"RREC, Stuttgart",CummRain_in,30,28.157,40.524,69.869,42.3
"RREC, Stuttgart",CummRain_in,31,28.157,40.636,69.874,42.3
"RREC, Stuttgart",CummRain_in,32,28.159,40.66,69.878,42.3
"RREC, Stuttgart",CummRain_in,33,28.159,41.011,69.879,42.301
"RREC, Stuttgart",CummRain_in,34,28.159,41.355,69.885,42.471
"RREC, Stuttgart",CummRain_in,35,28.159,41.359,70.682,42.471
"RREC, Stuttgart",CummRain_in,36,28.16,41.402,70.854,42.471
"RREC, Stuttgart",CummRain_in,37,28.16,41.529,70.854,42.471
"RREC, Stuttgart",CummRain_in,38,28.16,41.663,70.854,42.471
"RREC, Stuttgart",CummRain_in,39,28.16,41.664,72.438,42.471
"RREC, Stuttgart",CummRain_in,40,28.16,41.79,72.47,42.474
"RREC, Stuttgart",CummRain_in,41,28.16,42.146,72.47,42.493
"RREC, Stuttgart",CummRain_in,42,28.179,42.175,72.484,42.571
"RREC, Stuttgart",CummRain_in,43,28.193,42.295,72.489,42.572
"RREC, Stuttgart",CummRain_in,44,28.374,42.328,72.504,42.572
"RREC, Stuttgart",CummRain_in,45,28.374,42.596,72.726,43.222
"RREC, Stuttgart",CummRain_in,46,28.374,42.812,72.727,44.511
"RREC, Stuttgart",CummRain_in,47,28.428,42.938,72.727,44.513
"RREC, Stuttgart",CummRain_in,48,28.779,43.367,72.727,44.513
"RREC, Stuttgart",CummRain_in,49,29.065,43.367,72.727,44.513
"RREC, Stuttgart",CummRain_in,50,29.065,43.367,72.727,44.513
"RREC, Stuttgart",CummRain_in,51,29.065,43.42,72.727,44.532
"RREC, Stuttgart",CummRain_in,52,29.078,43.739,73.534,44.613
"RREC, Stuttgart",CummRain_in,53,29.08,44.665,73.581,44.613
"RREC, Stuttgart",CummRain_in,54,29.137,44.679,73.581,44.613
"RREC, Stuttgart",CummRain_in,55,29.166,44.693,73.581,44.613
"RREC, Stuttgart",CummRain_in,56,29.509,44.739,73.581,44.617
"RREC, Stuttgart",CummRain_in,57,30.925,45.476,73.583,44.684
"RREC, Stuttgart",CummRain_in,58,30.925,45.706,73.583,44.685
"RREC, Stuttgart",CummRain_in,59,30.936,45.708,73.583,44.685
"RREC, Stuttgart",CummRain_in,60,30.972,46.053,73.587,44.685
"RREC, Stuttgart",CummRain_in,61,30.977,46.28,73.589,44.698
"RREC, Stuttgart",CummRain_in,62,31.02,46.28,73.589,44.701
"RREC, Stuttgart",CummRain_in,63,31.142,46.282,73.589,44.703
"RREC, Stuttgart",CummRain_in,64,31.143,46.305,73.589,44.706
"RREC, Stuttgart",CummRain_in,65,31.143,46.653,73.589,44.715
"RREC, Stuttgart",CummRain_in,66,31.143,47.097,73.589,45.356
"RREC, Stuttgart",CummRain_in,67,31.149,47.196,73.704,45.834
"RREC, Stuttgart",CummRain_in,68,31.224,47.316,73.888,46.451
"RREC, Stuttgart",CummRain_in,69,31.267,47.316,74.294,46.498
"RREC, Stuttgart",CummRain_in,70,31.412,47.388,74.418,47.481
"RREC, Stuttgart",CummRain_in,71,31.606,47.388,74.547,47.481
"RREC, Stuttgart",CummRain_in,72,31.606,47.4,74.547,47.481
"RREC, Stuttgart",CummRain_in,73,31.606,47.867,74.547,47.481
"RREC, Stuttgart",CummRain_in,74,31.76,48.175,74.547,48.043
"RREC, Stuttgart",CummRain_in,75,32.55,48.198,74.547,48.043
"RREC, Stuttgart",CummRain_in,76,33.33,48.228,74.547,48.043
"RREC, Stuttgart",CummRain_in,77,33.436,48.507,74.547,48.043
"RREC, Stuttgart",CummRain_in,78,33.671,48.507,74.547,48.043
"RREC, Stuttgart",CummRain_in,79,34.306,48.622,74.847,48.043
"RREC, Stuttgart",CummRain_in,80,34.306,48.759,75.249,48.043
"RREC, Stuttgart",CummRain_in,81,34.307,49.23,75.281,48.043
"RREC, Stuttgart",CummRain_in,82,34.311,49.473,75.281,48.043
"RREC, Stuttgart",CummRain_in,83,34.311,49.475,75.291,48.046
"RREC, Stuttgart",CummRain_in,84,34.328,49.48,75.789,48.046
"RREC, Stuttgart",CummRain_in,85,34.486,49.811,75.789,48.046
"RREC, Stuttgart",CummRain_in,86,34.894,50.445,76.189,48.071
"RREC, Stuttgart",CummRain_in,87,35.116,50.457,76.219,48.071
"RREC, Stuttgart",CummRain_in,88,35.137,50.612,76.219,48.071
"RREC, Stuttgart",CummRain_in,89,35.207,50.672,76.219,48.071
"RREC, Stuttgart",CummRain_in,90,35.226,50.799,76.219,48.073
"RREC, Stuttgart",CummRain_in,91,0,0.001,70.356,0
"RREC, Stuttgart",CummRain_in,92,0,0.026,1.016,0.019
"RREC, Stuttgart",CummRain_in,93,0,0.189,2.711,0.044
"RREC, Stuttgart",CummRain_in,94,0,0.352,3.72,0.781
"RREC, Stuttgart",CummRain_in,95,0,0.457,7.206,0.782
"RREC, Stuttgart",CummRain_in,96,0,0.733,7.931,0.782
"RREC, Stuttgart",CummRain_in,97,0,0.824,7.931,0.782
"RREC, Stuttgart",CummRain_in,98,0.029,0.832,7.931,0.782
"RREC, Stuttgart",CummRain_in,99,0.029,0.937,7.931,0.782
"RREC, Stuttgart",CummRain_in,100,0.046,1.318,7.936,0.782
"RREC, Stuttgart",CummRain_in,101,0.051,1.624,7.936,0.782
"RREC, Stuttgart",CummRain_in,102,0.122,1.847,7.936,0.783
"RREC, Stuttgart",CummRain_in,103,0.337,2.271,7.936,0.791
"RREC, Stuttgart",CummRain_in,104,0.337,2.756,8.45,0.791
"RREC, Stuttgart",CummRain_in,105,0.337,2.756,8.453,0.794
"RREC, Stuttgart",CummRain_in,106,0.345,2.756,8.453,0.933
"RREC, Stuttgart",CummRain_in,107,0.408,2.794,8.674,0.933
"RREC, Stuttgart",CummRain_in,108,0.48,2.966,8.982,1.051
"RREC, Stuttgart",CummRain_in,109,0.509,3.114,9.004,1.051
"RREC, Stuttgart",CummRain_in,110,0.513,3.185,9.022,1.056
"RREC, Stuttgart",CummRain_in,111,0.646,3.185,9.124,1.056
"RREC, Stuttgart",CummRain_in,112,0.657,3.553,9.168,1.059
"RREC, Stuttgart",CummRain_in,113,0.785,3.707,9.17,1.059
"RREC, Stuttgart",CummRain_in,114,0.916,3.928,9.192,1.724
"RREC, Stuttgart",CummRain_in,115,0.916,3.995,9.455,2.715
"RREC, Stuttgart",CummRain_in,116,1.023,4.489,10.636,2.79
"RREC, Stuttgart",CummRain_in,117,1.243,4.516,12.144,2.842
"RREC, Stuttgart",CummRain_in,118,1.266,4.733,14.296,4.011
"RREC, Stuttgart",CummRain_in,119,1.266,4.927,14.869,4.275
"RREC, Stuttgart",CummRain_in,120,1.27,5.143,14.869,4.275
"RREC, Stuttgart",CummRain_in,121,1.272,5.518,14.869,4.28
"RREC, Stuttgart",CummRain_in,122,2.054,5.708,14.88,4.281
"RREC, Stuttgart",CummRain_in,123,2.123,5.749,15.773,4.281
"RREC, Stuttgart",CummRain_in,124,2.16,5.781,16.214,4.281
"RREC, Stuttgart",CummRain_in,125,2.161,5.783,16.357,4.615
"RREC, Stuttgart",CummRain_in,126,2.161,6.371,16.357,5.294
"RREC, Stuttgart",CummRain_in,127,2.161,6.43,16.361,5.295
"RREC, Stuttgart",CummRain_in,128,2.163,6.43,16.56,5.295
"RREC, Stuttgart",CummRain_in,129,2.163,6.695,16.838,5.301
"RREC, Stuttgart",CummRain_in,130,2.163,7.22,17,5.553
"RREC, Stuttgart",CummRain_in,131,2.169,7.231,17.099,5.602
"RREC, Stuttgart",CummRain_in,132,2.492,7.272,17.16,5.602
"RREC, Stuttgart",CummRain_in,133,2.566,7.383,17.177,5.606
"RREC, Stuttgart",CummRain_in,134,2.574,7.43,17.296,5.707
"RREC, Stuttgart",CummRain_in,135,2.746,7.43,17.699,5.842
"RREC, Stuttgart",CummRain_in,136,2.81,7.685,17.725,5.842
"RREC, Stuttgart",CummRain_in,137,2.837,8.182,17.86,5.901
"RREC, Stuttgart",CummRain_in,138,2.956,8.228,17.943,5.93
"RREC, Stuttgart",CummRain_in,139,3.229,8.228,18.17,6.63
"RREC, Stuttgart",CummRain_in,140,3.412,8.268,18.298,6.874
"RREC, Stuttgart",CummRain_in,141,3.464,8.379,18.339,7.23
"RREC, Stuttgart",CummRain_in,142,3.464,8.436,18.397,8.654
"RREC, Stuttgart",CummRain_in,143,3.467,8.516,18.688,9.262
"RREC, Stuttgart",CummRain_in,144,3.479,8.518,19.144,9.362
"RREC, Stuttgart",CummRain_in,145,3.519,8.616,19.632,9.576
"RREC, Stuttgart",CummRain_in,146,3.519,8.75,19.682,9.88
"RREC, Stuttgart",CummRain_in,147,3.519,8.86,19.69,10.15
"RREC, Stuttgart",CummRain_in,148,3.519,8.907,19.704,10.957
"RREC, Stuttgart",CummRain_in,149,3.521,9.074,19.718,11.19
"RREC, Stuttgart",CummRain_in,150,3.525,9.574,19.771,11.209
"RREC, Stuttgart",CummRain_in,151,3.652,9.736,19.831,11.301
"RREC, Stuttgart",CummRain_in,152,3.931,9.781,19.849,11.629
"RREC, Stuttgart",CummRain_in,153,3.932,10.021,19.916,11.716
"RREC, Stuttgart",CummRain_in,154,3.933,10.026,19.967,11.716
"RREC, Stuttgart",CummRain_in,155,3.978,10.197,20.061,11.724
"RREC, Stuttgart",CummRain_in,156,4.469,10.536,20.286,11.725
"RREC, Stuttgart",CummRain_in,157,4.489,10.628,20.316,11.74
"RREC, Stuttgart",CummRain_in,158,4.489,10.628,20.329,12.18
"RREC, Stuttgart",CummRain_in,159,4.489,11.02,20.329,12.39
"RREC, Stuttgart",CummRain_in,160,4.489,11.061,20.331,12.408
"RREC, Stuttgart",CummRain_in,161,4.493,11.365,20.471,12.408
"RREC, Stuttgart",CummRain_in,162,4.499,11.756,20.888,12.408
"RREC, Stuttgart",CummRain_in,163,5.248,11.988,20.993,12.617
"RREC, Stuttgart",CummRain_in,164,5.4,12.004,21.263,13.162
"RREC, Stuttgart",CummRain_in,165,5.4,12.163,21.946,13.372
"RREC, Stuttgart",CummRain_in,166,5.4,12.188,22.095,13.393
"RREC, Stuttgart",CummRain_in,167,5.4,12.298,22.576,13.393
"RREC, Stuttgart",CummRain_in,168,5.417,12.579,22.826,13.394
"RREC, Stuttgart",CummRain_in,169,5.493,12.753,23.106,13.411
"RREC, Stuttgart",CummRain_in,170,5.496,12.834,23.547,13.533
"RREC, Stuttgart",CummRain_in,171,5.496,12.841,23.673,14.074
"RREC, Stuttgart",CummRain_in,172,5.497,12.843,23.674,14.216
"RREC, Stuttgart",CummRain_in,173,5.51,12.846,23.679,14.829
"RREC, Stuttgart",CummRain_in,174,5.521,12.978,23.727,14.835
"RREC, Stuttgart",CummRain_in,175,5.528,13.107,23.743,14.884
"RREC, Stuttgart",CummRain_in,176,5.529,13.317,23.798,14.931
"RREC, Stuttgart",CummRain_in,177,5.535,13.358,23.809,14.935
"RREC, Stuttgart",CummRain_in,178,5.554,13.554,23.849,14.936
"RREC, Stuttgart",CummRain_in,179,5.554,13.718,24.118,14.936
"RREC, Stuttgart",CummRain_in,180,5.554,13.746,24.304,14.936
"RREC, Stuttgart",CummRain_in,181,5.64,13.748,24.467,14.936
"RREC, Stuttgart",CummRain_in,182,5.64,13.748,24.505,14.981
"RREC, Stuttgart",CummRain_in,183,5.64,13.748,24.505,15.083
"RREC, Stuttgart",CummRain_in,184,5.647,14.482,24.508,15.135
"RREC, Stuttgart",CummRain_in,185,5.647,14.483,24.508,15.292
"RREC, Stuttgart",CummRain_in,186,5.68,14.485,24.509,15.52
"RREC, Stuttgart",CummRain_in,187,5.682,14.485,24.557,15.626
"RREC, Stuttgart",CummRain_in,188,5.718,14.485,25.098,15.681
"RREC, Stuttgart",CummRain_in,189,5.754,14.524,25.39,15.713
"RREC, Stuttgart",CummRain_in,190,6.009,14.524,25.409,15.841
"RREC, Stuttgart",CummRain_in,191,6.252,14.787,25.423,15.922
"RREC, Stuttgart",CummRain_in,192,6.425,15.131,25.454,16.166
"RREC, Stuttgart",CummRain_in,193,6.595,15.19,25.49,16.43
"RREC, Stuttgart",CummRain_in,194,7.013,15.22,25.668,16.513
"RREC, Stuttgart",CummRain_in,195,7.135,15.237,25.758,16.908
"RREC, Stuttgart",CummRain_in,196,7.372,15.312,25.902,17.567
"RREC, Stuttgart",CummRain_in,197,7.513,15.331,26.271,17.579
"RREC, Stuttgart",CummRain_in,198,7.527,15.331,26.301,17.663
"RREC, Stuttgart",CummRain_in,199,7.579,15.331,26.301,17.676
"RREC, Stuttgart",CummRain_in,200,7.589,15.331,26.301,17.679
"RREC, Stuttgart",CummRain_in,201,7.617,15.332,26.304,17.826
"RREC, Stuttgart",CummRain_in,202,7.651,15.394,26.335,17.882
"RREC, Stuttgart",CummRain_in,203,7.665,15.503,26.937,17.896
"RREC, Stuttgart",CummRain_in,204,7.667,15.776,26.958,17.898
"RREC, Stuttgart",CummRain_in,205,7.667,15.776,26.958,18.156
"RREC, Stuttgart",CummRain_in,206,7.667,15.832,26.958,18.383
"RREC, Stuttgart",CummRain_in,207,7.667,15.872,26.958,18.424
"RREC, Stuttgart",CummRain_in,208,7.719,15.875,26.958,18.43
"RREC, Stuttgart",CummRain_in,209,7.722,15.924,26.958,18.434
"RREC, Stuttgart",CummRain_in,210,7.722,16.001,27.661,18.695
"RREC, Stuttgart",CummRain_in,211,7.731,16.024,29.013,18.752
"RREC, Stuttgart",CummRain_in,212,7.731,16.094,29.027,18.94
"RREC, Stuttgart",CummRain_in,213,7.738,16.238,29.621,18.996
"RREC, Stuttgart",CummRain_in,214,7.765,16.348,29.683,NA
"RREC, Stuttgart",CummRain_in,215,7.858,16.348,29.711,NA
"RREC, Stuttgart",CummRain_in,216,7.959,16.383,30.177,NA
"RREC, Stuttgart",CummRain_in,217,7.967,16.953,31.125,NA
"RREC, Stuttgart",CummRain_in,218,7.982,17.793,31.169,NA
"RREC, Stuttgart",CummRain_in,219,8.002,17.807,31.169,NA
"RREC, Stuttgart",CummRain_in,220,8.01,17.852,31.169,NA
"RREC, Stuttgart",CummRain_in,221,8.118,17.939,31.171,NA
"RREC, Stuttgart",CummRain_in,222,8.225,17.958,31.365,NA
"RREC, Stuttgart",CummRain_in,223,8.239,17.958,31.416,NA
"RREC, Stuttgart",CummRain_in,224,8.239,18.089,31.416,NA
"RREC, Stuttgart",CummRain_in,225,8.315,18.105,31.416,NA
"RREC, Stuttgart",CummRain_in,226,8.985,18.105,31.416,NA
"RREC, Stuttgart",CummRain_in,227,8.986,18.105,31.416,NA
"RREC, Stuttgart",CummRain_in,228,8.991,18.107,31.416,NA
"RREC, Stuttgart",CummRain_in,229,9.112,18.131,31.466,NA
"RREC, Stuttgart",CummRain_in,230,9.36,18.158,31.854,NA
"RREC, Stuttgart",CummRain_in,231,9.747,18.211,31.918,NA
"RREC, Stuttgart",CummRain_in,232,9.75,18.361,32.621,NA
"RREC, Stuttgart",CummRain_in,233,9.75,18.381,32.67,NA
"RREC, Stuttgart",CummRain_in,234,9.75,18.392,32.67,NA
"RREC, Stuttgart",CummRain_in,235,9.75,18.397,32.67,NA
"RREC, Stuttgart",CummRain_in,236,9.75,18.398,32.67,NA
"RREC, Stuttgart",CummRain_in,237,9.755,18.403,32.67,NA
"RREC, Stuttgart",CummRain_in,238,9.925,18.491,32.67,NA
"RREC, Stuttgart",CummRain_in,239,9.957,18.689,32.67,NA
"RREC, Stuttgart",CummRain_in,240,9.989,19.041,32.735,NA
"RREC, Stuttgart",CummRain_in,241,9.991,19.087,32.748,NA
"RREC, Stuttgart",CummRain_in,242,10,19.093,32.763,NA
"RREC, Stuttgart",CummRain_in,243,11.804,19.196,32.763,NA
"RREC, Stuttgart",CummRain_in,244,12.02,19.216,32.763,NA
"RREC, Stuttgart",CummRain_in,245,12.02,19.343,32.763,NA
"RREC, Stuttgart",CummRain_in,246,12.02,19.676,32.766,NA
"RREC, Stuttgart",CummRain_in,247,12.02,19.711,32.813,NA
"RREC, Stuttgart",CummRain_in,248,12.02,19.719,32.887,NA
"RREC, Stuttgart",CummRain_in,249,12.02,20.25,32.954,NA
"RREC, Stuttgart",CummRain_in,250,12.02,20.385,32.956,NA
"RREC, Stuttgart",CummRain_in,251,12.02,20.385,32.969,NA
"RREC, Stuttgart",CummRain_in,252,12.02,20.48,33.055,NA
"RREC, Stuttgart",CummRain_in,253,12.027,20.525,33.221,NA
"RREC, Stuttgart",CummRain_in,254,12.134,20.58,33.454,NA
"RREC, Stuttgart",CummRain_in,255,13.156,20.587,33.74,NA
"RREC, Stuttgart",CummRain_in,256,13.514,20.818,34.246,NA
"RREC, Stuttgart",CummRain_in,257,14.115,20.822,35.177,NA
"RREC, Stuttgart",CummRain_in,258,14.551,20.822,37.148,NA
"RREC, Stuttgart",CummRain_in,259,14.643,20.822,37.983,NA
"RREC, Stuttgart",CummRain_in,260,14.657,20.932,38.487,NA
"RREC, Stuttgart",CummRain_in,261,14.657,20.976,38.735,NA
"RREC, Stuttgart",CummRain_in,262,14.658,21.526,38.786,NA
"RREC, Stuttgart",CummRain_in,263,14.731,21.541,38.819,NA
"RREC, Stuttgart",CummRain_in,264,14.915,21.541,39.216,NA
"RREC, Stuttgart",CummRain_in,265,14.919,21.879,39.34,NA
"RREC, Stuttgart",CummRain_in,266,14.919,21.879,39.537,NA
"RREC, Stuttgart",CummRain_in,267,14.919,21.898,39.984,NA
"RREC, Stuttgart",CummRain_in,268,14.921,22.118,40.045,NA
"RREC, Stuttgart",CummRain_in,269,14.921,22.118,40.059,NA
"RREC, Stuttgart",CummRain_in,270,14.921,22.13,40.06,NA
"RREC, Stuttgart",CummRain_in,271,14.921,22.13,40.06,NA
"RREC, Stuttgart",CummRain_in,272,14.921,22.13,40.06,NA
"RREC, Stuttgart",CummRain_in,273,14.929,22.13,40.06,NA
"RREC, Stuttgart",CummRain_in,274,14.938,22.228,40.448,NA
"RREC, Stuttgart",CummRain_in,275,15.248,22.235,40.691,NA
"RREC, Stuttgart",CummRain_in,276,15.629,22.239,40.711,NA
"RREC, Stuttgart",CummRain_in,277,15.763,22.911,42.088,NA
"RREC, Stuttgart",CummRain_in,278,16.311,22.996,42.097,NA
"RREC, Stuttgart",CummRain_in,279,17.479,22.996,42.289,NA
"RREC, Stuttgart",CummRain_in,280,17.498,22.996,42.434,NA
"RREC, Stuttgart",CummRain_in,281,17.502,23.046,42.849,NA
"RREC, Stuttgart",CummRain_in,282,17.505,23.293,44.181,NA
"RREC, Stuttgart",CummRain_in,283,17.506,23.293,44.183,NA
"RREC, Stuttgart",CummRain_in,284,17.507,23.293,44.353,NA
"RREC, Stuttgart",CummRain_in,285,17.509,23.293,44.786,NA
"RREC, Stuttgart",CummRain_in,286,17.511,24.247,46.854,NA
"RREC, Stuttgart",CummRain_in,287,17.511,24.261,46.891,NA
"RREC, Stuttgart",CummRain_in,288,17.511,24.365,47,NA
"RREC, Stuttgart",CummRain_in,289,17.562,24.365,47.004,NA
"RREC, Stuttgart",CummRain_in,290,17.626,24.629,47.004,NA
"RREC, Stuttgart",CummRain_in,291,17.743,25.004,47.004,NA
"RREC, Stuttgart",CummRain_in,292,18.131,25.004,47.004,NA
"RREC, Stuttgart",CummRain_in,293,18.213,25.004,47.004,NA
"RREC, Stuttgart",CummRain_in,294,18.214,25.004,47.101,NA
"RREC, Stuttgart",CummRain_in,295,18.214,25.004,48.886,NA
"RREC, Stuttgart",CummRain_in,296,18.214,25.068,48.93,NA
"RREC, Stuttgart",CummRain_in,297,18.214,25.142,48.93,NA
"RREC, Stuttgart",CummRain_in,298,18.214,25.515,48.933,NA
"RREC, Stuttgart",CummRain_in,299,18.219,25.515,49.008,NA
"RREC, Stuttgart",CummRain_in,300,18.219,25.515,49.93,NA
"RREC, Stuttgart",CummRain_in,301,18.219,25.553,50.104,NA
"RREC, Stuttgart",CummRain_in,302,18.222,26.29,51.6,NA
"RREC, Stuttgart",CummRain_in,303,18.242,26.619,54.8,NA
"RREC, Stuttgart",CummRain_in,304,18.253,26.84,54.8,NA
"RREC, Stuttgart",CummRain_in,305,18.292,26.859,54.8,NA
"RREC, Stuttgart",CummRain_in,306,18.344,26.86,54.8,NA
"RREC, Stuttgart",CummRain_in,307,18.347,26.877,54.8,NA
"RREC, Stuttgart",CummRain_in,308,18.354,27.195,54.8,NA
"RREC, Stuttgart",CummRain_in,309,18.354,27.199,54.8,NA
"RREC, Stuttgart",CummRain_in,310,18.356,27.199,54.8,NA
"RREC, Stuttgart",CummRain_in,311,18.697,27.218,54.8,NA
"RREC, Stuttgart",CummRain_in,312,18.794,27.219,54.8,NA
"RREC, Stuttgart",CummRain_in,313,18.991,27.231,54.8,NA
"RREC, Stuttgart",CummRain_in,314,19.389,27.267,54.8,NA
"RREC, Stuttgart",CummRain_in,315,19.389,27.443,54.8,NA
"RREC, Stuttgart",CummRain_in,316,19.411,27.445,54.8,NA
"RREC, Stuttgart",CummRain_in,317,19.465,27.446,54.8,NA
"RREC, Stuttgart",CummRain_in,318,19.547,27.578,54.8,NA
"RREC, Stuttgart",CummRain_in,319,19.549,27.898,54.941,NA
"RREC, Stuttgart",CummRain_in,320,19.55,28.98,55.183,NA
"RREC, Stuttgart",CummRain_in,321,19.552,29.03,55.185,NA
"RREC, Stuttgart",CummRain_in,322,19.574,29.383,55.185,NA
"RREC, Stuttgart",CummRain_in,323,19.679,29.383,55.185,NA
"RREC, Stuttgart",CummRain_in,324,20.135,29.389,55.185,NA
"RREC, Stuttgart",CummRain_in,325,20.135,29.483,55.186,NA
"RREC, Stuttgart",CummRain_in,326,20.137,29.483,55.186,NA
"RREC, Stuttgart",CummRain_in,327,20.137,29.973,55.191,NA
"RREC, Stuttgart",CummRain_in,328,20.137,30.332,55.211,NA
"RREC, Stuttgart",CummRain_in,329,20.137,30.332,55.211,NA
"RREC, Stuttgart",CummRain_in,330,20.137,30.332,55.211,NA
"RREC, Stuttgart",CummRain_in,331,20.137,30.589,55.211,NA
"RREC, Stuttgart",CummRain_in,332,20.152,30.611,55.212,NA
"RREC, Stuttgart",CummRain_in,333,20.185,31.512,55.836,NA
"RREC, Stuttgart",CummRain_in,334,20.373,31.512,56.397,NA
"RREC, Stuttgart",CummRain_in,335,20.374,31.57,56.398,NA
"RREC, Stuttgart",CummRain_in,336,20.374,31.57,57.263,NA
"RREC, Stuttgart",CummRain_in,337,20.494,31.793,57.263,NA
"RREC, Stuttgart",CummRain_in,338,20.737,31.793,57.263,NA
"RREC, Stuttgart",CummRain_in,339,20.818,31.828,57.263,NA
"RREC, Stuttgart",CummRain_in,340,21.11,31.965,57.303,NA
"RREC, Stuttgart",CummRain_in,341,21.631,32.084,57.343,NA
"RREC, Stuttgart",CummRain_in,342,22.109,32.087,58.678,NA
"RREC, Stuttgart",CummRain_in,343,22.16,32.698,58.68,NA
"RREC, Stuttgart",CummRain_in,344,23.036,32.711,58.68,NA
"RREC, Stuttgart",CummRain_in,345,23.06,33.171,58.68,NA
"RREC, Stuttgart",CummRain_in,346,23.06,33.171,59.08,NA
"RREC, Stuttgart",CummRain_in,347,23.081,33.171,59.093,NA
"RREC, Stuttgart",CummRain_in,348,23.452,33.294,59.094,NA
"RREC, Stuttgart",CummRain_in,349,23.452,34.06,59.094,NA
"RREC, Stuttgart",CummRain_in,350,23.452,34.067,59.094,NA
"RREC, Stuttgart",CummRain_in,351,23.452,34.067,59.095,NA
"RREC, Stuttgart",CummRain_in,352,23.452,34.069,59.095,NA
"RREC, Stuttgart",CummRain_in,353,23.452,34.076,59.095,NA
"RREC, Stuttgart",CummRain_in,354,23.452,34.263,59.095,NA
"RREC, Stuttgart",CummRain_in,355,23.452,34.269,59.095,NA
"RREC, Stuttgart",CummRain_in,356,23.452,34.704,59.167,NA
"RREC, Stuttgart",CummRain_in,357,23.454,34.704,62.376,NA
"RREC, Stuttgart",CummRain_in,358,23.803,36.156,65.765,NA
"RREC, Stuttgart",CummRain_in,359,23.816,36.156,65.774,NA
"RREC, Stuttgart",CummRain_in,360,23.816,36.162,65.774,NA
"RREC, Stuttgart",CummRain_in,361,23.817,36.172,65.774,NA
"RREC, Stuttgart",CummRain_in,362,23.817,36.244,65.774,NA
"RREC, Stuttgart",CummRain_in,363,23.817,36.72,65.777,NA
"RREC, Stuttgart",CummRain_in,364,23.819,37.03,65.863,NA
"RREC, Stuttgart",CummRain_in,365,23.819,37.03,65.881,NA
"RREC, Stuttgart",CummRain_in,366,28.139,36.847,52.862,NA
"RREC, Stuttgart",rel_sw_12in,1,0.51,0.517,0.62,0.511
"RREC, Stuttgart",rel_sw_12in,2,0.504,0.517,0.708,0.518
"RREC, Stuttgart",rel_sw_12in,3,0.5,0.516,0.734,0.515
"RREC, Stuttgart",rel_sw_12in,4,0.494,0.524,0.693,0.509
"RREC, Stuttgart",rel_sw_12in,5,0.487,0.537,0.652,0.503
"RREC, Stuttgart",rel_sw_12in,6,0.48,0.542,0.719,0.495
"RREC, Stuttgart",rel_sw_12in,7,0.476,0.54,0.71,0.487
"RREC, Stuttgart",rel_sw_12in,8,0.468,0.553,0.684,0.487
"RREC, Stuttgart",rel_sw_12in,9,0.477,0.55,0.679,0.529
"RREC, Stuttgart",rel_sw_12in,10,0.477,0.547,0.708,0.56
"RREC, Stuttgart",rel_sw_12in,11,0.471,0.546,0.776,0.546
"RREC, Stuttgart",rel_sw_12in,12,0.466,0.544,0.732,0.534
"RREC, Stuttgart",rel_sw_12in,13,0.462,0.543,0.781,0.522
"RREC, Stuttgart",rel_sw_12in,14,0.46,0.529,0.784,0.516
"RREC, Stuttgart",rel_sw_12in,15,0.457,0.52,0.8,0.506
"RREC, Stuttgart",rel_sw_12in,16,0.455,0.531,0.754,0.499
"RREC, Stuttgart",rel_sw_12in,17,0.465,0.553,0.708,0.495
"RREC, Stuttgart",rel_sw_12in,18,0.469,0.561,0.728,0.491
"RREC, Stuttgart",rel_sw_12in,19,0.465,0.55,0.704,0.484
"RREC, Stuttgart",rel_sw_12in,20,0.462,0.544,0.733,0.481
"RREC, Stuttgart",rel_sw_12in,21,0.462,0.54,0.684,0.542
"RREC, Stuttgart",rel_sw_12in,22,0.459,0.551,0.679,0.531
"RREC, Stuttgart",rel_sw_12in,23,0.458,0.553,0.673,0.538
"RREC, Stuttgart",rel_sw_12in,24,0.457,0.545,0.74,0.629
"RREC, Stuttgart",rel_sw_12in,25,0.456,0.545,0.737,0.654
"RREC, Stuttgart",rel_sw_12in,26,0.454,0.538,0.724,0.629
"RREC, Stuttgart",rel_sw_12in,27,0.451,0.543,0.778,0.604
"RREC, Stuttgart",rel_sw_12in,28,0.45,0.534,0.725,0.582
"RREC, Stuttgart",rel_sw_12in,29,0.448,0.533,0.702,0.56
"RREC, Stuttgart",rel_sw_12in,30,0.446,0.526,0.713,0.545
"RREC, Stuttgart",rel_sw_12in,31,0.444,0.521,0.692,0.535
"RREC, Stuttgart",rel_sw_12in,32,0.442,0.534,0.683,0.526
"RREC, Stuttgart",rel_sw_12in,33,0.448,0.534,0.781,0.516
"RREC, Stuttgart",rel_sw_12in,34,0.458,0.528,0.844,0.53
"RREC, Stuttgart",rel_sw_12in,35,0.45,0.535,0.782,0.522
"RREC, Stuttgart",rel_sw_12in,36,0.462,0.532,0.718,0.513
"RREC, Stuttgart",rel_sw_12in,37,0.473,0.557,0.665,0.5
"RREC, Stuttgart",rel_sw_12in,38,0.47,0.545,0.635,0.49
"RREC, Stuttgart",rel_sw_12in,39,0.467,0.532,0.676,0.484
"RREC, Stuttgart",rel_sw_12in,40,0.464,0.526,0.657,0.479
"RREC, Stuttgart",rel_sw_12in,41,0.461,0.542,0.743,0.476
"RREC, Stuttgart",rel_sw_12in,42,0.46,0.541,0.765,0.478
"RREC, Stuttgart",rel_sw_12in,43,0.458,0.546,0.816,0.472
"RREC, Stuttgart",rel_sw_12in,44,0.46,0.546,0.759,0.469
"RREC, Stuttgart",rel_sw_12in,45,0.462,0.545,0.75,0.546
"RREC, Stuttgart",rel_sw_12in,46,0.462,0.547,0.802,0.648
"RREC, Stuttgart",rel_sw_12in,47,0.461,0.532,0.843,0.62
"RREC, Stuttgart",rel_sw_12in,48,0.464,0.542,0.798,0.595
"RREC, Stuttgart",rel_sw_12in,49,0.475,0.536,0.751,0.568
"RREC, Stuttgart",rel_sw_12in,50,0.471,0.538,0.732,0.544
"RREC, Stuttgart",rel_sw_12in,51,0.468,0.535,0.788,0.527
"RREC, Stuttgart",rel_sw_12in,52,0.467,0.555,0.729,0.521
"RREC, Stuttgart",rel_sw_12in,53,0.464,0.552,0.782,0.509
"RREC, Stuttgart",rel_sw_12in,54,0.468,0.545,0.826,0.502
"RREC, Stuttgart",rel_sw_12in,55,0.465,0.545,0.841,0.496
"RREC, Stuttgart",rel_sw_12in,56,0.465,0.56,0.788,0.492
"RREC, Stuttgart",rel_sw_12in,57,0.463,0.552,0.722,0.492
"RREC, Stuttgart",rel_sw_12in,58,0.461,0.552,0.742,0.487
"RREC, Stuttgart",rel_sw_12in,59,0.458,0.535,0.802,0.484
"RREC, Stuttgart",rel_sw_12in,60,0.456,0.551,0.842,0.481
"RREC, Stuttgart",rel_sw_12in,61,0.456,0.536,0.783,0.479
"RREC, Stuttgart",rel_sw_12in,62,0.454,0.525,0.765,0.477
"RREC, Stuttgart",rel_sw_12in,63,0.452,0.542,0.731,0.474
"RREC, Stuttgart",rel_sw_12in,64,0.449,0.539,0.734,0.472
"RREC, Stuttgart",rel_sw_12in,65,0.447,0.524,0.691,0.47
"RREC, Stuttgart",rel_sw_12in,66,0.445,0.525,0.7,0.547
"RREC, Stuttgart",rel_sw_12in,67,0.444,0.527,0.765,0.588
"RREC, Stuttgart",rel_sw_12in,68,0.442,0.554,0.724,0.641
"RREC, Stuttgart",rel_sw_12in,69,0.467,0.54,0.732,0.62
"RREC, Stuttgart",rel_sw_12in,70,0.471,0.544,0.809,0.689
"RREC, Stuttgart",rel_sw_12in,71,0.468,0.533,0.806,0.643
"RREC, Stuttgart",rel_sw_12in,72,0.466,0.526,0.798,0.599
"RREC, Stuttgart",rel_sw_12in,73,0.475,0.519,0.781,0.568
"RREC, Stuttgart",rel_sw_12in,74,0.479,0.538,0.716,0.609
"RREC, Stuttgart",rel_sw_12in,75,0.48,0.55,0.723,0.578
"RREC, Stuttgart",rel_sw_12in,76,0.476,0.536,0.723,0.55
"RREC, Stuttgart",rel_sw_12in,77,0.475,0.532,0.768,0.528
"RREC, Stuttgart",rel_sw_12in,78,0.472,0.535,0.804,0.514
"RREC, Stuttgart",rel_sw_12in,79,0.471,0.534,0.807,0.504
"RREC, Stuttgart",rel_sw_12in,80,0.476,0.534,0.736,0.496
"RREC, Stuttgart",rel_sw_12in,81,0.472,0.523,0.691,0.491
"RREC, Stuttgart",rel_sw_12in,82,0.469,0.521,0.727,0.486
"RREC, Stuttgart",rel_sw_12in,83,0.469,0.527,0.756,0.482
"RREC, Stuttgart",rel_sw_12in,84,0.466,0.536,0.788,0.479
"RREC, Stuttgart",rel_sw_12in,85,0.464,0.535,0.757,0.476
"RREC, Stuttgart",rel_sw_12in,86,0.473,0.525,0.719,0.474
"RREC, Stuttgart",rel_sw_12in,87,0.467,0.523,0.697,0.471
"RREC, Stuttgart",rel_sw_12in,88,0.465,0.529,0.763,0.469
"RREC, Stuttgart",rel_sw_12in,89,0.462,0.529,0.727,0.467
"RREC, Stuttgart",rel_sw_12in,90,0.463,0.53,0.828,0.465
"RREC, Stuttgart",rel_sw_12in,91,0.46,0.52,0.844,0.463
"RREC, Stuttgart",rel_sw_12in,92,0.458,0.53,0.817,0.461
"RREC, Stuttgart",rel_sw_12in,93,0.457,0.533,0.783,0.459
"RREC, Stuttgart",rel_sw_12in,94,0.473,0.541,0.767,0.548
"RREC, Stuttgart",rel_sw_12in,95,0.47,0.537,0.889,0.528
"RREC, Stuttgart",rel_sw_12in,96,0.471,0.536,0.911,0.513
"RREC, Stuttgart",rel_sw_12in,97,0.478,0.535,0.835,0.503
"RREC, Stuttgart",rel_sw_12in,98,0.477,0.525,0.76,0.496
"RREC, Stuttgart",rel_sw_12in,99,0.473,0.525,0.693,0.49
"RREC, Stuttgart",rel_sw_12in,100,0.473,0.526,0.706,0.486
"RREC, Stuttgart",rel_sw_12in,101,0.475,0.536,0.751,0.482
"RREC, Stuttgart",rel_sw_12in,102,0.472,0.548,0.759,0.478
"RREC, Stuttgart",rel_sw_12in,103,0.475,0.544,0.814,0.475
"RREC, Stuttgart",rel_sw_12in,104,0.472,0.57,0.884,0.473
"RREC, Stuttgart",rel_sw_12in,105,0.469,0.554,0.808,0.47
"RREC, Stuttgart",rel_sw_12in,106,0.467,0.537,0.734,0.47
"RREC, Stuttgart",rel_sw_12in,107,0.465,0.525,0.696,0.468
"RREC, Stuttgart",rel_sw_12in,108,0.462,0.517,0.69,0.48
"RREC, Stuttgart",rel_sw_12in,109,0.466,0.511,0.672,0.466
"RREC, Stuttgart",rel_sw_12in,110,0.467,0.522,0.738,0.463
"RREC, Stuttgart",rel_sw_12in,111,0.471,0.52,0.701,0.461
"RREC, Stuttgart",rel_sw_12in,112,0.469,0.539,0.724,0.459
"RREC, Stuttgart",rel_sw_12in,113,0.47,0.529,0.776,0.457
"RREC, Stuttgart",rel_sw_12in,114,0.468,0.537,0.771,0.54
"RREC, Stuttgart",rel_sw_12in,115,0.465,0.539,0.758,0.614
"RREC, Stuttgart",rel_sw_12in,116,0.464,0.537,0.792,0.59
"RREC, Stuttgart",rel_sw_12in,117,0.461,0.549,0.824,0.571
"RREC, Stuttgart",rel_sw_12in,118,0.459,0.541,0.807,0.651
"RREC, Stuttgart",rel_sw_12in,119,0.457,0.544,0.815,0.65
"RREC, Stuttgart",rel_sw_12in,120,0.455,0.556,0.752,0.611
"RREC, Stuttgart",rel_sw_12in,121,0.453,0.539,0.815,0.575
"RREC, Stuttgart",rel_sw_12in,122,0.474,0.541,0.861,0.55
"RREC, Stuttgart",rel_sw_12in,123,0.472,0.547,0.852,0.532
"RREC, Stuttgart",rel_sw_12in,124,0.469,0.565,0.778,0.518
"RREC, Stuttgart",rel_sw_12in,125,0.469,0.562,0.771,0.548
"RREC, Stuttgart",rel_sw_12in,126,0.468,0.541,0.838,0.608
"RREC, Stuttgart",rel_sw_12in,127,0.47,0.528,0.771,0.573
"RREC, Stuttgart",rel_sw_12in,128,0.469,0.53,0.748,0.543
"RREC, Stuttgart",rel_sw_12in,129,0.467,0.53,0.815,0.526
"RREC, Stuttgart",rel_sw_12in,130,0.465,0.531,0.808,0.539
"RREC, Stuttgart",rel_sw_12in,131,0.463,0.531,0.819,0.517
"RREC, Stuttgart",rel_sw_12in,132,0.468,0.522,0.787,0.504
"RREC, Stuttgart",rel_sw_12in,133,0.466,0.545,0.75,0.495
"RREC, Stuttgart",rel_sw_12in,134,0.464,0.532,0.72,0.488
"RREC, Stuttgart",rel_sw_12in,135,0.462,0.52,0.694,0.483
"RREC, Stuttgart",rel_sw_12in,136,0.461,0.516,0.67,0.479
"RREC, Stuttgart",rel_sw_12in,137,0.461,0.509,0.714,0.475
"RREC, Stuttgart",rel_sw_12in,138,0.459,0.512,0.676,0.472
"RREC, Stuttgart",rel_sw_12in,139,0.457,0.509,0.704,0.546
"RREC, Stuttgart",rel_sw_12in,140,0.455,0.51,0.679,0.56
"RREC, Stuttgart",rel_sw_12in,141,0.453,0.504,0.677,0.583
"RREC, Stuttgart",rel_sw_12in,142,0.452,0.497,0.653,0.672
"RREC, Stuttgart",rel_sw_12in,143,0.45,0.499,0.617,0.704
"RREC, Stuttgart",rel_sw_12in,144,0.448,0.503,0.648,0.66
"RREC, Stuttgart",rel_sw_12in,145,0.45,0.504,0.677,0.637
"RREC, Stuttgart",rel_sw_12in,146,0.448,0.506,0.743,0.622
"RREC, Stuttgart",rel_sw_12in,147,0.451,0.514,0.714,0.61
"RREC, Stuttgart",rel_sw_12in,148,0.476,0.509,0.658,0.654
"RREC, Stuttgart",rel_sw_12in,149,0.477,0.528,0.649,0.632
"RREC, Stuttgart",rel_sw_12in,150,0.478,0.526,0.674,0.589
"RREC, Stuttgart",rel_sw_12in,151,0.475,0.515,0.659,0.556
"RREC, Stuttgart",rel_sw_12in,152,0.476,0.514,0.631,0.552
"RREC, Stuttgart",rel_sw_12in,153,0.477,0.515,0.625,0.527
"RREC, Stuttgart",rel_sw_12in,154,0.478,0.511,0.628,0.508
"RREC, Stuttgart",rel_sw_12in,155,0.475,0.512,0.669,0.494
"RREC, Stuttgart",rel_sw_12in,156,0.474,0.507,0.683,0.484
"RREC, Stuttgart",rel_sw_12in,157,0.475,0.513,0.669,0.5
"RREC, Stuttgart",rel_sw_12in,158,0.475,0.502,0.681,0.538
"RREC, Stuttgart",rel_sw_12in,159,0.473,0.499,0.775,0.548
"RREC, Stuttgart",rel_sw_12in,160,0.471,0.495,0.851,0.52
"RREC, Stuttgart",rel_sw_12in,161,0.47,0.504,0.824,0.498
"RREC, Stuttgart",rel_sw_12in,162,0.464,0.507,0.748,0.484
"RREC, Stuttgart",rel_sw_12in,163,0.467,0.509,0.68,0.49
"RREC, Stuttgart",rel_sw_12in,164,0.47,0.513,0.627,0.53
"RREC, Stuttgart",rel_sw_12in,165,0.464,0.503,0.677,0.534
"RREC, Stuttgart",rel_sw_12in,166,0.457,0.497,0.642,0.514
"RREC, Stuttgart",rel_sw_12in,167,0.459,0.494,0.674,0.489
"RREC, Stuttgart",rel_sw_12in,168,0.452,0.49,0.736,0.473
"RREC, Stuttgart",rel_sw_12in,169,0.458,0.495,0.681,0.493
"RREC, Stuttgart",rel_sw_12in,170,0.45,0.49,0.628,0.498
"RREC, Stuttgart",rel_sw_12in,171,0.446,0.493,0.588,0.545
"RREC, Stuttgart",rel_sw_12in,172,0.441,0.498,0.559,0.541
"RREC, Stuttgart",rel_sw_12in,173,0.443,0.492,0.584,0.587
"RREC, Stuttgart",rel_sw_12in,174,0.44,0.489,0.639,0.561
"RREC, Stuttgart",rel_sw_12in,175,0.431,0.486,0.629,0.539
"RREC, Stuttgart",rel_sw_12in,176,0.447,0.49,0.604,0.515
"RREC, Stuttgart",rel_sw_12in,177,0.43,0.498,0.636,0.5
"RREC, Stuttgart",rel_sw_12in,178,0.45,0.492,0.611,0.477
"RREC, Stuttgart",rel_sw_12in,179,0.425,0.481,0.617,0.455
"RREC, Stuttgart",rel_sw_12in,180,0.434,0.478,0.66,0.486
"RREC, Stuttgart",rel_sw_12in,181,0.415,0.489,0.701,0.459
"RREC, Stuttgart",rel_sw_12in,182,0.422,0.485,0.763,0.484
"RREC, Stuttgart",rel_sw_12in,183,0.417,0.476,0.725,0.474
"RREC, Stuttgart",rel_sw_12in,184,0.427,0.477,0.7,0.458
"RREC, Stuttgart",rel_sw_12in,185,0.413,0.479,0.652,0.468
"RREC, Stuttgart",rel_sw_12in,186,0.428,0.481,0.66,0.477
"RREC, Stuttgart",rel_sw_12in,187,0.401,0.478,0.646,0.467
"RREC, Stuttgart",rel_sw_12in,188,0.428,0.477,0.635,0.452
"RREC, Stuttgart",rel_sw_12in,189,0.415,0.468,0.597,0.433
"RREC, Stuttgart",rel_sw_12in,190,0.433,0.479,0.613,0.473
"RREC, Stuttgart",rel_sw_12in,191,0.411,0.487,0.685,0.46
"RREC, Stuttgart",rel_sw_12in,192,0.422,0.485,0.643,0.467
"RREC, Stuttgart",rel_sw_12in,193,0.413,0.49,0.718,0.482
"RREC, Stuttgart",rel_sw_12in,194,0.404,0.482,0.724,0.471
"RREC, Stuttgart",rel_sw_12in,195,0.422,0.483,0.668,0.505
"RREC, Stuttgart",rel_sw_12in,196,0.397,0.484,0.696,0.566
"RREC, Stuttgart",rel_sw_12in,197,0.398,0.479,0.761,0.543
"RREC, Stuttgart",rel_sw_12in,198,0.4,0.48,0.708,0.53
"RREC, Stuttgart",rel_sw_12in,199,0.422,0.472,0.661,0.505
"RREC, Stuttgart",rel_sw_12in,200,0.395,0.47,0.648,0.479
"RREC, Stuttgart",rel_sw_12in,201,0.426,0.471,0.613,0.473
"RREC, Stuttgart",rel_sw_12in,202,0.407,0.469,0.633,0.455
"RREC, Stuttgart",rel_sw_12in,203,0.381,0.464,0.607,0.482
"RREC, Stuttgart",rel_sw_12in,204,0.406,0.481,0.577,0.462
"RREC, Stuttgart",rel_sw_12in,205,0.387,0.478,0.58,0.478
"RREC, Stuttgart",rel_sw_12in,206,0.41,0.465,0.597,0.487
"RREC, Stuttgart",rel_sw_12in,207,0.391,0.474,0.638,0.467
"RREC, Stuttgart",rel_sw_12in,208,0.409,0.466,0.603,0.442
"RREC, Stuttgart",rel_sw_12in,209,0.385,0.477,0.63,0.459
"RREC, Stuttgart",rel_sw_12in,210,0.406,0.474,0.691,0.474
"RREC, Stuttgart",rel_sw_12in,211,0.384,0.473,0.772,0.458
"RREC, Stuttgart",rel_sw_12in,212,0.402,0.474,0.713,0.46
"RREC, Stuttgart",rel_sw_12in,213,0.4,0.469,0.732,0.446
"RREC, Stuttgart",rel_sw_12in,214,0.422,0.455,0.679,NA
"RREC, Stuttgart",rel_sw_12in,215,0.396,0.46,0.627,NA
"RREC, Stuttgart",rel_sw_12in,216,0.419,0.463,0.633,NA
"RREC, Stuttgart",rel_sw_12in,217,0.396,0.46,0.686,NA
"RREC, Stuttgart",rel_sw_12in,218,0.387,0.456,0.7,NA
"RREC, Stuttgart",rel_sw_12in,219,0.399,0.458,0.66,NA
"RREC, Stuttgart",rel_sw_12in,220,0.394,0.47,0.611,NA
"RREC, Stuttgart",rel_sw_12in,221,0.402,0.46,0.578,NA
"RREC, Stuttgart",rel_sw_12in,222,0.391,0.461,0.579,NA
"RREC, Stuttgart",rel_sw_12in,223,0.389,0.465,0.592,NA
"RREC, Stuttgart",rel_sw_12in,224,0.393,0.472,0.645,NA
"RREC, Stuttgart",rel_sw_12in,225,0.401,0.463,0.638,NA
"RREC, Stuttgart",rel_sw_12in,226,0.379,0.47,0.62,NA
"RREC, Stuttgart",rel_sw_12in,227,0.392,0.458,0.629,NA
"RREC, Stuttgart",rel_sw_12in,228,0.368,0.455,0.618,NA
"RREC, Stuttgart",rel_sw_12in,229,0.373,0.456,0.659,NA
"RREC, Stuttgart",rel_sw_12in,230,0.364,0.459,0.639,NA
"RREC, Stuttgart",rel_sw_12in,231,0.367,0.448,0.633,NA
"RREC, Stuttgart",rel_sw_12in,232,0.37,0.461,0.658,NA
"RREC, Stuttgart",rel_sw_12in,233,0.378,0.464,0.652,NA
"RREC, Stuttgart",rel_sw_12in,234,0.372,0.452,0.658,NA
"RREC, Stuttgart",rel_sw_12in,235,0.377,0.444,0.634,NA
"RREC, Stuttgart",rel_sw_12in,236,0.362,0.444,0.601,NA
"RREC, Stuttgart",rel_sw_12in,237,0.378,0.431,0.579,NA
"RREC, Stuttgart",rel_sw_12in,238,0.362,0.447,0.582,NA
"RREC, Stuttgart",rel_sw_12in,239,0.372,0.452,0.551,NA
"RREC, Stuttgart",rel_sw_12in,240,0.351,0.442,0.69,NA
"RREC, Stuttgart",rel_sw_12in,241,0.369,0.46,0.771,NA
"RREC, Stuttgart",rel_sw_12in,242,0.349,0.447,0.744,NA
"RREC, Stuttgart",rel_sw_12in,243,0.367,0.464,0.769,NA
"RREC, Stuttgart",rel_sw_12in,244,0.353,0.461,0.783,NA
"RREC, Stuttgart",rel_sw_12in,245,0.371,0.454,0.787,NA
"RREC, Stuttgart",rel_sw_12in,246,0.349,0.464,0.778,NA
"RREC, Stuttgart",rel_sw_12in,247,0.376,0.46,0.776,NA
"RREC, Stuttgart",rel_sw_12in,248,0.34,0.471,0.765,NA
"RREC, Stuttgart",rel_sw_12in,249,0.37,0.463,0.717,NA
"RREC, Stuttgart",rel_sw_12in,250,0.362,0.465,0.661,NA
"RREC, Stuttgart",rel_sw_12in,251,0.389,0.46,0.641,NA
"RREC, Stuttgart",rel_sw_12in,252,0.375,0.469,0.69,NA
"RREC, Stuttgart",rel_sw_12in,253,0.395,0.462,0.687,NA
"RREC, Stuttgart",rel_sw_12in,254,0.397,0.473,0.654,NA
"RREC, Stuttgart",rel_sw_12in,255,0.392,0.484,0.611,NA
"RREC, Stuttgart",rel_sw_12in,256,0.418,0.476,0.635,NA
"RREC, Stuttgart",rel_sw_12in,257,0.401,0.47,0.668,NA
"RREC, Stuttgart",rel_sw_12in,258,0.397,0.475,0.776,NA
"RREC, Stuttgart",rel_sw_12in,259,0.397,0.475,0.816,NA
"RREC, Stuttgart",rel_sw_12in,260,0.417,0.472,0.824,NA
"RREC, Stuttgart",rel_sw_12in,261,0.41,0.477,0.794,NA
"RREC, Stuttgart",rel_sw_12in,262,0.395,0.477,0.739,NA
"RREC, Stuttgart",rel_sw_12in,263,0.414,0.484,0.682,NA
"RREC, Stuttgart",rel_sw_12in,264,0.41,0.481,0.674,NA
"RREC, Stuttgart",rel_sw_12in,265,0.407,0.483,0.653,NA
"RREC, Stuttgart",rel_sw_12in,266,0.402,0.497,0.694,NA
"RREC, Stuttgart",rel_sw_12in,267,0.395,0.496,0.69,NA
"RREC, Stuttgart",rel_sw_12in,268,0.393,0.506,0.72,NA
"RREC, Stuttgart",rel_sw_12in,269,0.388,0.499,0.683,NA
"RREC, Stuttgart",rel_sw_12in,270,0.384,0.492,0.656,NA
"RREC, Stuttgart",rel_sw_12in,271,0.381,0.489,0.713,NA
"RREC, Stuttgart",rel_sw_12in,272,0.377,0.486,0.667,NA
"RREC, Stuttgart",rel_sw_12in,273,0.374,0.486,0.633,NA
"RREC, Stuttgart",rel_sw_12in,274,0.375,0.485,0.607,NA
"RREC, Stuttgart",rel_sw_12in,275,0.383,0.493,0.66,NA
"RREC, Stuttgart",rel_sw_12in,276,0.381,0.489,0.637,NA
"RREC, Stuttgart",rel_sw_12in,277,0.379,0.487,0.642,NA
"RREC, Stuttgart",rel_sw_12in,278,0.377,0.485,0.621,NA
"RREC, Stuttgart",rel_sw_12in,279,0.375,0.483,0.68,NA
"RREC, Stuttgart",rel_sw_12in,280,0.373,0.481,0.681,NA
"RREC, Stuttgart",rel_sw_12in,281,0.371,0.482,0.772,NA
"RREC, Stuttgart",rel_sw_12in,282,0.37,0.499,0.833,NA
"RREC, Stuttgart",rel_sw_12in,283,0.369,0.495,0.773,NA
"RREC, Stuttgart",rel_sw_12in,284,0.367,0.491,0.756,NA
"RREC, Stuttgart",rel_sw_12in,285,0.365,0.487,0.736,NA
"RREC, Stuttgart",rel_sw_12in,286,0.363,0.483,0.793,NA
"RREC, Stuttgart",rel_sw_12in,287,0.362,0.495,0.735,NA
"RREC, Stuttgart",rel_sw_12in,288,0.36,0.503,0.693,NA
"RREC, Stuttgart",rel_sw_12in,289,0.358,0.502,0.647,NA
"RREC, Stuttgart",rel_sw_12in,290,0.357,0.505,0.693,NA
"RREC, Stuttgart",rel_sw_12in,291,0.355,0.513,0.68,NA
"RREC, Stuttgart",rel_sw_12in,292,0.353,0.527,0.709,NA
"RREC, Stuttgart",rel_sw_12in,293,0.352,0.515,0.688,NA
"RREC, Stuttgart",rel_sw_12in,294,0.35,0.511,0.649,NA
"RREC, Stuttgart",rel_sw_12in,295,0.349,0.502,0.657,NA
"RREC, Stuttgart",rel_sw_12in,296,0.371,0.498,0.681,NA
"RREC, Stuttgart",rel_sw_12in,297,0.369,0.495,0.734,NA
"RREC, Stuttgart",rel_sw_12in,298,0.367,0.514,0.698,NA
"RREC, Stuttgart",rel_sw_12in,299,0.428,0.524,0.709,NA
"RREC, Stuttgart",rel_sw_12in,300,0.429,0.531,0.674,NA
"RREC, Stuttgart",rel_sw_12in,301,0.425,0.538,0.7,NA
"RREC, Stuttgart",rel_sw_12in,302,0.439,0.533,0.807,NA
"RREC, Stuttgart",rel_sw_12in,303,0.437,0.522,0.847,NA
"RREC, Stuttgart",rel_sw_12in,304,0.437,0.527,0.89,NA
"RREC, Stuttgart",rel_sw_12in,305,0.434,0.527,0.843,NA
"RREC, Stuttgart",rel_sw_12in,306,0.432,0.525,0.773,NA
"RREC, Stuttgart",rel_sw_12in,307,0.455,0.528,0.785,NA
"RREC, Stuttgart",rel_sw_12in,308,0.452,0.529,0.764,NA
"RREC, Stuttgart",rel_sw_12in,309,0.45,0.533,0.714,NA
"RREC, Stuttgart",rel_sw_12in,310,0.448,0.53,0.663,NA
"RREC, Stuttgart",rel_sw_12in,311,0.446,0.536,0.766,NA
"RREC, Stuttgart",rel_sw_12in,312,0.445,0.544,0.8,NA
"RREC, Stuttgart",rel_sw_12in,313,0.443,0.532,0.758,NA
"RREC, Stuttgart",rel_sw_12in,314,0.441,0.517,0.77,NA
"RREC, Stuttgart",rel_sw_12in,315,0.439,0.516,0.774,NA
"RREC, Stuttgart",rel_sw_12in,316,0.437,0.521,0.714,NA
"RREC, Stuttgart",rel_sw_12in,317,0.435,0.523,0.664,NA
"RREC, Stuttgart",rel_sw_12in,318,0.434,0.524,0.651,NA
"RREC, Stuttgart",rel_sw_12in,319,0.432,0.533,0.684,NA
"RREC, Stuttgart",rel_sw_12in,320,0.43,0.534,0.771,NA
"RREC, Stuttgart",rel_sw_12in,321,0.428,0.526,0.728,NA
"RREC, Stuttgart",rel_sw_12in,322,0.427,0.519,0.741,NA
"RREC, Stuttgart",rel_sw_12in,323,0.455,0.513,0.698,NA
"RREC, Stuttgart",rel_sw_12in,324,0.453,0.519,0.804,NA
"RREC, Stuttgart",rel_sw_12in,325,0.456,0.532,0.757,NA
"RREC, Stuttgart",rel_sw_12in,326,0.454,0.532,0.791,NA
"RREC, Stuttgart",rel_sw_12in,327,0.46,0.526,0.741,NA
"RREC, Stuttgart",rel_sw_12in,328,0.461,0.537,0.705,NA
"RREC, Stuttgart",rel_sw_12in,329,0.459,0.545,0.749,NA
"RREC, Stuttgart",rel_sw_12in,330,0.457,0.555,0.717,NA
"RREC, Stuttgart",rel_sw_12in,331,0.454,0.574,0.723,NA
"RREC, Stuttgart",rel_sw_12in,332,0.452,0.558,0.771,NA
"RREC, Stuttgart",rel_sw_12in,333,0.45,0.548,0.885,NA
"RREC, Stuttgart",rel_sw_12in,334,0.448,0.569,0.824,NA
"RREC, Stuttgart",rel_sw_12in,335,0.446,0.554,0.757,NA
"RREC, Stuttgart",rel_sw_12in,336,0.444,0.539,0.797,NA
"RREC, Stuttgart",rel_sw_12in,337,0.442,0.542,0.748,NA
"RREC, Stuttgart",rel_sw_12in,338,0.447,0.539,0.78,NA
"RREC, Stuttgart",rel_sw_12in,339,0.469,0.541,0.793,NA
"RREC, Stuttgart",rel_sw_12in,340,0.469,0.546,0.756,NA
"RREC, Stuttgart",rel_sw_12in,341,0.47,0.547,0.716,NA
"RREC, Stuttgart",rel_sw_12in,342,0.468,0.543,0.714,NA
"RREC, Stuttgart",rel_sw_12in,343,0.483,0.543,0.79,NA
"RREC, Stuttgart",rel_sw_12in,344,0.479,0.558,0.744,NA
"RREC, Stuttgart",rel_sw_12in,345,0.477,0.548,0.695,NA
"RREC, Stuttgart",rel_sw_12in,346,0.477,0.547,0.723,NA
"RREC, Stuttgart",rel_sw_12in,347,0.483,0.55,0.788,NA
"RREC, Stuttgart",rel_sw_12in,348,0.479,0.548,0.744,NA
"RREC, Stuttgart",rel_sw_12in,349,0.476,0.56,0.746,NA
"RREC, Stuttgart",rel_sw_12in,350,0.474,0.557,0.822,NA
"RREC, Stuttgart",rel_sw_12in,351,0.48,0.553,0.882,NA
"RREC, Stuttgart",rel_sw_12in,352,0.483,0.554,0.812,NA
"RREC, Stuttgart",rel_sw_12in,353,0.479,0.539,0.75,NA
"RREC, Stuttgart",rel_sw_12in,354,0.476,0.54,0.76,NA
"RREC, Stuttgart",rel_sw_12in,355,0.472,0.553,0.816,NA
"RREC, Stuttgart",rel_sw_12in,356,0.47,0.542,0.792,NA
"RREC, Stuttgart",rel_sw_12in,357,0.474,0.542,0.777,NA
"RREC, Stuttgart",rel_sw_12in,358,0.478,0.553,0.821,NA
"RREC, Stuttgart",rel_sw_12in,359,0.474,0.557,0.845,NA
"RREC, Stuttgart",rel_sw_12in,360,0.471,0.557,0.924,NA
"RREC, Stuttgart",rel_sw_12in,361,0.469,0.558,0.965,NA
"RREC, Stuttgart",rel_sw_12in,362,0.473,0.554,0.899,NA
"RREC, Stuttgart",rel_sw_12in,363,0.47,0.561,0.831,NA
"RREC, Stuttgart",rel_sw_12in,364,0.466,0.567,0.779,NA
"RREC, Stuttgart",rel_sw_12in,365,0.463,0.557,0.762,NA
"RREC, Stuttgart",rel_sw_12in,366,0.506,0.549,0.813,NA
"RREC, Stuttgart",rel_sw_24in,1,0.514,0.517,0.573,0.514
"RREC, Stuttgart",rel_sw_24in,2,0.511,0.517,0.627,0.518
"RREC, Stuttgart",rel_sw_24in,3,0.509,0.517,0.645,0.516
"RREC, Stuttgart",rel_sw_24in,4,0.506,0.524,0.639,0.514
"RREC, Stuttgart",rel_sw_24in,5,0.502,0.533,0.632,0.51
"RREC, Stuttgart",rel_sw_24in,6,0.499,0.545,0.634,0.506
"RREC, Stuttgart",rel_sw_24in,7,0.497,0.543,0.657,0.503
"RREC, Stuttgart",rel_sw_24in,8,0.493,0.548,0.658,0.502
"RREC, Stuttgart",rel_sw_24in,9,0.497,0.553,0.654,0.524
"RREC, Stuttgart",rel_sw_24in,10,0.497,0.557,0.681,0.542
"RREC, Stuttgart",rel_sw_24in,11,0.494,0.558,0.697,0.538
"RREC, Stuttgart",rel_sw_24in,12,0.492,0.554,0.688,0.534
"RREC, Stuttgart",rel_sw_24in,13,0.49,0.554,0.704,0.53
"RREC, Stuttgart",rel_sw_24in,14,0.489,0.55,0.715,0.527
"RREC, Stuttgart",rel_sw_24in,15,0.487,0.542,0.714,0.522
"RREC, Stuttgart",rel_sw_24in,16,0.486,0.544,0.705,0.518
"RREC, Stuttgart",rel_sw_24in,17,0.491,0.557,0.695,0.515
"RREC, Stuttgart",rel_sw_24in,18,0.493,0.564,0.682,0.511
"RREC, Stuttgart",rel_sw_24in,19,0.491,0.561,0.665,0.507
"RREC, Stuttgart",rel_sw_24in,20,0.49,0.558,0.675,0.504
"RREC, Stuttgart",rel_sw_24in,21,0.49,0.559,0.679,0.534
"RREC, Stuttgart",rel_sw_24in,22,0.488,0.561,0.66,0.53
"RREC, Stuttgart",rel_sw_24in,23,0.488,0.56,0.652,0.534
"RREC, Stuttgart",rel_sw_24in,24,0.487,0.573,0.674,0.585
"RREC, Stuttgart",rel_sw_24in,25,0.487,0.567,0.684,0.606
"RREC, Stuttgart",rel_sw_24in,26,0.486,0.566,0.692,0.603
"RREC, Stuttgart",rel_sw_24in,27,0.484,0.561,0.733,0.598
"RREC, Stuttgart",rel_sw_24in,28,0.484,0.562,0.717,0.592
"RREC, Stuttgart",rel_sw_24in,29,0.483,0.558,0.698,0.584
"RREC, Stuttgart",rel_sw_24in,30,0.482,0.549,0.676,0.575
"RREC, Stuttgart",rel_sw_24in,31,0.48,0.548,0.672,0.567
"RREC, Stuttgart",rel_sw_24in,32,0.479,0.559,0.671,0.559
"RREC, Stuttgart",rel_sw_24in,33,0.483,0.556,0.723,0.549
"RREC, Stuttgart",rel_sw_24in,34,0.488,0.55,0.768,0.551
"RREC, Stuttgart",rel_sw_24in,35,0.484,0.556,0.751,0.543
"RREC, Stuttgart",rel_sw_24in,36,0.49,0.561,0.731,0.535
"RREC, Stuttgart",rel_sw_24in,37,0.498,0.565,0.711,0.525
"RREC, Stuttgart",rel_sw_24in,38,0.496,0.567,0.687,0.517
"RREC, Stuttgart",rel_sw_24in,39,0.494,0.56,0.69,0.511
"RREC, Stuttgart",rel_sw_24in,40,0.492,0.551,0.726,0.507
"RREC, Stuttgart",rel_sw_24in,41,0.491,0.552,0.749,0.503
"RREC, Stuttgart",rel_sw_24in,42,0.49,0.556,0.742,0.503
"RREC, Stuttgart",rel_sw_24in,43,0.488,0.562,0.747,0.499
"RREC, Stuttgart",rel_sw_24in,44,0.489,0.56,0.733,0.496
"RREC, Stuttgart",rel_sw_24in,45,0.49,0.553,0.716,0.535
"RREC, Stuttgart",rel_sw_24in,46,0.49,0.567,0.715,0.592
"RREC, Stuttgart",rel_sw_24in,47,0.489,0.559,0.751,0.586
"RREC, Stuttgart",rel_sw_24in,48,0.492,0.553,0.744,0.582
"RREC, Stuttgart",rel_sw_24in,49,0.499,0.552,0.736,0.574
"RREC, Stuttgart",rel_sw_24in,50,0.503,0.551,0.737,0.565
"RREC, Stuttgart",rel_sw_24in,51,0.5,0.551,0.777,0.557
"RREC, Stuttgart",rel_sw_24in,52,0.497,0.561,0.755,0.552
"RREC, Stuttgart",rel_sw_24in,53,0.495,0.557,0.748,0.543
"RREC, Stuttgart",rel_sw_24in,54,0.496,0.57,0.765,0.535
"RREC, Stuttgart",rel_sw_24in,55,0.494,0.562,0.771,0.529
"RREC, Stuttgart",rel_sw_24in,56,0.493,0.562,0.758,0.522
"RREC, Stuttgart",rel_sw_24in,57,0.492,0.563,0.736,0.519
"RREC, Stuttgart",rel_sw_24in,58,0.49,0.564,0.756,0.514
"RREC, Stuttgart",rel_sw_24in,59,0.488,0.556,0.812,0.51
"RREC, Stuttgart",rel_sw_24in,60,0.487,0.565,0.859,0.506
"RREC, Stuttgart",rel_sw_24in,61,0.488,0.566,0.832,0.503
"RREC, Stuttgart",rel_sw_24in,62,0.486,0.556,0.808,0.501
"RREC, Stuttgart",rel_sw_24in,63,0.485,0.561,0.803,0.499
"RREC, Stuttgart",rel_sw_24in,64,0.484,0.567,0.798,0.497
"RREC, Stuttgart",rel_sw_24in,65,0.483,0.565,0.781,0.495
"RREC, Stuttgart",rel_sw_24in,66,0.482,0.573,0.763,0.535
"RREC, Stuttgart",rel_sw_24in,67,0.481,0.574,0.748,0.559
"RREC, Stuttgart",rel_sw_24in,68,0.48,0.573,0.735,0.593
"RREC, Stuttgart",rel_sw_24in,69,0.493,0.565,0.754,0.591
"RREC, Stuttgart",rel_sw_24in,70,0.497,0.568,0.751,0.638
"RREC, Stuttgart",rel_sw_24in,71,0.495,0.566,0.735,0.626
"RREC, Stuttgart",rel_sw_24in,72,0.494,0.567,0.731,0.612
"RREC, Stuttgart",rel_sw_24in,73,0.503,0.563,0.741,0.601
"RREC, Stuttgart",rel_sw_24in,74,0.502,0.561,0.762,0.623
"RREC, Stuttgart",rel_sw_24in,75,0.502,0.572,0.777,0.608
"RREC, Stuttgart",rel_sw_24in,76,0.499,0.573,0.767,0.592
"RREC, Stuttgart",rel_sw_24in,77,0.497,0.571,0.746,0.577
"RREC, Stuttgart",rel_sw_24in,78,0.495,0.567,0.761,0.564
"RREC, Stuttgart",rel_sw_24in,79,0.495,0.564,0.77,0.553
"RREC, Stuttgart",rel_sw_24in,80,0.5,0.57,0.772,0.542
"RREC, Stuttgart",rel_sw_24in,81,0.498,0.569,0.758,0.533
"RREC, Stuttgart",rel_sw_24in,82,0.496,0.575,0.779,0.525
"RREC, Stuttgart",rel_sw_24in,83,0.494,0.578,0.794,0.519
"RREC, Stuttgart",rel_sw_24in,84,0.493,0.57,0.81,0.513
"RREC, Stuttgart",rel_sw_24in,85,0.491,0.57,0.795,0.508
"RREC, Stuttgart",rel_sw_24in,86,0.496,0.564,0.777,0.504
"RREC, Stuttgart",rel_sw_24in,87,0.493,0.565,0.767,0.501
"RREC, Stuttgart",rel_sw_24in,88,0.491,0.561,0.801,0.498
"RREC, Stuttgart",rel_sw_24in,89,0.49,0.559,0.816,0.496
"RREC, Stuttgart",rel_sw_24in,90,0.493,0.558,0.836,0.494
"RREC, Stuttgart",rel_sw_24in,91,0.491,0.562,0.844,0.492
"RREC, Stuttgart",rel_sw_24in,92,0.49,0.56,0.832,0.491
"RREC, Stuttgart",rel_sw_24in,93,0.489,0.566,0.816,0.489
"RREC, Stuttgart",rel_sw_24in,94,0.499,0.558,0.806,0.535
"RREC, Stuttgart",rel_sw_24in,95,0.497,0.571,0.798,0.526
"RREC, Stuttgart",rel_sw_24in,96,0.499,0.572,0.8,0.52
"RREC, Stuttgart",rel_sw_24in,97,0.502,0.57,0.781,0.516
"RREC, Stuttgart",rel_sw_24in,98,0.503,0.574,0.779,0.513
"RREC, Stuttgart",rel_sw_24in,99,0.501,0.563,0.766,0.51
"RREC, Stuttgart",rel_sw_24in,100,0.501,0.566,0.766,0.507
"RREC, Stuttgart",rel_sw_24in,101,0.5,0.564,0.748,0.504
"RREC, Stuttgart",rel_sw_24in,102,0.498,0.579,0.798,0.502
"RREC, Stuttgart",rel_sw_24in,103,0.497,0.582,0.838,0.5
"RREC, Stuttgart",rel_sw_24in,104,0.495,0.591,0.823,0.498
"RREC, Stuttgart",rel_sw_24in,105,0.494,0.581,0.814,0.496
"RREC, Stuttgart",rel_sw_24in,106,0.492,0.571,0.796,0.495
"RREC, Stuttgart",rel_sw_24in,107,0.491,0.562,0.782,0.494
"RREC, Stuttgart",rel_sw_24in,108,0.49,0.556,0.818,0.499
"RREC, Stuttgart",rel_sw_24in,109,0.492,0.561,0.812,0.492
"RREC, Stuttgart",rel_sw_24in,110,0.492,0.558,0.806,0.491
"RREC, Stuttgart",rel_sw_24in,111,0.496,0.566,0.789,0.49
"RREC, Stuttgart",rel_sw_24in,112,0.495,0.564,0.8,0.489
"RREC, Stuttgart",rel_sw_24in,113,0.494,0.556,0.826,0.488
"RREC, Stuttgart",rel_sw_24in,114,0.493,0.565,0.824,0.529
"RREC, Stuttgart",rel_sw_24in,115,0.491,0.564,0.817,0.571
"RREC, Stuttgart",rel_sw_24in,116,0.492,0.569,0.81,0.567
"RREC, Stuttgart",rel_sw_24in,117,0.491,0.567,0.792,0.564
"RREC, Stuttgart",rel_sw_24in,118,0.489,0.568,0.835,0.612
"RREC, Stuttgart",rel_sw_24in,119,0.488,0.567,0.842,0.622
"RREC, Stuttgart",rel_sw_24in,120,0.487,0.572,0.818,0.611
"RREC, Stuttgart",rel_sw_24in,121,0.486,0.572,0.799,0.598
"RREC, Stuttgart",rel_sw_24in,122,0.502,0.574,0.843,0.587
"RREC, Stuttgart",rel_sw_24in,123,0.5,0.58,0.868,0.576
"RREC, Stuttgart",rel_sw_24in,124,0.498,0.576,0.838,0.565
"RREC, Stuttgart",rel_sw_24in,125,0.496,0.583,0.816,0.575
"RREC, Stuttgart",rel_sw_24in,126,0.494,0.586,0.797,0.603
"RREC, Stuttgart",rel_sw_24in,127,0.495,0.575,0.782,0.586
"RREC, Stuttgart",rel_sw_24in,128,0.495,0.566,0.8,0.57
"RREC, Stuttgart",rel_sw_24in,129,0.493,0.565,0.846,0.56
"RREC, Stuttgart",rel_sw_24in,130,0.492,0.568,0.843,0.564
"RREC, Stuttgart",rel_sw_24in,131,0.491,0.564,0.848,0.55
"RREC, Stuttgart",rel_sw_24in,132,0.495,0.568,0.832,0.54
"RREC, Stuttgart",rel_sw_24in,133,0.493,0.573,0.82,0.531
"RREC, Stuttgart",rel_sw_24in,134,0.492,0.569,0.801,0.524
"RREC, Stuttgart",rel_sw_24in,135,0.491,0.561,0.785,0.518
"RREC, Stuttgart",rel_sw_24in,136,0.49,0.558,0.774,0.512
"RREC, Stuttgart",rel_sw_24in,137,0.49,0.556,0.76,0.508
"RREC, Stuttgart",rel_sw_24in,138,0.488,0.55,0.747,0.504
"RREC, Stuttgart",rel_sw_24in,139,0.487,0.541,0.79,0.54
"RREC, Stuttgart",rel_sw_24in,140,0.487,0.541,0.772,0.549
"RREC, Stuttgart",rel_sw_24in,141,0.486,0.548,0.77,0.564
"RREC, Stuttgart",rel_sw_24in,142,0.485,0.543,0.763,0.617
"RREC, Stuttgart",rel_sw_24in,143,0.484,0.536,0.745,0.646
"RREC, Stuttgart",rel_sw_24in,144,0.483,0.535,0.751,0.638
"RREC, Stuttgart",rel_sw_24in,145,0.484,0.538,0.749,0.637
"RREC, Stuttgart",rel_sw_24in,146,0.483,0.536,0.755,0.638
"RREC, Stuttgart",rel_sw_24in,147,0.484,0.534,0.776,0.637
"RREC, Stuttgart",rel_sw_24in,148,0.5,0.553,0.766,0.663
"RREC, Stuttgart",rel_sw_24in,149,0.501,0.555,0.758,0.655
"RREC, Stuttgart",rel_sw_24in,150,0.498,0.549,0.728,0.634
"RREC, Stuttgart",rel_sw_24in,151,0.496,0.55,0.706,0.615
"RREC, Stuttgart",rel_sw_24in,152,0.499,0.556,0.688,0.609
"RREC, Stuttgart",rel_sw_24in,153,0.499,0.556,0.671,0.589
"RREC, Stuttgart",rel_sw_24in,154,0.507,0.557,0.665,0.572
"RREC, Stuttgart",rel_sw_24in,155,0.501,0.557,0.668,0.557
"RREC, Stuttgart",rel_sw_24in,156,0.497,0.556,0.658,0.544
"RREC, Stuttgart",rel_sw_24in,157,0.5,0.556,0.649,0.544
"RREC, Stuttgart",rel_sw_24in,158,0.497,0.552,0.651,0.557
"RREC, Stuttgart",rel_sw_24in,159,0.497,0.54,0.713,0.559
"RREC, Stuttgart",rel_sw_24in,160,0.499,0.533,0.748,0.542
"RREC, Stuttgart",rel_sw_24in,161,0.496,0.534,0.753,0.529
"RREC, Stuttgart",rel_sw_24in,162,0.492,0.54,0.734,0.519
"RREC, Stuttgart",rel_sw_24in,163,0.493,0.541,0.713,0.519
"RREC, Stuttgart",rel_sw_24in,164,0.495,0.542,0.694,0.538
"RREC, Stuttgart",rel_sw_24in,165,0.491,0.543,0.726,0.539
"RREC, Stuttgart",rel_sw_24in,166,0.487,0.538,0.712,0.528
"RREC, Stuttgart",rel_sw_24in,167,0.487,0.535,0.719,0.514
"RREC, Stuttgart",rel_sw_24in,168,0.483,0.532,0.736,0.503
"RREC, Stuttgart",rel_sw_24in,169,0.487,0.53,0.716,0.51
"RREC, Stuttgart",rel_sw_24in,170,0.477,0.528,0.702,0.511
"RREC, Stuttgart",rel_sw_24in,171,0.475,0.521,0.685,0.533
"RREC, Stuttgart",rel_sw_24in,172,0.466,0.516,0.675,0.53
"RREC, Stuttgart",rel_sw_24in,173,0.467,0.514,0.663,0.555
"RREC, Stuttgart",rel_sw_24in,174,0.459,0.523,0.651,0.546
"RREC, Stuttgart",rel_sw_24in,175,0.453,0.522,0.628,0.536
"RREC, Stuttgart",rel_sw_24in,176,0.46,0.525,0.628,0.522
"RREC, Stuttgart",rel_sw_24in,177,0.443,0.51,0.611,0.513
"RREC, Stuttgart",rel_sw_24in,178,0.448,0.502,0.619,0.497
"RREC, Stuttgart",rel_sw_24in,179,0.438,0.491,0.633,0.48
"RREC, Stuttgart",rel_sw_24in,180,0.442,0.486,0.649,0.489
"RREC, Stuttgart",rel_sw_24in,181,0.422,0.497,0.696,0.47
"RREC, Stuttgart",rel_sw_24in,182,0.417,0.484,0.743,0.478
"RREC, Stuttgart",rel_sw_24in,183,0.413,0.482,0.756,0.468
"RREC, Stuttgart",rel_sw_24in,184,0.412,0.478,0.759,0.454
"RREC, Stuttgart",rel_sw_24in,185,0.395,0.48,0.749,0.457
"RREC, Stuttgart",rel_sw_24in,186,0.4,0.472,0.725,0.457
"RREC, Stuttgart",rel_sw_24in,187,0.383,0.466,0.728,0.446
"RREC, Stuttgart",rel_sw_24in,188,0.395,0.468,0.72,0.433
"RREC, Stuttgart",rel_sw_24in,189,0.376,0.453,0.689,0.418
"RREC, Stuttgart",rel_sw_24in,190,0.39,0.448,0.656,0.432
"RREC, Stuttgart",rel_sw_24in,191,0.382,0.442,0.624,0.42
"RREC, Stuttgart",rel_sw_24in,192,0.385,0.453,0.621,0.418
"RREC, Stuttgart",rel_sw_24in,193,0.369,0.442,0.644,0.422
"RREC, Stuttgart",rel_sw_24in,194,0.364,0.44,0.644,0.411
"RREC, Stuttgart",rel_sw_24in,195,0.366,0.438,0.632,0.425
"RREC, Stuttgart",rel_sw_24in,196,0.348,0.429,0.673,0.453
"RREC, Stuttgart",rel_sw_24in,197,0.343,0.424,0.673,0.437
"RREC, Stuttgart",rel_sw_24in,198,0.339,0.432,0.685,0.428
"RREC, Stuttgart",rel_sw_24in,199,0.345,0.419,0.696,0.411
"RREC, Stuttgart",rel_sw_24in,200,0.326,0.408,0.714,0.394
"RREC, Stuttgart",rel_sw_24in,201,0.337,0.418,0.704,0.386
"RREC, Stuttgart",rel_sw_24in,202,0.323,0.413,0.694,0.373
"RREC, Stuttgart",rel_sw_24in,203,0.306,0.4,0.661,0.383
"RREC, Stuttgart",rel_sw_24in,204,0.318,0.403,0.654,0.37
"RREC, Stuttgart",rel_sw_24in,205,0.299,0.394,0.647,0.375
"RREC, Stuttgart",rel_sw_24in,206,0.307,0.386,0.64,0.376
"RREC, Stuttgart",rel_sw_24in,207,0.295,0.387,0.63,0.362
"RREC, Stuttgart",rel_sw_24in,208,0.299,0.385,0.625,0.346
"RREC, Stuttgart",rel_sw_24in,209,0.283,0.377,0.613,0.351
"RREC, Stuttgart",rel_sw_24in,210,0.29,0.38,0.602,0.355
"RREC, Stuttgart",rel_sw_24in,211,0.276,0.37,0.632,0.344
"RREC, Stuttgart",rel_sw_24in,212,0.287,0.379,0.619,0.342
"RREC, Stuttgart",rel_sw_24in,213,0.305,0.373,0.65,0.331
"RREC, Stuttgart",rel_sw_24in,214,0.303,0.356,0.642,NA
"RREC, Stuttgart",rel_sw_24in,215,0.298,0.357,0.627,NA
"RREC, Stuttgart",rel_sw_24in,216,0.283,0.361,0.635,NA
"RREC, Stuttgart",rel_sw_24in,217,0.266,0.356,0.667,NA
"RREC, Stuttgart",rel_sw_24in,218,0.278,0.359,0.648,NA
"RREC, Stuttgart",rel_sw_24in,219,0.288,0.35,0.622,NA
"RREC, Stuttgart",rel_sw_24in,220,0.275,0.342,0.597,NA
"RREC, Stuttgart",rel_sw_24in,221,0.276,0.346,0.576,NA
"RREC, Stuttgart",rel_sw_24in,222,0.267,0.332,0.566,NA
"RREC, Stuttgart",rel_sw_24in,223,0.277,0.341,0.552,NA
"RREC, Stuttgart",rel_sw_24in,224,0.262,0.34,0.533,NA
"RREC, Stuttgart",rel_sw_24in,225,0.265,0.338,0.514,NA
"RREC, Stuttgart",rel_sw_24in,226,0.249,0.328,0.497,NA
"RREC, Stuttgart",rel_sw_24in,227,0.257,0.332,0.502,NA
"RREC, Stuttgart",rel_sw_24in,228,0.237,0.323,0.489,NA
"RREC, Stuttgart",rel_sw_24in,229,0.248,0.328,0.481,NA
"RREC, Stuttgart",rel_sw_24in,230,0.229,0.329,0.497,NA
"RREC, Stuttgart",rel_sw_24in,231,0.245,0.32,0.492,NA
"RREC, Stuttgart",rel_sw_24in,232,0.228,0.325,0.525,NA
"RREC, Stuttgart",rel_sw_24in,233,0.236,0.316,0.517,NA
"RREC, Stuttgart",rel_sw_24in,234,0.225,0.31,0.506,NA
"RREC, Stuttgart",rel_sw_24in,235,0.232,0.296,0.495,NA
"RREC, Stuttgart",rel_sw_24in,236,0.216,0.304,0.484,NA
"RREC, Stuttgart",rel_sw_24in,237,0.229,0.297,0.472,NA
"RREC, Stuttgart",rel_sw_24in,238,0.212,0.294,0.462,NA
"RREC, Stuttgart",rel_sw_24in,239,0.222,0.289,0.471,NA
"RREC, Stuttgart",rel_sw_24in,240,0.204,0.293,0.466,NA
"RREC, Stuttgart",rel_sw_24in,241,0.218,0.292,0.49,NA
"RREC, Stuttgart",rel_sw_24in,242,0.199,0.296,0.494,NA
"RREC, Stuttgart",rel_sw_24in,243,0.213,0.295,0.53,NA
"RREC, Stuttgart",rel_sw_24in,244,0.199,0.299,0.562,NA
"RREC, Stuttgart",rel_sw_24in,245,0.213,0.295,0.592,NA
"RREC, Stuttgart",rel_sw_24in,246,0.195,0.298,0.618,NA
"RREC, Stuttgart",rel_sw_24in,247,0.207,0.3,0.622,NA
"RREC, Stuttgart",rel_sw_24in,248,0.188,0.301,0.618,NA
"RREC, Stuttgart",rel_sw_24in,249,0.213,0.298,0.614,NA
"RREC, Stuttgart",rel_sw_24in,250,0.201,0.292,0.61,NA
"RREC, Stuttgart",rel_sw_24in,251,0.221,0.292,0.6,NA
"RREC, Stuttgart",rel_sw_24in,252,0.208,0.292,0.588,NA
"RREC, Stuttgart",rel_sw_24in,253,0.219,0.29,0.576,NA
"RREC, Stuttgart",rel_sw_24in,254,0.222,0.296,0.563,NA
"RREC, Stuttgart",rel_sw_24in,255,0.222,0.305,0.55,NA
"RREC, Stuttgart",rel_sw_24in,256,0.225,0.308,0.549,NA
"RREC, Stuttgart",rel_sw_24in,257,0.215,0.31,0.57,NA
"RREC, Stuttgart",rel_sw_24in,258,0.222,0.312,0.618,NA
"RREC, Stuttgart",rel_sw_24in,259,0.213,0.307,0.66,NA
"RREC, Stuttgart",rel_sw_24in,260,0.226,0.318,0.691,NA
"RREC, Stuttgart",rel_sw_24in,261,0.219,0.316,0.706,NA
"RREC, Stuttgart",rel_sw_24in,262,0.212,0.34,0.703,NA
"RREC, Stuttgart",rel_sw_24in,263,0.23,0.339,0.693,NA
"RREC, Stuttgart",rel_sw_24in,264,0.227,0.355,0.7,NA
"RREC, Stuttgart",rel_sw_24in,265,0.221,0.364,0.688,NA
"RREC, Stuttgart",rel_sw_24in,266,0.221,0.365,0.68,NA
"RREC, Stuttgart",rel_sw_24in,267,0.227,0.366,0.687,NA
"RREC, Stuttgart",rel_sw_24in,268,0.226,0.368,0.668,NA
"RREC, Stuttgart",rel_sw_24in,269,0.224,0.366,0.645,NA
"RREC, Stuttgart",rel_sw_24in,270,0.222,0.364,0.62,NA
"RREC, Stuttgart",rel_sw_24in,271,0.22,0.363,0.604,NA
"RREC, Stuttgart",rel_sw_24in,272,0.219,0.361,0.612,NA
"RREC, Stuttgart",rel_sw_24in,273,0.217,0.36,0.598,NA
"RREC, Stuttgart",rel_sw_24in,274,0.218,0.36,0.583,NA
"RREC, Stuttgart",rel_sw_24in,275,0.223,0.366,0.576,NA
"RREC, Stuttgart",rel_sw_24in,276,0.223,0.377,0.566,NA
"RREC, Stuttgart",rel_sw_24in,277,0.222,0.374,0.616,NA
"RREC, Stuttgart",rel_sw_24in,278,0.221,0.375,0.608,NA
"RREC, Stuttgart",rel_sw_24in,279,0.22,0.379,0.612,NA
"RREC, Stuttgart",rel_sw_24in,280,0.22,0.389,0.61,NA
"RREC, Stuttgart",rel_sw_24in,281,0.219,0.385,0.625,NA
"RREC, Stuttgart",rel_sw_24in,282,0.219,0.384,0.675,NA
"RREC, Stuttgart",rel_sw_24in,283,0.218,0.383,0.664,NA
"RREC, Stuttgart",rel_sw_24in,284,0.217,0.398,0.667,NA
"RREC, Stuttgart",rel_sw_24in,285,0.217,0.394,0.676,NA
"RREC, Stuttgart",rel_sw_24in,286,0.216,0.396,0.734,NA
"RREC, Stuttgart",rel_sw_24in,287,0.215,0.404,0.719,NA
"RREC, Stuttgart",rel_sw_24in,288,0.215,0.421,0.709,NA
"RREC, Stuttgart",rel_sw_24in,289,0.214,0.424,0.689,NA
"RREC, Stuttgart",rel_sw_24in,290,0.214,0.42,0.668,NA
"RREC, Stuttgart",rel_sw_24in,291,0.213,0.417,0.646,NA
"RREC, Stuttgart",rel_sw_24in,292,0.212,0.418,0.623,NA
"RREC, Stuttgart",rel_sw_24in,293,0.212,0.418,0.619,NA
"RREC, Stuttgart",rel_sw_24in,294,0.211,0.434,0.617,NA
"RREC, Stuttgart",rel_sw_24in,295,0.211,0.433,0.687,NA
"RREC, Stuttgart",rel_sw_24in,296,0.22,0.443,0.688,NA
"RREC, Stuttgart",rel_sw_24in,297,0.22,0.442,0.697,NA
"RREC, Stuttgart",rel_sw_24in,298,0.219,0.443,0.69,NA
"RREC, Stuttgart",rel_sw_24in,299,0.249,0.443,0.689,NA
"RREC, Stuttgart",rel_sw_24in,300,0.251,0.445,0.712,NA
"RREC, Stuttgart",rel_sw_24in,301,0.252,0.473,0.712,NA
"RREC, Stuttgart",rel_sw_24in,302,0.25,0.472,0.771,NA
"RREC, Stuttgart",rel_sw_24in,303,0.249,0.471,0.831,NA
"RREC, Stuttgart",rel_sw_24in,304,0.248,0.472,0.809,NA
"RREC, Stuttgart",rel_sw_24in,305,0.247,0.492,0.791,NA
"RREC, Stuttgart",rel_sw_24in,306,0.246,0.49,0.773,NA
"RREC, Stuttgart",rel_sw_24in,307,0.291,0.489,0.756,NA
"RREC, Stuttgart",rel_sw_24in,308,0.304,0.487,0.74,NA
"RREC, Stuttgart",rel_sw_24in,309,0.338,0.497,0.727,NA
"RREC, Stuttgart",rel_sw_24in,310,0.34,0.508,0.714,NA
"RREC, Stuttgart",rel_sw_24in,311,0.348,0.504,0.701,NA
"RREC, Stuttgart",rel_sw_24in,312,0.345,0.501,0.689,NA
"RREC, Stuttgart",rel_sw_24in,313,0.343,0.508,0.676,NA
"RREC, Stuttgart",rel_sw_24in,314,0.342,0.506,0.664,NA
"RREC, Stuttgart",rel_sw_24in,315,0.34,0.503,0.69,NA
"RREC, Stuttgart",rel_sw_24in,316,0.339,0.515,0.688,NA
"RREC, Stuttgart",rel_sw_24in,317,0.35,0.514,0.684,NA
"RREC, Stuttgart",rel_sw_24in,318,0.346,0.519,0.679,NA
"RREC, Stuttgart",rel_sw_24in,319,0.358,0.513,0.662,NA
"RREC, Stuttgart",rel_sw_24in,320,0.357,0.524,0.644,NA
"RREC, Stuttgart",rel_sw_24in,321,0.355,0.53,0.636,NA
"RREC, Stuttgart",rel_sw_24in,322,0.354,0.525,0.634,NA
"RREC, Stuttgart",rel_sw_24in,323,0.384,0.519,0.632,NA
"RREC, Stuttgart",rel_sw_24in,324,0.381,0.519,0.681,NA
"RREC, Stuttgart",rel_sw_24in,325,0.378,0.53,0.681,NA
"RREC, Stuttgart",rel_sw_24in,326,0.378,0.526,0.675,NA
"RREC, Stuttgart",rel_sw_24in,327,0.383,0.53,0.665,NA
"RREC, Stuttgart",rel_sw_24in,328,0.38,0.535,0.665,NA
"RREC, Stuttgart",rel_sw_24in,329,0.383,0.54,0.675,NA
"RREC, Stuttgart",rel_sw_24in,330,0.38,0.548,0.694,NA
"RREC, Stuttgart",rel_sw_24in,331,0.376,0.549,0.705,NA
"RREC, Stuttgart",rel_sw_24in,332,0.373,0.546,0.689,NA
"RREC, Stuttgart",rel_sw_24in,333,0.371,0.552,0.725,NA
"RREC, Stuttgart",rel_sw_24in,334,0.369,0.564,0.723,NA
"RREC, Stuttgart",rel_sw_24in,335,0.367,0.556,0.715,NA
"RREC, Stuttgart",rel_sw_24in,336,0.375,0.553,0.707,NA
"RREC, Stuttgart",rel_sw_24in,337,0.393,0.549,0.697,NA
"RREC, Stuttgart",rel_sw_24in,338,0.392,0.559,0.699,NA
"RREC, Stuttgart",rel_sw_24in,339,0.391,0.552,0.721,NA
"RREC, Stuttgart",rel_sw_24in,340,0.391,0.557,0.711,NA
"RREC, Stuttgart",rel_sw_24in,341,0.391,0.558,0.702,NA
"RREC, Stuttgart",rel_sw_24in,342,0.439,0.559,0.719,NA
"RREC, Stuttgart",rel_sw_24in,343,0.454,0.557,0.713,NA
"RREC, Stuttgart",rel_sw_24in,344,0.454,0.56,0.708,NA
"RREC, Stuttgart",rel_sw_24in,345,0.453,0.556,0.704,NA
"RREC, Stuttgart",rel_sw_24in,346,0.453,0.56,0.703,NA
"RREC, Stuttgart",rel_sw_24in,347,0.451,0.57,0.728,NA
"RREC, Stuttgart",rel_sw_24in,348,0.45,0.574,0.719,NA
"RREC, Stuttgart",rel_sw_24in,349,0.459,0.568,0.727,NA
"RREC, Stuttgart",rel_sw_24in,350,0.458,0.579,0.777,NA
"RREC, Stuttgart",rel_sw_24in,351,0.49,0.574,0.819,NA
"RREC, Stuttgart",rel_sw_24in,352,0.489,0.58,0.796,NA
"RREC, Stuttgart",rel_sw_24in,353,0.487,0.573,0.79,NA
"RREC, Stuttgart",rel_sw_24in,354,0.486,0.571,0.784,NA
"RREC, Stuttgart",rel_sw_24in,355,0.485,0.579,0.757,NA
"RREC, Stuttgart",rel_sw_24in,356,0.482,0.57,0.767,NA
"RREC, Stuttgart",rel_sw_24in,357,0.479,0.572,0.751,NA
"RREC, Stuttgart",rel_sw_24in,358,0.498,0.571,0.794,NA
"RREC, Stuttgart",rel_sw_24in,359,0.496,0.573,0.783,NA
"RREC, Stuttgart",rel_sw_24in,360,0.494,0.569,0.798,NA
"RREC, Stuttgart",rel_sw_24in,361,0.493,0.579,0.839,NA
"RREC, Stuttgart",rel_sw_24in,362,0.491,0.574,0.823,NA
"RREC, Stuttgart",rel_sw_24in,363,0.487,0.575,0.803,NA
"RREC, Stuttgart",rel_sw_24in,364,0.486,0.577,0.789,NA
"RREC, Stuttgart",rel_sw_24in,365,0.483,0.58,0.808,NA
"RREC, Stuttgart",rel_sw_24in,366,0.533,0.58,0.712,NA
"RREC, Stuttgart",rel_sw_6in,1,0.503,0.515,0.67,0.504
"RREC, Stuttgart",rel_sw_6in,2,0.491,0.514,0.78,0.518
"RREC, Stuttgart",rel_sw_6in,3,0.482,0.514,0.813,0.512
"RREC, Stuttgart",rel_sw_6in,4,0.471,0.519,0.702,0.5
"RREC, Stuttgart",rel_sw_6in,5,0.457,0.536,0.668,0.488
"RREC, Stuttgart",rel_sw_6in,6,0.444,0.531,0.799,0.472
"RREC, Stuttgart",rel_sw_6in,7,0.437,0.527,0.747,0.457
"RREC, Stuttgart",rel_sw_6in,8,0.421,0.537,0.693,0.458
"RREC, Stuttgart",rel_sw_6in,9,0.439,0.546,0.695,0.532
"RREC, Stuttgart",rel_sw_6in,10,0.44,0.542,0.725,0.575
"RREC, Stuttgart",rel_sw_6in,11,0.427,0.537,0.869,0.541
"RREC, Stuttgart",rel_sw_6in,12,0.417,0.537,0.792,0.521
"RREC, Stuttgart",rel_sw_6in,13,0.411,0.524,0.853,0.505
"RREC, Stuttgart",rel_sw_6in,14,0.406,0.516,0.826,0.499
"RREC, Stuttgart",rel_sw_6in,15,0.401,0.512,0.899,0.485
"RREC, Stuttgart",rel_sw_6in,16,0.396,0.523,0.774,0.475
"RREC, Stuttgart",rel_sw_6in,17,0.419,0.534,0.688,0.469
"RREC, Stuttgart",rel_sw_6in,18,0.424,0.542,0.809,0.462
"RREC, Stuttgart",rel_sw_6in,19,0.417,0.533,0.743,0.45
"RREC, Stuttgart",rel_sw_6in,20,0.411,0.536,0.759,0.444
"RREC, Stuttgart",rel_sw_6in,21,0.411,0.528,0.667,0.553
"RREC, Stuttgart",rel_sw_6in,22,0.406,0.54,0.732,0.526
"RREC, Stuttgart",rel_sw_6in,23,0.405,0.532,0.724,0.536
"RREC, Stuttgart",rel_sw_6in,24,0.403,0.532,0.809,0.673
"RREC, Stuttgart",rel_sw_6in,25,0.402,0.519,0.762,0.685
"RREC, Stuttgart",rel_sw_6in,26,0.397,0.517,0.725,0.628
"RREC, Stuttgart",rel_sw_6in,27,0.393,0.519,0.859,0.587
"RREC, Stuttgart",rel_sw_6in,28,0.391,0.517,0.742,0.559
"RREC, Stuttgart",rel_sw_6in,29,0.387,0.52,0.751,0.535
"RREC, Stuttgart",rel_sw_6in,30,0.383,0.515,0.737,0.524
"RREC, Stuttgart",rel_sw_6in,31,0.38,0.507,0.708,0.519
"RREC, Stuttgart",rel_sw_6in,32,0.376,0.517,0.703,0.512
"RREC, Stuttgart",rel_sw_6in,33,0.388,0.518,0.857,0.501
"RREC, Stuttgart",rel_sw_6in,34,0.409,0.509,0.926,0.527
"RREC, Stuttgart",rel_sw_6in,35,0.393,0.512,0.782,0.513
"RREC, Stuttgart",rel_sw_6in,36,0.418,0.52,0.732,0.499
"RREC, Stuttgart",rel_sw_6in,37,0.429,0.548,0.693,0.478
"RREC, Stuttgart",rel_sw_6in,38,0.423,0.529,0.661,0.459
"RREC, Stuttgart",rel_sw_6in,39,0.417,0.515,0.719,0.449
"RREC, Stuttgart",rel_sw_6in,40,0.413,0.505,0.667,0.441
"RREC, Stuttgart",rel_sw_6in,41,0.408,0.526,0.816,0.434
"RREC, Stuttgart",rel_sw_6in,42,0.406,0.532,0.817,0.44
"RREC, Stuttgart",rel_sw_6in,43,0.402,0.54,0.888,0.429
"RREC, Stuttgart",rel_sw_6in,44,0.408,0.527,0.758,0.423
"RREC, Stuttgart",rel_sw_6in,45,0.412,0.538,0.84,0.56
"RREC, Stuttgart",rel_sw_6in,46,0.411,0.535,0.896,0.704
"RREC, Stuttgart",rel_sw_6in,47,0.409,0.522,0.923,0.625
"RREC, Stuttgart",rel_sw_6in,48,0.413,0.528,0.83,0.578
"RREC, Stuttgart",rel_sw_6in,49,0.431,0.521,0.765,0.54
"RREC, Stuttgart",rel_sw_6in,50,0.425,0.528,0.786,0.513
"RREC, Stuttgart",rel_sw_6in,51,0.42,0.526,0.807,0.497
"RREC, Stuttgart",rel_sw_6in,52,0.417,0.54,0.767,0.498
"RREC, Stuttgart",rel_sw_6in,53,0.413,0.53,0.871,0.483
"RREC, Stuttgart",rel_sw_6in,54,0.422,0.528,0.901,0.475
"RREC, Stuttgart",rel_sw_6in,55,0.416,0.523,0.92,0.468
"RREC, Stuttgart",rel_sw_6in,56,0.417,0.544,0.795,0.462
"RREC, Stuttgart",rel_sw_6in,57,0.412,0.533,0.736,0.464
"RREC, Stuttgart",rel_sw_6in,58,0.407,0.537,0.783,0.456
"RREC, Stuttgart",rel_sw_6in,59,0.403,0.508,0.867,0.451
"RREC, Stuttgart",rel_sw_6in,60,0.399,0.525,0.899,0.446
"RREC, Stuttgart",rel_sw_6in,61,0.399,0.521,0.87,0.442
"RREC, Stuttgart",rel_sw_6in,62,0.395,0.51,0.822,0.437
"RREC, Stuttgart",rel_sw_6in,63,0.391,0.539,0.703,0.433
"RREC, Stuttgart",rel_sw_6in,64,0.387,0.517,0.737,0.429
"RREC, Stuttgart",rel_sw_6in,65,0.383,0.508,0.677,0.426
"RREC, Stuttgart",rel_sw_6in,66,0.38,0.502,0.769,0.562
"RREC, Stuttgart",rel_sw_6in,67,0.376,0.5,0.865,0.609
"RREC, Stuttgart",rel_sw_6in,68,0.373,0.531,0.744,0.673
"RREC, Stuttgart",rel_sw_6in,69,0.425,0.526,0.838,0.618
"RREC, Stuttgart",rel_sw_6in,70,0.426,0.518,0.914,0.72
"RREC, Stuttgart",rel_sw_6in,71,0.421,0.509,0.87,0.624
"RREC, Stuttgart",rel_sw_6in,72,0.417,0.499,0.828,0.556
"RREC, Stuttgart",rel_sw_6in,73,0.433,0.512,0.777,0.528
"RREC, Stuttgart",rel_sw_6in,74,0.44,0.522,0.738,0.607
"RREC, Stuttgart",rel_sw_6in,75,0.439,0.534,0.73,0.555
"RREC, Stuttgart",rel_sw_6in,76,0.433,0.513,0.756,0.518
"RREC, Stuttgart",rel_sw_6in,77,0.433,0.513,0.812,0.493
"RREC, Stuttgart",rel_sw_6in,78,0.429,0.512,0.855,0.48
"RREC, Stuttgart",rel_sw_6in,79,0.428,0.506,0.84,0.471
"RREC, Stuttgart",rel_sw_6in,80,0.434,0.519,0.719,0.463
"RREC, Stuttgart",rel_sw_6in,81,0.428,0.498,0.744,0.456
"RREC, Stuttgart",rel_sw_6in,82,0.423,0.507,0.661,0.45
"RREC, Stuttgart",rel_sw_6in,83,0.422,0.503,0.679,0.445
"RREC, Stuttgart",rel_sw_6in,84,0.417,0.514,0.693,0.44
"RREC, Stuttgart",rel_sw_6in,85,0.413,0.514,0.707,0.435
"RREC, Stuttgart",rel_sw_6in,86,0.428,0.507,0.764,0.431
"RREC, Stuttgart",rel_sw_6in,87,0.42,0.497,0.72,0.427
"RREC, Stuttgart",rel_sw_6in,88,0.416,0.515,0.805,0.423
"RREC, Stuttgart",rel_sw_6in,89,0.411,0.522,0.736,0.419
"RREC, Stuttgart",rel_sw_6in,90,0.411,0.521,0.745,0.416
"RREC, Stuttgart",rel_sw_6in,91,0.407,0.502,0.744,0.412
"RREC, Stuttgart",rel_sw_6in,92,0.403,0.505,0.683,0.409
"RREC, Stuttgart",rel_sw_6in,93,0.401,0.504,0.787,0.405
"RREC, Stuttgart",rel_sw_6in,94,0.43,0.519,0.842,0.565
"RREC, Stuttgart",rel_sw_6in,95,0.424,0.518,0.975,0.518
"RREC, Stuttgart",rel_sw_6in,96,0.426,0.515,0.982,0.491
"RREC, Stuttgart",rel_sw_6in,97,0.439,0.506,0.819,0.477
"RREC, Stuttgart",rel_sw_6in,98,0.436,0.499,0.748,0.466
"RREC, Stuttgart",rel_sw_6in,99,0.43,0.501,0.642,0.458
"RREC, Stuttgart",rel_sw_6in,100,0.43,0.498,0.729,0.451
"RREC, Stuttgart",rel_sw_6in,101,0.434,0.499,0.791,0.445
"RREC, Stuttgart",rel_sw_6in,102,0.429,0.517,0.823,0.439
"RREC, Stuttgart",rel_sw_6in,103,0.435,0.522,0.87,0.434
"RREC, Stuttgart",rel_sw_6in,104,0.43,0.54,0.958,0.429
"RREC, Stuttgart",rel_sw_6in,105,0.426,0.53,0.791,0.424
"RREC, Stuttgart",rel_sw_6in,106,0.421,0.514,0.672,0.425
"RREC, Stuttgart",rel_sw_6in,107,0.417,0.501,0.658,0.421
"RREC, Stuttgart",rel_sw_6in,108,0.413,0.491,0.71,0.445
"RREC, Stuttgart",rel_sw_6in,109,0.418,0.484,0.681,0.417
"RREC, Stuttgart",rel_sw_6in,110,0.422,0.494,0.672,0.413
"RREC, Stuttgart",rel_sw_6in,111,0.427,0.504,0.716,0.409
"RREC, Stuttgart",rel_sw_6in,112,0.423,0.512,0.698,0.406
"RREC, Stuttgart",rel_sw_6in,113,0.426,0.507,0.805,0.402
"RREC, Stuttgart",rel_sw_6in,114,0.421,0.515,0.683,0.553
"RREC, Stuttgart",rel_sw_6in,115,0.417,0.523,0.711,0.649
"RREC, Stuttgart",rel_sw_6in,116,0.412,0.525,0.879,0.583
"RREC, Stuttgart",rel_sw_6in,117,0.408,0.523,0.897,0.55
"RREC, Stuttgart",rel_sw_6in,118,0.404,0.507,0.895,0.674
"RREC, Stuttgart",rel_sw_6in,119,0.401,0.529,0.876,0.654
"RREC, Stuttgart",rel_sw_6in,120,0.397,0.535,0.761,0.584
"RREC, Stuttgart",rel_sw_6in,121,0.394,0.521,0.864,0.536
"RREC, Stuttgart",rel_sw_6in,122,0.432,0.53,0.927,0.513
"RREC, Stuttgart",rel_sw_6in,123,0.428,0.527,0.897,0.498
"RREC, Stuttgart",rel_sw_6in,124,0.423,0.526,0.761,0.486
"RREC, Stuttgart",rel_sw_6in,125,0.423,0.514,0.78,0.545
"RREC, Stuttgart",rel_sw_6in,126,0.421,0.494,0.896,0.634
"RREC, Stuttgart",rel_sw_6in,127,0.426,0.494,0.752,0.555
"RREC, Stuttgart",rel_sw_6in,128,0.424,0.505,0.713,0.511
"RREC, Stuttgart",rel_sw_6in,129,0.42,0.505,0.75,0.491
"RREC, Stuttgart",rel_sw_6in,130,0.417,0.506,0.777,0.524
"RREC, Stuttgart",rel_sw_6in,131,0.413,0.49,0.746,0.489
"RREC, Stuttgart",rel_sw_6in,132,0.422,0.492,0.714,0.471
"RREC, Stuttgart",rel_sw_6in,133,0.419,0.509,0.657,0.46
"RREC, Stuttgart",rel_sw_6in,134,0.415,0.489,0.684,0.451
"RREC, Stuttgart",rel_sw_6in,135,0.412,0.488,0.67,0.444
"RREC, Stuttgart",rel_sw_6in,136,0.408,0.477,0.675,0.438
"RREC, Stuttgart",rel_sw_6in,137,0.408,0.479,0.75,0.432
"RREC, Stuttgart",rel_sw_6in,138,0.405,0.474,0.663,0.427
"RREC, Stuttgart",rel_sw_6in,139,0.401,0.479,0.68,0.555
"RREC, Stuttgart",rel_sw_6in,140,0.398,0.482,0.712,0.565
"RREC, Stuttgart",rel_sw_6in,141,0.395,0.472,0.677,0.59
"RREC, Stuttgart",rel_sw_6in,142,0.392,0.46,0.637,0.711
"RREC, Stuttgart",rel_sw_6in,143,0.389,0.459,0.613,0.729
"RREC, Stuttgart",rel_sw_6in,144,0.386,0.47,0.675,0.636
"RREC, Stuttgart",rel_sw_6in,145,0.39,0.461,0.701,0.602
"RREC, Stuttgart",rel_sw_6in,146,0.387,0.48,0.788,0.584
"RREC, Stuttgart",rel_sw_6in,147,0.39,0.491,0.712,0.575
"RREC, Stuttgart",rel_sw_6in,148,0.434,0.484,0.711,0.652
"RREC, Stuttgart",rel_sw_6in,149,0.436,0.501,0.677,0.606
"RREC, Stuttgart",rel_sw_6in,150,0.433,0.5,0.689,0.545
"RREC, Stuttgart",rel_sw_6in,151,0.433,0.483,0.646,0.506
"RREC, Stuttgart",rel_sw_6in,152,0.434,0.484,0.67,0.512
"RREC, Stuttgart",rel_sw_6in,153,0.435,0.486,0.645,0.484
"RREC, Stuttgart",rel_sw_6in,154,0.435,0.489,0.673,0.463
"RREC, Stuttgart",rel_sw_6in,155,0.432,0.484,0.702,0.449
"RREC, Stuttgart",rel_sw_6in,156,0.431,0.468,0.706,0.437
"RREC, Stuttgart",rel_sw_6in,157,0.434,0.486,0.66,0.477
"RREC, Stuttgart",rel_sw_6in,158,0.432,0.478,0.723,0.539
"RREC, Stuttgart",rel_sw_6in,159,0.431,0.467,0.862,0.547
"RREC, Stuttgart",rel_sw_6in,160,0.432,0.471,0.929,0.495
"RREC, Stuttgart",rel_sw_6in,161,0.43,0.49,0.852,0.462
"RREC, Stuttgart",rel_sw_6in,162,0.427,0.498,0.705,0.444
"RREC, Stuttgart",rel_sw_6in,163,0.428,0.485,0.672,0.461
"RREC, Stuttgart",rel_sw_6in,164,0.432,0.489,0.642,0.53
"RREC, Stuttgart",rel_sw_6in,165,0.427,0.481,0.704,0.53
"RREC, Stuttgart",rel_sw_6in,166,0.429,0.482,0.63,0.496
"RREC, Stuttgart",rel_sw_6in,167,0.426,0.476,0.765,0.457
"RREC, Stuttgart",rel_sw_6in,168,0.427,0.482,0.827,0.437
"RREC, Stuttgart",rel_sw_6in,169,0.424,0.485,0.688,0.482
"RREC, Stuttgart",rel_sw_6in,170,0.418,0.481,0.64,0.496
"RREC, Stuttgart",rel_sw_6in,171,0.426,0.492,0.585,0.567
"RREC, Stuttgart",rel_sw_6in,172,0.429,0.487,0.574,0.547
"RREC, Stuttgart",rel_sw_6in,173,0.422,0.484,0.622,0.612
"RREC, Stuttgart",rel_sw_6in,174,0.43,0.488,0.691,0.558
"RREC, Stuttgart",rel_sw_6in,175,0.425,0.492,0.676,0.525
"RREC, Stuttgart",rel_sw_6in,176,0.43,0.499,0.627,0.497
"RREC, Stuttgart",rel_sw_6in,177,0.43,0.505,0.659,0.481
"RREC, Stuttgart",rel_sw_6in,178,0.435,0.505,0.607,0.45
"RREC, Stuttgart",rel_sw_6in,179,0.419,0.491,0.648,0.42
"RREC, Stuttgart",rel_sw_6in,180,0.419,0.5,0.694,0.49
"RREC, Stuttgart",rel_sw_6in,181,0.441,0.512,0.745,0.454
"RREC, Stuttgart",rel_sw_6in,182,0.44,0.505,0.826,0.507
"RREC, Stuttgart",rel_sw_6in,183,0.436,0.499,0.733,0.494
"RREC, Stuttgart",rel_sw_6in,184,0.453,0.5,0.687,0.474
"RREC, Stuttgart",rel_sw_6in,185,0.434,0.505,0.66,0.497
"RREC, Stuttgart",rel_sw_6in,186,0.44,0.514,0.732,0.516
"RREC, Stuttgart",rel_sw_6in,187,0.436,0.51,0.643,0.503
"RREC, Stuttgart",rel_sw_6in,188,0.462,0.514,0.627,0.483
"RREC, Stuttgart",rel_sw_6in,189,0.444,0.505,0.6,0.46
"RREC, Stuttgart",rel_sw_6in,190,0.435,0.513,0.658,0.534
"RREC, Stuttgart",rel_sw_6in,191,0.446,0.514,0.741,0.51
"RREC, Stuttgart",rel_sw_6in,192,0.441,0.512,0.656,0.523
"RREC, Stuttgart",rel_sw_6in,193,0.443,0.512,0.76,0.542
"RREC, Stuttgart",rel_sw_6in,194,0.447,0.505,0.743,0.519
"RREC, Stuttgart",rel_sw_6in,195,0.469,0.512,0.697,0.565
"RREC, Stuttgart",rel_sw_6in,196,0.437,0.511,0.782,0.633
"RREC, Stuttgart",rel_sw_6in,197,0.451,0.513,0.855,0.565
"RREC, Stuttgart",rel_sw_6in,198,0.46,0.517,0.725,0.536
"RREC, Stuttgart",rel_sw_6in,199,0.426,0.51,0.695,0.5
"RREC, Stuttgart",rel_sw_6in,200,0.437,0.497,0.664,0.467
"RREC, Stuttgart",rel_sw_6in,201,0.449,0.514,0.605,0.472
"RREC, Stuttgart",rel_sw_6in,202,0.459,0.506,0.694,0.455
"RREC, Stuttgart",rel_sw_6in,203,0.445,0.502,0.624,0.51
"RREC, Stuttgart",rel_sw_6in,204,0.435,0.515,0.598,0.484
"RREC, Stuttgart",rel_sw_6in,205,0.462,0.511,0.624,0.515
"RREC, Stuttgart",rel_sw_6in,206,0.434,0.495,0.68,0.53
"RREC, Stuttgart",rel_sw_6in,207,0.456,0.506,0.664,0.5
"RREC, Stuttgart",rel_sw_6in,208,0.439,0.515,0.694,0.467
"RREC, Stuttgart",rel_sw_6in,209,0.44,0.512,0.687,0.506
"RREC, Stuttgart",rel_sw_6in,210,0.45,0.518,0.748,0.531
"RREC, Stuttgart",rel_sw_6in,211,0.45,0.514,0.859,0.506
"RREC, Stuttgart",rel_sw_6in,212,0.436,0.513,0.725,0.513
"RREC, Stuttgart",rel_sw_6in,213,0.434,0.51,0.744,0.495
"RREC, Stuttgart",rel_sw_6in,214,0.428,0.5,0.658,NA
"RREC, Stuttgart",rel_sw_6in,215,0.445,0.5,0.597,NA
"RREC, Stuttgart",rel_sw_6in,216,0.447,0.518,0.621,NA
"RREC, Stuttgart",rel_sw_6in,217,0.441,0.508,0.71,NA
"RREC, Stuttgart",rel_sw_6in,218,0.45,0.508,0.809,NA
"RREC, Stuttgart",rel_sw_6in,219,0.466,0.511,0.692,NA
"RREC, Stuttgart",rel_sw_6in,220,0.453,0.515,0.638,NA
"RREC, Stuttgart",rel_sw_6in,221,0.44,0.514,0.632,NA
"RREC, Stuttgart",rel_sw_6in,222,0.448,0.511,0.661,NA
"RREC, Stuttgart",rel_sw_6in,223,0.458,0.513,0.657,NA
"RREC, Stuttgart",rel_sw_6in,224,0.463,0.512,0.695,NA
"RREC, Stuttgart",rel_sw_6in,225,0.436,0.51,0.66,NA
"RREC, Stuttgart",rel_sw_6in,226,0.443,0.505,0.675,NA
"RREC, Stuttgart",rel_sw_6in,227,0.445,0.517,0.661,NA
"RREC, Stuttgart",rel_sw_6in,228,0.443,0.502,0.657,NA
"RREC, Stuttgart",rel_sw_6in,229,0.443,0.517,0.724,NA
"RREC, Stuttgart",rel_sw_6in,230,0.466,0.512,0.659,NA
"RREC, Stuttgart",rel_sw_6in,231,0.451,0.502,0.71,NA
"RREC, Stuttgart",rel_sw_6in,232,0.464,0.518,0.707,NA
"RREC, Stuttgart",rel_sw_6in,233,0.443,0.507,0.721,NA
"RREC, Stuttgart",rel_sw_6in,234,0.448,0.516,0.696,NA
"RREC, Stuttgart",rel_sw_6in,235,0.442,0.498,0.641,NA
"RREC, Stuttgart",rel_sw_6in,236,0.437,0.514,0.628,NA
"RREC, Stuttgart",rel_sw_6in,237,0.443,0.498,0.583,NA
"RREC, Stuttgart",rel_sw_6in,238,0.433,0.505,0.578,NA
"RREC, Stuttgart",rel_sw_6in,239,0.428,0.508,0.611,NA
"RREC, Stuttgart",rel_sw_6in,240,0.438,0.51,0.818,NA
"RREC, Stuttgart",rel_sw_6in,241,0.47,0.515,0.891,NA
"RREC, Stuttgart",rel_sw_6in,242,0.46,0.516,0.795,NA
"RREC, Stuttgart",rel_sw_6in,243,0.436,0.516,0.813,NA
"RREC, Stuttgart",rel_sw_6in,244,0.453,0.497,0.895,NA
"RREC, Stuttgart",rel_sw_6in,245,0.447,0.522,0.863,NA
"RREC, Stuttgart",rel_sw_6in,246,0.442,0.509,0.774,NA
"RREC, Stuttgart",rel_sw_6in,247,0.448,0.516,0.902,NA
"RREC, Stuttgart",rel_sw_6in,248,0.461,0.518,0.828,NA
"RREC, Stuttgart",rel_sw_6in,249,0.443,0.504,0.716,NA
"RREC, Stuttgart",rel_sw_6in,250,0.443,0.503,0.696,NA
"RREC, Stuttgart",rel_sw_6in,251,0.442,0.5,0.655,NA
"RREC, Stuttgart",rel_sw_6in,252,0.442,0.497,0.716,NA
"RREC, Stuttgart",rel_sw_6in,253,0.432,0.499,0.71,NA
"RREC, Stuttgart",rel_sw_6in,254,0.44,0.504,0.643,NA
"RREC, Stuttgart",rel_sw_6in,255,0.428,0.503,0.662,NA
"RREC, Stuttgart",rel_sw_6in,256,0.418,0.505,0.7,NA
"RREC, Stuttgart",rel_sw_6in,257,0.41,0.49,0.719,NA
"RREC, Stuttgart",rel_sw_6in,258,0.402,0.493,0.875,NA
"RREC, Stuttgart",rel_sw_6in,259,0.396,0.488,0.905,NA
"RREC, Stuttgart",rel_sw_6in,260,0.39,0.488,0.89,NA
"RREC, Stuttgart",rel_sw_6in,261,0.384,0.482,0.809,NA
"RREC, Stuttgart",rel_sw_6in,262,0.379,0.477,0.711,NA
"RREC, Stuttgart",rel_sw_6in,263,0.398,0.496,0.734,NA
"RREC, Stuttgart",rel_sw_6in,264,0.393,0.489,0.65,NA
"RREC, Stuttgart",rel_sw_6in,265,0.387,0.483,0.702,NA
"RREC, Stuttgart",rel_sw_6in,266,0.382,0.476,0.732,NA
"RREC, Stuttgart",rel_sw_6in,267,0.377,0.484,0.716,NA
"RREC, Stuttgart",rel_sw_6in,268,0.375,0.487,0.851,NA
"RREC, Stuttgart",rel_sw_6in,269,0.371,0.47,0.718,NA
"RREC, Stuttgart",rel_sw_6in,270,0.366,0.463,0.689,NA
"RREC, Stuttgart",rel_sw_6in,271,0.362,0.46,0.753,NA
"RREC, Stuttgart",rel_sw_6in,272,0.358,0.458,0.67,NA
"RREC, Stuttgart",rel_sw_6in,273,0.354,0.459,0.656,NA
"RREC, Stuttgart",rel_sw_6in,274,0.35,0.463,0.645,NA
"RREC, Stuttgart",rel_sw_6in,275,0.346,0.469,0.694,NA
"RREC, Stuttgart",rel_sw_6in,276,0.343,0.462,0.631,NA
"RREC, Stuttgart",rel_sw_6in,277,0.339,0.462,0.686,NA
"RREC, Stuttgart",rel_sw_6in,278,0.336,0.457,0.627,NA
"RREC, Stuttgart",rel_sw_6in,279,0.333,0.449,0.73,NA
"RREC, Stuttgart",rel_sw_6in,280,0.329,0.45,0.719,NA
"RREC, Stuttgart",rel_sw_6in,281,0.326,0.463,0.852,NA
"RREC, Stuttgart",rel_sw_6in,282,0.338,0.479,0.92,NA
"RREC, Stuttgart",rel_sw_6in,283,0.335,0.469,0.777,NA
"RREC, Stuttgart",rel_sw_6in,284,0.331,0.464,0.888,NA
"RREC, Stuttgart",rel_sw_6in,285,0.341,0.457,0.807,NA
"RREC, Stuttgart",rel_sw_6in,286,0.338,0.45,0.868,NA
"RREC, Stuttgart",rel_sw_6in,287,0.335,0.471,0.73,NA
"RREC, Stuttgart",rel_sw_6in,288,0.332,0.48,0.669,NA
"RREC, Stuttgart",rel_sw_6in,289,0.329,0.481,0.643,NA
"RREC, Stuttgart",rel_sw_6in,290,0.326,0.476,0.74,NA
"RREC, Stuttgart",rel_sw_6in,291,0.323,0.49,0.687,NA
"RREC, Stuttgart",rel_sw_6in,292,0.321,0.505,0.782,NA
"RREC, Stuttgart",rel_sw_6in,293,0.318,0.488,0.705,NA
"RREC, Stuttgart",rel_sw_6in,294,0.315,0.489,0.637,NA
"RREC, Stuttgart",rel_sw_6in,295,0.313,0.473,0.714,NA
"RREC, Stuttgart",rel_sw_6in,296,0.369,0.466,0.716,NA
"RREC, Stuttgart",rel_sw_6in,297,0.366,0.472,0.835,NA
"RREC, Stuttgart",rel_sw_6in,298,0.362,0.507,0.723,NA
"RREC, Stuttgart",rel_sw_6in,299,0.368,0.506,0.767,NA
"RREC, Stuttgart",rel_sw_6in,300,0.376,0.521,0.678,NA
"RREC, Stuttgart",rel_sw_6in,301,0.374,0.524,0.763,NA
"RREC, Stuttgart",rel_sw_6in,302,0.371,0.514,0.913,NA
"RREC, Stuttgart",rel_sw_6in,303,0.369,0.502,0.931,NA
"RREC, Stuttgart",rel_sw_6in,304,0.38,0.511,0.961,NA
"RREC, Stuttgart",rel_sw_6in,305,0.376,0.516,0.855,NA
"RREC, Stuttgart",rel_sw_6in,306,0.373,0.504,0.727,NA
"RREC, Stuttgart",rel_sw_6in,307,0.4,0.513,0.889,NA
"RREC, Stuttgart",rel_sw_6in,308,0.396,0.511,0.806,NA
"RREC, Stuttgart",rel_sw_6in,309,0.392,0.505,0.725,NA
"RREC, Stuttgart",rel_sw_6in,310,0.389,0.513,0.686,NA
"RREC, Stuttgart",rel_sw_6in,311,0.385,0.524,0.845,NA
"RREC, Stuttgart",rel_sw_6in,312,0.384,0.519,0.873,NA
"RREC, Stuttgart",rel_sw_6in,313,0.381,0.507,0.784,NA
"RREC, Stuttgart",rel_sw_6in,314,0.377,0.499,0.772,NA
"RREC, Stuttgart",rel_sw_6in,315,0.374,0.496,0.77,NA
"RREC, Stuttgart",rel_sw_6in,316,0.371,0.512,0.674,NA
"RREC, Stuttgart",rel_sw_6in,317,0.368,0.507,0.64,NA
"RREC, Stuttgart",rel_sw_6in,318,0.365,0.514,0.704,NA
"RREC, Stuttgart",rel_sw_6in,319,0.362,0.528,0.721,NA
"RREC, Stuttgart",rel_sw_6in,320,0.359,0.52,0.846,NA
"RREC, Stuttgart",rel_sw_6in,321,0.356,0.506,0.75,NA
"RREC, Stuttgart",rel_sw_6in,322,0.353,0.504,0.804,NA
"RREC, Stuttgart",rel_sw_6in,323,0.398,0.499,0.73,NA
"RREC, Stuttgart",rel_sw_6in,324,0.395,0.499,0.909,NA
"RREC, Stuttgart",rel_sw_6in,325,0.405,0.519,0.799,NA
"RREC, Stuttgart",rel_sw_6in,326,0.403,0.52,0.864,NA
"RREC, Stuttgart",rel_sw_6in,327,0.414,0.51,0.746,NA
"RREC, Stuttgart",rel_sw_6in,328,0.411,0.526,0.764,NA
"RREC, Stuttgart",rel_sw_6in,329,0.407,0.533,0.864,NA
"RREC, Stuttgart",rel_sw_6in,330,0.402,0.55,0.752,NA
"RREC, Stuttgart",rel_sw_6in,331,0.398,0.555,0.788,NA
"RREC, Stuttgart",rel_sw_6in,332,0.394,0.535,0.873,NA
"RREC, Stuttgart",rel_sw_6in,333,0.391,0.532,0.976,NA
"RREC, Stuttgart",rel_sw_6in,334,0.387,0.541,0.827,NA
"RREC, Stuttgart",rel_sw_6in,335,0.383,0.531,0.815,NA
"RREC, Stuttgart",rel_sw_6in,336,0.38,0.521,0.898,NA
"RREC, Stuttgart",rel_sw_6in,337,0.377,0.521,0.797,NA
"RREC, Stuttgart",rel_sw_6in,338,0.387,0.524,0.869,NA
"RREC, Stuttgart",rel_sw_6in,339,0.421,0.527,0.905,NA
"RREC, Stuttgart",rel_sw_6in,340,0.422,0.535,0.788,NA
"RREC, Stuttgart",rel_sw_6in,341,0.426,0.533,0.704,NA
"RREC, Stuttgart",rel_sw_6in,342,0.422,0.527,0.794,NA
"RREC, Stuttgart",rel_sw_6in,343,0.447,0.528,0.89,NA
"RREC, Stuttgart",rel_sw_6in,344,0.441,0.548,0.775,NA
"RREC, Stuttgart",rel_sw_6in,345,0.437,0.533,0.729,NA
"RREC, Stuttgart",rel_sw_6in,346,0.434,0.533,0.792,NA
"RREC, Stuttgart",rel_sw_6in,347,0.447,0.543,0.875,NA
"RREC, Stuttgart",rel_sw_6in,348,0.44,0.541,0.759,NA
"RREC, Stuttgart",rel_sw_6in,349,0.435,0.538,0.747,NA
"RREC, Stuttgart",rel_sw_6in,350,0.431,0.544,0.879,NA
"RREC, Stuttgart",rel_sw_6in,351,0.447,0.538,0.948,NA
"RREC, Stuttgart",rel_sw_6in,352,0.449,0.531,0.799,NA
"RREC, Stuttgart",rel_sw_6in,353,0.442,0.52,0.84,NA
"RREC, Stuttgart",rel_sw_6in,354,0.436,0.534,0.783,NA
"RREC, Stuttgart",rel_sw_6in,355,0.43,0.542,0.87,NA
"RREC, Stuttgart",rel_sw_6in,356,0.424,0.528,0.865,NA
"RREC, Stuttgart",rel_sw_6in,357,0.434,0.532,0.805,NA
"RREC, Stuttgart",rel_sw_6in,358,0.441,0.547,0.929,NA
"RREC, Stuttgart",rel_sw_6in,359,0.434,0.532,0.942,NA
"RREC, Stuttgart",rel_sw_6in,360,0.427,0.533,0.999,NA
"RREC, Stuttgart",rel_sw_6in,361,0.423,0.543,0.999,NA
"RREC, Stuttgart",rel_sw_6in,362,0.43,0.538,0.855,NA
"RREC, Stuttgart",rel_sw_6in,363,0.425,0.547,0.835,NA
"RREC, Stuttgart",rel_sw_6in,364,0.419,0.547,0.799,NA
"RREC, Stuttgart",rel_sw_6in,365,0.414,0.534,0.777,NA
"RREC, Stuttgart",rel_sw_6in,366,0.486,0.542,0.914,NA
"RRS, Rohwer",Biomass_kgha,1,0,0,0,0
"RRS, Rohwer",Biomass_kgha,2,0,0,0,0
"RRS, Rohwer",Biomass_kgha,3,0,0,0,0
"RRS, Rohwer",Biomass_kgha,4,0,0,0,0
"RRS, Rohwer",Biomass_kgha,5,0,0,0,0
"RRS, Rohwer",Biomass_kgha,6,0,0,0,0
"RRS, Rohwer",Biomass_kgha,7,0,0,0,0
"RRS, Rohwer",Biomass_kgha,8,0,0,0,0
"RRS, Rohwer",Biomass_kgha,9,0,0,0,0
"RRS, Rohwer",Biomass_kgha,10,0,0,0,0
"RRS, Rohwer",Biomass_kgha,11,0,0,0,0
"RRS, Rohwer",Biomass_kgha,12,0,0,0,0
"RRS, Rohwer",Biomass_kgha,13,0,0,0,0
"RRS, Rohwer",Biomass_kgha,14,0,0,0,0
"RRS, Rohwer",Biomass_kgha,15,0,0,0,0
"RRS, Rohwer",Biomass_kgha,16,0,0,0,0
"RRS, Rohwer",Biomass_kgha,17,0,0,0,0
"RRS, Rohwer",Biomass_kgha,18,0,0,0,0
"RRS, Rohwer",Biomass_kgha,19,0,0,0,0
"RRS, Rohwer",Biomass_kgha,20,0,0,0,0
"RRS, Rohwer",Biomass_kgha,21,0,0,0,0
"RRS, Rohwer",Biomass_kgha,22,0,0,0,0
"RRS, Rohwer",Biomass_kgha,23,0,0,0,0
"RRS, Rohwer",Biomass_kgha,24,0,0,0,0
"RRS, Rohwer",Biomass_kgha,25,0,0,0,0
"RRS, Rohwer",Biomass_kgha,26,0,0,0,0
"RRS, Rohwer",Biomass_kgha,27,0,0,0,0
"RRS, Rohwer",Biomass_kgha,28,0,0,0,0
"RRS, Rohwer",Biomass_kgha,29,0,0,0,0
"RRS, Rohwer",Biomass_kgha,30,0,0,0,0
"RRS, Rohwer",Biomass_kgha,31,0,0,0,0
"RRS, Rohwer",Biomass_kgha,32,0,0,0,0
"RRS, Rohwer",Biomass_kgha,33,0,0,0,0
"RRS, Rohwer",Biomass_kgha,34,0,0,0,0
"RRS, Rohwer",Biomass_kgha,35,0,0,0,0
"RRS, Rohwer",Biomass_kgha,36,0,0,0,0
"RRS, Rohwer",Biomass_kgha,37,0,0,0,0
"RRS, Rohwer",Biomass_kgha,38,0,0,0,0
"RRS, Rohwer",Biomass_kgha,39,0,0,0,0
"RRS, Rohwer",Biomass_kgha,40,0,0,0,0
"RRS, Rohwer",Biomass_kgha,41,0,0,0,0
"RRS, Rohwer",Biomass_kgha,42,0,0,0,0
"RRS, Rohwer",Biomass_kgha,43,0,0,0,0
"RRS, Rohwer",Biomass_kgha,44,0,0,0,0
"RRS, Rohwer",Biomass_kgha,45,0,0,0,0
"RRS, Rohwer",Biomass_kgha,46,0,0,0,0
"RRS, Rohwer",Biomass_kgha,47,0,0,0,0
"RRS, Rohwer",Biomass_kgha,48,0,0,0,0
"RRS, Rohwer",Biomass_kgha,49,0,0,0,0
"RRS, Rohwer",Biomass_kgha,50,0,0,0,0
"RRS, Rohwer",Biomass_kgha,51,0,0,0,0
"RRS, Rohwer",Biomass_kgha,52,0,0,0,0
"RRS, Rohwer",Biomass_kgha,53,0,0,0,0
"RRS, Rohwer",Biomass_kgha,54,0,0,0,0
"RRS, Rohwer",Biomass_kgha,55,0,0,0,0
"RRS, Rohwer",Biomass_kgha,56,0,0,0,0
"RRS, Rohwer",Biomass_kgha,57,0,0,0,0
"RRS, Rohwer",Biomass_kgha,58,0,0,0,0
"RRS, Rohwer",Biomass_kgha,59,0,0,0,0
"RRS, Rohwer",Biomass_kgha,60,0,0,0,0
"RRS, Rohwer",Biomass_kgha,61,0,0,0,0
"RRS, Rohwer",Biomass_kgha,62,0,0,0,0
"RRS, Rohwer",Biomass_kgha,63,0,0,0,0
"RRS, Rohwer",Biomass_kgha,64,0,0,0,0
"RRS, Rohwer",Biomass_kgha,65,0,0,0,0
"RRS, Rohwer",Biomass_kgha,66,0,0,0,0
"RRS, Rohwer",Biomass_kgha,67,0,0,0,0
"RRS, Rohwer",Biomass_kgha,68,0,0,0,0
"RRS, Rohwer",Biomass_kgha,69,0,0,0,0
"RRS, Rohwer",Biomass_kgha,70,0,0,0,0
"RRS, Rohwer",Biomass_kgha,71,0,0,0,0
"RRS, Rohwer",Biomass_kgha,72,0,0,0,0
"RRS, Rohwer",Biomass_kgha,73,0,0,0,0
"RRS, Rohwer",Biomass_kgha,74,0,0,0,0
"RRS, Rohwer",Biomass_kgha,75,0,0,0,0
"RRS, Rohwer",Biomass_kgha,76,0,0,0,0
"RRS, Rohwer",Biomass_kgha,77,0,0,0,0
"RRS, Rohwer",Biomass_kgha,78,0,0,0,0
"RRS, Rohwer",Biomass_kgha,79,0,0,0,0
"RRS, Rohwer",Biomass_kgha,80,0,0,0,0
"RRS, Rohwer",Biomass_kgha,81,0,0,0,0
"RRS, Rohwer",Biomass_kgha,82,0,0,0,0
"RRS, Rohwer",Biomass_kgha,83,0,0,0,0
"RRS, Rohwer",Biomass_kgha,84,0,0,0,0
"RRS, Rohwer",Biomass_kgha,85,0,0,0,0
"RRS, Rohwer",Biomass_kgha,86,0,0,0,0
"RRS, Rohwer",Biomass_kgha,87,0,0,0,0
"RRS, Rohwer",Biomass_kgha,88,0,0,0,0
"RRS, Rohwer",Biomass_kgha,89,0,0,0,0
"RRS, Rohwer",Biomass_kgha,90,0,0,0,0
"RRS, Rohwer",Biomass_kgha,91,0,0,0,0
"RRS, Rohwer",Biomass_kgha,92,0,0,0,0
"RRS, Rohwer",Biomass_kgha,93,0,0,0,0
"RRS, Rohwer",Biomass_kgha,94,0,0,0,0
"RRS, Rohwer",Biomass_kgha,95,0,0,0,0
"RRS, Rohwer",Biomass_kgha,96,0,0,0,0
"RRS, Rohwer",Biomass_kgha,97,0,0,0,0
"RRS, Rohwer",Biomass_kgha,98,0,0,0,0
"RRS, Rohwer",Biomass_kgha,99,0,0,0,0
"RRS, Rohwer",Biomass_kgha,100,0,0,0,0
"RRS, Rohwer",Biomass_kgha,101,0,0,0,0
"RRS, Rohwer",Biomass_kgha,102,0,0,0,0
"RRS, Rohwer",Biomass_kgha,103,0,0,0,0
"RRS, Rohwer",Biomass_kgha,104,0,0,0,0
"RRS, Rohwer",Biomass_kgha,105,0,0,0,0
"RRS, Rohwer",Biomass_kgha,106,0,0,0,0
"RRS, Rohwer",Biomass_kgha,107,0,0,0,0
"RRS, Rohwer",Biomass_kgha,108,0,0,0,0
"RRS, Rohwer",Biomass_kgha,109,0,0,0,0
"RRS, Rohwer",Biomass_kgha,110,0,0,0,0
"RRS, Rohwer",Biomass_kgha,111,0,0,0,0
"RRS, Rohwer",Biomass_kgha,112,0,0,0,0
"RRS, Rohwer",Biomass_kgha,113,0,0,0,0
"RRS, Rohwer",Biomass_kgha,114,0,0,0,0
"RRS, Rohwer",Biomass_kgha,115,0,0,0,0
"RRS, Rohwer",Biomass_kgha,116,0,0,0,0
"RRS, Rohwer",Biomass_kgha,117,0,0,0,0
"RRS, Rohwer",Biomass_kgha,118,0,0,0,0
"RRS, Rohwer",Biomass_kgha,119,0,0,0,0
"RRS, Rohwer",Biomass_kgha,120,0,0,0,0
"RRS, Rohwer",Biomass_kgha,121,0,0,0,0
"RRS, Rohwer",Biomass_kgha,122,0,0,0,0
"RRS, Rohwer",Biomass_kgha,123,0,0,0,0
"RRS, Rohwer",Biomass_kgha,124,0,0,0,0
"RRS, Rohwer",Biomass_kgha,125,0,0,0,0
"RRS, Rohwer",Biomass_kgha,126,0,0,0,0
"RRS, Rohwer",Biomass_kgha,127,0,0,0,0
"RRS, Rohwer",Biomass_kgha,128,0,0,0,0
"RRS, Rohwer",Biomass_kgha,129,0,0,0,0
"RRS, Rohwer",Biomass_kgha,130,0,0,0,0
"RRS, Rohwer",Biomass_kgha,131,0,0,0,0
"RRS, Rohwer",Biomass_kgha,132,0,0,0,0
"RRS, Rohwer",Biomass_kgha,133,0,0,0,0
"RRS, Rohwer",Biomass_kgha,134,0,0,0,0
"RRS, Rohwer",Biomass_kgha,135,0,0,0,0
"RRS, Rohwer",Biomass_kgha,136,0,0,0,0
"RRS, Rohwer",Biomass_kgha,137,0,0,0,0
"RRS, Rohwer",Biomass_kgha,138,0,0,0,0
"RRS, Rohwer",Biomass_kgha,139,0,0,0,0
"RRS, Rohwer",Biomass_kgha,140,0,0,0,0
"RRS, Rohwer",Biomass_kgha,141,0,0,0,0
"RRS, Rohwer",Biomass_kgha,142,0,10,10,10
"RRS, Rohwer",Biomass_kgha,143,10,10,10,10
"RRS, Rohwer",Biomass_kgha,144,10,10,10,10
"RRS, Rohwer",Biomass_kgha,145,10,10,10,10
"RRS, Rohwer",Biomass_kgha,146,10,10,10,10
"RRS, Rohwer",Biomass_kgha,147,10,10,14.79,10
"RRS, Rohwer",Biomass_kgha,148,10,13.389,18.084,11.794
"RRS, Rohwer",Biomass_kgha,149,10,16.201,22.807,15.556
"RRS, Rohwer",Biomass_kgha,150,11.049,19.813,27.639,19.351
"RRS, Rohwer",Biomass_kgha,151,14.585,23.371,33.283,24.185
"RRS, Rohwer",Biomass_kgha,152,18.707,28.988,39.779,29.799
"RRS, Rohwer",Biomass_kgha,153,20.094,33.821,48.05,35.102
"RRS, Rohwer",Biomass_kgha,154,22.749,40.929,56.083,42.451
"RRS, Rohwer",Biomass_kgha,155,26.158,48.991,65.873,51.129
"RRS, Rohwer",Biomass_kgha,156,31.856,56.427,74.693,62.097
"RRS, Rohwer",Biomass_kgha,157,39.31,66.404,88.971,71.158
"RRS, Rohwer",Biomass_kgha,158,45.726,80.383,107.494,80.282
"RRS, Rohwer",Biomass_kgha,159,56.275,96.157,126.993,94.247
"RRS, Rohwer",Biomass_kgha,160,60.978,112.652,144.166,113.575
"RRS, Rohwer",Biomass_kgha,161,74.955,131.041,170.332,134.854
"RRS, Rohwer",Biomass_kgha,162,89.087,153.91,198.268,158.946
"RRS, Rohwer",Biomass_kgha,163,102.689,175.664,230.8,182.966
"RRS, Rohwer",Biomass_kgha,164,117.263,198.348,272.395,216.384
"RRS, Rohwer",Biomass_kgha,165,134.569,234.869,322.367,245.364
"RRS, Rohwer",Biomass_kgha,166,160.252,272.388,377.699,261.903
"RRS, Rohwer",Biomass_kgha,167,187.775,315.224,431.233,314.556
"RRS, Rohwer",Biomass_kgha,168,224.783,363.675,498.99,364.359
"RRS, Rohwer",Biomass_kgha,169,265.901,425.724,577.481,420.068
"RRS, Rohwer",Biomass_kgha,170,313.356,481.932,651.762,450.246
"RRS, Rohwer",Biomass_kgha,171,360.109,557.374,732.74,522.555
"RRS, Rohwer",Biomass_kgha,172,408.445,641.454,813.993,570.021
"RRS, Rohwer",Biomass_kgha,173,465.466,716.096,900.461,672.54
"RRS, Rohwer",Biomass_kgha,174,534.251,815.876,1007.028,746.183
"RRS, Rohwer",Biomass_kgha,175,621.961,921.783,1103.088,847.307
"RRS, Rohwer",Biomass_kgha,176,709.635,1026.584,1216.028,964.655
"RRS, Rohwer",Biomass_kgha,177,785.635,1134.466,1350.122,1058.684
"RRS, Rohwer",Biomass_kgha,178,872.727,1257.812,1493.089,1187.358
"RRS, Rohwer",Biomass_kgha,179,977.862,1387.928,1638.382,1310.721
"RRS, Rohwer",Biomass_kgha,180,1081.764,1503.158,1786.639,1436.457
"RRS, Rohwer",Biomass_kgha,181,1143.058,1612.805,1929.193,1564.254
"RRS, Rohwer",Biomass_kgha,182,1249.049,1732.453,2055.596,1698.756
"RRS, Rohwer",Biomass_kgha,183,1369.583,1840.123,2183.474,1835.51
"RRS, Rohwer",Biomass_kgha,184,1504.894,1964.694,2318.475,1975.83
"RRS, Rohwer",Biomass_kgha,185,1618.482,2102.888,2427.525,2084.325
"RRS, Rohwer",Biomass_kgha,186,1771.386,2245.007,2556.157,2230.352
"RRS, Rohwer",Biomass_kgha,187,1895.358,2370.906,2684.202,2358.957
"RRS, Rohwer",Biomass_kgha,188,2041.955,2506.978,2824.984,2514.481
"RRS, Rohwer",Biomass_kgha,189,2182.209,2635.375,2969.307,2666.307
"RRS, Rohwer",Biomass_kgha,190,2270.949,2781.223,3110.232,2821.188
"RRS, Rohwer",Biomass_kgha,191,2411.815,2901.86,3263.141,2972.04
"RRS, Rohwer",Biomass_kgha,192,2523.072,3048.471,3425.578,3125.882
"RRS, Rohwer",Biomass_kgha,193,2657.611,3178.512,3571.683,3270.42
"RRS, Rohwer",Biomass_kgha,194,2756.52,3325.365,3710.136,3422.02
"RRS, Rohwer",Biomass_kgha,195,2875.312,3455.879,3811.957,3559.54
"RRS, Rohwer",Biomass_kgha,196,3021.047,3592.08,3966.336,3698.504
"RRS, Rohwer",Biomass_kgha,197,3168.662,3748.689,4121.21,3847.062
"RRS, Rohwer",Biomass_kgha,198,3317.067,3893.665,4273.611,3959.788
"RRS, Rohwer",Biomass_kgha,199,3443.533,4023.823,4429.249,4111.644
"RRS, Rohwer",Biomass_kgha,200,3585.048,4146.128,4574.264,4261.912
"RRS, Rohwer",Biomass_kgha,201,3721.933,4279.429,4702.871,4392.198
"RRS, Rohwer",Biomass_kgha,202,3823.276,4392.886,4855.724,4503.76
"RRS, Rohwer",Biomass_kgha,203,3962.553,4535.661,5005.707,4657.609
"RRS, Rohwer",Biomass_kgha,204,4114.8,4665.862,5138.399,4782.354
"RRS, Rohwer",Biomass_kgha,205,4277.665,4792.26,5364.198,4981.338
"RRS, Rohwer",Biomass_kgha,206,4436.044,4931.867,5596.293,5199.457
"RRS, Rohwer",Biomass_kgha,207,4500.479,5105.825,5830.902,5387.358
"RRS, Rohwer",Biomass_kgha,208,4617.892,5264.632,6069.268,5575.384
"RRS, Rohwer",Biomass_kgha,209,4760.402,5437.09,6315.819,5751.204
"RRS, Rohwer",Biomass_kgha,210,4921.22,5638.056,6533.757,5952.528
"RRS, Rohwer",Biomass_kgha,211,5092.602,5839.482,6777.151,6124.036
"RRS, Rohwer",Biomass_kgha,212,5298.307,6041.286,7037.552,6327.433
"RRS, Rohwer",Biomass_kgha,213,5458.755,6250.891,7232.473,6565.997
"RRS, Rohwer",Biomass_kgha,214,5603.344,6463.854,7505.2,NA
"RRS, Rohwer",Biomass_kgha,215,5712.459,6653.757,7771.865,NA
"RRS, Rohwer",Biomass_kgha,216,5813.54,6881.215,8048.736,NA
"RRS, Rohwer",Biomass_kgha,217,5942.431,7084.167,8335.766,NA
"RRS, Rohwer",Biomass_kgha,218,6076.108,7268.232,8601.368,NA
"RRS, Rohwer",Biomass_kgha,219,6202.914,7456.468,8834.006,NA
"RRS, Rohwer",Biomass_kgha,220,6373.016,7687.698,8999.63,NA
"RRS, Rohwer",Biomass_kgha,221,6590.366,7930.882,9160.599,NA
"RRS, Rohwer",Biomass_kgha,222,6787.753,8142.059,9266.979,NA
"RRS, Rohwer",Biomass_kgha,223,6977.885,8372.635,9493.126,NA
"RRS, Rohwer",Biomass_kgha,224,7252.276,8565.901,9667.232,NA
"RRS, Rohwer",Biomass_kgha,225,7366.024,8747.111,9827.814,NA
"RRS, Rohwer",Biomass_kgha,226,7655.328,8987.121,10013.223,NA
"RRS, Rohwer",Biomass_kgha,227,7931.558,9189.833,10258.788,NA
"RRS, Rohwer",Biomass_kgha,228,8203.872,9389.71,10479.075,NA
"RRS, Rohwer",Biomass_kgha,229,8394.22,9538.325,10686.401,NA
"RRS, Rohwer",Biomass_kgha,230,8515.268,9681.537,10840.935,NA
"RRS, Rohwer",Biomass_kgha,231,8782.686,9863.459,11009.207,NA
"RRS, Rohwer",Biomass_kgha,232,8960.615,9991.897,11117.69,NA
"RRS, Rohwer",Biomass_kgha,233,9069.25,10187.766,11233.807,NA
"RRS, Rohwer",Biomass_kgha,234,9285.057,10322.306,11345.108,NA
"RRS, Rohwer",Biomass_kgha,235,9440.197,10430.456,11448.898,NA
"RRS, Rohwer",Biomass_kgha,236,9454.44,10557.504,11521.8,NA
"RRS, Rohwer",Biomass_kgha,237,9655.884,10662.72,11561.21,NA
"RRS, Rohwer",Biomass_kgha,238,9854.369,10769.435,11623.804,NA
"RRS, Rohwer",Biomass_kgha,239,10047.615,10864.114,11653.053,NA
"RRS, Rohwer",Biomass_kgha,240,10062.062,10952.257,11702.381,NA
"RRS, Rohwer",Biomass_kgha,241,10073.863,10981.038,11752.156,NA
"RRS, Rohwer",Biomass_kgha,242,10042.788,11022.886,11783.466,NA
"RRS, Rohwer",Biomass_kgha,243,10006.039,11063.838,11799.327,NA
"RRS, Rohwer",Biomass_kgha,244,10032.962,11102.214,11748.352,NA
"RRS, Rohwer",Biomass_kgha,245,10038.05,11150.798,11839.216,NA
"RRS, Rohwer",Biomass_kgha,246,9989.24,11189.429,11917.664,NA
"RRS, Rohwer",Biomass_kgha,247,9939.194,11189.422,11993.259,NA
"RRS, Rohwer",Biomass_kgha,248,9889.356,11153.983,12030.704,NA
"RRS, Rohwer",Biomass_kgha,249,9842.011,11179.699,12068.212,NA
"RRS, Rohwer",Biomass_kgha,250,9797.033,11137.295,12121.675,NA
"RRS, Rohwer",Biomass_kgha,251,0,11070.322,12109.067,NA
"RRS, Rohwer",Biomass_kgha,252,0,11045.897,12146.975,NA
"RRS, Rohwer",Biomass_kgha,253,0,10971.376,12169.678,NA
"RRS, Rohwer",Biomass_kgha,254,0,10928.619,12136.704,NA
"RRS, Rohwer",Biomass_kgha,255,0,10720.158,12088.168,NA
"RRS, Rohwer",Biomass_kgha,256,0,10573.003,12039.531,NA
"RRS, Rohwer",Biomass_kgha,257,0,0,11991.318,NA
"RRS, Rohwer",Biomass_kgha,258,0,0,11945.516,NA
"RRS, Rohwer",Biomass_kgha,259,0,0,11902.003,NA
"RRS, Rohwer",Biomass_kgha,260,0,0,11860.667,NA
"RRS, Rohwer",Biomass_kgha,261,0,0,11821.397,NA
"RRS, Rohwer",Biomass_kgha,262,0,0,11784.09,NA
"RRS, Rohwer",Biomass_kgha,263,0,0,11359.752,NA
"RRS, Rohwer",Biomass_kgha,264,0,0,11320.41,NA
"RRS, Rohwer",Biomass_kgha,265,0,0,11283.035,NA
"RRS, Rohwer",Biomass_kgha,266,0,0,0,NA
"RRS, Rohwer",Biomass_kgha,267,0,0,0,NA
"RRS, Rohwer",Biomass_kgha,268,0,0,0,NA
"RRS, Rohwer",Biomass_kgha,269,0,0,0,NA
"RRS, Rohwer",Biomass_kgha,270,0,0,0,NA
"RRS, Rohwer",Biomass_kgha,271,0,0,0,NA
"RRS, Rohwer",Biomass_kgha,272,0,0,0,NA
"RRS, Rohwer",Biomass_kgha,273,0,0,0,NA
"RRS, Rohwer",Biomass_kgha,274,0,0,0,NA
"RRS, Rohwer",Biomass_kgha,275,0,0,0,NA
"RRS, Rohwer",Biomass_kgha,276,0,0,0,NA
"RRS, Rohwer",Biomass_kgha,277,0,0,0,NA
"RRS, Rohwer",Biomass_kgha,278,0,0,0,NA
"RRS, Rohwer",Biomass_kgha,279,0,0,0,NA
"RRS, Rohwer",Biomass_kgha,280,0,0,0,NA
"RRS, Rohwer",Biomass_kgha,281,0,0,0,NA
"RRS, Rohwer",Biomass_kgha,282,0,0,0,NA
"RRS, Rohwer",Biomass_kgha,283,0,0,0,NA
"RRS, Rohwer",Biomass_kgha,284,0,0,0,NA
"RRS, Rohwer",Biomass_kgha,285,0,0,0,NA
"RRS, Rohwer",Biomass_kgha,286,0,0,0,NA
"RRS, Rohwer",Biomass_kgha,287,0,0,0,NA
"RRS, Rohwer",Biomass_kgha,288,0,0,0,NA
"RRS, Rohwer",Biomass_kgha,289,0,0,0,NA
"RRS, Rohwer",Biomass_kgha,290,0,0,0,NA
"RRS, Rohwer",Biomass_kgha,291,0,0,0,NA
"RRS, Rohwer",Biomass_kgha,292,0,0,0,NA
"RRS, Rohwer",Biomass_kgha,293,0,0,0,NA
"RRS, Rohwer",Biomass_kgha,294,0,0,0,NA
"RRS, Rohwer",Biomass_kgha,295,0,0,0,NA
"RRS, Rohwer",Biomass_kgha,296,0,0,0,NA
"RRS, Rohwer",Biomass_kgha,297,0,0,0,NA
"RRS, Rohwer",Biomass_kgha,298,0,0,0,NA
"RRS, Rohwer",Biomass_kgha,299,0,0,0,NA
"RRS, Rohwer",Biomass_kgha,300,0,0,0,NA
"RRS, Rohwer",Biomass_kgha,301,0,0,0,NA
"RRS, Rohwer",Biomass_kgha,302,0,0,0,NA
"RRS, Rohwer",Biomass_kgha,303,0,0,0,NA
"RRS, Rohwer",Biomass_kgha,304,0,0,0,NA
"RRS, Rohwer",Biomass_kgha,305,0,0,0,NA
"RRS, Rohwer",Biomass_kgha,306,0,0,0,NA
"RRS, Rohwer",Biomass_kgha,307,0,0,0,NA
"RRS, Rohwer",Biomass_kgha,308,0,0,0,NA
"RRS, Rohwer",Biomass_kgha,309,0,0,0,NA
"RRS, Rohwer",Biomass_kgha,310,0,0,0,NA
"RRS, Rohwer",Biomass_kgha,311,0,0,0,NA
"RRS, Rohwer",Biomass_kgha,312,0,0,0,NA
"RRS, Rohwer",Biomass_kgha,313,0,0,0,NA
"RRS, Rohwer",Biomass_kgha,314,0,0,0,NA
"RRS, Rohwer",Biomass_kgha,315,0,0,0,NA
"RRS, Rohwer",Biomass_kgha,316,0,0,0,NA
"RRS, Rohwer",Biomass_kgha,317,0,0,0,NA
"RRS, Rohwer",Biomass_kgha,318,0,0,0,NA
"RRS, Rohwer",Biomass_kgha,319,0,0,0,NA
"RRS, Rohwer",Biomass_kgha,320,0,0,0,NA
"RRS, Rohwer",Biomass_kgha,321,0,0,0,NA
"RRS, Rohwer",Biomass_kgha,322,0,0,0,NA
"RRS, Rohwer",Biomass_kgha,323,0,0,0,NA
"RRS, Rohwer",Biomass_kgha,324,0,0,0,NA
"RRS, Rohwer",Biomass_kgha,325,0,0,0,NA
"RRS, Rohwer",Biomass_kgha,326,0,0,0,NA
"RRS, Rohwer",Biomass_kgha,327,0,0,0,NA
"RRS, Rohwer",Biomass_kgha,328,0,0,0,NA
"RRS, Rohwer",Biomass_kgha,329,0,0,0,NA
"RRS, Rohwer",Biomass_kgha,330,0,0,0,NA
"RRS, Rohwer",Biomass_kgha,331,0,0,0,NA
"RRS, Rohwer",Biomass_kgha,332,0,0,0,NA
"RRS, Rohwer",Biomass_kgha,333,0,0,0,NA
"RRS, Rohwer",Biomass_kgha,334,0,0,0,NA
"RRS, Rohwer",Biomass_kgha,335,0,0,0,NA
"RRS, Rohwer",Biomass_kgha,336,0,0,0,NA
"RRS, Rohwer",Biomass_kgha,337,0,0,0,NA
"RRS, Rohwer",Biomass_kgha,338,0,0,0,NA
"RRS, Rohwer",Biomass_kgha,339,0,0,0,NA
"RRS, Rohwer",Biomass_kgha,340,0,0,0,NA
"RRS, Rohwer",Biomass_kgha,341,0,0,0,NA
"RRS, Rohwer",Biomass_kgha,342,0,0,0,NA
"RRS, Rohwer",Biomass_kgha,343,0,0,0,NA
"RRS, Rohwer",Biomass_kgha,344,0,0,0,NA
"RRS, Rohwer",Biomass_kgha,345,0,0,0,NA
"RRS, Rohwer",Biomass_kgha,346,0,0,0,NA
"RRS, Rohwer",Biomass_kgha,347,0,0,0,NA
"RRS, Rohwer",Biomass_kgha,348,0,0,0,NA
"RRS, Rohwer",Biomass_kgha,349,0,0,0,NA
"RRS, Rohwer",Biomass_kgha,350,0,0,0,NA
"RRS, Rohwer",Biomass_kgha,351,0,0,0,NA
"RRS, Rohwer",Biomass_kgha,352,0,0,0,NA
"RRS, Rohwer",Biomass_kgha,353,0,0,0,NA
"RRS, Rohwer",Biomass_kgha,354,0,0,0,NA
"RRS, Rohwer",Biomass_kgha,355,0,0,0,NA
"RRS, Rohwer",Biomass_kgha,356,0,0,0,NA
"RRS, Rohwer",Biomass_kgha,357,0,0,0,NA
"RRS, Rohwer",Biomass_kgha,358,0,0,0,NA
"RRS, Rohwer",Biomass_kgha,359,0,0,0,NA
"RRS, Rohwer",Biomass_kgha,360,0,0,0,NA
"RRS, Rohwer",Biomass_kgha,361,0,0,0,NA
"RRS, Rohwer",Biomass_kgha,362,0,0,0,NA
"RRS, Rohwer",Biomass_kgha,363,0,0,0,NA
"RRS, Rohwer",Biomass_kgha,364,0,0,0,NA
"RRS, Rohwer",Biomass_kgha,365,0,0,0,NA
"RRS, Rohwer",Biomass_kgha,366,0,0,0,NA
"RRS, Rohwer",CummRain_in,1,24.458,36.702,64.807,36.017
"RRS, Rohwer",CummRain_in,2,24.458,36.782,64.807,36.056
"RRS, Rohwer",CummRain_in,3,24.458,37.094,64.809,36.056
"RRS, Rohwer",CummRain_in,4,24.459,37.095,64.809,36.056
"RRS, Rohwer",CummRain_in,5,24.663,37.1,64.809,36.056
"RRS, Rohwer",CummRain_in,6,24.663,37.415,64.82,36.056
"RRS, Rohwer",CummRain_in,7,24.663,37.416,64.903,36.056
"RRS, Rohwer",CummRain_in,8,24.663,37.416,64.903,36.081
"RRS, Rohwer",CummRain_in,9,25.036,37.418,64.903,36.685
"RRS, Rohwer",CummRain_in,10,25.04,37.418,64.903,37.13
"RRS, Rohwer",CummRain_in,11,25.04,37.759,64.903,37.13
"RRS, Rohwer",CummRain_in,12,25.04,37.942,64.903,37.13
"RRS, Rohwer",CummRain_in,13,25.04,38.274,64.903,37.141
"RRS, Rohwer",CummRain_in,14,25.04,38.331,64.903,37.16
"RRS, Rohwer",CummRain_in,15,25.042,38.356,64.903,37.16
"RRS, Rohwer",CummRain_in,16,25.26,38.406,65.835,37.166
"RRS, Rohwer",CummRain_in,17,25.432,38.943,66.145,37.166
"RRS, Rohwer",CummRain_in,18,25.47,38.943,66.149,37.166
"RRS, Rohwer",CummRain_in,19,25.471,38.943,66.155,37.166
"RRS, Rohwer",CummRain_in,20,25.607,38.945,66.894,37.166
"RRS, Rohwer",CummRain_in,21,25.607,38.945,67.37,37.781
"RRS, Rohwer",CummRain_in,22,25.607,38.952,67.37,37.783
"RRS, Rohwer",CummRain_in,23,25.667,38.962,68.14,37.861
"RRS, Rohwer",CummRain_in,24,25.781,39.127,68.182,38.518
"RRS, Rohwer",CummRain_in,25,26.226,39.259,68.182,38.821
"RRS, Rohwer",CummRain_in,26,26.292,39.949,68.182,38.821
"RRS, Rohwer",CummRain_in,27,26.296,39.949,68.182,38.823
"RRS, Rohwer",CummRain_in,28,26.296,40.049,68.202,38.827
"RRS, Rohwer",CummRain_in,29,26.296,40.354,69.541,38.833
"RRS, Rohwer",CummRain_in,30,26.34,40.407,69.543,38.836
"RRS, Rohwer",CummRain_in,31,26.371,40.409,69.544,38.836
"RRS, Rohwer",CummRain_in,32,26.887,40.558,69.551,38.836
"RRS, Rohwer",CummRain_in,33,26.887,40.908,69.553,38.837
"RRS, Rohwer",CummRain_in,34,26.887,41.791,69.577,39.052
"RRS, Rohwer",CummRain_in,35,26.887,41.819,70.511,39.052
"RRS, Rohwer",CummRain_in,36,26.887,41.836,70.676,39.052
"RRS, Rohwer",CummRain_in,37,26.887,41.858,70.676,39.052
"RRS, Rohwer",CummRain_in,38,26.887,41.863,70.676,39.052
"RRS, Rohwer",CummRain_in,39,26.887,41.865,72.149,39.052
"RRS, Rohwer",CummRain_in,40,26.887,41.865,72.181,39.053
"RRS, Rohwer",CummRain_in,41,26.887,42.349,72.181,39.059
"RRS, Rohwer",CummRain_in,42,26.898,42.578,72.216,39.133
"RRS, Rohwer",CummRain_in,43,26.905,42.879,72.236,39.133
"RRS, Rohwer",CummRain_in,44,27.13,42.998,72.239,39.133
"RRS, Rohwer",CummRain_in,45,27.13,43.574,72.429,39.389
"RRS, Rohwer",CummRain_in,46,27.13,43.823,72.429,40.329
"RRS, Rohwer",CummRain_in,47,27.175,44.458,72.429,40.33
"RRS, Rohwer",CummRain_in,48,27.548,44.586,72.429,40.333
"RRS, Rohwer",CummRain_in,49,27.806,44.592,72.429,40.334
"RRS, Rohwer",CummRain_in,50,27.806,44.596,72.429,40.335
"RRS, Rohwer",CummRain_in,51,27.806,44.649,72.429,40.356
"RRS, Rohwer",CummRain_in,52,27.812,45.2,72.918,40.5
"RRS, Rohwer",CummRain_in,53,27.814,45.619,72.989,40.5
"RRS, Rohwer",CummRain_in,54,27.867,45.758,72.989,40.5
"RRS, Rohwer",CummRain_in,55,27.875,45.948,72.989,40.5
"RRS, Rohwer",CummRain_in,56,28.089,45.953,72.99,40.5
"RRS, Rohwer",CummRain_in,57,28.891,46.25,73,40.522
"RRS, Rohwer",CummRain_in,58,28.993,46.413,73,40.523
"RRS, Rohwer",CummRain_in,59,29.136,46.414,73,40.523
"RRS, Rohwer",CummRain_in,60,29.136,46.45,73.016,40.523
"RRS, Rohwer",CummRain_in,61,29.136,46.451,73.016,40.525
"RRS, Rohwer",CummRain_in,62,29.136,46.747,73.016,40.526
"RRS, Rohwer",CummRain_in,63,29.416,46.785,73.016,40.529
"RRS, Rohwer",CummRain_in,64,29.5,46.995,73.016,40.529
"RRS, Rohwer",CummRain_in,65,29.5,47.29,73.016,40.534
"RRS, Rohwer",CummRain_in,66,29.5,47.392,73.016,41.081
"RRS, Rohwer",CummRain_in,67,29.507,47.439,73.126,41.696
"RRS, Rohwer",CummRain_in,68,29.593,48.353,73.331,42.172
"RRS, Rohwer",CummRain_in,69,29.678,48.49,73.678,42.21
"RRS, Rohwer",CummRain_in,70,29.93,48.496,73.798,43.626
"RRS, Rohwer",CummRain_in,71,30.261,48.709,73.926,43.626
"RRS, Rohwer",CummRain_in,72,30.261,48.989,73.926,43.626
"RRS, Rohwer",CummRain_in,73,30.261,49.287,73.926,43.626
"RRS, Rohwer",CummRain_in,74,30.342,49.533,73.926,44.119
"RRS, Rohwer",CummRain_in,75,30.846,49.535,73.926,44.12
"RRS, Rohwer",CummRain_in,76,30.846,49.537,73.926,44.12
"RRS, Rohwer",CummRain_in,77,30.846,49.538,73.926,44.12
"RRS, Rohwer",CummRain_in,78,30.846,49.542,73.926,44.12
"RRS, Rohwer",CummRain_in,79,30.846,49.542,74.245,44.12
"RRS, Rohwer",CummRain_in,80,30.846,49.746,74.478,44.12
"RRS, Rohwer",CummRain_in,81,30.846,50.089,74.493,44.12
"RRS, Rohwer",CummRain_in,82,30.846,50.257,74.493,44.12
"RRS, Rohwer",CummRain_in,83,30.846,50.426,74.507,44.12
"RRS, Rohwer",CummRain_in,84,30.862,50.426,74.927,44.12
"RRS, Rohwer",CummRain_in,85,30.927,50.692,74.927,44.12
"RRS, Rohwer",CummRain_in,86,31.144,50.745,75.291,44.137
"RRS, Rohwer",CummRain_in,87,31.152,50.827,75.317,44.137
"RRS, Rohwer",CummRain_in,88,31.213,51.222,75.317,44.137
"RRS, Rohwer",CummRain_in,89,31.276,51.511,75.317,44.137
"RRS, Rohwer",CummRain_in,90,31.307,51.529,75.317,44.144
"RRS, Rohwer",CummRain_in,91,0,0.001,70.702,0.001
"RRS, Rohwer",CummRain_in,92,0,0.023,1.663,0.008
"RRS, Rohwer",CummRain_in,93,0,0.232,2.288,0.031
"RRS, Rohwer",CummRain_in,94,0,0.317,3.242,0.713
"RRS, Rohwer",CummRain_in,95,0,0.493,4.573,0.715
"RRS, Rohwer",CummRain_in,96,0,0.912,5.646,0.715
"RRS, Rohwer",CummRain_in,97,0,1.028,5.646,0.715
"RRS, Rohwer",CummRain_in,98,0.008,1.05,5.646,0.715
"RRS, Rohwer",CummRain_in,99,0.008,1.113,5.646,0.715
"RRS, Rohwer",CummRain_in,100,0.012,1.404,5.648,0.715
"RRS, Rohwer",CummRain_in,101,0.012,1.648,5.648,0.715
"RRS, Rohwer",CummRain_in,102,0.233,2.208,5.648,0.715
"RRS, Rohwer",CummRain_in,103,0.351,2.415,7.078,0.717
"RRS, Rohwer",CummRain_in,104,0.351,2.722,9.321,0.717
"RRS, Rohwer",CummRain_in,105,0.36,2.748,9.326,0.717
"RRS, Rohwer",CummRain_in,106,0.38,2.762,9.326,0.782
"RRS, Rohwer",CummRain_in,107,0.437,2.78,9.497,0.782
"RRS, Rohwer",CummRain_in,108,0.531,2.886,9.736,0.92
"RRS, Rohwer",CummRain_in,109,0.781,3.306,9.801,0.92
"RRS, Rohwer",CummRain_in,110,0.844,3.505,9.81,0.935
"RRS, Rohwer",CummRain_in,111,1.013,3.527,9.958,0.935
"RRS, Rohwer",CummRain_in,112,1.048,3.536,10.058,0.937
"RRS, Rohwer",CummRain_in,113,1.084,3.649,10.063,0.937
"RRS, Rohwer",CummRain_in,114,1.19,3.802,10.066,1.772
"RRS, Rohwer",CummRain_in,115,1.191,3.838,10.107,2.607
"RRS, Rohwer",CummRain_in,116,1.254,4.384,11.071,2.702
"RRS, Rohwer",CummRain_in,117,1.254,4.756,13.459,2.733
"RRS, Rohwer",CummRain_in,118,1.254,4.759,16.093,3.376
"RRS, Rohwer",CummRain_in,119,1.254,4.844,16.792,3.705
"RRS, Rohwer",CummRain_in,120,1.265,4.924,16.792,3.707
"RRS, Rohwer",CummRain_in,121,1.272,4.927,16.792,3.716
"RRS, Rohwer",CummRain_in,122,2.172,5.263,16.798,3.717
"RRS, Rohwer",CummRain_in,123,2.172,5.331,18.077,3.717
"RRS, Rohwer",CummRain_in,124,2.172,5.777,18.676,3.717
"RRS, Rohwer",CummRain_in,125,2.172,6.118,18.963,3.827
"RRS, Rohwer",CummRain_in,126,2.172,6.118,18.963,4.233
"RRS, Rohwer",CummRain_in,127,2.172,6.119,18.985,4.233
"RRS, Rohwer",CummRain_in,128,2.173,6.339,19.263,4.263
"RRS, Rohwer",CummRain_in,129,2.173,6.518,19.482,4.285
"RRS, Rohwer",CummRain_in,130,2.173,6.552,19.813,4.469
"RRS, Rohwer",CummRain_in,131,2.182,6.775,19.943,4.497
"RRS, Rohwer",CummRain_in,132,2.468,6.775,19.984,4.497
"RRS, Rohwer",CummRain_in,133,2.537,7.313,19.993,4.501
"RRS, Rohwer",CummRain_in,134,2.541,7.358,20.072,4.598
"RRS, Rohwer",CummRain_in,135,2.744,7.46,20.39,4.713
"RRS, Rohwer",CummRain_in,136,2.806,7.679,20.432,4.713
"RRS, Rohwer",CummRain_in,137,2.834,7.947,20.584,4.726
"RRS, Rohwer",CummRain_in,138,2.89,7.999,20.696,4.731
"RRS, Rohwer",CummRain_in,139,3.216,7.999,20.967,5.379
"RRS, Rohwer",CummRain_in,140,3.352,7.999,21.189,5.618
"RRS, Rohwer",CummRain_in,141,3.352,8.153,21.229,6.274
"RRS, Rohwer",CummRain_in,142,3.352,8.241,21.281,7.134
"RRS, Rohwer",CummRain_in,143,3.352,8.319,21.504,7.919
"RRS, Rohwer",CummRain_in,144,3.354,8.437,21.883,7.952
"RRS, Rohwer",CummRain_in,145,3.445,8.589,22.534,8.23
"RRS, Rohwer",CummRain_in,146,3.704,8.672,22.595,8.557
"RRS, Rohwer",CummRain_in,147,4.013,8.763,22.61,8.776
"RRS, Rohwer",CummRain_in,148,4.072,9.026,22.628,9.385
"RRS, Rohwer",CummRain_in,149,4.074,9.186,22.668,9.595
"RRS, Rohwer",CummRain_in,150,4.074,9.238,22.754,9.604
"RRS, Rohwer",CummRain_in,151,4.275,9.76,22.818,9.746
"RRS, Rohwer",CummRain_in,152,4.484,10.31,22.836,10.109
"RRS, Rohwer",CummRain_in,153,4.485,10.365,22.864,10.221
"RRS, Rohwer",CummRain_in,154,4.486,10.373,22.904,10.223
"RRS, Rohwer",CummRain_in,155,4.49,10.384,23.02,10.235
"RRS, Rohwer",CummRain_in,156,5.115,10.721,23.403,10.235
"RRS, Rohwer",CummRain_in,157,5.148,11.074,23.439,10.244
"RRS, Rohwer",CummRain_in,158,5.148,11.074,23.446,10.467
"RRS, Rohwer",CummRain_in,159,5.149,11.494,23.446,10.672
"RRS, Rohwer",CummRain_in,160,5.149,11.511,23.447,10.699
"RRS, Rohwer",CummRain_in,161,5.156,11.737,23.567,10.699
"RRS, Rohwer",CummRain_in,162,5.163,12.179,23.969,10.699
"RRS, Rohwer",CummRain_in,163,5.333,12.179,24.049,10.909
"RRS, Rohwer",CummRain_in,164,5.333,12.331,24.069,11.063
"RRS, Rohwer",CummRain_in,165,5.333,12.372,24.126,11.161
"RRS, Rohwer",CummRain_in,166,5.333,12.425,24.46,11.2
"RRS, Rohwer",CummRain_in,167,5.333,12.451,24.67,11.204
"RRS, Rohwer",CummRain_in,168,5.334,12.644,24.705,11.207
"RRS, Rohwer",CummRain_in,169,5.427,12.672,24.71,11.248
"RRS, Rohwer",CummRain_in,170,5.439,12.672,24.724,11.511
"RRS, Rohwer",CummRain_in,171,5.441,13.071,24.744,12.341
"RRS, Rohwer",CummRain_in,172,5.443,13.314,24.817,12.596
"RRS, Rohwer",CummRain_in,173,5.487,13.478,24.987,13.003
"RRS, Rohwer",CummRain_in,174,5.496,13.479,25.275,13.043
"RRS, Rohwer",CummRain_in,175,5.508,13.616,25.449,13.107
"RRS, Rohwer",CummRain_in,176,5.511,13.622,25.483,13.165
"RRS, Rohwer",CummRain_in,177,5.513,13.739,25.484,13.17
"RRS, Rohwer",CummRain_in,178,5.522,14.033,25.487,13.17
"RRS, Rohwer",CummRain_in,179,5.523,14.033,25.497,13.17
"RRS, Rohwer",CummRain_in,180,5.523,14.072,25.497,13.17
"RRS, Rohwer",CummRain_in,181,5.778,14.212,25.498,13.17
"RRS, Rohwer",CummRain_in,182,5.878,14.22,25.561,13.217
"RRS, Rohwer",CummRain_in,183,6.559,14.445,25.642,13.309
"RRS, Rohwer",CummRain_in,184,6.714,14.481,25.795,13.353
"RRS, Rohwer",CummRain_in,185,6.763,14.481,25.872,13.578
"RRS, Rohwer",CummRain_in,186,6.876,15.169,25.874,13.854
"RRS, Rohwer",CummRain_in,187,6.89,15.217,25.88,13.963
"RRS, Rohwer",CummRain_in,188,6.912,15.219,25.886,14.007
"RRS, Rohwer",CummRain_in,189,7.024,15.219,25.887,14.057
"RRS, Rohwer",CummRain_in,190,7.211,15.276,25.887,14.16
"RRS, Rohwer",CummRain_in,191,7.275,15.349,25.887,14.218
"RRS, Rohwer",CummRain_in,192,7.718,15.349,25.887,14.403
"RRS, Rohwer",CummRain_in,193,8.198,15.746,25.903,14.67
"RRS, Rohwer",CummRain_in,194,8.894,15.763,26.006,14.811
"RRS, Rohwer",CummRain_in,195,9.03,15.835,26.04,15.209
"RRS, Rohwer",CummRain_in,196,9.031,15.837,26.393,15.825
"RRS, Rohwer",CummRain_in,197,9.031,16.026,27.319,15.844
"RRS, Rohwer",CummRain_in,198,9.077,16.218,27.377,15.917
"RRS, Rohwer",CummRain_in,199,9.093,16.246,27.625,15.933
"RRS, Rohwer",CummRain_in,200,9.145,16.267,27.919,15.936
"RRS, Rohwer",CummRain_in,201,9.355,16.305,27.957,16.069
"RRS, Rohwer",CummRain_in,202,9.398,16.343,28.008,16.137
"RRS, Rohwer",CummRain_in,203,9.449,16.489,28.094,16.165
"RRS, Rohwer",CummRain_in,204,9.568,16.581,28.3,16.185
"RRS, Rohwer",CummRain_in,205,9.693,16.614,28.492,16.499
"RRS, Rohwer",CummRain_in,206,9.83,16.748,28.916,16.637
"RRS, Rohwer",CummRain_in,207,9.891,16.75,29.088,16.672
"RRS, Rohwer",CummRain_in,208,9.892,16.751,29.302,16.678
"RRS, Rohwer",CummRain_in,209,9.903,16.774,29.376,16.68
"RRS, Rohwer",CummRain_in,210,9.911,16.775,29.435,17.034
"RRS, Rohwer",CummRain_in,211,9.911,16.776,29.536,17.21
"RRS, Rohwer",CummRain_in,212,9.912,16.837,29.719,17.414
"RRS, Rohwer",CummRain_in,213,9.912,17.091,29.842,17.476
"RRS, Rohwer",CummRain_in,214,9.94,17.105,29.883,NA
"RRS, Rohwer",CummRain_in,215,9.988,17.327,29.884,NA
"RRS, Rohwer",CummRain_in,216,10.024,17.372,29.889,NA
"RRS, Rohwer",CummRain_in,217,10.027,17.483,29.91,NA
"RRS, Rohwer",CummRain_in,218,10.07,17.713,30.022,NA
"RRS, Rohwer",CummRain_in,219,10.122,17.966,30.037,NA
"RRS, Rohwer",CummRain_in,220,10.132,18.244,30.037,NA
"RRS, Rohwer",CummRain_in,221,10.323,18.247,30.039,NA
"RRS, Rohwer",CummRain_in,222,10.593,18.253,30.039,NA
"RRS, Rohwer",CummRain_in,223,10.626,18.58,30.039,NA
"RRS, Rohwer",CummRain_in,224,10.626,18.695,30.053,NA
"RRS, Rohwer",CummRain_in,225,10.671,18.921,30.053,NA
"RRS, Rohwer",CummRain_in,226,11.311,19.024,30.053,NA
"RRS, Rohwer",CummRain_in,227,11.319,19.05,30.054,NA
"RRS, Rohwer",CummRain_in,228,11.333,19.067,30.13,NA
"RRS, Rohwer",CummRain_in,229,11.424,19.067,30.374,NA
"RRS, Rohwer",CummRain_in,230,11.622,19.067,30.411,NA
"RRS, Rohwer",CummRain_in,231,11.703,19.104,30.417,NA
"RRS, Rohwer",CummRain_in,232,11.714,19.134,30.424,NA
"RRS, Rohwer",CummRain_in,233,11.771,19.146,30.65,NA
"RRS, Rohwer",CummRain_in,234,11.771,19.187,30.654,NA
"RRS, Rohwer",CummRain_in,235,11.771,19.201,30.752,NA
"RRS, Rohwer",CummRain_in,236,11.771,19.239,30.994,NA
"RRS, Rohwer",CummRain_in,237,11.771,19.293,31.043,NA
"RRS, Rohwer",CummRain_in,238,11.771,19.293,31.077,NA
"RRS, Rohwer",CummRain_in,239,11.778,19.293,31.164,NA
"RRS, Rohwer",CummRain_in,240,11.922,19.293,31.368,NA
"RRS, Rohwer",CummRain_in,241,11.984,19.298,31.717,NA
"RRS, Rohwer",CummRain_in,242,11.984,19.3,32.06,NA
"RRS, Rohwer",CummRain_in,243,11.996,19.3,32.161,NA
"RRS, Rohwer",CummRain_in,244,11.998,19.331,32.35,NA
"RRS, Rohwer",CummRain_in,245,11.998,19.623,32.513,NA
"RRS, Rohwer",CummRain_in,246,11.998,19.724,32.677,NA
"RRS, Rohwer",CummRain_in,247,11.998,19.755,32.738,NA
"RRS, Rohwer",CummRain_in,248,11.998,19.762,32.83,NA
"RRS, Rohwer",CummRain_in,249,11.998,20.035,32.936,NA
"RRS, Rohwer",CummRain_in,250,11.998,20.041,32.983,NA
"RRS, Rohwer",CummRain_in,251,11.998,20.095,33.074,NA
"RRS, Rohwer",CummRain_in,252,11.998,20.303,33.196,NA
"RRS, Rohwer",CummRain_in,253,12.002,20.331,33.231,NA
"RRS, Rohwer",CummRain_in,254,12.341,20.344,33.237,NA
"RRS, Rohwer",CummRain_in,255,13.951,20.739,33.237,NA
"RRS, Rohwer",CummRain_in,256,14.206,20.806,33.569,NA
"RRS, Rohwer",CummRain_in,257,14.717,20.809,33.68,NA
"RRS, Rohwer",CummRain_in,258,14.863,20.811,35.502,NA
"RRS, Rohwer",CummRain_in,259,15.006,20.812,35.857,NA
"RRS, Rohwer",CummRain_in,260,15.12,20.9,36.501,NA
"RRS, Rohwer",CummRain_in,261,15.121,21.074,36.832,NA
"RRS, Rohwer",CummRain_in,262,15.122,21.212,36.891,NA
"RRS, Rohwer",CummRain_in,263,15.144,21.212,36.913,NA
"RRS, Rohwer",CummRain_in,264,15.294,21.212,37.357,NA
"RRS, Rohwer",CummRain_in,265,15.296,21.479,37.561,NA
"RRS, Rohwer",CummRain_in,266,15.297,21.57,37.686,NA
"RRS, Rohwer",CummRain_in,267,15.297,21.57,38.187,NA
"RRS, Rohwer",CummRain_in,268,15.302,21.873,38.262,NA
"RRS, Rohwer",CummRain_in,269,15.302,22.284,38.293,NA
"RRS, Rohwer",CummRain_in,270,15.302,22.352,38.295,NA
"RRS, Rohwer",CummRain_in,271,15.303,22.352,38.295,NA
"RRS, Rohwer",CummRain_in,272,15.303,22.356,38.295,NA
"RRS, Rohwer",CummRain_in,273,15.305,22.381,38.295,NA
"RRS, Rohwer",CummRain_in,274,15.309,22.641,38.641,NA
"RRS, Rohwer",CummRain_in,275,15.563,22.842,39.092,NA
"RRS, Rohwer",CummRain_in,276,15.889,22.974,39.146,NA
"RRS, Rohwer",CummRain_in,277,15.967,22.974,40.974,NA
"RRS, Rohwer",CummRain_in,278,16.236,22.974,40.988,NA
"RRS, Rohwer",CummRain_in,279,16.506,22.974,41.254,NA
"RRS, Rohwer",CummRain_in,280,16.506,22.974,41.422,NA
"RRS, Rohwer",CummRain_in,281,16.506,22.974,41.52,NA
"RRS, Rohwer",CummRain_in,282,16.506,23.009,42.525,NA
"RRS, Rohwer",CummRain_in,283,16.506,23.602,42.528,NA
"RRS, Rohwer",CummRain_in,284,16.506,24.334,43.037,NA
"RRS, Rohwer",CummRain_in,285,16.742,24.335,43.709,NA
"RRS, Rohwer",CummRain_in,286,16.744,24.335,46.518,NA
"RRS, Rohwer",CummRain_in,287,16.744,24.335,46.569,NA
"RRS, Rohwer",CummRain_in,288,16.744,24.335,46.678,NA
"RRS, Rohwer",CummRain_in,289,16.744,24.335,46.678,NA
"RRS, Rohwer",CummRain_in,290,16.744,24.944,46.678,NA
"RRS, Rohwer",CummRain_in,291,16.744,25.1,46.678,NA
"RRS, Rohwer",CummRain_in,292,16.935,25.19,46.678,NA
"RRS, Rohwer",CummRain_in,293,16.945,25.239,46.678,NA
"RRS, Rohwer",CummRain_in,294,16.945,25.239,46.733,NA
"RRS, Rohwer",CummRain_in,295,16.945,25.633,48.437,NA
"RRS, Rohwer",CummRain_in,296,16.946,25.638,48.487,NA
"RRS, Rohwer",CummRain_in,297,17.807,25.638,48.487,NA
"RRS, Rohwer",CummRain_in,298,17.928,25.733,48.487,NA
"RRS, Rohwer",CummRain_in,299,17.937,25.733,48.548,NA
"RRS, Rohwer",CummRain_in,300,17.937,25.769,49.409,NA
"RRS, Rohwer",CummRain_in,301,17.937,25.956,49.657,NA
"RRS, Rohwer",CummRain_in,302,17.937,25.997,51.062,NA
"RRS, Rohwer",CummRain_in,303,17.946,26.127,54.255,NA
"RRS, Rohwer",CummRain_in,304,17.963,26.127,54.255,NA
"RRS, Rohwer",CummRain_in,305,18.024,26.956,54.255,NA
"RRS, Rohwer",CummRain_in,306,18.104,26.972,54.255,NA
"RRS, Rohwer",CummRain_in,307,18.104,26.972,54.255,NA
"RRS, Rohwer",CummRain_in,308,18.106,27.017,54.255,NA
"RRS, Rohwer",CummRain_in,309,18.106,27.113,54.255,NA
"RRS, Rohwer",CummRain_in,310,18.106,27.572,54.255,NA
"RRS, Rohwer",CummRain_in,311,18.486,27.866,54.255,NA
"RRS, Rohwer",CummRain_in,312,18.715,27.875,54.255,NA
"RRS, Rohwer",CummRain_in,313,18.885,27.978,54.255,NA
"RRS, Rohwer",CummRain_in,314,19.218,27.978,54.255,NA
"RRS, Rohwer",CummRain_in,315,19.218,27.998,54.255,NA
"RRS, Rohwer",CummRain_in,316,19.291,28.007,54.255,NA
"RRS, Rohwer",CummRain_in,317,19.457,28.022,54.255,NA
"RRS, Rohwer",CummRain_in,318,19.65,28.072,54.255,NA
"RRS, Rohwer",CummRain_in,319,19.702,28.276,54.429,NA
"RRS, Rohwer",CummRain_in,320,19.707,28.781,54.62,NA
"RRS, Rohwer",CummRain_in,321,19.711,29.28,54.621,NA
"RRS, Rohwer",CummRain_in,322,19.733,29.518,54.621,NA
"RRS, Rohwer",CummRain_in,323,19.802,29.644,54.621,NA
"RRS, Rohwer",CummRain_in,324,20.285,29.653,54.621,NA
"RRS, Rohwer",CummRain_in,325,20.289,29.675,54.623,NA
"RRS, Rohwer",CummRain_in,326,20.289,29.719,54.625,NA
"RRS, Rohwer",CummRain_in,327,20.291,29.759,54.628,NA
"RRS, Rohwer",CummRain_in,328,20.291,29.909,54.636,NA
"RRS, Rohwer",CummRain_in,329,20.291,30.176,54.636,NA
"RRS, Rohwer",CummRain_in,330,20.291,30.378,54.636,NA
"RRS, Rohwer",CummRain_in,331,20.291,30.872,54.636,NA
"RRS, Rohwer",CummRain_in,332,20.309,30.873,54.64,NA
"RRS, Rohwer",CummRain_in,333,20.347,30.876,55.146,NA
"RRS, Rohwer",CummRain_in,334,20.563,30.876,56.153,NA
"RRS, Rohwer",CummRain_in,335,20.564,30.978,56.154,NA
"RRS, Rohwer",CummRain_in,336,20.564,31.1,56.846,NA
"RRS, Rohwer",CummRain_in,337,20.6,31.105,56.846,NA
"RRS, Rohwer",CummRain_in,338,20.737,31.109,56.846,NA
"RRS, Rohwer",CummRain_in,339,20.796,31.276,56.846,NA
"RRS, Rohwer",CummRain_in,340,21.035,31.35,56.881,NA
"RRS, Rohwer",CummRain_in,341,21.582,31.704,56.957,NA
"RRS, Rohwer",CummRain_in,342,22.081,31.755,58.323,NA
"RRS, Rohwer",CummRain_in,343,22.111,32.172,58.324,NA
"RRS, Rohwer",CummRain_in,344,23.027,32.216,58.324,NA
"RRS, Rohwer",CummRain_in,345,23.244,33.041,58.324,NA
"RRS, Rohwer",CummRain_in,346,23.402,33.209,58.828,NA
"RRS, Rohwer",CummRain_in,347,23.402,33.24,58.848,NA
"RRS, Rohwer",CummRain_in,348,23.402,33.244,58.852,NA
"RRS, Rohwer",CummRain_in,349,23.424,33.389,58.852,NA
"RRS, Rohwer",CummRain_in,350,23.433,33.617,58.852,NA
"RRS, Rohwer",CummRain_in,351,23.434,34.403,58.855,NA
"RRS, Rohwer",CummRain_in,352,23.434,34.5,58.856,NA
"RRS, Rohwer",CummRain_in,353,23.434,34.505,58.856,NA
"RRS, Rohwer",CummRain_in,354,23.434,34.631,58.856,NA
"RRS, Rohwer",CummRain_in,355,23.434,34.635,58.856,NA
"RRS, Rohwer",CummRain_in,356,23.434,34.951,58.919,NA
"RRS, Rohwer",CummRain_in,357,23.434,35.345,61.196,NA
"RRS, Rohwer",CummRain_in,358,23.465,35.345,64.567,NA
"RRS, Rohwer",CummRain_in,359,23.539,35.543,64.572,NA
"RRS, Rohwer",CummRain_in,360,23.539,35.543,64.572,NA
"RRS, Rohwer",CummRain_in,361,23.539,35.961,64.572,NA
"RRS, Rohwer",CummRain_in,362,23.591,36.017,64.572,NA
"RRS, Rohwer",CummRain_in,363,23.931,36.017,64.578,NA
"RRS, Rohwer",CummRain_in,364,23.963,36.4,64.728,NA
"RRS, Rohwer",CummRain_in,365,24.372,36.4,64.803,NA
"RRS, Rohwer",CummRain_in,366,28.678,36.128,48.735,NA
"RRS, Rohwer",rel_sw_12in,1,0.598,0.605,0.695,0.598
"RRS, Rohwer",rel_sw_12in,2,0.592,0.605,0.801,0.6
"RRS, Rohwer",rel_sw_12in,3,0.587,0.607,0.812,0.598
"RRS, Rohwer",rel_sw_12in,4,0.581,0.613,0.774,0.592
"RRS, Rohwer",rel_sw_12in,5,0.574,0.627,0.736,0.587
"RRS, Rohwer",rel_sw_12in,6,0.569,0.632,0.771,0.581
"RRS, Rohwer",rel_sw_12in,7,0.563,0.632,0.825,0.574
"RRS, Rohwer",rel_sw_12in,8,0.556,0.635,0.799,0.574
"RRS, Rohwer",rel_sw_12in,9,0.559,0.644,0.759,0.644
"RRS, Rohwer",rel_sw_12in,10,0.564,0.638,0.78,0.685
"RRS, Rohwer",rel_sw_12in,11,0.562,0.637,0.811,0.665
"RRS, Rohwer",rel_sw_12in,12,0.558,0.627,0.835,0.646
"RRS, Rohwer",rel_sw_12in,13,0.555,0.625,0.903,0.629
"RRS, Rohwer",rel_sw_12in,14,0.552,0.618,0.905,0.617
"RRS, Rohwer",rel_sw_12in,15,0.549,0.611,0.854,0.604
"RRS, Rohwer",rel_sw_12in,16,0.547,0.618,0.807,0.595
"RRS, Rohwer",rel_sw_12in,17,0.555,0.643,0.767,0.587
"RRS, Rohwer",rel_sw_12in,18,0.549,0.645,0.824,0.582
"RRS, Rohwer",rel_sw_12in,19,0.547,0.645,0.816,0.578
"RRS, Rohwer",rel_sw_12in,20,0.544,0.635,0.821,0.574
"RRS, Rohwer",rel_sw_12in,21,0.544,0.633,0.773,0.646
"RRS, Rohwer",rel_sw_12in,22,0.542,0.635,0.781,0.635
"RRS, Rohwer",rel_sw_12in,23,0.541,0.641,0.767,0.635
"RRS, Rohwer",rel_sw_12in,24,0.54,0.638,0.826,0.699
"RRS, Rohwer",rel_sw_12in,25,0.538,0.637,0.843,0.72
"RRS, Rohwer",rel_sw_12in,26,0.536,0.628,0.838,0.698
"RRS, Rohwer",rel_sw_12in,27,0.534,0.633,0.898,0.676
"RRS, Rohwer",rel_sw_12in,28,0.535,0.625,0.841,0.654
"RRS, Rohwer",rel_sw_12in,29,0.541,0.623,0.836,0.635
"RRS, Rohwer",rel_sw_12in,30,0.539,0.624,0.852,0.622
"RRS, Rohwer",rel_sw_12in,31,0.537,0.615,0.803,0.614
"RRS, Rohwer",rel_sw_12in,32,0.535,0.62,0.783,0.604
"RRS, Rohwer",rel_sw_12in,33,0.543,0.619,0.873,0.593
"RRS, Rohwer",rel_sw_12in,34,0.562,0.621,0.944,0.616
"RRS, Rohwer",rel_sw_12in,35,0.553,0.638,0.886,0.606
"RRS, Rohwer",rel_sw_12in,36,0.565,0.635,0.825,0.596
"RRS, Rohwer",rel_sw_12in,37,0.563,0.643,0.768,0.584
"RRS, Rohwer",rel_sw_12in,38,0.56,0.633,0.769,0.575
"RRS, Rohwer",rel_sw_12in,39,0.557,0.62,0.763,0.57
"RRS, Rohwer",rel_sw_12in,40,0.555,0.614,0.76,0.566
"RRS, Rohwer",rel_sw_12in,41,0.552,0.634,0.851,0.562
"RRS, Rohwer",rel_sw_12in,42,0.551,0.628,0.872,0.567
"RRS, Rohwer",rel_sw_12in,43,0.548,0.631,0.924,0.559
"RRS, Rohwer",rel_sw_12in,44,0.553,0.638,0.869,0.556
"RRS, Rohwer",rel_sw_12in,45,0.552,0.633,0.815,0.584
"RRS, Rohwer",rel_sw_12in,46,0.55,0.639,0.846,0.68
"RRS, Rohwer",rel_sw_12in,47,0.556,0.637,0.922,0.665
"RRS, Rohwer",rel_sw_12in,48,0.553,0.629,0.866,0.648
"RRS, Rohwer",rel_sw_12in,49,0.557,0.629,0.829,0.633
"RRS, Rohwer",rel_sw_12in,50,0.559,0.625,0.887,0.615
"RRS, Rohwer",rel_sw_12in,51,0.556,0.623,0.877,0.604
"RRS, Rohwer",rel_sw_12in,52,0.554,0.631,0.824,0.611
"RRS, Rohwer",rel_sw_12in,53,0.551,0.633,0.919,0.596
"RRS, Rohwer",rel_sw_12in,54,0.55,0.627,0.948,0.588
"RRS, Rohwer",rel_sw_12in,55,0.557,0.632,0.883,0.582
"RRS, Rohwer",rel_sw_12in,56,0.556,0.643,0.846,0.578
"RRS, Rohwer",rel_sw_12in,57,0.553,0.639,0.81,0.574
"RRS, Rohwer",rel_sw_12in,58,0.55,0.643,0.836,0.57
"RRS, Rohwer",rel_sw_12in,59,0.551,0.622,0.881,0.567
"RRS, Rohwer",rel_sw_12in,60,0.548,0.638,0.908,0.564
"RRS, Rohwer",rel_sw_12in,61,0.546,0.63,0.865,0.562
"RRS, Rohwer",rel_sw_12in,62,0.544,0.614,0.816,0.559
"RRS, Rohwer",rel_sw_12in,63,0.542,0.627,0.777,0.557
"RRS, Rohwer",rel_sw_12in,64,0.54,0.64,0.802,0.555
"RRS, Rohwer",rel_sw_12in,65,0.538,0.625,0.768,0.552
"RRS, Rohwer",rel_sw_12in,66,0.536,0.621,0.838,0.617
"RRS, Rohwer",rel_sw_12in,67,0.534,0.619,0.85,0.677
"RRS, Rohwer",rel_sw_12in,68,0.533,0.632,0.803,0.717
"RRS, Rohwer",rel_sw_12in,69,0.543,0.627,0.845,0.696
"RRS, Rohwer",rel_sw_12in,70,0.561,0.622,0.92,0.788
"RRS, Rohwer",rel_sw_12in,71,0.558,0.622,0.939,0.742
"RRS, Rohwer",rel_sw_12in,72,0.556,0.612,0.953,0.697
"RRS, Rohwer",rel_sw_12in,73,0.57,0.608,0.932,0.665
"RRS, Rohwer",rel_sw_12in,74,0.558,0.614,0.875,0.694
"RRS, Rohwer",rel_sw_12in,75,0.555,0.635,0.807,0.664
"RRS, Rohwer",rel_sw_12in,76,0.552,0.626,0.77,0.635
"RRS, Rohwer",rel_sw_12in,77,0.55,0.626,0.818,0.616
"RRS, Rohwer",rel_sw_12in,78,0.547,0.626,0.843,0.603
"RRS, Rohwer",rel_sw_12in,79,0.569,0.623,0.876,0.593
"RRS, Rohwer",rel_sw_12in,80,0.565,0.619,0.812,0.586
"RRS, Rohwer",rel_sw_12in,81,0.562,0.607,0.774,0.58
"RRS, Rohwer",rel_sw_12in,82,0.559,0.61,0.755,0.576
"RRS, Rohwer",rel_sw_12in,83,0.56,0.619,0.783,0.572
"RRS, Rohwer",rel_sw_12in,84,0.557,0.625,0.766,0.569
"RRS, Rohwer",rel_sw_12in,85,0.555,0.62,0.75,0.566
"RRS, Rohwer",rel_sw_12in,86,0.565,0.618,0.758,0.564
"RRS, Rohwer",rel_sw_12in,87,0.557,0.61,0.76,0.562
"RRS, Rohwer",rel_sw_12in,88,0.555,0.609,0.802,0.559
"RRS, Rohwer",rel_sw_12in,89,0.553,0.625,0.798,0.557
"RRS, Rohwer",rel_sw_12in,90,0.556,0.624,0.81,0.555
"RRS, Rohwer",rel_sw_12in,91,0.554,0.619,0.76,0.553
"RRS, Rohwer",rel_sw_12in,92,0.552,0.619,0.733,0.551
"RRS, Rohwer",rel_sw_12in,93,0.56,0.617,0.776,0.55
"RRS, Rohwer",rel_sw_12in,94,0.558,0.633,0.829,0.63
"RRS, Rohwer",rel_sw_12in,95,0.555,0.628,0.86,0.612
"RRS, Rohwer",rel_sw_12in,96,0.553,0.623,0.916,0.598
"RRS, Rohwer",rel_sw_12in,97,0.566,0.624,0.853,0.589
"RRS, Rohwer",rel_sw_12in,98,0.568,0.615,0.843,0.583
"RRS, Rohwer",rel_sw_12in,99,0.564,0.619,0.786,0.577
"RRS, Rohwer",rel_sw_12in,100,0.565,0.611,0.811,0.573
"RRS, Rohwer",rel_sw_12in,101,0.565,0.617,0.868,0.569
"RRS, Rohwer",rel_sw_12in,102,0.562,0.632,0.848,0.566
"RRS, Rohwer",rel_sw_12in,103,0.559,0.632,0.907,0.563
"RRS, Rohwer",rel_sw_12in,104,0.557,0.654,0.995,0.561
"RRS, Rohwer",rel_sw_12in,105,0.555,0.645,0.923,0.558
"RRS, Rohwer",rel_sw_12in,106,0.552,0.628,0.857,0.556
"RRS, Rohwer",rel_sw_12in,107,0.552,0.611,0.809,0.553
"RRS, Rohwer",rel_sw_12in,108,0.55,0.607,0.77,0.566
"RRS, Rohwer",rel_sw_12in,109,0.555,0.605,0.734,0.554
"RRS, Rohwer",rel_sw_12in,110,0.561,0.604,0.738,0.552
"RRS, Rohwer",rel_sw_12in,111,0.559,0.618,0.789,0.55
"RRS, Rohwer",rel_sw_12in,112,0.557,0.621,0.763,0.548
"RRS, Rohwer",rel_sw_12in,113,0.562,0.619,0.775,0.546
"RRS, Rohwer",rel_sw_12in,114,0.559,0.613,0.739,0.641
"RRS, Rohwer",rel_sw_12in,115,0.556,0.634,0.749,0.702
"RRS, Rohwer",rel_sw_12in,116,0.554,0.629,0.848,0.681
"RRS, Rohwer",rel_sw_12in,117,0.552,0.627,0.888,0.659
"RRS, Rohwer",rel_sw_12in,118,0.55,0.615,0.914,0.705
"RRS, Rohwer",rel_sw_12in,119,0.548,0.61,0.934,0.717
"RRS, Rohwer",rel_sw_12in,120,0.546,0.632,0.881,0.684
"RRS, Rohwer",rel_sw_12in,121,0.544,0.622,0.832,0.657
"RRS, Rohwer",rel_sw_12in,122,0.56,0.617,0.803,0.632
"RRS, Rohwer",rel_sw_12in,123,0.561,0.638,0.89,0.615
"RRS, Rohwer",rel_sw_12in,124,0.559,0.637,0.924,0.602
"RRS, Rohwer",rel_sw_12in,125,0.556,0.631,0.923,0.604
"RRS, Rohwer",rel_sw_12in,126,0.558,0.617,0.902,0.646
"RRS, Rohwer",rel_sw_12in,127,0.556,0.616,0.858,0.621
"RRS, Rohwer",rel_sw_12in,128,0.561,0.604,0.855,0.606
"RRS, Rohwer",rel_sw_12in,129,0.559,0.608,0.848,0.59
"RRS, Rohwer",rel_sw_12in,130,0.557,0.608,0.885,0.6
"RRS, Rohwer",rel_sw_12in,131,0.555,0.598,0.907,0.585
"RRS, Rohwer",rel_sw_12in,132,0.556,0.596,0.917,0.578
"RRS, Rohwer",rel_sw_12in,133,0.554,0.598,0.871,0.572
"RRS, Rohwer",rel_sw_12in,134,0.552,0.603,0.823,0.568
"RRS, Rohwer",rel_sw_12in,135,0.55,0.604,0.779,0.564
"RRS, Rohwer",rel_sw_12in,136,0.548,0.604,0.766,0.56
"RRS, Rohwer",rel_sw_12in,137,0.546,0.602,0.759,0.557
"RRS, Rohwer",rel_sw_12in,138,0.544,0.597,0.729,0.555
"RRS, Rohwer",rel_sw_12in,139,0.543,0.597,0.699,0.618
"RRS, Rohwer",rel_sw_12in,140,0.541,0.598,0.743,0.63
"RRS, Rohwer",rel_sw_12in,141,0.545,0.601,0.752,0.686
"RRS, Rohwer",rel_sw_12in,142,0.544,0.589,0.709,0.739
"RRS, Rohwer",rel_sw_12in,143,0.542,0.585,0.695,0.786
"RRS, Rohwer",rel_sw_12in,144,0.541,0.59,0.732,0.739
"RRS, Rohwer",rel_sw_12in,145,0.539,0.589,0.76,0.727
"RRS, Rohwer",rel_sw_12in,146,0.547,0.582,0.802,0.715
"RRS, Rohwer",rel_sw_12in,147,0.546,0.592,0.813,0.695
"RRS, Rohwer",rel_sw_12in,148,0.562,0.612,0.76,0.727
"RRS, Rohwer",rel_sw_12in,149,0.558,0.618,0.721,0.704
"RRS, Rohwer",rel_sw_12in,150,0.56,0.613,0.768,0.664
"RRS, Rohwer",rel_sw_12in,151,0.556,0.599,0.765,0.637
"RRS, Rohwer",rel_sw_12in,152,0.558,0.595,0.746,0.642
"RRS, Rohwer",rel_sw_12in,153,0.557,0.601,0.719,0.624
"RRS, Rohwer",rel_sw_12in,154,0.561,0.602,0.76,0.599
"RRS, Rohwer",rel_sw_12in,155,0.555,0.595,0.786,0.585
"RRS, Rohwer",rel_sw_12in,156,0.557,0.594,0.746,0.574
"RRS, Rohwer",rel_sw_12in,157,0.556,0.596,0.726,0.566
"RRS, Rohwer",rel_sw_12in,158,0.554,0.585,0.784,0.578
"RRS, Rohwer",rel_sw_12in,159,0.554,0.587,0.892,0.584
"RRS, Rohwer",rel_sw_12in,160,0.557,0.585,0.949,0.566
"RRS, Rohwer",rel_sw_12in,161,0.555,0.584,0.978,0.556
"RRS, Rohwer",rel_sw_12in,162,0.554,0.582,0.911,0.58
"RRS, Rohwer",rel_sw_12in,163,0.555,0.587,0.844,0.588
"RRS, Rohwer",rel_sw_12in,164,0.543,0.585,0.776,0.583
"RRS, Rohwer",rel_sw_12in,165,0.542,0.584,0.813,0.578
"RRS, Rohwer",rel_sw_12in,166,0.547,0.582,0.766,0.575
"RRS, Rohwer",rel_sw_12in,167,0.545,0.583,0.737,0.557
"RRS, Rohwer",rel_sw_12in,168,0.538,0.581,0.786,0.538
"RRS, Rohwer",rel_sw_12in,169,0.537,0.582,0.766,0.584
"RRS, Rohwer",rel_sw_12in,170,0.535,0.585,0.713,0.609
"RRS, Rohwer",rel_sw_12in,171,0.534,0.583,0.678,0.675
"RRS, Rohwer",rel_sw_12in,172,0.531,0.58,0.688,0.683
"RRS, Rohwer",rel_sw_12in,173,0.527,0.578,0.698,0.697
"RRS, Rohwer",rel_sw_12in,174,0.525,0.572,0.75,0.669
"RRS, Rohwer",rel_sw_12in,175,0.528,0.57,0.725,0.643
"RRS, Rohwer",rel_sw_12in,176,0.519,0.568,0.731,0.617
"RRS, Rohwer",rel_sw_12in,177,0.52,0.582,0.74,0.595
"RRS, Rohwer",rel_sw_12in,178,0.502,0.582,0.744,0.571
"RRS, Rohwer",rel_sw_12in,179,0.508,0.576,0.805,0.548
"RRS, Rohwer",rel_sw_12in,180,0.51,0.572,0.8,0.576
"RRS, Rohwer",rel_sw_12in,181,0.52,0.578,0.871,0.55
"RRS, Rohwer",rel_sw_12in,182,0.511,0.576,0.941,0.533
"RRS, Rohwer",rel_sw_12in,183,0.514,0.57,0.899,0.582
"RRS, Rohwer",rel_sw_12in,184,0.51,0.566,0.879,0.565
"RRS, Rohwer",rel_sw_12in,185,0.492,0.566,0.819,0.579
"RRS, Rohwer",rel_sw_12in,186,0.497,0.571,0.782,0.594
"RRS, Rohwer",rel_sw_12in,187,0.51,0.573,0.789,0.589
"RRS, Rohwer",rel_sw_12in,188,0.485,0.567,0.754,0.572
"RRS, Rohwer",rel_sw_12in,189,0.496,0.561,0.712,0.557
"RRS, Rohwer",rel_sw_12in,190,0.512,0.565,0.744,0.546
"RRS, Rohwer",rel_sw_12in,191,0.502,0.569,0.796,0.53
"RRS, Rohwer",rel_sw_12in,192,0.496,0.562,0.755,0.578
"RRS, Rohwer",rel_sw_12in,193,0.509,0.562,0.839,0.593
"RRS, Rohwer",rel_sw_12in,194,0.502,0.57,0.866,0.589
"RRS, Rohwer",rel_sw_12in,195,0.499,0.564,0.811,0.621
"RRS, Rohwer",rel_sw_12in,196,0.482,0.564,0.781,0.675
"RRS, Rohwer",rel_sw_12in,197,0.493,0.567,0.85,0.648
"RRS, Rohwer",rel_sw_12in,198,0.495,0.556,0.799,0.633
"RRS, Rohwer",rel_sw_12in,199,0.491,0.558,0.766,0.605
"RRS, Rohwer",rel_sw_12in,200,0.492,0.556,0.751,0.58
"RRS, Rohwer",rel_sw_12in,201,0.484,0.551,0.711,0.574
"RRS, Rohwer",rel_sw_12in,202,0.491,0.559,0.702,0.561
"RRS, Rohwer",rel_sw_12in,203,0.488,0.555,0.686,0.546
"RRS, Rohwer",rel_sw_12in,204,0.485,0.559,0.657,0.535
"RRS, Rohwer",rel_sw_12in,205,0.477,0.55,0.652,0.613
"RRS, Rohwer",rel_sw_12in,206,0.47,0.551,0.683,0.61
"RRS, Rohwer",rel_sw_12in,207,0.472,0.552,0.742,0.59
"RRS, Rohwer",rel_sw_12in,208,0.471,0.543,0.708,0.566
"RRS, Rohwer",rel_sw_12in,209,0.479,0.552,0.736,0.543
"RRS, Rohwer",rel_sw_12in,210,0.464,0.558,0.809,0.572
"RRS, Rohwer",rel_sw_12in,211,0.494,0.554,0.869,0.577
"RRS, Rohwer",rel_sw_12in,212,0.477,0.567,0.813,0.586
"RRS, Rohwer",rel_sw_12in,213,0.472,0.553,0.837,0.573
"RRS, Rohwer",rel_sw_12in,214,0.493,0.541,0.78,NA
"RRS, Rohwer",rel_sw_12in,215,0.476,0.534,0.752,NA
"RRS, Rohwer",rel_sw_12in,216,0.474,0.544,0.714,NA
"RRS, Rohwer",rel_sw_12in,217,0.473,0.539,0.746,NA
"RRS, Rohwer",rel_sw_12in,218,0.471,0.531,0.805,NA
"RRS, Rohwer",rel_sw_12in,219,0.466,0.54,0.772,NA
"RRS, Rohwer",rel_sw_12in,220,0.481,0.539,0.723,NA
"RRS, Rohwer",rel_sw_12in,221,0.462,0.541,0.68,NA
"RRS, Rohwer",rel_sw_12in,222,0.469,0.551,0.659,NA
"RRS, Rohwer",rel_sw_12in,223,0.475,0.557,0.662,NA
"RRS, Rohwer",rel_sw_12in,224,0.455,0.555,0.706,NA
"RRS, Rohwer",rel_sw_12in,225,0.463,0.546,0.772,NA
"RRS, Rohwer",rel_sw_12in,226,0.463,0.547,0.748,NA
"RRS, Rohwer",rel_sw_12in,227,0.467,0.554,0.715,NA
"RRS, Rohwer",rel_sw_12in,228,0.468,0.544,0.74,NA
"RRS, Rohwer",rel_sw_12in,229,0.452,0.544,0.709,NA
"RRS, Rohwer",rel_sw_12in,230,0.458,0.536,0.708,NA
"RRS, Rohwer",rel_sw_12in,231,0.462,0.548,0.758,NA
"RRS, Rohwer",rel_sw_12in,232,0.463,0.54,0.781,NA
"RRS, Rohwer",rel_sw_12in,233,0.458,0.558,0.777,NA
"RRS, Rohwer",rel_sw_12in,234,0.457,0.548,0.776,NA
"RRS, Rohwer",rel_sw_12in,235,0.466,0.538,0.739,NA
"RRS, Rohwer",rel_sw_12in,236,0.452,0.543,0.701,NA
"RRS, Rohwer",rel_sw_12in,237,0.467,0.534,0.691,NA
"RRS, Rohwer",rel_sw_12in,238,0.46,0.531,0.702,NA
"RRS, Rohwer",rel_sw_12in,239,0.472,0.535,0.665,NA
"RRS, Rohwer",rel_sw_12in,240,0.445,0.533,0.762,NA
"RRS, Rohwer",rel_sw_12in,241,0.465,0.547,0.804,NA
"RRS, Rohwer",rel_sw_12in,242,0.45,0.543,0.768,NA
"RRS, Rohwer",rel_sw_12in,243,0.467,0.546,0.791,NA
"RRS, Rohwer",rel_sw_12in,244,0.447,0.548,0.801,NA
"RRS, Rohwer",rel_sw_12in,245,0.453,0.546,0.795,NA
"RRS, Rohwer",rel_sw_12in,246,0.452,0.554,0.75,NA
"RRS, Rohwer",rel_sw_12in,247,0.465,0.56,0.889,NA
"RRS, Rohwer",rel_sw_12in,248,0.44,0.56,0.872,NA
"RRS, Rohwer",rel_sw_12in,249,0.467,0.554,0.823,NA
"RRS, Rohwer",rel_sw_12in,250,0.462,0.56,0.767,NA
"RRS, Rohwer",rel_sw_12in,251,0.464,0.555,0.752,NA
"RRS, Rohwer",rel_sw_12in,252,0.463,0.555,0.798,NA
"RRS, Rohwer",rel_sw_12in,253,0.485,0.558,0.754,NA
"RRS, Rohwer",rel_sw_12in,254,0.48,0.569,0.717,NA
"RRS, Rohwer",rel_sw_12in,255,0.489,0.57,0.698,NA
"RRS, Rohwer",rel_sw_12in,256,0.479,0.567,0.754,NA
"RRS, Rohwer",rel_sw_12in,257,0.493,0.564,0.822,NA
"RRS, Rohwer",rel_sw_12in,258,0.483,0.558,0.912,NA
"RRS, Rohwer",rel_sw_12in,259,0.483,0.554,0.903,NA
"RRS, Rohwer",rel_sw_12in,260,0.494,0.557,0.921,NA
"RRS, Rohwer",rel_sw_12in,261,0.49,0.57,0.906,NA
"RRS, Rohwer",rel_sw_12in,262,0.486,0.569,0.854,NA
"RRS, Rohwer",rel_sw_12in,263,0.487,0.569,0.795,NA
"RRS, Rohwer",rel_sw_12in,264,0.484,0.565,0.786,NA
"RRS, Rohwer",rel_sw_12in,265,0.481,0.567,0.756,NA
"RRS, Rohwer",rel_sw_12in,266,0.477,0.569,0.726,NA
"RRS, Rohwer",rel_sw_12in,267,0.474,0.583,0.801,NA
"RRS, Rohwer",rel_sw_12in,268,0.471,0.59,0.834,NA
"RRS, Rohwer",rel_sw_12in,269,0.468,0.585,0.785,NA
"RRS, Rohwer",rel_sw_12in,270,0.466,0.581,0.737,NA
"RRS, Rohwer",rel_sw_12in,271,0.473,0.58,0.794,NA
"RRS, Rohwer",rel_sw_12in,272,0.471,0.581,0.752,NA
"RRS, Rohwer",rel_sw_12in,273,0.469,0.584,0.712,NA
"RRS, Rohwer",rel_sw_12in,274,0.467,0.579,0.707,NA
"RRS, Rohwer",rel_sw_12in,275,0.465,0.577,0.763,NA
"RRS, Rohwer",rel_sw_12in,276,0.462,0.575,0.726,NA
"RRS, Rohwer",rel_sw_12in,277,0.46,0.574,0.761,NA
"RRS, Rohwer",rel_sw_12in,278,0.458,0.573,0.734,NA
"RRS, Rohwer",rel_sw_12in,279,0.456,0.577,0.736,NA
"RRS, Rohwer",rel_sw_12in,280,0.454,0.575,0.759,NA
"RRS, Rohwer",rel_sw_12in,281,0.452,0.573,0.84,NA
"RRS, Rohwer",rel_sw_12in,282,0.45,0.581,0.883,NA
"RRS, Rohwer",rel_sw_12in,283,0.449,0.581,0.831,NA
"RRS, Rohwer",rel_sw_12in,284,0.447,0.577,0.878,NA
"RRS, Rohwer",rel_sw_12in,285,0.445,0.574,0.844,NA
"RRS, Rohwer",rel_sw_12in,286,0.443,0.574,0.906,NA
"RRS, Rohwer",rel_sw_12in,287,0.441,0.57,0.857,NA
"RRS, Rohwer",rel_sw_12in,288,0.44,0.572,0.817,NA
"RRS, Rohwer",rel_sw_12in,289,0.438,0.58,0.763,NA
"RRS, Rohwer",rel_sw_12in,290,0.436,0.586,0.756,NA
"RRS, Rohwer",rel_sw_12in,291,0.435,0.616,0.74,NA
"RRS, Rohwer",rel_sw_12in,292,0.433,0.607,0.839,NA
"RRS, Rohwer",rel_sw_12in,293,0.432,0.605,0.821,NA
"RRS, Rohwer",rel_sw_12in,294,0.43,0.599,0.775,NA
"RRS, Rohwer",rel_sw_12in,295,0.428,0.59,0.741,NA
"RRS, Rohwer",rel_sw_12in,296,0.457,0.587,0.74,NA
"RRS, Rohwer",rel_sw_12in,297,0.459,0.586,0.829,NA
"RRS, Rohwer",rel_sw_12in,298,0.457,0.61,0.787,NA
"RRS, Rohwer",rel_sw_12in,299,0.491,0.612,0.821,NA
"RRS, Rohwer",rel_sw_12in,300,0.489,0.62,0.785,NA
"RRS, Rohwer",rel_sw_12in,301,0.486,0.61,0.782,NA
"RRS, Rohwer",rel_sw_12in,302,0.511,0.613,0.895,NA
"RRS, Rohwer",rel_sw_12in,303,0.509,0.612,0.931,NA
"RRS, Rohwer",rel_sw_12in,304,0.506,0.62,0.976,NA
"RRS, Rohwer",rel_sw_12in,305,0.504,0.614,0.93,NA
"RRS, Rohwer",rel_sw_12in,306,0.502,0.613,0.869,NA
"RRS, Rohwer",rel_sw_12in,307,0.5,0.615,0.858,NA
"RRS, Rohwer",rel_sw_12in,308,0.498,0.616,0.832,NA
"RRS, Rohwer",rel_sw_12in,309,0.496,0.612,0.804,NA
"RRS, Rohwer",rel_sw_12in,310,0.494,0.628,0.771,NA
"RRS, Rohwer",rel_sw_12in,311,0.492,0.617,0.865,NA
"RRS, Rohwer",rel_sw_12in,312,0.494,0.614,0.913,NA
"RRS, Rohwer",rel_sw_12in,313,0.493,0.615,0.883,NA
"RRS, Rohwer",rel_sw_12in,314,0.49,0.603,0.883,NA
"RRS, Rohwer",rel_sw_12in,315,0.488,0.6,0.887,NA
"RRS, Rohwer",rel_sw_12in,316,0.486,0.61,0.83,NA
"RRS, Rohwer",rel_sw_12in,317,0.485,0.613,0.775,NA
"RRS, Rohwer",rel_sw_12in,318,0.483,0.612,0.739,NA
"RRS, Rohwer",rel_sw_12in,319,0.481,0.614,0.753,NA
"RRS, Rohwer",rel_sw_12in,320,0.48,0.622,0.842,NA
"RRS, Rohwer",rel_sw_12in,321,0.478,0.61,0.804,NA
"RRS, Rohwer",rel_sw_12in,322,0.476,0.607,0.823,NA
"RRS, Rohwer",rel_sw_12in,323,0.544,0.602,0.782,NA
"RRS, Rohwer",rel_sw_12in,324,0.534,0.609,0.827,NA
"RRS, Rohwer",rel_sw_12in,325,0.529,0.621,0.788,NA
"RRS, Rohwer",rel_sw_12in,326,0.525,0.611,0.815,NA
"RRS, Rohwer",rel_sw_12in,327,0.522,0.612,0.797,NA
"RRS, Rohwer",rel_sw_12in,328,0.554,0.616,0.846,NA
"RRS, Rohwer",rel_sw_12in,329,0.552,0.628,0.871,NA
"RRS, Rohwer",rel_sw_12in,330,0.549,0.639,0.823,NA
"RRS, Rohwer",rel_sw_12in,331,0.547,0.635,0.805,NA
"RRS, Rohwer",rel_sw_12in,332,0.546,0.632,0.884,NA
"RRS, Rohwer",rel_sw_12in,333,0.544,0.639,0.994,NA
"RRS, Rohwer",rel_sw_12in,334,0.542,0.648,0.934,NA
"RRS, Rohwer",rel_sw_12in,335,0.54,0.634,0.873,NA
"RRS, Rohwer",rel_sw_12in,336,0.539,0.627,0.914,NA
"RRS, Rohwer",rel_sw_12in,337,0.537,0.622,0.865,NA
"RRS, Rohwer",rel_sw_12in,338,0.536,0.621,0.873,NA
"RRS, Rohwer",rel_sw_12in,339,0.555,0.632,0.866,NA
"RRS, Rohwer",rel_sw_12in,340,0.554,0.629,0.83,NA
"RRS, Rohwer",rel_sw_12in,341,0.568,0.644,0.788,NA
"RRS, Rohwer",rel_sw_12in,342,0.567,0.636,0.804,NA
"RRS, Rohwer",rel_sw_12in,343,0.57,0.632,0.865,NA
"RRS, Rohwer",rel_sw_12in,344,0.572,0.648,0.821,NA
"RRS, Rohwer",rel_sw_12in,345,0.568,0.638,0.817,NA
"RRS, Rohwer",rel_sw_12in,346,0.569,0.64,0.832,NA
"RRS, Rohwer",rel_sw_12in,347,0.574,0.644,0.912,NA
"RRS, Rohwer",rel_sw_12in,348,0.57,0.646,0.865,NA
"RRS, Rohwer",rel_sw_12in,349,0.567,0.65,0.835,NA
"RRS, Rohwer",rel_sw_12in,350,0.565,0.653,0.899,NA
"RRS, Rohwer",rel_sw_12in,351,0.576,0.639,0.958,NA
"RRS, Rohwer",rel_sw_12in,352,0.575,0.647,0.897,NA
"RRS, Rohwer",rel_sw_12in,353,0.57,0.633,0.838,NA
"RRS, Rohwer",rel_sw_12in,354,0.571,0.627,0.846,NA
"RRS, Rohwer",rel_sw_12in,355,0.568,0.641,0.903,NA
"RRS, Rohwer",rel_sw_12in,356,0.566,0.636,0.891,NA
"RRS, Rohwer",rel_sw_12in,357,0.566,0.633,0.86,NA
"RRS, Rohwer",rel_sw_12in,358,0.565,0.644,0.886,NA
"RRS, Rohwer",rel_sw_12in,359,0.563,0.644,0.881,NA
"RRS, Rohwer",rel_sw_12in,360,0.56,0.65,0.968,NA
"RRS, Rohwer",rel_sw_12in,361,0.558,0.658,0.999,NA
"RRS, Rohwer",rel_sw_12in,362,0.56,0.646,0.939,NA
"RRS, Rohwer",rel_sw_12in,363,0.555,0.65,0.879,NA
"RRS, Rohwer",rel_sw_12in,364,0.552,0.655,0.828,NA
"RRS, Rohwer",rel_sw_12in,365,0.55,0.647,0.824,NA
"RRS, Rohwer",rel_sw_12in,366,0.592,0.663,0.857,NA
"RRS, Rohwer",rel_sw_24in,1,0.62,0.624,0.672,0.62
"RRS, Rohwer",rel_sw_24in,2,0.617,0.623,0.735,0.621
"RRS, Rohwer",rel_sw_24in,3,0.615,0.625,0.745,0.62
"RRS, Rohwer",rel_sw_24in,4,0.612,0.631,0.74,0.617
"RRS, Rohwer",rel_sw_24in,5,0.608,0.646,0.735,0.615
"RRS, Rohwer",rel_sw_24in,6,0.606,0.65,0.727,0.612
"RRS, Rohwer",rel_sw_24in,7,0.603,0.655,0.76,0.608
"RRS, Rohwer",rel_sw_24in,8,0.599,0.655,0.763,0.608
"RRS, Rohwer",rel_sw_24in,9,0.601,0.665,0.759,0.645
"RRS, Rohwer",rel_sw_24in,10,0.603,0.664,0.766,0.67
"RRS, Rohwer",rel_sw_24in,11,0.602,0.669,0.801,0.666
"RRS, Rohwer",rel_sw_24in,12,0.6,0.666,0.811,0.663
"RRS, Rohwer",rel_sw_24in,13,0.599,0.659,0.832,0.658
"RRS, Rohwer",rel_sw_24in,14,0.597,0.654,0.843,0.654
"RRS, Rohwer",rel_sw_24in,15,0.596,0.651,0.835,0.647
"RRS, Rohwer",rel_sw_24in,16,0.595,0.656,0.823,0.64
"RRS, Rohwer",rel_sw_24in,17,0.598,0.666,0.807,0.634
"RRS, Rohwer",rel_sw_24in,18,0.596,0.676,0.789,0.629
"RRS, Rohwer",rel_sw_24in,19,0.594,0.677,0.772,0.624
"RRS, Rohwer",rel_sw_24in,20,0.593,0.675,0.785,0.619
"RRS, Rohwer",rel_sw_24in,21,0.593,0.669,0.776,0.655
"RRS, Rohwer",rel_sw_24in,22,0.592,0.669,0.772,0.65
"RRS, Rohwer",rel_sw_24in,23,0.591,0.674,0.771,0.652
"RRS, Rohwer",rel_sw_24in,24,0.59,0.685,0.778,0.688
"RRS, Rohwer",rel_sw_24in,25,0.59,0.682,0.797,0.706
"RRS, Rohwer",rel_sw_24in,26,0.589,0.685,0.808,0.703
"RRS, Rohwer",rel_sw_24in,27,0.588,0.681,0.853,0.698
"RRS, Rohwer",rel_sw_24in,28,0.588,0.672,0.84,0.691
"RRS, Rohwer",rel_sw_24in,29,0.591,0.667,0.824,0.682
"RRS, Rohwer",rel_sw_24in,30,0.59,0.662,0.815,0.674
"RRS, Rohwer",rel_sw_24in,31,0.588,0.658,0.803,0.667
"RRS, Rohwer",rel_sw_24in,32,0.587,0.668,0.795,0.658
"RRS, Rohwer",rel_sw_24in,33,0.591,0.665,0.839,0.647
"RRS, Rohwer",rel_sw_24in,34,0.601,0.667,0.89,0.654
"RRS, Rohwer",rel_sw_24in,35,0.596,0.674,0.876,0.645
"RRS, Rohwer",rel_sw_24in,36,0.607,0.672,0.858,0.637
"RRS, Rohwer",rel_sw_24in,37,0.61,0.673,0.841,0.627
"RRS, Rohwer",rel_sw_24in,38,0.607,0.668,0.82,0.62
"RRS, Rohwer",rel_sw_24in,39,0.604,0.664,0.811,0.615
"RRS, Rohwer",rel_sw_24in,40,0.602,0.663,0.842,0.611
"RRS, Rohwer",rel_sw_24in,41,0.6,0.661,0.859,0.608
"RRS, Rohwer",rel_sw_24in,42,0.599,0.662,0.836,0.609
"RRS, Rohwer",rel_sw_24in,43,0.597,0.661,0.874,0.604
"RRS, Rohwer",rel_sw_24in,44,0.599,0.664,0.86,0.601
"RRS, Rohwer",rel_sw_24in,45,0.597,0.665,0.845,0.615
"RRS, Rohwer",rel_sw_24in,46,0.596,0.67,0.837,0.666
"RRS, Rohwer",rel_sw_24in,47,0.601,0.665,0.855,0.663
"RRS, Rohwer",rel_sw_24in,48,0.601,0.663,0.844,0.659
"RRS, Rohwer",rel_sw_24in,49,0.602,0.667,0.834,0.656
"RRS, Rohwer",rel_sw_24in,50,0.608,0.673,0.836,0.649
"RRS, Rohwer",rel_sw_24in,51,0.605,0.668,0.883,0.643
"RRS, Rohwer",rel_sw_24in,52,0.602,0.666,0.867,0.646
"RRS, Rohwer",rel_sw_24in,53,0.6,0.665,0.866,0.637
"RRS, Rohwer",rel_sw_24in,54,0.599,0.675,0.896,0.631
"RRS, Rohwer",rel_sw_24in,55,0.602,0.67,0.878,0.626
"RRS, Rohwer",rel_sw_24in,56,0.602,0.677,0.859,0.621
"RRS, Rohwer",rel_sw_24in,57,0.6,0.672,0.846,0.617
"RRS, Rohwer",rel_sw_24in,58,0.599,0.676,0.849,0.613
"RRS, Rohwer",rel_sw_24in,59,0.599,0.671,0.881,0.61
"RRS, Rohwer",rel_sw_24in,60,0.597,0.673,0.912,0.608
"RRS, Rohwer",rel_sw_24in,61,0.595,0.665,0.889,0.605
"RRS, Rohwer",rel_sw_24in,62,0.594,0.657,0.872,0.603
"RRS, Rohwer",rel_sw_24in,63,0.592,0.668,0.877,0.601
"RRS, Rohwer",rel_sw_24in,64,0.591,0.667,0.879,0.6
"RRS, Rohwer",rel_sw_24in,65,0.59,0.665,0.862,0.598
"RRS, Rohwer",rel_sw_24in,66,0.589,0.674,0.844,0.631
"RRS, Rohwer",rel_sw_24in,67,0.588,0.677,0.829,0.664
"RRS, Rohwer",rel_sw_24in,68,0.587,0.684,0.815,0.692
"RRS, Rohwer",rel_sw_24in,69,0.592,0.675,0.843,0.69
"RRS, Rohwer",rel_sw_24in,70,0.604,0.673,0.851,0.748
"RRS, Rohwer",rel_sw_24in,71,0.602,0.669,0.859,0.738
"RRS, Rohwer",rel_sw_24in,72,0.601,0.669,0.886,0.726
"RRS, Rohwer",rel_sw_24in,73,0.61,0.66,0.893,0.716
"RRS, Rohwer",rel_sw_24in,74,0.603,0.664,0.88,0.734
"RRS, Rohwer",rel_sw_24in,75,0.601,0.674,0.858,0.719
"RRS, Rohwer",rel_sw_24in,76,0.599,0.673,0.84,0.703
"RRS, Rohwer",rel_sw_24in,77,0.597,0.682,0.829,0.689
"RRS, Rohwer",rel_sw_24in,78,0.596,0.676,0.827,0.676
"RRS, Rohwer",rel_sw_24in,79,0.608,0.669,0.856,0.664
"RRS, Rohwer",rel_sw_24in,80,0.609,0.675,0.836,0.653
"RRS, Rohwer",rel_sw_24in,81,0.607,0.667,0.816,0.643
"RRS, Rohwer",rel_sw_24in,82,0.605,0.665,0.797,0.635
"RRS, Rohwer",rel_sw_24in,83,0.603,0.662,0.804,0.628
"RRS, Rohwer",rel_sw_24in,84,0.602,0.662,0.8,0.622
"RRS, Rohwer",rel_sw_24in,85,0.6,0.658,0.779,0.617
"RRS, Rohwer",rel_sw_24in,86,0.605,0.658,0.757,0.612
"RRS, Rohwer",rel_sw_24in,87,0.601,0.665,0.759,0.609
"RRS, Rohwer",rel_sw_24in,88,0.599,0.664,0.762,0.606
"RRS, Rohwer",rel_sw_24in,89,0.598,0.661,0.777,0.604
"RRS, Rohwer",rel_sw_24in,90,0.603,0.657,0.801,0.602
"RRS, Rohwer",rel_sw_24in,91,0.601,0.655,0.784,0.6
"RRS, Rohwer",rel_sw_24in,92,0.599,0.656,0.772,0.598
"RRS, Rohwer",rel_sw_24in,93,0.602,0.672,0.757,0.597
"RRS, Rohwer",rel_sw_24in,94,0.606,0.669,0.792,0.638
"RRS, Rohwer",rel_sw_24in,95,0.604,0.67,0.81,0.63
"RRS, Rohwer",rel_sw_24in,96,0.601,0.678,0.854,0.624
"RRS, Rohwer",rel_sw_24in,97,0.605,0.671,0.838,0.621
"RRS, Rohwer",rel_sw_24in,98,0.608,0.666,0.821,0.618
"RRS, Rohwer",rel_sw_24in,99,0.606,0.659,0.805,0.615
"RRS, Rohwer",rel_sw_24in,100,0.605,0.663,0.788,0.612
"RRS, Rohwer",rel_sw_24in,101,0.604,0.669,0.802,0.61
"RRS, Rohwer",rel_sw_24in,102,0.603,0.677,0.822,0.608
"RRS, Rohwer",rel_sw_24in,103,0.601,0.681,0.863,0.605
"RRS, Rohwer",rel_sw_24in,104,0.6,0.691,0.926,0.604
"RRS, Rohwer",rel_sw_24in,105,0.598,0.682,0.905,0.602
"RRS, Rohwer",rel_sw_24in,106,0.597,0.676,0.885,0.6
"RRS, Rohwer",rel_sw_24in,107,0.597,0.665,0.872,0.599
"RRS, Rohwer",rel_sw_24in,108,0.596,0.658,0.862,0.605
"RRS, Rohwer",rel_sw_24in,109,0.6,0.655,0.848,0.599
"RRS, Rohwer",rel_sw_24in,110,0.606,0.657,0.832,0.597
"RRS, Rohwer",rel_sw_24in,111,0.604,0.667,0.823,0.596
"RRS, Rohwer",rel_sw_24in,112,0.602,0.666,0.816,0.595
"RRS, Rohwer",rel_sw_24in,113,0.605,0.658,0.796,0.594
"RRS, Rohwer",rel_sw_24in,114,0.603,0.659,0.78,0.643
"RRS, Rohwer",rel_sw_24in,115,0.601,0.662,0.768,0.68
"RRS, Rohwer",rel_sw_24in,116,0.6,0.662,0.826,0.677
"RRS, Rohwer",rel_sw_24in,117,0.598,0.665,0.861,0.674
"RRS, Rohwer",rel_sw_24in,118,0.597,0.657,0.924,0.705
"RRS, Rohwer",rel_sw_24in,119,0.596,0.657,0.95,0.719
"RRS, Rohwer",rel_sw_24in,120,0.594,0.663,0.931,0.71
"RRS, Rohwer",rel_sw_24in,121,0.593,0.661,0.916,0.701
"RRS, Rohwer",rel_sw_24in,122,0.604,0.663,0.901,0.689
"RRS, Rohwer",rel_sw_24in,123,0.606,0.674,0.945,0.678
"RRS, Rohwer",rel_sw_24in,124,0.604,0.667,0.962,0.667
"RRS, Rohwer",rel_sw_24in,125,0.602,0.672,0.962,0.663
"RRS, Rohwer",rel_sw_24in,126,0.602,0.665,0.942,0.679
"RRS, Rohwer",rel_sw_24in,127,0.6,0.66,0.924,0.663
"RRS, Rohwer",rel_sw_24in,128,0.603,0.655,0.927,0.653
"RRS, Rohwer",rel_sw_24in,129,0.601,0.657,0.924,0.642
"RRS, Rohwer",rel_sw_24in,130,0.6,0.652,0.925,0.643
"RRS, Rohwer",rel_sw_24in,131,0.599,0.649,0.921,0.633
"RRS, Rohwer",rel_sw_24in,132,0.601,0.64,0.935,0.626
"RRS, Rohwer",rel_sw_24in,133,0.599,0.653,0.921,0.62
"RRS, Rohwer",rel_sw_24in,134,0.598,0.668,0.906,0.615
"RRS, Rohwer",rel_sw_24in,135,0.597,0.661,0.889,0.611
"RRS, Rohwer",rel_sw_24in,136,0.595,0.656,0.883,0.607
"RRS, Rohwer",rel_sw_24in,137,0.594,0.653,0.868,0.605
"RRS, Rohwer",rel_sw_24in,138,0.593,0.651,0.85,0.602
"RRS, Rohwer",rel_sw_24in,139,0.592,0.644,0.836,0.634
"RRS, Rohwer",rel_sw_24in,140,0.591,0.642,0.822,0.641
"RRS, Rohwer",rel_sw_24in,141,0.594,0.64,0.808,0.675
"RRS, Rohwer",rel_sw_24in,142,0.593,0.635,0.806,0.711
"RRS, Rohwer",rel_sw_24in,143,0.592,0.63,0.827,0.748
"RRS, Rohwer",rel_sw_24in,144,0.591,0.636,0.853,0.739
"RRS, Rohwer",rel_sw_24in,145,0.59,0.636,0.846,0.745
"RRS, Rohwer",rel_sw_24in,146,0.594,0.635,0.828,0.749
"RRS, Rohwer",rel_sw_24in,147,0.594,0.633,0.811,0.745
"RRS, Rohwer",rel_sw_24in,148,0.605,0.638,0.795,0.765
"RRS, Rohwer",rel_sw_24in,149,0.609,0.648,0.779,0.756
"RRS, Rohwer",rel_sw_24in,150,0.606,0.641,0.764,0.736
"RRS, Rohwer",rel_sw_24in,151,0.602,0.64,0.749,0.72
"RRS, Rohwer",rel_sw_24in,152,0.603,0.642,0.741,0.717
"RRS, Rohwer",rel_sw_24in,153,0.601,0.649,0.729,0.702
"RRS, Rohwer",rel_sw_24in,154,0.604,0.649,0.755,0.682
"RRS, Rohwer",rel_sw_24in,155,0.6,0.649,0.739,0.667
"RRS, Rohwer",rel_sw_24in,156,0.601,0.646,0.727,0.653
"RRS, Rohwer",rel_sw_24in,157,0.601,0.644,0.722,0.641
"RRS, Rohwer",rel_sw_24in,158,0.599,0.639,0.742,0.64
"RRS, Rohwer",rel_sw_24in,159,0.599,0.634,0.81,0.636
"RRS, Rohwer",rel_sw_24in,160,0.6,0.633,0.861,0.622
"RRS, Rohwer",rel_sw_24in,161,0.6,0.628,0.897,0.613
"RRS, Rohwer",rel_sw_24in,162,0.605,0.627,0.881,0.621
"RRS, Rohwer",rel_sw_24in,163,0.601,0.628,0.863,0.622
"RRS, Rohwer",rel_sw_24in,164,0.593,0.629,0.842,0.617
"RRS, Rohwer",rel_sw_24in,165,0.59,0.626,0.82,0.613
"RRS, Rohwer",rel_sw_24in,166,0.592,0.62,0.797,0.61
"RRS, Rohwer",rel_sw_24in,167,0.593,0.622,0.773,0.599
"RRS, Rohwer",rel_sw_24in,168,0.588,0.629,0.791,0.588
"RRS, Rohwer",rel_sw_24in,169,0.587,0.625,0.79,0.609
"RRS, Rohwer",rel_sw_24in,170,0.58,0.62,0.769,0.621
"RRS, Rohwer",rel_sw_24in,171,0.576,0.618,0.746,0.654
"RRS, Rohwer",rel_sw_24in,172,0.573,0.609,0.722,0.663
"RRS, Rohwer",rel_sw_24in,173,0.565,0.608,0.698,0.677
"RRS, Rohwer",rel_sw_24in,174,0.562,0.603,0.703,0.67
"RRS, Rohwer",rel_sw_24in,175,0.566,0.598,0.699,0.661
"RRS, Rohwer",rel_sw_24in,176,0.549,0.604,0.714,0.648
"RRS, Rohwer",rel_sw_24in,177,0.55,0.601,0.727,0.634
"RRS, Rohwer",rel_sw_24in,178,0.531,0.594,0.738,0.616
"RRS, Rohwer",rel_sw_24in,179,0.531,0.593,0.78,0.597
"RRS, Rohwer",rel_sw_24in,180,0.532,0.582,0.788,0.603
"RRS, Rohwer",rel_sw_24in,181,0.527,0.585,0.799,0.582
"RRS, Rohwer",rel_sw_24in,182,0.522,0.574,0.843,0.567
"RRS, Rohwer",rel_sw_24in,183,0.52,0.569,0.841,0.585
"RRS, Rohwer",rel_sw_24in,184,0.508,0.566,0.849,0.57
"RRS, Rohwer",rel_sw_24in,185,0.492,0.558,0.833,0.572
"RRS, Rohwer",rel_sw_24in,186,0.495,0.554,0.824,0.573
"RRS, Rohwer",rel_sw_24in,187,0.486,0.544,0.837,0.565
"RRS, Rohwer",rel_sw_24in,188,0.467,0.539,0.822,0.551
"RRS, Rohwer",rel_sw_24in,189,0.475,0.532,0.798,0.536
"RRS, Rohwer",rel_sw_24in,190,0.48,0.53,0.772,0.524
"RRS, Rohwer",rel_sw_24in,191,0.464,0.526,0.742,0.51
"RRS, Rohwer",rel_sw_24in,192,0.457,0.532,0.721,0.527
"RRS, Rohwer",rel_sw_24in,193,0.46,0.523,0.756,0.529
"RRS, Rohwer",rel_sw_24in,194,0.449,0.515,0.792,0.522
"RRS, Rohwer",rel_sw_24in,195,0.443,0.509,0.785,0.534
"RRS, Rohwer",rel_sw_24in,196,0.429,0.508,0.773,0.558
"RRS, Rohwer",rel_sw_24in,197,0.436,0.505,0.759,0.543
"RRS, Rohwer",rel_sw_24in,198,0.425,0.493,0.764,0.536
"RRS, Rohwer",rel_sw_24in,199,0.427,0.496,0.768,0.52
"RRS, Rohwer",rel_sw_24in,200,0.417,0.491,0.765,0.503
"RRS, Rohwer",rel_sw_24in,201,0.405,0.476,0.747,0.495
"RRS, Rohwer",rel_sw_24in,202,0.408,0.487,0.728,0.484
"RRS, Rohwer",rel_sw_24in,203,0.4,0.477,0.713,0.472
"RRS, Rohwer",rel_sw_24in,204,0.396,0.47,0.706,0.464
"RRS, Rohwer",rel_sw_24in,205,0.392,0.465,0.698,0.499
"RRS, Rohwer",rel_sw_24in,206,0.378,0.465,0.705,0.493
"RRS, Rohwer",rel_sw_24in,207,0.376,0.463,0.723,0.479
"RRS, Rohwer",rel_sw_24in,208,0.376,0.457,0.709,0.462
"RRS, Rohwer",rel_sw_24in,209,0.376,0.466,0.693,0.446
"RRS, Rohwer",rel_sw_24in,210,0.358,0.46,0.674,0.458
"RRS, Rohwer",rel_sw_24in,211,0.375,0.449,0.659,0.457
"RRS, Rohwer",rel_sw_24in,212,0.359,0.444,0.655,0.458
"RRS, Rohwer",rel_sw_24in,213,0.378,0.437,0.667,0.448
"RRS, Rohwer",rel_sw_24in,214,0.367,0.432,0.661,NA
"RRS, Rohwer",rel_sw_24in,215,0.357,0.424,0.651,NA
"RRS, Rohwer",rel_sw_24in,216,0.355,0.424,0.648,NA
"RRS, Rohwer",rel_sw_24in,217,0.339,0.423,0.689,NA
"RRS, Rohwer",rel_sw_24in,218,0.345,0.421,0.684,NA
"RRS, Rohwer",rel_sw_24in,219,0.346,0.421,0.671,NA
"RRS, Rohwer",rel_sw_24in,220,0.345,0.407,0.657,NA
"RRS, Rohwer",rel_sw_24in,221,0.332,0.421,0.644,NA
"RRS, Rohwer",rel_sw_24in,222,0.332,0.416,0.633,NA
"RRS, Rohwer",rel_sw_24in,223,0.337,0.407,0.623,NA
"RRS, Rohwer",rel_sw_24in,224,0.321,0.409,0.607,NA
"RRS, Rohwer",rel_sw_24in,225,0.319,0.402,0.592,NA
"RRS, Rohwer",rel_sw_24in,226,0.319,0.406,0.6,NA
"RRS, Rohwer",rel_sw_24in,227,0.314,0.407,0.586,NA
"RRS, Rohwer",rel_sw_24in,228,0.322,0.407,0.572,NA
"RRS, Rohwer",rel_sw_24in,229,0.303,0.41,0.559,NA
"RRS, Rohwer",rel_sw_24in,230,0.314,0.415,0.598,NA
"RRS, Rohwer",rel_sw_24in,231,0.299,0.405,0.59,NA
"RRS, Rohwer",rel_sw_24in,232,0.309,0.399,0.624,NA
"RRS, Rohwer",rel_sw_24in,233,0.291,0.393,0.617,NA
"RRS, Rohwer",rel_sw_24in,234,0.301,0.39,0.605,NA
"RRS, Rohwer",rel_sw_24in,235,0.297,0.385,0.592,NA
"RRS, Rohwer",rel_sw_24in,236,0.281,0.388,0.579,NA
"RRS, Rohwer",rel_sw_24in,237,0.296,0.378,0.566,NA
"RRS, Rohwer",rel_sw_24in,238,0.282,0.377,0.581,NA
"RRS, Rohwer",rel_sw_24in,239,0.29,0.366,0.57,NA
"RRS, Rohwer",rel_sw_24in,240,0.272,0.364,0.559,NA
"RRS, Rohwer",rel_sw_24in,241,0.285,0.367,0.554,NA
"RRS, Rohwer",rel_sw_24in,242,0.268,0.358,0.549,NA
"RRS, Rohwer",rel_sw_24in,243,0.28,0.368,0.587,NA
"RRS, Rohwer",rel_sw_24in,244,0.263,0.371,0.578,NA
"RRS, Rohwer",rel_sw_24in,245,0.274,0.368,0.571,NA
"RRS, Rohwer",rel_sw_24in,246,0.263,0.369,0.613,NA
"RRS, Rohwer",rel_sw_24in,247,0.272,0.37,0.697,NA
"RRS, Rohwer",rel_sw_24in,248,0.253,0.374,0.709,NA
"RRS, Rohwer",rel_sw_24in,249,0.275,0.37,0.71,NA
"RRS, Rohwer",rel_sw_24in,250,0.262,0.367,0.705,NA
"RRS, Rohwer",rel_sw_24in,251,0.263,0.362,0.7,NA
"RRS, Rohwer",rel_sw_24in,252,0.262,0.357,0.71,NA
"RRS, Rohwer",rel_sw_24in,253,0.275,0.365,0.723,NA
"RRS, Rohwer",rel_sw_24in,254,0.278,0.37,0.716,NA
"RRS, Rohwer",rel_sw_24in,255,0.273,0.385,0.702,NA
"RRS, Rohwer",rel_sw_24in,256,0.28,0.385,0.692,NA
"RRS, Rohwer",rel_sw_24in,257,0.283,0.382,0.714,NA
"RRS, Rohwer",rel_sw_24in,258,0.276,0.378,0.751,NA
"RRS, Rohwer",rel_sw_24in,259,0.269,0.381,0.772,NA
"RRS, Rohwer",rel_sw_24in,260,0.286,0.383,0.81,NA
"RRS, Rohwer",rel_sw_24in,261,0.281,0.402,0.832,NA
"RRS, Rohwer",rel_sw_24in,262,0.275,0.404,0.834,NA
"RRS, Rohwer",rel_sw_24in,263,0.272,0.408,0.826,NA
"RRS, Rohwer",rel_sw_24in,264,0.279,0.412,0.838,NA
"RRS, Rohwer",rel_sw_24in,265,0.277,0.409,0.834,NA
"RRS, Rohwer",rel_sw_24in,266,0.276,0.408,0.824,NA
"RRS, Rohwer",rel_sw_24in,267,0.274,0.42,0.837,NA
"RRS, Rohwer",rel_sw_24in,268,0.273,0.422,0.821,NA
"RRS, Rohwer",rel_sw_24in,269,0.272,0.423,0.798,NA
"RRS, Rohwer",rel_sw_24in,270,0.27,0.418,0.775,NA
"RRS, Rohwer",rel_sw_24in,271,0.284,0.415,0.75,NA
"RRS, Rohwer",rel_sw_24in,272,0.283,0.411,0.727,NA
"RRS, Rohwer",rel_sw_24in,273,0.281,0.41,0.713,NA
"RRS, Rohwer",rel_sw_24in,274,0.28,0.41,0.706,NA
"RRS, Rohwer",rel_sw_24in,275,0.279,0.418,0.713,NA
"RRS, Rohwer",rel_sw_24in,276,0.278,0.431,0.698,NA
"RRS, Rohwer",rel_sw_24in,277,0.277,0.428,0.755,NA
"RRS, Rohwer",rel_sw_24in,278,0.277,0.431,0.744,NA
"RRS, Rohwer",rel_sw_24in,279,0.275,0.43,0.75,NA
"RRS, Rohwer",rel_sw_24in,280,0.275,0.436,0.748,NA
"RRS, Rohwer",rel_sw_24in,281,0.274,0.431,0.74,NA
"RRS, Rohwer",rel_sw_24in,282,0.273,0.434,0.778,NA
"RRS, Rohwer",rel_sw_24in,283,0.272,0.448,0.766,NA
"RRS, Rohwer",rel_sw_24in,284,0.272,0.446,0.798,NA
"RRS, Rohwer",rel_sw_24in,285,0.271,0.453,0.808,NA
"RRS, Rohwer",rel_sw_24in,286,0.27,0.463,0.874,NA
"RRS, Rohwer",rel_sw_24in,287,0.269,0.462,0.86,NA
"RRS, Rohwer",rel_sw_24in,288,0.269,0.478,0.851,NA
"RRS, Rohwer",rel_sw_24in,289,0.268,0.484,0.833,NA
"RRS, Rohwer",rel_sw_24in,290,0.267,0.484,0.812,NA
"RRS, Rohwer",rel_sw_24in,291,0.267,0.493,0.791,NA
"RRS, Rohwer",rel_sw_24in,292,0.266,0.5,0.767,NA
"RRS, Rohwer",rel_sw_24in,293,0.265,0.496,0.743,NA
"RRS, Rohwer",rel_sw_24in,294,0.265,0.516,0.741,NA
"RRS, Rohwer",rel_sw_24in,295,0.264,0.511,0.818,NA
"RRS, Rohwer",rel_sw_24in,296,0.278,0.507,0.808,NA
"RRS, Rohwer",rel_sw_24in,297,0.289,0.524,0.791,NA
"RRS, Rohwer",rel_sw_24in,298,0.289,0.542,0.775,NA
"RRS, Rohwer",rel_sw_24in,299,0.311,0.539,0.764,NA
"RRS, Rohwer",rel_sw_24in,300,0.317,0.556,0.797,NA
"RRS, Rohwer",rel_sw_24in,301,0.316,0.559,0.797,NA
"RRS, Rohwer",rel_sw_24in,302,0.315,0.567,0.844,NA
"RRS, Rohwer",rel_sw_24in,303,0.314,0.576,0.916,NA
"RRS, Rohwer",rel_sw_24in,304,0.313,0.59,0.902,NA
"RRS, Rohwer",rel_sw_24in,305,0.312,0.595,0.888,NA
"RRS, Rohwer",rel_sw_24in,306,0.311,0.591,0.872,NA
"RRS, Rohwer",rel_sw_24in,307,0.352,0.59,0.857,NA
"RRS, Rohwer",rel_sw_24in,308,0.372,0.587,0.841,NA
"RRS, Rohwer",rel_sw_24in,309,0.39,0.591,0.827,NA
"RRS, Rohwer",rel_sw_24in,310,0.389,0.599,0.814,NA
"RRS, Rohwer",rel_sw_24in,311,0.388,0.6,0.8,NA
"RRS, Rohwer",rel_sw_24in,312,0.387,0.596,0.786,NA
"RRS, Rohwer",rel_sw_24in,313,0.385,0.593,0.771,NA
"RRS, Rohwer",rel_sw_24in,314,0.384,0.594,0.778,NA
"RRS, Rohwer",rel_sw_24in,315,0.382,0.596,0.81,NA
"RRS, Rohwer",rel_sw_24in,316,0.381,0.598,0.811,NA
"RRS, Rohwer",rel_sw_24in,317,0.38,0.605,0.813,NA
"RRS, Rohwer",rel_sw_24in,318,0.379,0.612,0.811,NA
"RRS, Rohwer",rel_sw_24in,319,0.377,0.61,0.799,NA
"RRS, Rohwer",rel_sw_24in,320,0.376,0.627,0.783,NA
"RRS, Rohwer",rel_sw_24in,321,0.375,0.63,0.764,NA
"RRS, Rohwer",rel_sw_24in,322,0.374,0.629,0.746,NA
"RRS, Rohwer",rel_sw_24in,323,0.411,0.623,0.75,NA
"RRS, Rohwer",rel_sw_24in,324,0.41,0.618,0.779,NA
"RRS, Rohwer",rel_sw_24in,325,0.408,0.624,0.772,NA
"RRS, Rohwer",rel_sw_24in,326,0.406,0.622,0.762,NA
"RRS, Rohwer",rel_sw_24in,327,0.404,0.62,0.789,NA
"RRS, Rohwer",rel_sw_24in,328,0.41,0.625,0.819,NA
"RRS, Rohwer",rel_sw_24in,329,0.416,0.629,0.841,NA
"RRS, Rohwer",rel_sw_24in,330,0.413,0.64,0.829,NA
"RRS, Rohwer",rel_sw_24in,331,0.409,0.647,0.815,NA
"RRS, Rohwer",rel_sw_24in,332,0.405,0.647,0.798,NA
"RRS, Rohwer",rel_sw_24in,333,0.402,0.651,0.864,NA
"RRS, Rohwer",rel_sw_24in,334,0.399,0.655,0.859,NA
"RRS, Rohwer",rel_sw_24in,335,0.396,0.661,0.849,NA
"RRS, Rohwer",rel_sw_24in,336,0.401,0.657,0.838,NA
"RRS, Rohwer",rel_sw_24in,337,0.434,0.657,0.825,NA
"RRS, Rohwer",rel_sw_24in,338,0.443,0.656,0.813,NA
"RRS, Rohwer",rel_sw_24in,339,0.442,0.664,0.805,NA
"RRS, Rohwer",rel_sw_24in,340,0.441,0.659,0.801,NA
"RRS, Rohwer",rel_sw_24in,341,0.449,0.661,0.805,NA
"RRS, Rohwer",rel_sw_24in,342,0.47,0.658,0.798,NA
"RRS, Rohwer",rel_sw_24in,343,0.498,0.659,0.805,NA
"RRS, Rohwer",rel_sw_24in,344,0.499,0.668,0.797,NA
"RRS, Rohwer",rel_sw_24in,345,0.513,0.661,0.788,NA
"RRS, Rohwer",rel_sw_24in,346,0.518,0.668,0.829,NA
"RRS, Rohwer",rel_sw_24in,347,0.515,0.668,0.874,NA
"RRS, Rohwer",rel_sw_24in,348,0.516,0.663,0.858,NA
"RRS, Rohwer",rel_sw_24in,349,0.519,0.673,0.852,NA
"RRS, Rohwer",rel_sw_24in,350,0.527,0.684,0.895,NA
"RRS, Rohwer",rel_sw_24in,351,0.524,0.686,0.934,NA
"RRS, Rohwer",rel_sw_24in,352,0.52,0.682,0.914,NA
"RRS, Rohwer",rel_sw_24in,353,0.519,0.679,0.894,NA
"RRS, Rohwer",rel_sw_24in,354,0.517,0.675,0.897,NA
"RRS, Rohwer",rel_sw_24in,355,0.515,0.673,0.882,NA
"RRS, Rohwer",rel_sw_24in,356,0.514,0.677,0.902,NA
"RRS, Rohwer",rel_sw_24in,357,0.514,0.69,0.893,NA
"RRS, Rohwer",rel_sw_24in,358,0.551,0.693,0.878,NA
"RRS, Rohwer",rel_sw_24in,359,0.567,0.69,0.865,NA
"RRS, Rohwer",rel_sw_24in,360,0.566,0.683,0.876,NA
"RRS, Rohwer",rel_sw_24in,361,0.563,0.686,0.924,NA
"RRS, Rohwer",rel_sw_24in,362,0.565,0.682,0.911,NA
"RRS, Rohwer",rel_sw_24in,363,0.567,0.693,0.896,NA
"RRS, Rohwer",rel_sw_24in,364,0.564,0.703,0.882,NA
"RRS, Rohwer",rel_sw_24in,365,0.562,0.698,0.89,NA
"RRS, Rohwer",rel_sw_24in,366,0.643,0.712,0.798,NA
"RRS, Rohwer",rel_sw_6in,1,0.59,0.602,0.74,0.591
"RRS, Rohwer",rel_sw_6in,2,0.577,0.602,0.898,0.595
"RRS, Rohwer",rel_sw_6in,3,0.569,0.603,0.905,0.59
"RRS, Rohwer",rel_sw_6in,4,0.557,0.608,0.793,0.578
"RRS, Rohwer",rel_sw_6in,5,0.543,0.619,0.745,0.569
"RRS, Rohwer",rel_sw_6in,6,0.534,0.619,0.842,0.557
"RRS, Rohwer",rel_sw_6in,7,0.523,0.615,0.908,0.544
"RRS, Rohwer",rel_sw_6in,8,0.51,0.639,0.823,0.544
"RRS, Rohwer",rel_sw_6in,9,0.515,0.637,0.778,0.662
"RRS, Rohwer",rel_sw_6in,10,0.525,0.633,0.842,0.712
"RRS, Rohwer",rel_sw_6in,11,0.52,0.627,0.9,0.662
"RRS, Rohwer",rel_sw_6in,12,0.515,0.615,0.923,0.631
"RRS, Rohwer",rel_sw_6in,13,0.509,0.614,0.976,0.608
"RRS, Rohwer",rel_sw_6in,14,0.503,0.608,0.962,0.598
"RRS, Rohwer",rel_sw_6in,15,0.498,0.595,0.932,0.581
"RRS, Rohwer",rel_sw_6in,16,0.495,0.61,0.825,0.569
"RRS, Rohwer",rel_sw_6in,17,0.51,0.624,0.797,0.56
"RRS, Rohwer",rel_sw_6in,18,0.5,0.638,0.917,0.553
"RRS, Rohwer",rel_sw_6in,19,0.495,0.624,0.867,0.547
"RRS, Rohwer",rel_sw_6in,20,0.491,0.62,0.863,0.541
"RRS, Rohwer",rel_sw_6in,21,0.49,0.621,0.761,0.666
"RRS, Rohwer",rel_sw_6in,22,0.486,0.643,0.848,0.634
"RRS, Rohwer",rel_sw_6in,23,0.485,0.63,0.789,0.633
"RRS, Rohwer",rel_sw_6in,24,0.483,0.619,0.919,0.73
"RRS, Rohwer",rel_sw_6in,25,0.481,0.619,0.918,0.743
"RRS, Rohwer",rel_sw_6in,26,0.477,0.619,0.884,0.696
"RRS, Rohwer",rel_sw_6in,27,0.474,0.61,0.958,0.661
"RRS, Rohwer",rel_sw_6in,28,0.476,0.614,0.836,0.633
"RRS, Rohwer",rel_sw_6in,29,0.488,0.609,0.924,0.611
"RRS, Rohwer",rel_sw_6in,30,0.484,0.609,0.925,0.601
"RRS, Rohwer",rel_sw_6in,31,0.48,0.598,0.824,0.597
"RRS, Rohwer",rel_sw_6in,32,0.477,0.607,0.796,0.587
"RRS, Rohwer",rel_sw_6in,33,0.493,0.603,0.94,0.57
"RRS, Rohwer",rel_sw_6in,34,0.521,0.596,0.994,0.615
"RRS, Rohwer",rel_sw_6in,35,0.512,0.617,0.876,0.597
"RRS, Rohwer",rel_sw_6in,36,0.525,0.624,0.864,0.58
"RRS, Rohwer",rel_sw_6in,37,0.522,0.629,0.779,0.558
"RRS, Rohwer",rel_sw_6in,38,0.516,0.616,0.82,0.543
"RRS, Rohwer",rel_sw_6in,39,0.511,0.599,0.804,0.534
"RRS, Rohwer",rel_sw_6in,40,0.507,0.598,0.771,0.526
"RRS, Rohwer",rel_sw_6in,41,0.503,0.617,0.93,0.52
"RRS, Rohwer",rel_sw_6in,42,0.5,0.608,0.94,0.531
"RRS, Rohwer",rel_sw_6in,43,0.496,0.626,0.984,0.514
"RRS, Rohwer",rel_sw_6in,44,0.505,0.616,0.865,0.509
"RRS, Rohwer",rel_sw_6in,45,0.504,0.625,0.9,0.566
"RRS, Rohwer",rel_sw_6in,46,0.5,0.627,0.92,0.719
"RRS, Rohwer",rel_sw_6in,47,0.509,0.619,0.986,0.672
"RRS, Rohwer",rel_sw_6in,48,0.504,0.615,0.91,0.638
"RRS, Rohwer",rel_sw_6in,49,0.513,0.621,0.925,0.618
"RRS, Rohwer",rel_sw_6in,50,0.515,0.615,0.962,0.594
"RRS, Rohwer",rel_sw_6in,51,0.51,0.612,0.928,0.58
"RRS, Rohwer",rel_sw_6in,52,0.505,0.629,0.871,0.599
"RRS, Rohwer",rel_sw_6in,53,0.501,0.63,0.985,0.576
"RRS, Rohwer",rel_sw_6in,54,0.5,0.614,0.991,0.564
"RRS, Rohwer",rel_sw_6in,55,0.513,0.621,0.931,0.555
"RRS, Rohwer",rel_sw_6in,56,0.509,0.625,0.874,0.548
"RRS, Rohwer",rel_sw_6in,57,0.504,0.617,0.86,0.541
"RRS, Rohwer",rel_sw_6in,58,0.5,0.621,0.921,0.535
"RRS, Rohwer",rel_sw_6in,59,0.502,0.608,0.944,0.53
"RRS, Rohwer",rel_sw_6in,60,0.496,0.612,0.97,0.525
"RRS, Rohwer",rel_sw_6in,61,0.492,0.607,0.939,0.52
"RRS, Rohwer",rel_sw_6in,62,0.488,0.598,0.838,0.516
"RRS, Rohwer",rel_sw_6in,63,0.485,0.624,0.751,0.512
"RRS, Rohwer",rel_sw_6in,64,0.482,0.617,0.801,0.508
"RRS, Rohwer",rel_sw_6in,65,0.478,0.598,0.785,0.505
"RRS, Rohwer",rel_sw_6in,66,0.475,0.597,0.898,0.624
"RRS, Rohwer",rel_sw_6in,67,0.472,0.591,0.937,0.708
"RRS, Rohwer",rel_sw_6in,68,0.47,0.624,0.811,0.748
"RRS, Rohwer",rel_sw_6in,69,0.491,0.609,0.936,0.694
"RRS, Rohwer",rel_sw_6in,70,0.519,0.606,0.994,0.838
"RRS, Rohwer",rel_sw_6in,71,0.514,0.599,0.992,0.734
"RRS, Rohwer",rel_sw_6in,72,0.51,0.596,0.99,0.661
"RRS, Rohwer",rel_sw_6in,73,0.536,0.595,0.943,0.627
"RRS, Rohwer",rel_sw_6in,74,0.514,0.601,0.831,0.686
"RRS, Rohwer",rel_sw_6in,75,0.509,0.617,0.815,0.639
"RRS, Rohwer",rel_sw_6in,76,0.504,0.598,0.8,0.603
"RRS, Rohwer",rel_sw_6in,77,0.499,0.603,0.866,0.584
"RRS, Rohwer",rel_sw_6in,78,0.495,0.601,0.893,0.571
"RRS, Rohwer",rel_sw_6in,79,0.531,0.603,0.938,0.562
"RRS, Rohwer",rel_sw_6in,80,0.525,0.596,0.812,0.554
"RRS, Rohwer",rel_sw_6in,81,0.519,0.577,0.842,0.548
"RRS, Rohwer",rel_sw_6in,82,0.514,0.597,0.805,0.542
"RRS, Rohwer",rel_sw_6in,83,0.517,0.591,0.805,0.537
"RRS, Rohwer",rel_sw_6in,84,0.512,0.606,0.782,0.533
"RRS, Rohwer",rel_sw_6in,85,0.508,0.6,0.77,0.528
"RRS, Rohwer",rel_sw_6in,86,0.528,0.594,0.821,0.524
"RRS, Rohwer",rel_sw_6in,87,0.514,0.587,0.833,0.52
"RRS, Rohwer",rel_sw_6in,88,0.509,0.593,0.872,0.516
"RRS, Rohwer",rel_sw_6in,89,0.505,0.622,0.826,0.513
"RRS, Rohwer",rel_sw_6in,90,0.511,0.61,0.872,0.509
"RRS, Rohwer",rel_sw_6in,91,0.507,0.596,0.793,0.506
"RRS, Rohwer",rel_sw_6in,92,0.503,0.599,0.775,0.503
"RRS, Rohwer",rel_sw_6in,93,0.516,0.597,0.818,0.5
"RRS, Rohwer",rel_sw_6in,94,0.512,0.617,0.89,0.645
"RRS, Rohwer",rel_sw_6in,95,0.508,0.609,0.933,0.602
"RRS, Rohwer",rel_sw_6in,96,0.504,0.607,0.978,0.577
"RRS, Rohwer",rel_sw_6in,97,0.531,0.598,0.851,0.563
"RRS, Rohwer",rel_sw_6in,98,0.53,0.607,0.912,0.553
"RRS, Rohwer",rel_sw_6in,99,0.524,0.592,0.781,0.546
"RRS, Rohwer",rel_sw_6in,100,0.528,0.584,0.912,0.539
"RRS, Rohwer",rel_sw_6in,101,0.529,0.597,0.944,0.533
"RRS, Rohwer",rel_sw_6in,102,0.525,0.609,0.922,0.528
"RRS, Rohwer",rel_sw_6in,103,0.52,0.617,0.963,0.523
"RRS, Rohwer",rel_sw_6in,104,0.515,0.628,0.99,0.518
"RRS, Rohwer",rel_sw_6in,105,0.511,0.618,0.849,0.514
"RRS, Rohwer",rel_sw_6in,106,0.507,0.603,0.748,0.51
"RRS, Rohwer",rel_sw_6in,107,0.507,0.59,0.783,0.506
"RRS, Rohwer",rel_sw_6in,108,0.503,0.586,0.778,0.531
"RRS, Rohwer",rel_sw_6in,109,0.509,0.577,0.765,0.507
"RRS, Rohwer",rel_sw_6in,110,0.52,0.583,0.774,0.504
"RRS, Rohwer",rel_sw_6in,111,0.516,0.601,0.841,0.5
"RRS, Rohwer",rel_sw_6in,112,0.513,0.6,0.796,0.497
"RRS, Rohwer",rel_sw_6in,113,0.519,0.596,0.836,0.494
"RRS, Rohwer",rel_sw_6in,114,0.515,0.597,0.786,0.661
"RRS, Rohwer",rel_sw_6in,115,0.511,0.619,0.762,0.735
"RRS, Rohwer",rel_sw_6in,116,0.506,0.609,0.909,0.675
"RRS, Rohwer",rel_sw_6in,117,0.503,0.596,0.937,0.637
"RRS, Rohwer",rel_sw_6in,118,0.499,0.594,0.982,0.713
"RRS, Rohwer",rel_sw_6in,119,0.495,0.593,0.984,0.722
"RRS, Rohwer",rel_sw_6in,120,0.492,0.61,0.845,0.663
"RRS, Rohwer",rel_sw_6in,121,0.489,0.6,0.799,0.627
"RRS, Rohwer",rel_sw_6in,122,0.517,0.591,0.816,0.6
"RRS, Rohwer",rel_sw_6in,123,0.519,0.634,0.915,0.584
"RRS, Rohwer",rel_sw_6in,124,0.515,0.616,0.862,0.572
"RRS, Rohwer",rel_sw_6in,125,0.511,0.607,0.847,0.586
"RRS, Rohwer",rel_sw_6in,126,0.514,0.592,0.953,0.656
"RRS, Rohwer",rel_sw_6in,127,0.511,0.583,0.855,0.604
"RRS, Rohwer",rel_sw_6in,128,0.521,0.586,0.778,0.582
"RRS, Rohwer",rel_sw_6in,129,0.517,0.588,0.909,0.559
"RRS, Rohwer",rel_sw_6in,130,0.514,0.58,0.913,0.582
"RRS, Rohwer",rel_sw_6in,131,0.51,0.573,0.952,0.558
"RRS, Rohwer",rel_sw_6in,132,0.511,0.569,0.954,0.546
"RRS, Rohwer",rel_sw_6in,133,0.508,0.577,0.829,0.537
"RRS, Rohwer",rel_sw_6in,134,0.504,0.574,0.771,0.529
"RRS, Rohwer",rel_sw_6in,135,0.501,0.573,0.781,0.523
"RRS, Rohwer",rel_sw_6in,136,0.497,0.571,0.762,0.517
"RRS, Rohwer",rel_sw_6in,137,0.494,0.572,0.79,0.512
"RRS, Rohwer",rel_sw_6in,138,0.491,0.566,0.743,0.507
"RRS, Rohwer",rel_sw_6in,139,0.488,0.563,0.726,0.618
"RRS, Rohwer",rel_sw_6in,140,0.486,0.567,0.775,0.628
"RRS, Rohwer",rel_sw_6in,141,0.492,0.568,0.761,0.709
"RRS, Rohwer",rel_sw_6in,142,0.49,0.555,0.735,0.765
"RRS, Rohwer",rel_sw_6in,143,0.487,0.562,0.695,0.82
"RRS, Rohwer",rel_sw_6in,144,0.485,0.564,0.755,0.721
"RRS, Rohwer",rel_sw_6in,145,0.483,0.555,0.786,0.701
"RRS, Rohwer",rel_sw_6in,146,0.497,0.549,0.862,0.685
"RRS, Rohwer",rel_sw_6in,147,0.494,0.567,0.853,0.659
"RRS, Rohwer",rel_sw_6in,148,0.516,0.581,0.743,0.72
"RRS, Rohwer",rel_sw_6in,149,0.509,0.592,0.755,0.677
"RRS, Rohwer",rel_sw_6in,150,0.516,0.592,0.804,0.621
"RRS, Rohwer",rel_sw_6in,151,0.509,0.567,0.77,0.591
"RRS, Rohwer",rel_sw_6in,152,0.513,0.567,0.746,0.61
"RRS, Rohwer",rel_sw_6in,153,0.514,0.571,0.728,0.591
"RRS, Rohwer",rel_sw_6in,154,0.516,0.571,0.812,0.557
"RRS, Rohwer",rel_sw_6in,155,0.51,0.56,0.854,0.541
"RRS, Rohwer",rel_sw_6in,156,0.512,0.568,0.747,0.529
"RRS, Rohwer",rel_sw_6in,157,0.512,0.566,0.725,0.519
"RRS, Rohwer",rel_sw_6in,158,0.512,0.558,0.86,0.549
"RRS, Rohwer",rel_sw_6in,159,0.509,0.559,0.962,0.564
"RRS, Rohwer",rel_sw_6in,160,0.517,0.56,0.98,0.531
"RRS, Rohwer",rel_sw_6in,161,0.517,0.555,0.99,0.517
"RRS, Rohwer",rel_sw_6in,162,0.509,0.564,0.854,0.563
"RRS, Rohwer",rel_sw_6in,163,0.512,0.567,0.837,0.578
"RRS, Rohwer",rel_sw_6in,164,0.507,0.565,0.777,0.569
"RRS, Rohwer",rel_sw_6in,165,0.508,0.566,0.872,0.562
"RRS, Rohwer",rel_sw_6in,166,0.507,0.566,0.765,0.558
"RRS, Rohwer",rel_sw_6in,167,0.509,0.569,0.748,0.529
"RRS, Rohwer",rel_sw_6in,168,0.504,0.57,0.827,0.501
"RRS, Rohwer",rel_sw_6in,169,0.504,0.577,0.759,0.59
"RRS, Rohwer",rel_sw_6in,170,0.506,0.574,0.71,0.628
"RRS, Rohwer",rel_sw_6in,171,0.507,0.577,0.726,0.715
"RRS, Rohwer",rel_sw_6in,172,0.52,0.572,0.712,0.705
"RRS, Rohwer",rel_sw_6in,173,0.508,0.572,0.735,0.711
"RRS, Rohwer",rel_sw_6in,174,0.502,0.566,0.821,0.66
"RRS, Rohwer",rel_sw_6in,175,0.498,0.58,0.768,0.625
"RRS, Rohwer",rel_sw_6in,176,0.515,0.583,0.751,0.595
"RRS, Rohwer",rel_sw_6in,177,0.503,0.58,0.752,0.571
"RRS, Rohwer",rel_sw_6in,178,0.515,0.601,0.75,0.543
"RRS, Rohwer",rel_sw_6in,179,0.498,0.588,0.848,0.512
"RRS, Rohwer",rel_sw_6in,180,0.517,0.591,0.845,0.577
"RRS, Rohwer",rel_sw_6in,181,0.508,0.6,0.947,0.54
"RRS, Rohwer",rel_sw_6in,182,0.524,0.592,0.991,0.52
"RRS, Rohwer",rel_sw_6in,183,0.506,0.588,0.915,0.613
"RRS, Rohwer",rel_sw_6in,184,0.525,0.575,0.879,0.586
"RRS, Rohwer",rel_sw_6in,185,0.521,0.594,0.795,0.612
"RRS, Rohwer",rel_sw_6in,186,0.502,0.6,0.882,0.631
"RRS, Rohwer",rel_sw_6in,187,0.536,0.591,0.775,0.616
"RRS, Rohwer",rel_sw_6in,188,0.517,0.579,0.729,0.59
"RRS, Rohwer",rel_sw_6in,189,0.517,0.601,0.708,0.573
"RRS, Rohwer",rel_sw_6in,190,0.527,0.598,0.78,0.566
"RRS, Rohwer",rel_sw_6in,191,0.509,0.594,0.856,0.55
"RRS, Rohwer",rel_sw_6in,192,0.52,0.599,0.765,0.635
"RRS, Rohwer",rel_sw_6in,193,0.527,0.583,0.912,0.647
"RRS, Rohwer",rel_sw_6in,194,0.519,0.601,0.934,0.63
"RRS, Rohwer",rel_sw_6in,195,0.52,0.604,0.816,0.667
"RRS, Rohwer",rel_sw_6in,196,0.535,0.603,0.873,0.725
"RRS, Rohwer",rel_sw_6in,197,0.52,0.603,0.934,0.661
"RRS, Rohwer",rel_sw_6in,198,0.535,0.606,0.819,0.634
"RRS, Rohwer",rel_sw_6in,199,0.527,0.606,0.787,0.597
"RRS, Rohwer",rel_sw_6in,200,0.512,0.599,0.767,0.565
"RRS, Rohwer",rel_sw_6in,201,0.526,0.59,0.704,0.57
"RRS, Rohwer",rel_sw_6in,202,0.536,0.6,0.772,0.56
"RRS, Rohwer",rel_sw_6in,203,0.522,0.598,0.717,0.543
"RRS, Rohwer",rel_sw_6in,204,0.52,0.598,0.695,0.531
"RRS, Rohwer",rel_sw_6in,205,0.517,0.595,0.664,0.666
"RRS, Rohwer",rel_sw_6in,206,0.516,0.582,0.724,0.644
"RRS, Rohwer",rel_sw_6in,207,0.519,0.588,0.783,0.606
"RRS, Rohwer",rel_sw_6in,208,0.513,0.606,0.743,0.575
"RRS, Rohwer",rel_sw_6in,209,0.526,0.605,0.811,0.545
"RRS, Rohwer",rel_sw_6in,210,0.535,0.611,0.909,0.605
"RRS, Rohwer",rel_sw_6in,211,0.53,0.601,0.95,0.615
"RRS, Rohwer",rel_sw_6in,212,0.527,0.58,0.823,0.626
"RRS, Rohwer",rel_sw_6in,213,0.53,0.603,0.858,0.604
"RRS, Rohwer",rel_sw_6in,214,0.514,0.604,0.76,NA
"RRS, Rohwer",rel_sw_6in,215,0.532,0.587,0.76,NA
"RRS, Rohwer",rel_sw_6in,216,0.519,0.585,0.7,NA
"RRS, Rohwer",rel_sw_6in,217,0.532,0.601,0.814,NA
"RRS, Rohwer",rel_sw_6in,218,0.515,0.582,0.93,NA
"RRS, Rohwer",rel_sw_6in,219,0.528,0.595,0.814,NA
"RRS, Rohwer",rel_sw_6in,220,0.522,0.607,0.767,NA
"RRS, Rohwer",rel_sw_6in,221,0.521,0.602,0.73,NA
"RRS, Rohwer",rel_sw_6in,222,0.53,0.605,0.725,NA
"RRS, Rohwer",rel_sw_6in,223,0.528,0.599,0.784,NA
"RRS, Rohwer",rel_sw_6in,224,0.533,0.595,0.812,NA
"RRS, Rohwer",rel_sw_6in,225,0.525,0.598,0.882,NA
"RRS, Rohwer",rel_sw_6in,226,0.512,0.601,0.787,NA
"RRS, Rohwer",rel_sw_6in,227,0.523,0.597,0.742,NA
"RRS, Rohwer",rel_sw_6in,228,0.526,0.589,0.787,NA
"RRS, Rohwer",rel_sw_6in,229,0.532,0.592,0.799,NA
"RRS, Rohwer",rel_sw_6in,230,0.522,0.607,0.756,NA
"RRS, Rohwer",rel_sw_6in,231,0.518,0.601,0.84,NA
"RRS, Rohwer",rel_sw_6in,232,0.528,0.612,0.848,NA
"RRS, Rohwer",rel_sw_6in,233,0.545,0.603,0.848,NA
"RRS, Rohwer",rel_sw_6in,234,0.529,0.595,0.817,NA
"RRS, Rohwer",rel_sw_6in,235,0.527,0.6,0.742,NA
"RRS, Rohwer",rel_sw_6in,236,0.535,0.596,0.705,NA
"RRS, Rohwer",rel_sw_6in,237,0.516,0.58,0.698,NA
"RRS, Rohwer",rel_sw_6in,238,0.524,0.595,0.703,NA
"RRS, Rohwer",rel_sw_6in,239,0.513,0.592,0.697,NA
"RRS, Rohwer",rel_sw_6in,240,0.518,0.599,0.889,NA
"RRS, Rohwer",rel_sw_6in,241,0.517,0.602,0.907,NA
"RRS, Rohwer",rel_sw_6in,242,0.515,0.601,0.8,NA
"RRS, Rohwer",rel_sw_6in,243,0.514,0.602,0.874,NA
"RRS, Rohwer",rel_sw_6in,244,0.529,0.598,0.922,NA
"RRS, Rohwer",rel_sw_6in,245,0.532,0.602,0.86,NA
"RRS, Rohwer",rel_sw_6in,246,0.514,0.613,0.85,NA
"RRS, Rohwer",rel_sw_6in,247,0.53,0.593,0.981,NA
"RRS, Rohwer",rel_sw_6in,248,0.541,0.611,0.913,NA
"RRS, Rohwer",rel_sw_6in,249,0.523,0.597,0.811,NA
"RRS, Rohwer",rel_sw_6in,250,0.529,0.588,0.831,NA
"RRS, Rohwer",rel_sw_6in,251,0.515,0.59,0.768,NA
"RRS, Rohwer",rel_sw_6in,252,0.522,0.593,0.826,NA
"RRS, Rohwer",rel_sw_6in,253,0.516,0.59,0.738,NA
"RRS, Rohwer",rel_sw_6in,254,0.52,0.592,0.699,NA
"RRS, Rohwer",rel_sw_6in,255,0.511,0.592,0.819,NA
"RRS, Rohwer",rel_sw_6in,256,0.505,0.579,0.792,NA
"RRS, Rohwer",rel_sw_6in,257,0.503,0.582,0.888,NA
"RRS, Rohwer",rel_sw_6in,258,0.496,0.563,0.979,NA
"RRS, Rohwer",rel_sw_6in,259,0.495,0.57,0.943,NA
"RRS, Rohwer",rel_sw_6in,260,0.489,0.575,0.97,NA
"RRS, Rohwer",rel_sw_6in,261,0.484,0.567,0.932,NA
"RRS, Rohwer",rel_sw_6in,262,0.482,0.562,0.833,NA
"RRS, Rohwer",rel_sw_6in,263,0.477,0.559,0.8,NA
"RRS, Rohwer",rel_sw_6in,264,0.472,0.567,0.758,NA
"RRS, Rohwer",rel_sw_6in,265,0.468,0.57,0.717,NA
"RRS, Rohwer",rel_sw_6in,266,0.464,0.562,0.764,NA
"RRS, Rohwer",rel_sw_6in,267,0.46,0.557,0.891,NA
"RRS, Rohwer",rel_sw_6in,268,0.457,0.569,0.931,NA
"RRS, Rohwer",rel_sw_6in,269,0.453,0.561,0.798,NA
"RRS, Rohwer",rel_sw_6in,270,0.45,0.554,0.763,NA
"RRS, Rohwer",rel_sw_6in,271,0.446,0.56,0.851,NA
"RRS, Rohwer",rel_sw_6in,272,0.443,0.556,0.749,NA
"RRS, Rohwer",rel_sw_6in,273,0.439,0.56,0.708,NA
"RRS, Rohwer",rel_sw_6in,274,0.436,0.552,0.758,NA
"RRS, Rohwer",rel_sw_6in,275,0.433,0.549,0.817,NA
"RRS, Rohwer",rel_sw_6in,276,0.43,0.543,0.724,NA
"RRS, Rohwer",rel_sw_6in,277,0.427,0.543,0.818,NA
"RRS, Rohwer",rel_sw_6in,278,0.424,0.541,0.745,NA
"RRS, Rohwer",rel_sw_6in,279,0.421,0.544,0.771,NA
"RRS, Rohwer",rel_sw_6in,280,0.419,0.549,0.793,NA
"RRS, Rohwer",rel_sw_6in,281,0.416,0.557,0.913,NA
"RRS, Rohwer",rel_sw_6in,282,0.425,0.555,0.947,NA
"RRS, Rohwer",rel_sw_6in,283,0.423,0.558,0.867,NA
"RRS, Rohwer",rel_sw_6in,284,0.42,0.55,0.958,NA
"RRS, Rohwer",rel_sw_6in,285,0.432,0.544,0.904,NA
"RRS, Rohwer",rel_sw_6in,286,0.429,0.546,0.971,NA
"RRS, Rohwer",rel_sw_6in,287,0.436,0.54,0.861,NA
"RRS, Rohwer",rel_sw_6in,288,0.433,0.556,0.791,NA
"RRS, Rohwer",rel_sw_6in,289,0.43,0.563,0.777,NA
"RRS, Rohwer",rel_sw_6in,290,0.427,0.565,0.803,NA
"RRS, Rohwer",rel_sw_6in,291,0.425,0.583,0.773,NA
"RRS, Rohwer",rel_sw_6in,292,0.422,0.588,0.928,NA
"RRS, Rohwer",rel_sw_6in,293,0.419,0.578,0.86,NA
"RRS, Rohwer",rel_sw_6in,294,0.416,0.571,0.764,NA
"RRS, Rohwer",rel_sw_6in,295,0.414,0.561,0.786,NA
"RRS, Rohwer",rel_sw_6in,296,0.429,0.557,0.791,NA
"RRS, Rohwer",rel_sw_6in,297,0.426,0.558,0.925,NA
"RRS, Rohwer",rel_sw_6in,298,0.424,0.608,0.806,NA
"RRS, Rohwer",rel_sw_6in,299,0.473,0.602,0.905,NA
"RRS, Rohwer",rel_sw_6in,300,0.47,0.616,0.805,NA
"RRS, Rohwer",rel_sw_6in,301,0.466,0.6,0.855,NA
"RRS, Rohwer",rel_sw_6in,302,0.477,0.588,0.977,NA
"RRS, Rohwer",rel_sw_6in,303,0.473,0.604,0.998,NA
"RRS, Rohwer",rel_sw_6in,304,0.469,0.601,0.989,NA
"RRS, Rohwer",rel_sw_6in,305,0.465,0.592,0.894,NA
"RRS, Rohwer",rel_sw_6in,306,0.461,0.597,0.79,NA
"RRS, Rohwer",rel_sw_6in,307,0.458,0.599,0.939,NA
"RRS, Rohwer",rel_sw_6in,308,0.455,0.598,0.861,NA
"RRS, Rohwer",rel_sw_6in,309,0.451,0.594,0.845,NA
"RRS, Rohwer",rel_sw_6in,310,0.448,0.592,0.807,NA
"RRS, Rohwer",rel_sw_6in,311,0.445,0.596,0.94,NA
"RRS, Rohwer",rel_sw_6in,312,0.449,0.607,0.974,NA
"RRS, Rohwer",rel_sw_6in,313,0.449,0.593,0.901,NA
"RRS, Rohwer",rel_sw_6in,314,0.443,0.579,0.893,NA
"RRS, Rohwer",rel_sw_6in,315,0.44,0.582,0.898,NA
"RRS, Rohwer",rel_sw_6in,316,0.437,0.589,0.797,NA
"RRS, Rohwer",rel_sw_6in,317,0.435,0.592,0.756,NA
"RRS, Rohwer",rel_sw_6in,318,0.432,0.586,0.77,NA
"RRS, Rohwer",rel_sw_6in,319,0.429,0.611,0.791,NA
"RRS, Rohwer",rel_sw_6in,320,0.427,0.611,0.927,NA
"RRS, Rohwer",rel_sw_6in,321,0.424,0.6,0.823,NA
"RRS, Rohwer",rel_sw_6in,322,0.422,0.593,0.905,NA
"RRS, Rohwer",rel_sw_6in,323,0.497,0.587,0.794,NA
"RRS, Rohwer",rel_sw_6in,324,0.506,0.585,0.911,NA
"RRS, Rohwer",rel_sw_6in,325,0.494,0.607,0.804,NA
"RRS, Rohwer",rel_sw_6in,326,0.492,0.601,0.888,NA
"RRS, Rohwer",rel_sw_6in,327,0.498,0.595,0.858,NA
"RRS, Rohwer",rel_sw_6in,328,0.507,0.607,0.923,NA
"RRS, Rohwer",rel_sw_6in,329,0.503,0.616,0.939,NA
"RRS, Rohwer",rel_sw_6in,330,0.5,0.63,0.835,NA
"RRS, Rohwer",rel_sw_6in,331,0.496,0.626,0.892,NA
"RRS, Rohwer",rel_sw_6in,332,0.493,0.626,0.968,NA
"RRS, Rohwer",rel_sw_6in,333,0.49,0.624,0.998,NA
"RRS, Rohwer",rel_sw_6in,334,0.487,0.64,0.874,NA
"RRS, Rohwer",rel_sw_6in,335,0.484,0.622,0.928,NA
"RRS, Rohwer",rel_sw_6in,336,0.481,0.614,0.988,NA
"RRS, Rohwer",rel_sw_6in,337,0.479,0.614,0.912,NA
"RRS, Rohwer",rel_sw_6in,338,0.477,0.609,0.953,NA
"RRS, Rohwer",rel_sw_6in,339,0.511,0.61,0.95,NA
"RRS, Rohwer",rel_sw_6in,340,0.509,0.62,0.85,NA
"RRS, Rohwer",rel_sw_6in,341,0.539,0.627,0.798,NA
"RRS, Rohwer",rel_sw_6in,342,0.533,0.62,0.902,NA
"RRS, Rohwer",rel_sw_6in,343,0.536,0.625,0.946,NA
"RRS, Rohwer",rel_sw_6in,344,0.538,0.639,0.865,NA
"RRS, Rohwer",rel_sw_6in,345,0.532,0.626,0.865,NA
"RRS, Rohwer",rel_sw_6in,346,0.531,0.625,0.92,NA
"RRS, Rohwer",rel_sw_6in,347,0.541,0.627,0.985,NA
"RRS, Rohwer",rel_sw_6in,348,0.534,0.643,0.873,NA
"RRS, Rohwer",rel_sw_6in,349,0.528,0.644,0.816,NA
"RRS, Rohwer",rel_sw_6in,350,0.525,0.631,0.937,NA
"RRS, Rohwer",rel_sw_6in,351,0.546,0.625,0.989,NA
"RRS, Rohwer",rel_sw_6in,352,0.543,0.623,0.945,NA
"RRS, Rohwer",rel_sw_6in,353,0.535,0.615,0.922,NA
"RRS, Rohwer",rel_sw_6in,354,0.539,0.611,0.92,NA
"RRS, Rohwer",rel_sw_6in,355,0.534,0.626,0.965,NA
"RRS, Rohwer",rel_sw_6in,356,0.529,0.62,0.933,NA
"RRS, Rohwer",rel_sw_6in,357,0.53,0.624,0.903,NA
"RRS, Rohwer",rel_sw_6in,358,0.529,0.644,0.975,NA
"RRS, Rohwer",rel_sw_6in,359,0.525,0.627,0.96,NA
"RRS, Rohwer",rel_sw_6in,360,0.519,0.634,0.999,NA
"RRS, Rohwer",rel_sw_6in,361,0.515,0.629,0.999,NA
"RRS, Rohwer",rel_sw_6in,362,0.519,0.636,0.877,NA
"RRS, Rohwer",rel_sw_6in,363,0.51,0.633,0.927,NA
"RRS, Rohwer",rel_sw_6in,364,0.506,0.636,0.858,NA
"RRS, Rohwer",rel_sw_6in,365,0.501,0.619,0.823,NA
"RRS, Rohwer",rel_sw_6in,366,0.569,0.651,0.938,NA
"UAM, Monticello",Biomass_kgha,1,0,0,0,0
"UAM, Monticello",Biomass_kgha,2,0,0,0,0
"UAM, Monticello",Biomass_kgha,3,0,0,0,0
"UAM, Monticello",Biomass_kgha,4,0,0,0,0
"UAM, Monticello",Biomass_kgha,5,0,0,0,0
"UAM, Monticello",Biomass_kgha,6,0,0,0,0
"UAM, Monticello",Biomass_kgha,7,0,0,0,0
"UAM, Monticello",Biomass_kgha,8,0,0,0,0
"UAM, Monticello",Biomass_kgha,9,0,0,0,0
"UAM, Monticello",Biomass_kgha,10,0,0,0,0
"UAM, Monticello",Biomass_kgha,11,0,0,0,0
"UAM, Monticello",Biomass_kgha,12,0,0,0,0
"UAM, Monticello",Biomass_kgha,13,0,0,0,0
"UAM, Monticello",Biomass_kgha,14,0,0,0,0
"UAM, Monticello",Biomass_kgha,15,0,0,0,0
"UAM, Monticello",Biomass_kgha,16,0,0,0,0
"UAM, Monticello",Biomass_kgha,17,0,0,0,0
"UAM, Monticello",Biomass_kgha,18,0,0,0,0
"UAM, Monticello",Biomass_kgha,19,0,0,0,0
"UAM, Monticello",Biomass_kgha,20,0,0,0,0
"UAM, Monticello",Biomass_kgha,21,0,0,0,0
"UAM, Monticello",Biomass_kgha,22,0,0,0,0
"UAM, Monticello",Biomass_kgha,23,0,0,0,0
"UAM, Monticello",Biomass_kgha,24,0,0,0,0
"UAM, Monticello",Biomass_kgha,25,0,0,0,0
"UAM, Monticello",Biomass_kgha,26,0,0,0,0
"UAM, Monticello",Biomass_kgha,27,0,0,0,0
"UAM, Monticello",Biomass_kgha,28,0,0,0,0
"UAM, Monticello",Biomass_kgha,29,0,0,0,0
"UAM, Monticello",Biomass_kgha,30,0,0,0,0
"UAM, Monticello",Biomass_kgha,31,0,0,0,0
"UAM, Monticello",Biomass_kgha,32,0,0,0,0
"UAM, Monticello",Biomass_kgha,33,0,0,0,0
"UAM, Monticello",Biomass_kgha,34,0,0,0,0
"UAM, Monticello",Biomass_kgha,35,0,0,0,0
"UAM, Monticello",Biomass_kgha,36,0,0,0,0
"UAM, Monticello",Biomass_kgha,37,0,0,0,0
"UAM, Monticello",Biomass_kgha,38,0,0,0,0
"UAM, Monticello",Biomass_kgha,39,0,0,0,0
"UAM, Monticello",Biomass_kgha,40,0,0,0,0
"UAM, Monticello",Biomass_kgha,41,0,0,0,0
"UAM, Monticello",Biomass_kgha,42,0,0,0,0
"UAM, Monticello",Biomass_kgha,43,0,0,0,0
"UAM, Monticello",Biomass_kgha,44,0,0,0,0
"UAM, Monticello",Biomass_kgha,45,0,0,0,0
"UAM, Monticello",Biomass_kgha,46,0,0,0,0
"UAM, Monticello",Biomass_kgha,47,0,0,0,0
"UAM, Monticello",Biomass_kgha,48,0,0,0,0
"UAM, Monticello",Biomass_kgha,49,0,0,0,0
"UAM, Monticello",Biomass_kgha,50,0,0,0,0
"UAM, Monticello",Biomass_kgha,51,0,0,0,0
"UAM, Monticello",Biomass_kgha,52,0,0,0,0
"UAM, Monticello",Biomass_kgha,53,0,0,0,0
"UAM, Monticello",Biomass_kgha,54,0,0,0,0
"UAM, Monticello",Biomass_kgha,55,0,0,0,0
"UAM, Monticello",Biomass_kgha,56,0,0,0,0
"UAM, Monticello",Biomass_kgha,57,0,0,0,0
"UAM, Monticello",Biomass_kgha,58,0,0,0,0
"UAM, Monticello",Biomass_kgha,59,0,0,0,0
"UAM, Monticello",Biomass_kgha,60,0,0,0,0
"UAM, Monticello",Biomass_kgha,61,0,0,0,0
"UAM, Monticello",Biomass_kgha,62,0,0,0,0
"UAM, Monticello",Biomass_kgha,63,0,0,0,0
"UAM, Monticello",Biomass_kgha,64,0,0,0,0
"UAM, Monticello",Biomass_kgha,65,0,0,0,0
"UAM, Monticello",Biomass_kgha,66,0,0,0,0
"UAM, Monticello",Biomass_kgha,67,0,0,0,0
"UAM, Monticello",Biomass_kgha,68,0,0,0,0
"UAM, Monticello",Biomass_kgha,69,0,0,0,0
"UAM, Monticello",Biomass_kgha,70,0,0,0,0
"UAM, Monticello",Biomass_kgha,71,0,0,0,0
"UAM, Monticello",Biomass_kgha,72,0,0,0,0
"UAM, Monticello",Biomass_kgha,73,0,0,0,0
"UAM, Monticello",Biomass_kgha,74,0,0,0,0
"UAM, Monticello",Biomass_kgha,75,0,0,0,0
"UAM, Monticello",Biomass_kgha,76,0,0,0,0
"UAM, Monticello",Biomass_kgha,77,0,0,0,0
"UAM, Monticello",Biomass_kgha,78,0,0,0,0
"UAM, Monticello",Biomass_kgha,79,0,0,0,0
"UAM, Monticello",Biomass_kgha,80,0,0,0,0
"UAM, Monticello",Biomass_kgha,81,0,0,0,0
"UAM, Monticello",Biomass_kgha,82,0,0,0,0
"UAM, Monticello",Biomass_kgha,83,0,0,0,0
"UAM, Monticello",Biomass_kgha,84,0,0,0,0
"UAM, Monticello",Biomass_kgha,85,0,0,0,0
"UAM, Monticello",Biomass_kgha,86,0,0,0,0
"UAM, Monticello",Biomass_kgha,87,0,0,0,0
"UAM, Monticello",Biomass_kgha,88,0,0,0,0
"UAM, Monticello",Biomass_kgha,89,0,0,0,0
"UAM, Monticello",Biomass_kgha,90,0,0,0,0
"UAM, Monticello",Biomass_kgha,91,0,0,0,0
"UAM, Monticello",Biomass_kgha,92,0,0,0,0
"UAM, Monticello",Biomass_kgha,93,0,0,0,0
"UAM, Monticello",Biomass_kgha,94,0,0,0,0
"UAM, Monticello",Biomass_kgha,95,0,0,0,0
"UAM, Monticello",Biomass_kgha,96,0,0,0,0
"UAM, Monticello",Biomass_kgha,97,0,0,0,0
"UAM, Monticello",Biomass_kgha,98,0,0,0,0
"UAM, Monticello",Biomass_kgha,99,0,0,0,0
"UAM, Monticello",Biomass_kgha,100,0,0,0,0
"UAM, Monticello",Biomass_kgha,101,0,0,0,0
"UAM, Monticello",Biomass_kgha,102,0,0,0,0
"UAM, Monticello",Biomass_kgha,103,0,0,0,0
"UAM, Monticello",Biomass_kgha,104,0,0,0,0
"UAM, Monticello",Biomass_kgha,105,0,0,0,0
"UAM, Monticello",Biomass_kgha,106,0,0,0,0
"UAM, Monticello",Biomass_kgha,107,0,0,0,0
"UAM, Monticello",Biomass_kgha,108,0,0,0,0
"UAM, Monticello",Biomass_kgha,109,0,0,0,0
"UAM, Monticello",Biomass_kgha,110,0,0,0,0
"UAM, Monticello",Biomass_kgha,111,0,0,0,0
"UAM, Monticello",Biomass_kgha,112,0,0,0,0
"UAM, Monticello",Biomass_kgha,113,0,0,0,0
"UAM, Monticello",Biomass_kgha,114,0,0,0,0
"UAM, Monticello",Biomass_kgha,115,0,0,0,0
"UAM, Monticello",Biomass_kgha,116,0,0,0,0
"UAM, Monticello",Biomass_kgha,117,0,0,0,0
"UAM, Monticello",Biomass_kgha,118,0,0,0,0
"UAM, Monticello",Biomass_kgha,119,0,0,0,0
"UAM, Monticello",Biomass_kgha,120,0,0,0,0
"UAM, Monticello",Biomass_kgha,121,0,0,0,0
"UAM, Monticello",Biomass_kgha,122,0,0,0,0
"UAM, Monticello",Biomass_kgha,123,0,0,0,0
"UAM, Monticello",Biomass_kgha,124,0,0,0,0
"UAM, Monticello",Biomass_kgha,125,0,0,0,0
"UAM, Monticello",Biomass_kgha,126,0,0,0,0
"UAM, Monticello",Biomass_kgha,127,0,0,0,0
"UAM, Monticello",Biomass_kgha,128,0,0,0,0
"UAM, Monticello",Biomass_kgha,129,0,0,0,0
"UAM, Monticello",Biomass_kgha,130,0,0,0,0
"UAM, Monticello",Biomass_kgha,131,0,0,0,0
"UAM, Monticello",Biomass_kgha,132,0,0,0,0
"UAM, Monticello",Biomass_kgha,133,0,0,0,0
"UAM, Monticello",Biomass_kgha,134,0,0,0,0
"UAM, Monticello",Biomass_kgha,135,0,0,0,0
"UAM, Monticello",Biomass_kgha,136,0,0,0,0
"UAM, Monticello",Biomass_kgha,137,0,0,0,0
"UAM, Monticello",Biomass_kgha,138,0,0,0,0
"UAM, Monticello",Biomass_kgha,139,0,0,0,0
"UAM, Monticello",Biomass_kgha,140,0,0,0,0
"UAM, Monticello",Biomass_kgha,141,0,0,0,0
"UAM, Monticello",Biomass_kgha,142,0,10,10,10
"UAM, Monticello",Biomass_kgha,143,10,10,10,10
"UAM, Monticello",Biomass_kgha,144,10,10,10,10
"UAM, Monticello",Biomass_kgha,145,10,10,10,10
"UAM, Monticello",Biomass_kgha,146,10,10,10,10
"UAM, Monticello",Biomass_kgha,147,10,10,15.078,10
"UAM, Monticello",Biomass_kgha,148,10,13.506,18.476,11.799
"UAM, Monticello",Biomass_kgha,149,10,16.063,22.886,15.571
"UAM, Monticello",Biomass_kgha,150,12.007,19.855,27.953,19.366
"UAM, Monticello",Biomass_kgha,151,16.143,23.413,33.849,24.197
"UAM, Monticello",Biomass_kgha,152,20.531,28.958,40.635,29.774
"UAM, Monticello",Biomass_kgha,153,22.045,34.078,48.791,35.093
"UAM, Monticello",Biomass_kgha,154,24.934,41.336,59.417,42.526
"UAM, Monticello",Biomass_kgha,155,28.675,50.024,71.292,51.359
"UAM, Monticello",Biomass_kgha,156,35.016,57.136,84.622,62.566
"UAM, Monticello",Biomass_kgha,157,43.361,68.784,102.865,71.931
"UAM, Monticello",Biomass_kgha,158,50.561,82.552,123.192,81.435
"UAM, Monticello",Biomass_kgha,159,62.545,98.396,145.201,95.958
"UAM, Monticello",Biomass_kgha,160,67.882,116.885,169.878,115.943
"UAM, Monticello",Biomass_kgha,161,83.667,135.25,200.172,138.127
"UAM, Monticello",Biomass_kgha,162,99.672,158.604,229.418,163.029
"UAM, Monticello",Biomass_kgha,163,115.056,184.933,267.17,188.014
"UAM, Monticello",Biomass_kgha,164,131.506,217.115,300.585,221.6
"UAM, Monticello",Biomass_kgha,165,151.129,241.624,348.797,250.766
"UAM, Monticello",Biomass_kgha,166,179.996,287.877,406.152,267.972
"UAM, Monticello",Biomass_kgha,167,210.569,329.735,469.96,322.167
"UAM, Monticello",Biomass_kgha,168,252.444,376.715,543.338,373.267
"UAM, Monticello",Biomass_kgha,169,299.57,437.262,617.376,430.071
"UAM, Monticello",Biomass_kgha,170,352.053,499.289,684.637,461.311
"UAM, Monticello",Biomass_kgha,171,404.135,567.751,730.266,535.413
"UAM, Monticello",Biomass_kgha,172,457.192,649.868,832.233,584.094
"UAM, Monticello",Biomass_kgha,173,520.672,733.156,894.967,689.996
"UAM, Monticello",Biomass_kgha,174,597.166,826.689,1001.498,766.147
"UAM, Monticello",Biomass_kgha,175,689.569,929.646,1119.464,865.704
"UAM, Monticello",Biomass_kgha,176,781.17,1042.037,1244.779,980.05
"UAM, Monticello",Biomass_kgha,177,864.521,1163.031,1385.71,1073.364
"UAM, Monticello",Biomass_kgha,178,960.127,1269.553,1508.812,1200.091
"UAM, Monticello",Biomass_kgha,179,1068.776,1364.66,1636.461,1328.1
"UAM, Monticello",Biomass_kgha,180,1173.011,1480.14,1753.743,1451.957
"UAM, Monticello",Biomass_kgha,181,1235.83,1592.151,1876.742,1579.062
"UAM, Monticello",Biomass_kgha,182,1344.604,1713.163,2011.796,1714.014
"UAM, Monticello",Biomass_kgha,183,1465.82,1837.414,2131.736,1852.957
"UAM, Monticello",Biomass_kgha,184,1575.07,1969.115,2279.637,1993.174
"UAM, Monticello",Biomass_kgha,185,1694.35,2095.915,2412.336,2104.284
"UAM, Monticello",Biomass_kgha,186,1807.326,2223.281,2566.154,2249.919
"UAM, Monticello",Biomass_kgha,187,1943.631,2355.947,2694.906,2378.297
"UAM, Monticello",Biomass_kgha,188,2056.79,2486.601,2817.426,2532.93
"UAM, Monticello",Biomass_kgha,189,2139.299,2623.892,2963.016,2684.03
"UAM, Monticello",Biomass_kgha,190,2217.745,2764.28,3099.368,2839.272
"UAM, Monticello",Biomass_kgha,191,2355.376,2897.895,3231.018,2988.73
"UAM, Monticello",Biomass_kgha,192,2465.21,3025.125,3392.988,3141.719
"UAM, Monticello",Biomass_kgha,193,2594.672,3172.797,3536.655,3294.013
"UAM, Monticello",Biomass_kgha,194,2691.09,3291.145,3674.386,3444.326
"UAM, Monticello",Biomass_kgha,195,2801.687,3421.874,3805.117,3580.95
"UAM, Monticello",Biomass_kgha,196,2937.306,3565.531,3937.983,3719.131
"UAM, Monticello",Biomass_kgha,197,3070.312,3705.139,4083.442,3867.815
"UAM, Monticello",Biomass_kgha,198,3208.152,3840.725,4240.121,3981.297
"UAM, Monticello",Biomass_kgha,199,3329.981,3974.734,4366.52,4131.203
"UAM, Monticello",Biomass_kgha,200,3477.3,4107.962,4474.559,4279.346
"UAM, Monticello",Biomass_kgha,201,3608.873,4238.009,4631.112,4411.419
"UAM, Monticello",Biomass_kgha,202,3709.08,4352.805,4798.206,4520.719
"UAM, Monticello",Biomass_kgha,203,3846.08,4492.554,4961.462,4661.042
"UAM, Monticello",Biomass_kgha,204,3948.646,4625.997,5124.78,4786.584
"UAM, Monticello",Biomass_kgha,205,4066.709,4756.705,5275.134,4922.223
"UAM, Monticello",Biomass_kgha,206,4204.986,4889.535,5505.177,5131.45
"UAM, Monticello",Biomass_kgha,207,4343.317,5053.261,5734.648,5317.699
"UAM, Monticello",Biomass_kgha,208,4489.292,5195.719,5965.724,5499.029
"UAM, Monticello",Biomass_kgha,209,4626.604,5316.952,6209.216,5666.12
"UAM, Monticello",Biomass_kgha,210,4756.165,5487.063,6427.024,5853.303
"UAM, Monticello",Biomass_kgha,211,4921.114,5706.584,6659.764,6034.766
"UAM, Monticello",Biomass_kgha,212,5050.738,5880.024,6904.864,6228.301
"UAM, Monticello",Biomass_kgha,213,5162.346,6047.018,7100.165,6449.052
"UAM, Monticello",Biomass_kgha,214,5267.523,6202.401,7367.454,NA
"UAM, Monticello",Biomass_kgha,215,5351.302,6415.938,7619.242,NA
"UAM, Monticello",Biomass_kgha,216,5467.787,6614.255,7870.373,NA
"UAM, Monticello",Biomass_kgha,217,5607.801,6808.291,8120.488,NA
"UAM, Monticello",Biomass_kgha,218,5755.099,6999.147,8359.34,NA
"UAM, Monticello",Biomass_kgha,219,5901.346,7200.773,8595.959,NA
"UAM, Monticello",Biomass_kgha,220,6060.682,7408.991,8742.704,NA
"UAM, Monticello",Biomass_kgha,221,6220.881,7660.721,8906.039,NA
"UAM, Monticello",Biomass_kgha,222,6366.677,7853.35,9041.433,NA
"UAM, Monticello",Biomass_kgha,223,6517.656,8074.789,9242.871,NA
"UAM, Monticello",Biomass_kgha,224,6750.719,8315.095,9484.498,NA
"UAM, Monticello",Biomass_kgha,225,6863.382,8547.935,9625.788,NA
"UAM, Monticello",Biomass_kgha,226,7128.285,8777.069,9826.256,NA
"UAM, Monticello",Biomass_kgha,227,7392.382,8952.528,10000.46,NA
"UAM, Monticello",Biomass_kgha,228,7653.437,9165.92,10195.572,NA
"UAM, Monticello",Biomass_kgha,229,7847.584,9291.622,10414.308,NA
"UAM, Monticello",Biomass_kgha,230,7978.171,9461.782,10569.174,NA
"UAM, Monticello",Biomass_kgha,231,8223.091,9641.621,10732.735,NA
"UAM, Monticello",Biomass_kgha,232,8388.087,9776.778,10897.218,NA
"UAM, Monticello",Biomass_kgha,233,8514.696,10003.238,11048.314,NA
"UAM, Monticello",Biomass_kgha,234,8738.493,10181.022,11170.271,NA
"UAM, Monticello",Biomass_kgha,235,8911.09,10362.733,11271.967,NA
"UAM, Monticello",Biomass_kgha,236,8940.268,10500.385,11372.339,NA
"UAM, Monticello",Biomass_kgha,237,9155.127,10665.306,11434.217,NA
"UAM, Monticello",Biomass_kgha,238,9388.557,10767.897,11528.418,NA
"UAM, Monticello",Biomass_kgha,239,9598.687,10856.152,11586.973,NA
"UAM, Monticello",Biomass_kgha,240,9809.899,10945.602,11674.479,NA
"UAM, Monticello",Biomass_kgha,241,9965.156,10991.291,11771.039,NA
"UAM, Monticello",Biomass_kgha,242,9976.712,11092.5,11851.243,NA
"UAM, Monticello",Biomass_kgha,243,9947.666,11159.543,11919.161,NA
"UAM, Monticello",Biomass_kgha,244,9992.274,11207.542,11976.979,NA
"UAM, Monticello",Biomass_kgha,245,10014.94,11287.368,12016.674,NA
"UAM, Monticello",Biomass_kgha,246,10026.285,11328.605,12038.13,NA
"UAM, Monticello",Biomass_kgha,247,9979.568,11328.097,12044.618,NA
"UAM, Monticello",Biomass_kgha,248,9932.065,11363.543,11997.608,NA
"UAM, Monticello",Biomass_kgha,249,9885.399,11357.574,11950.485,NA
"UAM, Monticello",Biomass_kgha,250,9839.343,11342.05,11988.614,NA
"UAM, Monticello",Biomass_kgha,251,9795.589,11300.471,11983.76,NA
"UAM, Monticello",Biomass_kgha,252,0,11316.583,12038.012,NA
"UAM, Monticello",Biomass_kgha,253,0,11281.26,12078.931,NA
"UAM, Monticello",Biomass_kgha,254,0,11245.746,12057.757,NA
"UAM, Monticello",Biomass_kgha,255,0,11234.034,12061.114,NA
"UAM, Monticello",Biomass_kgha,256,0,11184.171,12013.839,NA
"UAM, Monticello",Biomass_kgha,257,0,10859.288,11966.137,NA
"UAM, Monticello",Biomass_kgha,258,0,10817.821,11918.082,NA
"UAM, Monticello",Biomass_kgha,259,0,10383.933,11871.652,NA
"UAM, Monticello",Biomass_kgha,260,0,0,11827.544,NA
"UAM, Monticello",Biomass_kgha,261,0,0,11785.642,NA
"UAM, Monticello",Biomass_kgha,262,0,0,11745.834,NA
"UAM, Monticello",Biomass_kgha,263,0,0,11708.017,NA
"UAM, Monticello",Biomass_kgha,264,0,0,10999.382,NA
"UAM, Monticello",Biomass_kgha,265,0,0,10959.528,NA
"UAM, Monticello",Biomass_kgha,266,0,0,10921.667,NA
"UAM, Monticello",Biomass_kgha,267,0,0,10857.532,NA
"UAM, Monticello",Biomass_kgha,268,0,0,10822.146,NA
"UAM, Monticello",Biomass_kgha,269,0,0,0,NA
"UAM, Monticello",Biomass_kgha,270,0,0,0,NA
"UAM, Monticello",Biomass_kgha,271,0,0,0,NA
"UAM, Monticello",Biomass_kgha,272,0,0,0,NA
"UAM, Monticello",Biomass_kgha,273,0,0,0,NA
"UAM, Monticello",Biomass_kgha,274,0,0,0,NA
"UAM, Monticello",Biomass_kgha,275,0,0,0,NA
"UAM, Monticello",Biomass_kgha,276,0,0,0,NA
"UAM, Monticello",Biomass_kgha,277,0,0,0,NA
"UAM, Monticello",Biomass_kgha,278,0,0,0,NA
"UAM, Monticello",Biomass_kgha,279,0,0,0,NA
"UAM, Monticello",Biomass_kgha,280,0,0,0,NA
"UAM, Monticello",Biomass_kgha,281,0,0,0,NA
"UAM, Monticello",Biomass_kgha,282,0,0,0,NA
"UAM, Monticello",Biomass_kgha,283,0,0,0,NA
"UAM, Monticello",Biomass_kgha,284,0,0,0,NA
"UAM, Monticello",Biomass_kgha,285,0,0,0,NA
"UAM, Monticello",Biomass_kgha,286,0,0,0,NA
"UAM, Monticello",Biomass_kgha,287,0,0,0,NA
"UAM, Monticello",Biomass_kgha,288,0,0,0,NA
"UAM, Monticello",Biomass_kgha,289,0,0,0,NA
"UAM, Monticello",Biomass_kgha,290,0,0,0,NA
"UAM, Monticello",Biomass_kgha,291,0,0,0,NA
"UAM, Monticello",Biomass_kgha,292,0,0,0,NA
"UAM, Monticello",Biomass_kgha,293,0,0,0,NA
"UAM, Monticello",Biomass_kgha,294,0,0,0,NA
"UAM, Monticello",Biomass_kgha,295,0,0,0,NA
"UAM, Monticello",Biomass_kgha,296,0,0,0,NA
"UAM, Monticello",Biomass_kgha,297,0,0,0,NA
"UAM, Monticello",Biomass_kgha,298,0,0,0,NA
"UAM, Monticello",Biomass_kgha,299,0,0,0,NA
"UAM, Monticello",Biomass_kgha,300,0,0,0,NA
"UAM, Monticello",Biomass_kgha,301,0,0,0,NA
"UAM, Monticello",Biomass_kgha,302,0,0,0,NA
"UAM, Monticello",Biomass_kgha,303,0,0,0,NA
"UAM, Monticello",Biomass_kgha,304,0,0,0,NA
"UAM, Monticello",Biomass_kgha,305,0,0,0,NA
"UAM, Monticello",Biomass_kgha,306,0,0,0,NA
"UAM, Monticello",Biomass_kgha,307,0,0,0,NA
"UAM, Monticello",Biomass_kgha,308,0,0,0,NA
"UAM, Monticello",Biomass_kgha,309,0,0,0,NA
"UAM, Monticello",Biomass_kgha,310,0,0,0,NA
"UAM, Monticello",Biomass_kgha,311,0,0,0,NA
"UAM, Monticello",Biomass_kgha,312,0,0,0,NA
"UAM, Monticello",Biomass_kgha,313,0,0,0,NA
"UAM, Monticello",Biomass_kgha,314,0,0,0,NA
"UAM, Monticello",Biomass_kgha,315,0,0,0,NA
"UAM, Monticello",Biomass_kgha,316,0,0,0,NA
"UAM, Monticello",Biomass_kgha,317,0,0,0,NA
"UAM, Monticello",Biomass_kgha,318,0,0,0,NA
"UAM, Monticello",Biomass_kgha,319,0,0,0,NA
"UAM, Monticello",Biomass_kgha,320,0,0,0,NA
"UAM, Monticello",Biomass_kgha,321,0,0,0,NA
"UAM, Monticello",Biomass_kgha,322,0,0,0,NA
"UAM, Monticello",Biomass_kgha,323,0,0,0,NA
"UAM, Monticello",Biomass_kgha,324,0,0,0,NA
"UAM, Monticello",Biomass_kgha,325,0,0,0,NA
"UAM, Monticello",Biomass_kgha,326,0,0,0,NA
"UAM, Monticello",Biomass_kgha,327,0,0,0,NA
"UAM, Monticello",Biomass_kgha,328,0,0,0,NA
"UAM, Monticello",Biomass_kgha,329,0,0,0,NA
"UAM, Monticello",Biomass_kgha,330,0,0,0,NA
"UAM, Monticello",Biomass_kgha,331,0,0,0,NA
"UAM, Monticello",Biomass_kgha,332,0,0,0,NA
"UAM, Monticello",Biomass_kgha,333,0,0,0,NA
"UAM, Monticello",Biomass_kgha,334,0,0,0,NA
"UAM, Monticello",Biomass_kgha,335,0,0,0,NA
"UAM, Monticello",Biomass_kgha,336,0,0,0,NA
"UAM, Monticello",Biomass_kgha,337,0,0,0,NA
"UAM, Monticello",Biomass_kgha,338,0,0,0,NA
"UAM, Monticello",Biomass_kgha,339,0,0,0,NA
"UAM, Monticello",Biomass_kgha,340,0,0,0,NA
"UAM, Monticello",Biomass_kgha,341,0,0,0,NA
"UAM, Monticello",Biomass_kgha,342,0,0,0,NA
"UAM, Monticello",Biomass_kgha,343,0,0,0,NA
"UAM, Monticello",Biomass_kgha,344,0,0,0,NA
"UAM, Monticello",Biomass_kgha,345,0,0,0,NA
"UAM, Monticello",Biomass_kgha,346,0,0,0,NA
"UAM, Monticello",Biomass_kgha,347,0,0,0,NA
"UAM, Monticello",Biomass_kgha,348,0,0,0,NA
"UAM, Monticello",Biomass_kgha,349,0,0,0,NA
"UAM, Monticello",Biomass_kgha,350,0,0,0,NA
"UAM, Monticello",Biomass_kgha,351,0,0,0,NA
"UAM, Monticello",Biomass_kgha,352,0,0,0,NA
"UAM, Monticello",Biomass_kgha,353,0,0,0,NA
"UAM, Monticello",Biomass_kgha,354,0,0,0,NA
"UAM, Monticello",Biomass_kgha,355,0,0,0,NA
"UAM, Monticello",Biomass_kgha,356,0,0,0,NA
"UAM, Monticello",Biomass_kgha,357,0,0,0,NA
"UAM, Monticello",Biomass_kgha,358,0,0,0,NA
"UAM, Monticello",Biomass_kgha,359,0,0,0,NA
"UAM, Monticello",Biomass_kgha,360,0,0,0,NA
"UAM, Monticello",Biomass_kgha,361,0,0,0,NA
"UAM, Monticello",Biomass_kgha,362,0,0,0,NA
"UAM, Monticello",Biomass_kgha,363,0,0,0,NA
"UAM, Monticello",Biomass_kgha,364,0,0,0,NA
"UAM, Monticello",Biomass_kgha,365,0,0,0,NA
"UAM, Monticello",Biomass_kgha,366,0,0,0,NA
"UAM, Monticello",CummRain_in,1,23.575,36.86,60.746,37.644
"UAM, Monticello",CummRain_in,2,23.575,37.385,60.746,37.647
"UAM, Monticello",CummRain_in,3,23.575,37.623,60.747,37.647
"UAM, Monticello",CummRain_in,4,23.575,37.623,60.748,37.647
"UAM, Monticello",CummRain_in,5,23.795,37.922,60.748,37.647
"UAM, Monticello",CummRain_in,6,23.795,38.043,60.761,37.647
"UAM, Monticello",CummRain_in,7,23.795,38.092,60.937,37.647
"UAM, Monticello",CummRain_in,8,23.795,38.76,60.937,37.66
"UAM, Monticello",CummRain_in,9,24.115,38.985,60.937,38.509
"UAM, Monticello",CummRain_in,10,24.12,39.302,60.937,38.764
"UAM, Monticello",CummRain_in,11,24.12,39.304,60.937,38.764
"UAM, Monticello",CummRain_in,12,24.12,39.325,60.937,38.764
"UAM, Monticello",CummRain_in,13,24.12,39.429,60.937,38.764
"UAM, Monticello",CummRain_in,14,24.12,39.566,60.937,38.77
"UAM, Monticello",CummRain_in,15,24.131,39.575,60.938,38.77
"UAM, Monticello",CummRain_in,16,24.671,39.595,62.226,38.772
"UAM, Monticello",CummRain_in,17,24.848,40.769,62.556,38.772
"UAM, Monticello",CummRain_in,18,24.901,40.964,62.559,38.772
"UAM, Monticello",CummRain_in,19,24.901,40.964,62.559,38.772
"UAM, Monticello",CummRain_in,20,25.031,40.965,63.51,38.772
"UAM, Monticello",CummRain_in,21,25.031,40.979,63.992,39.468
"UAM, Monticello",CummRain_in,22,25.031,41.773,63.992,39.471
"UAM, Monticello",CummRain_in,23,25.039,41.807,64.744,39.595
"UAM, Monticello",CummRain_in,24,25.294,41.945,64.776,40.338
"UAM, Monticello",CummRain_in,25,25.996,41.946,64.776,40.714
"UAM, Monticello",CummRain_in,26,25.998,41.946,64.776,40.714
"UAM, Monticello",CummRain_in,27,26.022,42.287,64.776,40.714
"UAM, Monticello",CummRain_in,28,26.022,42.595,64.82,40.715
"UAM, Monticello",CummRain_in,29,26.022,43.104,66.533,40.715
"UAM, Monticello",CummRain_in,30,26.162,43.349,66.535,40.715
"UAM, Monticello",CummRain_in,31,26.195,43.36,66.535,40.715
"UAM, Monticello",CummRain_in,32,27.069,43.463,66.545,40.715
"UAM, Monticello",CummRain_in,33,27.069,43.464,66.552,40.715
"UAM, Monticello",CummRain_in,34,27.088,43.464,66.611,41.026
"UAM, Monticello",CummRain_in,35,27.18,43.487,67.606,41.026
"UAM, Monticello",CummRain_in,36,27.18,43.489,67.752,41.026
"UAM, Monticello",CummRain_in,37,27.18,43.772,67.752,41.026
"UAM, Monticello",CummRain_in,38,27.183,43.856,67.752,41.026
"UAM, Monticello",CummRain_in,39,27.183,43.865,68.842,41.026
"UAM, Monticello",CummRain_in,40,27.183,44.005,68.865,41.026
"UAM, Monticello",CummRain_in,41,27.183,44.038,68.865,41.028
"UAM, Monticello",CummRain_in,42,27.19,44.589,68.947,41.081
"UAM, Monticello",CummRain_in,43,27.192,44.944,69.02,41.081
"UAM, Monticello",CummRain_in,44,27.576,44.944,69.022,41.081
"UAM, Monticello",CummRain_in,45,27.576,44.944,69.236,41.538
"UAM, Monticello",CummRain_in,46,27.576,45.125,69.236,42.237
"UAM, Monticello",CummRain_in,47,27.648,45.645,69.236,42.237
"UAM, Monticello",CummRain_in,48,27.79,46.339,69.236,42.238
"UAM, Monticello",CummRain_in,49,27.79,46.549,69.236,42.239
"UAM, Monticello",CummRain_in,50,27.79,46.556,69.236,42.239
"UAM, Monticello",CummRain_in,51,27.79,47.181,69.236,42.264
"UAM, Monticello",CummRain_in,52,27.791,47.192,69.568,42.333
"UAM, Monticello",CummRain_in,53,27.791,47.425,69.604,42.333
"UAM, Monticello",CummRain_in,54,27.805,47.454,69.604,42.333
"UAM, Monticello",CummRain_in,55,28.161,47.47,69.604,42.333
"UAM, Monticello",CummRain_in,56,28.28,47.54,69.605,42.333
"UAM, Monticello",CummRain_in,57,28.604,47.852,69.644,42.334
"UAM, Monticello",CummRain_in,58,28.644,48.042,69.645,42.334
"UAM, Monticello",CummRain_in,59,28.774,48.079,69.645,42.334
"UAM, Monticello",CummRain_in,60,28.774,48.315,69.702,42.334
"UAM, Monticello",CummRain_in,61,28.774,48.33,69.702,42.334
"UAM, Monticello",CummRain_in,62,28.774,48.42,69.702,42.334
"UAM, Monticello",CummRain_in,63,28.944,48.909,69.702,42.334
"UAM, Monticello",CummRain_in,64,29.485,49.057,69.702,42.334
"UAM, Monticello",CummRain_in,65,29.485,49.143,69.702,42.358
"UAM, Monticello",CummRain_in,66,29.485,49.481,69.702,42.912
"UAM, Monticello",CummRain_in,67,29.489,49.561,69.781,43.154
"UAM, Monticello",CummRain_in,68,29.536,49.707,70.11,43.406
"UAM, Monticello",CummRain_in,69,29.62,49.708,70.285,43.573
"UAM, Monticello",CummRain_in,70,30.023,49.708,70.355,45.422
"UAM, Monticello",CummRain_in,71,30.023,49.742,70.509,45.422
"UAM, Monticello",CummRain_in,72,30.027,49.942,70.509,45.422
"UAM, Monticello",CummRain_in,73,30.246,50.076,70.509,45.422
"UAM, Monticello",CummRain_in,74,30.246,50.422,70.509,45.677
"UAM, Monticello",CummRain_in,75,30.246,50.422,70.509,45.678
"UAM, Monticello",CummRain_in,76,30.246,50.422,70.509,45.678
"UAM, Monticello",CummRain_in,77,30.246,50.59,70.509,45.678
"UAM, Monticello",CummRain_in,78,30.246,50.978,70.828,45.678
"UAM, Monticello",CummRain_in,79,30.246,51.014,70.83,45.678
"UAM, Monticello",CummRain_in,80,30.246,51.338,70.938,45.678
"UAM, Monticello",CummRain_in,81,30.246,51.944,70.948,45.678
"UAM, Monticello",CummRain_in,82,30.246,52.35,71.049,45.678
"UAM, Monticello",CummRain_in,83,30.246,52.36,71.529,45.678
"UAM, Monticello",CummRain_in,84,30.248,52.36,71.585,45.678
"UAM, Monticello",CummRain_in,85,30.258,52.36,71.585,45.678
"UAM, Monticello",CummRain_in,86,30.325,52.361,71.585,45.692
"UAM, Monticello",CummRain_in,87,30.33,52.362,71.63,45.692
"UAM, Monticello",CummRain_in,88,30.439,52.823,72.447,45.692
"UAM, Monticello",CummRain_in,89,30.512,53.006,72.448,45.692
"UAM, Monticello",CummRain_in,90,30.514,53.554,73.985,45.693
"UAM, Monticello",CummRain_in,91,0,0.001,74.231,0.002
"UAM, Monticello",CummRain_in,92,0,0.015,2.678,0.019
"UAM, Monticello",CummRain_in,93,0,0.149,3.736,0.179
"UAM, Monticello",CummRain_in,94,0,0.323,4.71,1.019
"UAM, Monticello",CummRain_in,95,0,0.502,4.839,1.025
"UAM, Monticello",CummRain_in,96,0,0.694,5.412,1.025
"UAM, Monticello",CummRain_in,97,0,0.942,5.414,1.025
"UAM, Monticello",CummRain_in,98,0.006,0.98,5.414,1.025
"UAM, Monticello",CummRain_in,99,0.006,1.144,5.414,1.025
"UAM, Monticello",CummRain_in,100,0.006,1.662,5.414,1.025
"UAM, Monticello",CummRain_in,101,0.006,1.791,6.113,1.025
"UAM, Monticello",CummRain_in,102,0.261,1.921,6.141,1.027
"UAM, Monticello",CummRain_in,103,0.273,2.273,8.099,1.03
"UAM, Monticello",CummRain_in,104,0.273,2.65,9.281,1.03
"UAM, Monticello",CummRain_in,105,0.31,2.704,9.288,1.033
"UAM, Monticello",CummRain_in,106,0.383,2.802,9.288,1.098
"UAM, Monticello",CummRain_in,107,0.528,3.002,9.485,1.098
"UAM, Monticello",CummRain_in,108,0.651,3.156,9.744,1.312
"UAM, Monticello",CummRain_in,109,0.651,3.28,9.862,1.312
"UAM, Monticello",CummRain_in,110,0.651,3.363,9.866,1.318
"UAM, Monticello",CummRain_in,111,0.693,3.489,10.089,1.318
"UAM, Monticello",CummRain_in,112,1.461,3.601,10.352,1.327
"UAM, Monticello",CummRain_in,113,1.556,3.841,10.359,1.328
"UAM, Monticello",CummRain_in,114,1.556,3.953,10.359,2.447
"UAM, Monticello",CummRain_in,115,1.556,4.063,10.569,3.03
"UAM, Monticello",CummRain_in,116,1.556,4.424,11.03,3.163
"UAM, Monticello",CummRain_in,117,1.58,4.713,14.692,3.167
"UAM, Monticello",CummRain_in,118,1.58,4.801,18.224,3.396
"UAM, Monticello",CummRain_in,119,1.58,4.807,19.076,3.798
"UAM, Monticello",CummRain_in,120,1.584,4.926,19.076,3.835
"UAM, Monticello",CummRain_in,121,1.636,5.011,19.076,3.914
"UAM, Monticello",CummRain_in,122,2.471,5.353,19.102,3.914
"UAM, Monticello",CummRain_in,123,2.471,5.353,20.96,3.914
"UAM, Monticello",CummRain_in,124,2.471,5.47,21.779,3.914
"UAM, Monticello",CummRain_in,125,2.471,5.744,22.353,3.945
"UAM, Monticello",CummRain_in,126,2.471,5.744,22.353,4.098
"UAM, Monticello",CummRain_in,127,2.471,5.851,22.438,4.098
"UAM, Monticello",CummRain_in,128,2.471,5.918,22.772,4.229
"UAM, Monticello",CummRain_in,129,2.471,6.412,22.914,4.308
"UAM, Monticello",CummRain_in,130,2.471,6.807,23.213,4.343
"UAM, Monticello",CummRain_in,131,2.48,6.82,23.289,4.443
"UAM, Monticello",CummRain_in,132,2.643,7.229,23.307,4.443
"UAM, Monticello",CummRain_in,133,2.676,7.239,23.307,4.443
"UAM, Monticello",CummRain_in,134,2.677,7.28,23.352,4.445
"UAM, Monticello",CummRain_in,135,2.845,7.281,23.69,4.445
"UAM, Monticello",CummRain_in,136,2.912,7.472,23.752,4.445
"UAM, Monticello",CummRain_in,137,2.93,7.614,24.086,4.445
"UAM, Monticello",CummRain_in,138,2.945,7.623,24.273,4.445
"UAM, Monticello",CummRain_in,139,3.115,7.626,24.465,4.911
"UAM, Monticello",CummRain_in,140,3.115,7.724,24.691,4.952
"UAM, Monticello",CummRain_in,141,3.144,7.733,24.744,5.673
"UAM, Monticello",CummRain_in,142,3.224,8.27,24.795,6.083
"UAM, Monticello",CummRain_in,143,3.435,8.289,24.899,7.102
"UAM, Monticello",CummRain_in,144,3.435,9.039,25.235,7.108
"UAM, Monticello",CummRain_in,145,3.44,9.412,26.209,7.178
"UAM, Monticello",CummRain_in,146,3.502,9.413,26.239,7.22
"UAM, Monticello",CummRain_in,147,3.666,9.413,26.287,7.326
"UAM, Monticello",CummRain_in,148,3.746,9.413,26.318,8.278
"UAM, Monticello",CummRain_in,149,3.746,9.413,26.461,8.439
"UAM, Monticello",CummRain_in,150,3.746,9.413,26.637,8.458
"UAM, Monticello",CummRain_in,151,3.746,9.416,26.709,8.508
"UAM, Monticello",CummRain_in,152,3.746,9.667,26.725,8.613
"UAM, Monticello",CummRain_in,153,3.764,10.158,26.73,8.67
"UAM, Monticello",CummRain_in,154,4.111,10.173,26.736,8.682
"UAM, Monticello",CummRain_in,155,4.111,10.457,26.781,8.709
"UAM, Monticello",CummRain_in,156,4.112,10.628,27.233,8.711
"UAM, Monticello",CummRain_in,157,4.132,10.648,27.27,8.739
"UAM, Monticello",CummRain_in,158,4.148,10.648,27.272,9
"UAM, Monticello",CummRain_in,159,4.148,10.648,27.272,9.2
"UAM, Monticello",CummRain_in,160,4.152,10.74,27.281,9.225
"UAM, Monticello",CummRain_in,161,4.41,11.172,27.375,9.225
"UAM, Monticello",CummRain_in,162,4.485,11.181,27.765,9.225
"UAM, Monticello",CummRain_in,163,4.513,11.613,27.819,9.239
"UAM, Monticello",CummRain_in,164,4.513,11.613,27.827,9.26
"UAM, Monticello",CummRain_in,165,4.513,11.613,27.876,9.274
"UAM, Monticello",CummRain_in,166,4.513,12.014,28.037,9.375
"UAM, Monticello",CummRain_in,167,4.624,12.183,28.117,9.4
"UAM, Monticello",CummRain_in,168,4.666,12.471,28.124,9.415
"UAM, Monticello",CummRain_in,169,4.723,12.614,28.129,9.45
"UAM, Monticello",CummRain_in,170,4.755,12.662,28.148,9.987
"UAM, Monticello",CummRain_in,171,4.769,12.702,28.2,10.809
"UAM, Monticello",CummRain_in,172,4.775,12.708,28.234,10.961
"UAM, Monticello",CummRain_in,173,4.882,12.708,28.338,11.265
"UAM, Monticello",CummRain_in,174,4.883,12.708,28.595,11.637
"UAM, Monticello",CummRain_in,175,4.891,12.708,28.79,12.034
"UAM, Monticello",CummRain_in,176,4.899,12.708,28.856,12.05
"UAM, Monticello",CummRain_in,177,4.907,12.9,28.858,12.051
"UAM, Monticello",CummRain_in,178,4.912,12.982,28.86,12.051
"UAM, Monticello",CummRain_in,179,4.913,13.399,28.891,12.051
"UAM, Monticello",CummRain_in,180,4.913,13.581,28.891,12.051
"UAM, Monticello",CummRain_in,181,5.122,13.6,28.891,12.051
"UAM, Monticello",CummRain_in,182,5.18,13.602,28.907,12.116
"UAM, Monticello",CummRain_in,183,5.478,13.738,28.941,12.194
"UAM, Monticello",CummRain_in,184,5.55,13.741,29.18,12.241
"UAM, Monticello",CummRain_in,185,5.724,13.741,29.36,12.546
"UAM, Monticello",CummRain_in,186,6.038,13.746,29.363,12.781
"UAM, Monticello",CummRain_in,187,6.255,13.774,29.386,12.885
"UAM, Monticello",CummRain_in,188,6.31,13.87,29.387,12.981
"UAM, Monticello",CummRain_in,189,6.32,13.881,29.387,13.082
"UAM, Monticello",CummRain_in,190,6.321,14.223,29.387,13.196
"UAM, Monticello",CummRain_in,191,6.333,14.423,29.387,13.244
"UAM, Monticello",CummRain_in,192,7.044,14.552,29.387,13.39
"UAM, Monticello",CummRain_in,193,7.37,14.9,29.437,13.778
"UAM, Monticello",CummRain_in,194,7.763,15.089,29.51,13.878
"UAM, Monticello",CummRain_in,195,7.82,15.101,29.549,14.087
"UAM, Monticello",CummRain_in,196,7.821,15.101,29.549,14.356
"UAM, Monticello",CummRain_in,197,7.821,15.107,29.554,14.378
"UAM, Monticello",CummRain_in,198,8.047,15.301,29.703,14.447
"UAM, Monticello",CummRain_in,199,8.12,15.508,29.933,14.449
"UAM, Monticello",CummRain_in,200,8.232,15.576,30.326,14.449
"UAM, Monticello",CummRain_in,201,8.361,15.623,30.413,14.517
"UAM, Monticello",CummRain_in,202,8.934,16.105,30.42,14.674
"UAM, Monticello",CummRain_in,203,8.937,16.136,30.42,14.791
"UAM, Monticello",CummRain_in,204,8.937,16.137,30.429,14.841
"UAM, Monticello",CummRain_in,205,8.937,16.137,30.698,15.162
"UAM, Monticello",CummRain_in,206,9.067,16.137,31.202,15.226
"UAM, Monticello",CummRain_in,207,10.087,16.138,31.257,15.256
"UAM, Monticello",CummRain_in,208,10.151,16.149,31.481,15.256
"UAM, Monticello",CummRain_in,209,10.151,16.183,31.723,15.257
"UAM, Monticello",CummRain_in,210,10.16,16.713,31.784,15.515
"UAM, Monticello",CummRain_in,211,10.163,16.724,31.785,15.868
"UAM, Monticello",CummRain_in,212,10.164,16.926,31.785,16.178
"UAM, Monticello",CummRain_in,213,10.27,17.279,31.896,16.206
"UAM, Monticello",CummRain_in,214,10.28,17.303,31.964,NA
"UAM, Monticello",CummRain_in,215,10.28,17.689,31.964,NA
"UAM, Monticello",CummRain_in,216,10.296,17.772,31.969,NA
"UAM, Monticello",CummRain_in,217,10.311,17.775,31.995,NA
"UAM, Monticello",CummRain_in,218,10.319,17.844,32.067,NA
"UAM, Monticello",CummRain_in,219,10.319,18.009,32.129,NA
"UAM, Monticello",CummRain_in,220,10.328,18.358,32.258,NA
"UAM, Monticello",CummRain_in,221,10.328,18.358,32.715,NA
"UAM, Monticello",CummRain_in,222,10.339,18.358,32.998,NA
"UAM, Monticello",CummRain_in,223,11.289,18.358,33.001,NA
"UAM, Monticello",CummRain_in,224,11.344,18.62,33.001,NA
"UAM, Monticello",CummRain_in,225,11.412,18.62,33.013,NA
"UAM, Monticello",CummRain_in,226,11.431,18.62,33.02,NA
"UAM, Monticello",CummRain_in,227,11.448,18.62,33.037,NA
"UAM, Monticello",CummRain_in,228,11.451,18.62,33.056,NA
"UAM, Monticello",CummRain_in,229,11.506,18.622,33.273,NA
"UAM, Monticello",CummRain_in,230,11.532,18.622,33.406,NA
"UAM, Monticello",CummRain_in,231,11.56,18.63,33.406,NA
"UAM, Monticello",CummRain_in,232,11.684,18.658,33.406,NA
"UAM, Monticello",CummRain_in,233,12.019,18.662,34.027,NA
"UAM, Monticello",CummRain_in,234,12.185,18.923,34.052,NA
"UAM, Monticello",CummRain_in,235,12.267,18.925,34.052,NA
"UAM, Monticello",CummRain_in,236,12.596,18.926,34.057,NA
"UAM, Monticello",CummRain_in,237,12.708,18.978,34.153,NA
"UAM, Monticello",CummRain_in,238,12.745,19.06,34.233,NA
"UAM, Monticello",CummRain_in,239,12.779,19.276,34.464,NA
"UAM, Monticello",CummRain_in,240,12.782,19.709,34.662,NA
"UAM, Monticello",CummRain_in,241,12.865,19.985,34.878,NA
"UAM, Monticello",CummRain_in,242,12.866,19.994,35.116,NA
"UAM, Monticello",CummRain_in,243,12.866,19.994,35.289,NA
"UAM, Monticello",CummRain_in,244,12.877,20.035,35.577,NA
"UAM, Monticello",CummRain_in,245,13.033,20.475,35.788,NA
"UAM, Monticello",CummRain_in,246,13.132,20.51,35.875,NA
"UAM, Monticello",CummRain_in,247,13.38,20.539,36.162,NA
"UAM, Monticello",CummRain_in,248,13.384,20.612,36.399,NA
"UAM, Monticello",CummRain_in,249,13.384,20.635,36.415,NA
"UAM, Monticello",CummRain_in,250,13.384,20.667,36.415,NA
"UAM, Monticello",CummRain_in,251,13.384,20.884,36.415,NA
"UAM, Monticello",CummRain_in,252,13.384,20.943,36.675,NA
"UAM, Monticello",CummRain_in,253,13.384,20.947,36.95,NA
"UAM, Monticello",CummRain_in,254,13.657,20.958,36.952,NA
"UAM, Monticello",CummRain_in,255,14.091,20.958,36.952,NA
"UAM, Monticello",CummRain_in,256,14.091,20.976,37.04,NA
"UAM, Monticello",CummRain_in,257,14.091,20.976,37.812,NA
"UAM, Monticello",CummRain_in,258,14.091,20.976,38.174,NA
"UAM, Monticello",CummRain_in,259,14.091,21.503,38.174,NA
"UAM, Monticello",CummRain_in,260,14.567,21.55,38.174,NA
"UAM, Monticello",CummRain_in,261,14.984,21.645,38.174,NA
"UAM, Monticello",CummRain_in,262,15.037,21.711,38.174,NA
"UAM, Monticello",CummRain_in,263,15.037,21.711,38.175,NA
"UAM, Monticello",CummRain_in,264,15.051,21.928,38.189,NA
"UAM, Monticello",CummRain_in,265,15.06,22.258,38.191,NA
"UAM, Monticello",CummRain_in,266,15.06,22.258,38.191,NA
"UAM, Monticello",CummRain_in,267,15.107,22.258,38.794,NA
"UAM, Monticello",CummRain_in,268,15.363,22.353,38.881,NA
"UAM, Monticello",CummRain_in,269,15.377,22.579,38.882,NA
"UAM, Monticello",CummRain_in,270,15.377,22.596,38.891,NA
"UAM, Monticello",CummRain_in,271,15.377,22.596,38.988,NA
"UAM, Monticello",CummRain_in,272,15.384,22.596,39.108,NA
"UAM, Monticello",CummRain_in,273,15.557,22.596,39.111,NA
"UAM, Monticello",CummRain_in,274,15.624,22.818,39.111,NA
"UAM, Monticello",CummRain_in,275,15.624,22.818,39.111,NA
"UAM, Monticello",CummRain_in,276,15.624,22.818,39.112,NA
"UAM, Monticello",CummRain_in,277,15.624,22.818,39.112,NA
"UAM, Monticello",CummRain_in,278,15.624,22.818,39.112,NA
"UAM, Monticello",CummRain_in,279,15.624,22.818,39.112,NA
"UAM, Monticello",CummRain_in,280,15.624,22.874,39.112,NA
"UAM, Monticello",CummRain_in,281,15.624,22.875,39.112,NA
"UAM, Monticello",CummRain_in,282,15.624,23.567,40.359,NA
"UAM, Monticello",CummRain_in,283,15.624,23.927,41.805,NA
"UAM, Monticello",CummRain_in,284,15.624,24.746,42.585,NA
"UAM, Monticello",CummRain_in,285,15.863,24.746,42.624,NA
"UAM, Monticello",CummRain_in,286,15.863,24.746,44.087,NA
"UAM, Monticello",CummRain_in,287,15.863,24.746,44.171,NA
"UAM, Monticello",CummRain_in,288,15.863,24.746,44.314,NA
"UAM, Monticello",CummRain_in,289,15.863,25.217,44.315,NA
"UAM, Monticello",CummRain_in,290,15.863,25.266,44.315,NA
"UAM, Monticello",CummRain_in,291,15.863,25.266,44.315,NA
"UAM, Monticello",CummRain_in,292,16.159,25.391,44.315,NA
"UAM, Monticello",CummRain_in,293,16.163,25.763,44.315,NA
"UAM, Monticello",CummRain_in,294,16.163,26.252,44.33,NA
"UAM, Monticello",CummRain_in,295,16.163,26.457,45.634,NA
"UAM, Monticello",CummRain_in,296,16.163,26.457,45.665,NA
"UAM, Monticello",CummRain_in,297,17.415,26.457,45.665,NA
"UAM, Monticello",CummRain_in,298,17.557,26.563,45.665,NA
"UAM, Monticello",CummRain_in,299,17.678,26.563,45.732,NA
"UAM, Monticello",CummRain_in,300,17.678,26.563,46.535,NA
"UAM, Monticello",CummRain_in,301,17.678,26.563,46.99,NA
"UAM, Monticello",CummRain_in,302,17.678,26.563,47.965,NA
"UAM, Monticello",CummRain_in,303,17.678,26.563,50.916,NA
"UAM, Monticello",CummRain_in,304,17.678,26.652,50.916,NA
"UAM, Monticello",CummRain_in,305,17.949,26.704,50.916,NA
"UAM, Monticello",CummRain_in,306,18.28,26.751,50.916,NA
"UAM, Monticello",CummRain_in,307,18.28,26.782,50.916,NA
"UAM, Monticello",CummRain_in,308,18.28,27.533,50.916,NA
"UAM, Monticello",CummRain_in,309,18.28,27.858,50.916,NA
"UAM, Monticello",CummRain_in,310,18.28,28.18,50.916,NA
"UAM, Monticello",CummRain_in,311,18.293,28.216,50.916,NA
"UAM, Monticello",CummRain_in,312,18.81,28.216,50.916,NA
"UAM, Monticello",CummRain_in,313,19.359,28.258,50.916,NA
"UAM, Monticello",CummRain_in,314,19.359,28.409,50.916,NA
"UAM, Monticello",CummRain_in,315,19.359,28.41,50.916,NA
"UAM, Monticello",CummRain_in,316,19.359,28.428,50.916,NA
"UAM, Monticello",CummRain_in,317,19.519,28.936,50.916,NA
"UAM, Monticello",CummRain_in,318,19.519,29.107,50.916,NA
"UAM, Monticello",CummRain_in,319,20.195,29.107,51.05,NA
"UAM, Monticello",CummRain_in,320,20.256,29.107,51.23,NA
"UAM, Monticello",CummRain_in,321,20.308,29.107,51.23,NA
"UAM, Monticello",CummRain_in,322,20.318,29.107,51.23,NA
"UAM, Monticello",CummRain_in,323,20.318,29.107,51.23,NA
"UAM, Monticello",CummRain_in,324,20.318,29.107,51.23,NA
"UAM, Monticello",CummRain_in,325,20.318,29.107,51.242,NA
"UAM, Monticello",CummRain_in,326,20.322,29.107,51.248,NA
"UAM, Monticello",CummRain_in,327,20.361,29.121,51.249,NA
"UAM, Monticello",CummRain_in,328,20.367,29.838,51.252,NA
"UAM, Monticello",CummRain_in,329,21.244,30.052,51.252,NA
"UAM, Monticello",CummRain_in,330,21.348,30.429,51.252,NA
"UAM, Monticello",CummRain_in,331,21.348,31.224,51.252,NA
"UAM, Monticello",CummRain_in,332,21.348,31.615,51.264,NA
"UAM, Monticello",CummRain_in,333,21.368,31.615,51.525,NA
"UAM, Monticello",CummRain_in,334,21.369,31.615,52.858,NA
"UAM, Monticello",CummRain_in,335,21.369,31.615,52.86,NA
"UAM, Monticello",CummRain_in,336,21.407,31.63,53.395,NA
"UAM, Monticello",CummRain_in,337,21.812,32.237,53.395,NA
"UAM, Monticello",CummRain_in,338,21.851,32.237,53.396,NA
"UAM, Monticello",CummRain_in,339,21.883,32.238,53.396,NA
"UAM, Monticello",CummRain_in,340,22.053,32.241,53.43,NA
"UAM, Monticello",CummRain_in,341,22.258,32.246,53.594,NA
"UAM, Monticello",CummRain_in,342,22.28,32.246,54.855,NA
"UAM, Monticello",CummRain_in,343,22.28,32.256,54.855,NA
"UAM, Monticello",CummRain_in,344,22.295,32.382,54.855,NA
"UAM, Monticello",CummRain_in,345,22.672,32.687,54.855,NA
"UAM, Monticello",CummRain_in,346,22.672,32.687,55.55,NA
"UAM, Monticello",CummRain_in,347,22.672,33.453,55.58,NA
"UAM, Monticello",CummRain_in,348,22.672,33.508,55.587,NA
"UAM, Monticello",CummRain_in,349,22.681,33.593,55.589,NA
"UAM, Monticello",CummRain_in,350,22.688,33.859,55.589,NA
"UAM, Monticello",CummRain_in,351,22.688,33.899,55.593,NA
"UAM, Monticello",CummRain_in,352,22.688,35.004,55.594,NA
"UAM, Monticello",CummRain_in,353,22.688,35.022,55.594,NA
"UAM, Monticello",CummRain_in,354,22.688,35.022,55.594,NA
"UAM, Monticello",CummRain_in,355,22.688,35.061,55.594,NA
"UAM, Monticello",CummRain_in,356,22.688,35.074,55.641,NA
"UAM, Monticello",CummRain_in,357,22.688,35.816,57.281,NA
"UAM, Monticello",CummRain_in,358,22.696,36.191,60.213,NA
"UAM, Monticello",CummRain_in,359,22.795,36.194,60.215,NA
"UAM, Monticello",CummRain_in,360,22.795,36.494,60.215,NA
"UAM, Monticello",CummRain_in,361,22.795,36.597,60.215,NA
"UAM, Monticello",CummRain_in,362,22.817,36.649,60.215,NA
"UAM, Monticello",CummRain_in,363,22.93,36.661,60.222,NA
"UAM, Monticello",CummRain_in,364,22.976,36.661,60.529,NA
"UAM, Monticello",CummRain_in,365,23.447,36.669,60.735,NA
"UAM, Monticello",CummRain_in,366,33.384,38.416,54.231,NA
"UAM, Monticello",rel_sw_12in,1,0.412,0.418,0.511,0.412
"UAM, Monticello",rel_sw_12in,2,0.405,0.418,0.617,0.41
"UAM, Monticello",rel_sw_12in,3,0.401,0.419,0.634,0.407
"UAM, Monticello",rel_sw_12in,4,0.395,0.432,0.594,0.402
"UAM, Monticello",rel_sw_12in,5,0.387,0.446,0.551,0.395
"UAM, Monticello",rel_sw_12in,6,0.382,0.449,0.604,0.389
"UAM, Monticello",rel_sw_12in,7,0.376,0.443,0.669,0.382
"UAM, Monticello",rel_sw_12in,8,0.37,0.456,0.631,0.38
"UAM, Monticello",rel_sw_12in,9,0.367,0.465,0.597,0.479
"UAM, Monticello",rel_sw_12in,10,0.372,0.452,0.634,0.496
"UAM, Monticello",rel_sw_12in,11,0.369,0.455,0.629,0.475
"UAM, Monticello",rel_sw_12in,12,0.366,0.444,0.655,0.457
"UAM, Monticello",rel_sw_12in,13,0.363,0.439,0.723,0.438
"UAM, Monticello",rel_sw_12in,14,0.361,0.434,0.718,0.426
"UAM, Monticello",rel_sw_12in,15,0.359,0.424,0.658,0.414
"UAM, Monticello",rel_sw_12in,16,0.361,0.431,0.597,0.405
"UAM, Monticello",rel_sw_12in,17,0.358,0.445,0.599,0.398
"UAM, Monticello",rel_sw_12in,18,0.355,0.464,0.677,0.393
"UAM, Monticello",rel_sw_12in,19,0.353,0.46,0.684,0.389
"UAM, Monticello",rel_sw_12in,20,0.35,0.444,0.671,0.385
"UAM, Monticello",rel_sw_12in,21,0.348,0.445,0.616,0.469
"UAM, Monticello",rel_sw_12in,22,0.346,0.464,0.609,0.456
"UAM, Monticello",rel_sw_12in,23,0.345,0.463,0.603,0.46
"UAM, Monticello",rel_sw_12in,24,0.343,0.461,0.684,0.53
"UAM, Monticello",rel_sw_12in,25,0.34,0.451,0.696,0.557
"UAM, Monticello",rel_sw_12in,26,0.339,0.448,0.711,0.531
"UAM, Monticello",rel_sw_12in,27,0.337,0.449,0.728,0.505
"UAM, Monticello",rel_sw_12in,28,0.339,0.448,0.691,0.477
"UAM, Monticello",rel_sw_12in,29,0.355,0.446,0.674,0.454
"UAM, Monticello",rel_sw_12in,30,0.353,0.439,0.681,0.438
"UAM, Monticello",rel_sw_12in,31,0.351,0.431,0.642,0.427
"UAM, Monticello",rel_sw_12in,32,0.349,0.439,0.643,0.414
"UAM, Monticello",rel_sw_12in,33,0.364,0.433,0.688,0.402
"UAM, Monticello",rel_sw_12in,34,0.375,0.433,0.755,0.437
"UAM, Monticello",rel_sw_12in,35,0.377,0.445,0.709,0.426
"UAM, Monticello",rel_sw_12in,36,0.374,0.457,0.678,0.415
"UAM, Monticello",rel_sw_12in,37,0.372,0.456,0.65,0.402
"UAM, Monticello",rel_sw_12in,38,0.37,0.459,0.616,0.392
"UAM, Monticello",rel_sw_12in,39,0.368,0.44,0.63,0.386
"UAM, Monticello",rel_sw_12in,40,0.366,0.427,0.716,0.381
"UAM, Monticello",rel_sw_12in,41,0.364,0.448,0.772,0.377
"UAM, Monticello",rel_sw_12in,42,0.361,0.444,0.758,0.38
"UAM, Monticello",rel_sw_12in,43,0.359,0.44,0.801,0.374
"UAM, Monticello",rel_sw_12in,44,0.357,0.448,0.791,0.371
"UAM, Monticello",rel_sw_12in,45,0.364,0.445,0.777,0.425
"UAM, Monticello",rel_sw_12in,46,0.361,0.463,0.781,0.497
"UAM, Monticello",rel_sw_12in,47,0.371,0.451,0.763,0.48
"UAM, Monticello",rel_sw_12in,48,0.368,0.444,0.778,0.462
"UAM, Monticello",rel_sw_12in,49,0.365,0.444,0.819,0.447
"UAM, Monticello",rel_sw_12in,50,0.372,0.452,0.838,0.429
"UAM, Monticello",rel_sw_12in,51,0.369,0.444,0.894,0.418
"UAM, Monticello",rel_sw_12in,52,0.366,0.442,0.86,0.415
"UAM, Monticello",rel_sw_12in,53,0.364,0.453,0.83,0.405
"UAM, Monticello",rel_sw_12in,54,0.362,0.461,0.844,0.398
"UAM, Monticello",rel_sw_12in,55,0.37,0.457,0.846,0.393
"UAM, Monticello",rel_sw_12in,56,0.367,0.466,0.831,0.389
"UAM, Monticello",rel_sw_12in,57,0.365,0.487,0.823,0.385
"UAM, Monticello",rel_sw_12in,58,0.362,0.469,0.806,0.382
"UAM, Monticello",rel_sw_12in,59,0.36,0.451,0.78,0.379
"UAM, Monticello",rel_sw_12in,60,0.358,0.448,0.854,0.376
"UAM, Monticello",rel_sw_12in,61,0.355,0.444,0.818,0.374
"UAM, Monticello",rel_sw_12in,62,0.353,0.43,0.782,0.371
"UAM, Monticello",rel_sw_12in,63,0.351,0.45,0.796,0.369
"UAM, Monticello",rel_sw_12in,64,0.35,0.451,0.8,0.367
"UAM, Monticello",rel_sw_12in,65,0.348,0.45,0.826,0.365
"UAM, Monticello",rel_sw_12in,66,0.346,0.443,0.811,0.431
"UAM, Monticello",rel_sw_12in,67,0.344,0.446,0.881,0.453
"UAM, Monticello",rel_sw_12in,68,0.342,0.464,0.849,0.473
"UAM, Monticello",rel_sw_12in,69,0.344,0.447,0.817,0.477
"UAM, Monticello",rel_sw_12in,70,0.373,0.439,0.791,0.592
"UAM, Monticello",rel_sw_12in,71,0.37,0.449,0.823,0.549
"UAM, Monticello",rel_sw_12in,72,0.368,0.447,0.817,0.507
"UAM, Monticello",rel_sw_12in,73,0.371,0.43,0.888,0.477
"UAM, Monticello",rel_sw_12in,74,0.366,0.444,0.928,0.481
"UAM, Monticello",rel_sw_12in,75,0.364,0.453,0.936,0.452
"UAM, Monticello",rel_sw_12in,76,0.361,0.442,0.932,0.431
"UAM, Monticello",rel_sw_12in,77,0.359,0.439,0.945,0.417
"UAM, Monticello",rel_sw_12in,78,0.357,0.441,0.976,0.406
"UAM, Monticello",rel_sw_12in,79,0.372,0.442,0.959,0.398
"UAM, Monticello",rel_sw_12in,80,0.379,0.433,0.997,0.392
"UAM, Monticello",rel_sw_12in,81,0.377,0.431,0.966,0.387
"UAM, Monticello",rel_sw_12in,82,0.374,0.454,0.996,0.383
"UAM, Monticello",rel_sw_12in,83,0.373,0.438,0.995,0.38
"UAM, Monticello",rel_sw_12in,84,0.37,0.452,0.989,0.377
"UAM, Monticello",rel_sw_12in,85,0.368,0.438,0.971,0.375
"UAM, Monticello",rel_sw_12in,86,0.373,0.429,0.953,0.372
"UAM, Monticello",rel_sw_12in,87,0.367,0.417,0.941,0.37
"UAM, Monticello",rel_sw_12in,88,0.366,0.425,0.989,0.368
"UAM, Monticello",rel_sw_12in,89,0.364,0.441,0.953,0.365
"UAM, Monticello",rel_sw_12in,90,0.366,0.436,0.996,0.363
"UAM, Monticello",rel_sw_12in,91,0.364,0.423,0.99,0.361
"UAM, Monticello",rel_sw_12in,92,0.361,0.439,0.954,0.36
"UAM, Monticello",rel_sw_12in,93,0.359,0.432,0.92,0.365
"UAM, Monticello",rel_sw_12in,94,0.366,0.46,0.913,0.465
"UAM, Monticello",rel_sw_12in,95,0.36,0.452,0.962,0.443
"UAM, Monticello",rel_sw_12in,96,0.358,0.451,0.993,0.426
"UAM, Monticello",rel_sw_12in,97,0.378,0.447,0.956,0.415
"UAM, Monticello",rel_sw_12in,98,0.376,0.435,0.962,0.406
"UAM, Monticello",rel_sw_12in,99,0.373,0.437,0.937,0.399
"UAM, Monticello",rel_sw_12in,100,0.37,0.448,0.925,0.394
"UAM, Monticello",rel_sw_12in,101,0.368,0.441,0.888,0.39
"UAM, Monticello",rel_sw_12in,102,0.365,0.455,0.953,0.386
"UAM, Monticello",rel_sw_12in,103,0.363,0.479,0.993,0.383
"UAM, Monticello",rel_sw_12in,104,0.361,0.47,0.976,0.38
"UAM, Monticello",rel_sw_12in,105,0.358,0.461,0.957,0.377
"UAM, Monticello",rel_sw_12in,106,0.356,0.442,0.945,0.375
"UAM, Monticello",rel_sw_12in,107,0.367,0.434,0.934,0.372
"UAM, Monticello",rel_sw_12in,108,0.377,0.436,0.949,0.395
"UAM, Monticello",rel_sw_12in,109,0.374,0.426,0.925,0.382
"UAM, Monticello",rel_sw_12in,110,0.372,0.429,0.997,0.379
"UAM, Monticello",rel_sw_12in,111,0.37,0.426,0.982,0.377
"UAM, Monticello",rel_sw_12in,112,0.368,0.438,0.95,0.375
"UAM, Monticello",rel_sw_12in,113,0.375,0.436,0.993,0.372
"UAM, Monticello",rel_sw_12in,114,0.374,0.437,0.986,0.495
"UAM, Monticello",rel_sw_12in,115,0.372,0.453,0.982,0.532
"UAM, Monticello",rel_sw_12in,116,0.374,0.453,0.969,0.51
"UAM, Monticello",rel_sw_12in,117,0.372,0.447,0.954,0.48
"UAM, Monticello",rel_sw_12in,118,0.369,0.436,0.961,0.482
"UAM, Monticello",rel_sw_12in,119,0.367,0.427,0.983,0.506
"UAM, Monticello",rel_sw_12in,120,0.365,0.43,0.983,0.48
"UAM, Monticello",rel_sw_12in,121,0.363,0.434,0.945,0.465
"UAM, Monticello",rel_sw_12in,122,0.375,0.438,0.914,0.437
"UAM, Monticello",rel_sw_12in,123,0.377,0.461,0.935,0.42
"UAM, Monticello",rel_sw_12in,124,0.372,0.463,0.987,0.408
"UAM, Monticello",rel_sw_12in,125,0.37,0.451,0.985,0.4
"UAM, Monticello",rel_sw_12in,126,0.368,0.436,0.944,0.412
"UAM, Monticello",rel_sw_12in,127,0.365,0.428,0.911,0.391
"UAM, Monticello",rel_sw_12in,128,0.371,0.427,0.925,0.389
"UAM, Monticello",rel_sw_12in,129,0.369,0.422,0.907,0.385
"UAM, Monticello",rel_sw_12in,130,0.367,0.428,0.905,0.382
"UAM, Monticello",rel_sw_12in,131,0.364,0.423,0.875,0.379
"UAM, Monticello",rel_sw_12in,132,0.362,0.417,0.856,0.376
"UAM, Monticello",rel_sw_12in,133,0.36,0.42,0.842,0.373
"UAM, Monticello",rel_sw_12in,134,0.358,0.427,0.831,0.371
"UAM, Monticello",rel_sw_12in,135,0.356,0.413,0.855,0.369
"UAM, Monticello",rel_sw_12in,136,0.354,0.415,0.838,0.367
"UAM, Monticello",rel_sw_12in,137,0.352,0.411,0.837,0.364
"UAM, Monticello",rel_sw_12in,138,0.35,0.411,0.894,0.362
"UAM, Monticello",rel_sw_12in,139,0.348,0.416,0.851,0.405
"UAM, Monticello",rel_sw_12in,140,0.346,0.417,0.817,0.394
"UAM, Monticello",rel_sw_12in,141,0.351,0.419,0.787,0.471
"UAM, Monticello",rel_sw_12in,142,0.345,0.411,0.769,0.492
"UAM, Monticello",rel_sw_12in,143,0.343,0.403,0.748,0.564
"UAM, Monticello",rel_sw_12in,144,0.341,0.4,0.762,0.521
"UAM, Monticello",rel_sw_12in,145,0.34,0.4,0.85,0.49
"UAM, Monticello",rel_sw_12in,146,0.338,0.393,0.831,0.46
"UAM, Monticello",rel_sw_12in,147,0.354,0.41,0.808,0.438
"UAM, Monticello",rel_sw_12in,148,0.386,0.417,0.806,0.517
"UAM, Monticello",rel_sw_12in,149,0.384,0.439,0.772,0.495
"UAM, Monticello",rel_sw_12in,150,0.386,0.438,0.736,0.461
"UAM, Monticello",rel_sw_12in,151,0.384,0.428,0.705,0.437
"UAM, Monticello",rel_sw_12in,152,0.383,0.429,0.675,0.419
"UAM, Monticello",rel_sw_12in,153,0.384,0.43,0.738,0.406
"UAM, Monticello",rel_sw_12in,154,0.381,0.429,0.827,0.396
"UAM, Monticello",rel_sw_12in,155,0.383,0.419,0.797,0.388
"UAM, Monticello",rel_sw_12in,156,0.38,0.418,0.776,0.393
"UAM, Monticello",rel_sw_12in,157,0.375,0.419,0.743,0.386
"UAM, Monticello",rel_sw_12in,158,0.377,0.411,0.713,0.437
"UAM, Monticello",rel_sw_12in,159,0.371,0.412,0.71,0.435
"UAM, Monticello",rel_sw_12in,160,0.368,0.41,0.776,0.409
"UAM, Monticello",rel_sw_12in,161,0.379,0.409,0.762,0.392
"UAM, Monticello",rel_sw_12in,162,0.379,0.403,0.721,0.379
"UAM, Monticello",rel_sw_12in,163,0.366,0.401,0.696,0.399
"UAM, Monticello",rel_sw_12in,164,0.374,0.415,0.675,0.375
"UAM, Monticello",rel_sw_12in,165,0.362,0.408,0.658,0.396
"UAM, Monticello",rel_sw_12in,166,0.362,0.399,0.64,0.399
"UAM, Monticello",rel_sw_12in,167,0.357,0.403,0.623,0.375
"UAM, Monticello",rel_sw_12in,168,0.364,0.398,0.587,0.388
"UAM, Monticello",rel_sw_12in,169,0.357,0.404,0.551,0.369
"UAM, Monticello",rel_sw_12in,170,0.354,0.406,0.514,0.47
"UAM, Monticello",rel_sw_12in,171,0.352,0.395,0.511,0.528
"UAM, Monticello",rel_sw_12in,172,0.357,0.4,0.564,0.516
"UAM, Monticello",rel_sw_12in,173,0.345,0.388,0.569,0.511
"UAM, Monticello",rel_sw_12in,174,0.354,0.392,0.6,0.521
"UAM, Monticello",rel_sw_12in,175,0.333,0.382,0.591,0.526
"UAM, Monticello",rel_sw_12in,176,0.342,0.393,0.603,0.48
"UAM, Monticello",rel_sw_12in,177,0.334,0.39,0.596,0.446
"UAM, Monticello",rel_sw_12in,178,0.339,0.394,0.641,0.41
"UAM, Monticello",rel_sw_12in,179,0.327,0.408,0.689,0.384
"UAM, Monticello",rel_sw_12in,180,0.344,0.391,0.674,0.393
"UAM, Monticello",rel_sw_12in,181,0.338,0.393,0.756,0.365
"UAM, Monticello",rel_sw_12in,182,0.324,0.396,0.843,0.396
"UAM, Monticello",rel_sw_12in,183,0.338,0.394,0.796,0.384
"UAM, Monticello",rel_sw_12in,184,0.322,0.389,0.751,0.366
"UAM, Monticello",rel_sw_12in,185,0.327,0.398,0.673,0.428
"UAM, Monticello",rel_sw_12in,186,0.319,0.389,0.638,0.436
"UAM, Monticello",rel_sw_12in,187,0.344,0.384,0.619,0.429
"UAM, Monticello",rel_sw_12in,188,0.32,0.384,0.604,0.417
"UAM, Monticello",rel_sw_12in,189,0.329,0.376,0.572,0.406
"UAM, Monticello",rel_sw_12in,190,0.315,0.388,0.613,0.395
"UAM, Monticello",rel_sw_12in,191,0.335,0.383,0.631,0.376
"UAM, Monticello",rel_sw_12in,192,0.313,0.388,0.586,0.403
"UAM, Monticello",rel_sw_12in,193,0.301,0.387,0.657,0.43
"UAM, Monticello",rel_sw_12in,194,0.325,0.39,0.673,0.419
"UAM, Monticello",rel_sw_12in,195,0.338,0.382,0.617,0.425
"UAM, Monticello",rel_sw_12in,196,0.32,0.384,0.585,0.44
"UAM, Monticello",rel_sw_12in,197,0.33,0.381,0.622,0.418
"UAM, Monticello",rel_sw_12in,198,0.308,0.377,0.577,0.409
"UAM, Monticello",rel_sw_12in,199,0.323,0.385,0.555,0.384
"UAM, Monticello",rel_sw_12in,200,0.303,0.376,0.606,0.357
"UAM, Monticello",rel_sw_12in,201,0.316,0.374,0.578,0.392
"UAM, Monticello",rel_sw_12in,202,0.301,0.384,0.537,0.388
"UAM, Monticello",rel_sw_12in,203,0.317,0.366,0.518,0.382
"UAM, Monticello",rel_sw_12in,204,0.313,0.374,0.487,0.374
"UAM, Monticello",rel_sw_12in,205,0.31,0.369,0.461,0.397
"UAM, Monticello",rel_sw_12in,206,0.302,0.372,0.504,0.382
"UAM, Monticello",rel_sw_12in,207,0.303,0.367,0.574,0.36
"UAM, Monticello",rel_sw_12in,208,0.309,0.377,0.542,0.365
"UAM, Monticello",rel_sw_12in,209,0.297,0.373,0.541,0.339
"UAM, Monticello",rel_sw_12in,210,0.315,0.37,0.621,0.398
"UAM, Monticello",rel_sw_12in,211,0.306,0.386,0.634,0.426
"UAM, Monticello",rel_sw_12in,212,0.309,0.376,0.576,0.443
"UAM, Monticello",rel_sw_12in,213,0.301,0.372,0.6,0.423
"UAM, Monticello",rel_sw_12in,214,0.304,0.368,0.563,NA
"UAM, Monticello",rel_sw_12in,215,0.294,0.362,0.586,NA
"UAM, Monticello",rel_sw_12in,216,0.292,0.366,0.552,NA
"UAM, Monticello",rel_sw_12in,217,0.291,0.361,0.497,NA
"UAM, Monticello",rel_sw_12in,218,0.294,0.362,0.59,NA
"UAM, Monticello",rel_sw_12in,219,0.292,0.357,0.56,NA
"UAM, Monticello",rel_sw_12in,220,0.288,0.364,0.521,NA
"UAM, Monticello",rel_sw_12in,221,0.284,0.361,0.509,NA
"UAM, Monticello",rel_sw_12in,222,0.304,0.369,0.48,NA
"UAM, Monticello",rel_sw_12in,223,0.295,0.372,0.519,NA
"UAM, Monticello",rel_sw_12in,224,0.287,0.37,0.593,NA
"UAM, Monticello",rel_sw_12in,225,0.285,0.368,0.695,NA
"UAM, Monticello",rel_sw_12in,226,0.298,0.369,0.623,NA
"UAM, Monticello",rel_sw_12in,227,0.295,0.359,0.555,NA
"UAM, Monticello",rel_sw_12in,228,0.29,0.358,0.608,NA
"UAM, Monticello",rel_sw_12in,229,0.285,0.355,0.648,NA
"UAM, Monticello",rel_sw_12in,230,0.296,0.361,0.64,NA
"UAM, Monticello",rel_sw_12in,231,0.294,0.356,0.622,NA
"UAM, Monticello",rel_sw_12in,232,0.283,0.357,0.583,NA
"UAM, Monticello",rel_sw_12in,233,0.281,0.358,0.602,NA
"UAM, Monticello",rel_sw_12in,234,0.291,0.355,0.593,NA
"UAM, Monticello",rel_sw_12in,235,0.283,0.357,0.618,NA
"UAM, Monticello",rel_sw_12in,236,0.28,0.351,0.593,NA
"UAM, Monticello",rel_sw_12in,237,0.281,0.345,0.551,NA
"UAM, Monticello",rel_sw_12in,238,0.286,0.343,0.533,NA
"UAM, Monticello",rel_sw_12in,239,0.276,0.353,0.509,NA
"UAM, Monticello",rel_sw_12in,240,0.282,0.343,0.662,NA
"UAM, Monticello",rel_sw_12in,241,0.302,0.354,0.658,NA
"UAM, Monticello",rel_sw_12in,242,0.28,0.344,0.613,NA
"UAM, Monticello",rel_sw_12in,243,0.282,0.356,0.623,NA
"UAM, Monticello",rel_sw_12in,244,0.286,0.355,0.617,NA
"UAM, Monticello",rel_sw_12in,245,0.282,0.359,0.622,NA
"UAM, Monticello",rel_sw_12in,246,0.281,0.356,0.641,NA
"UAM, Monticello",rel_sw_12in,247,0.282,0.365,0.775,NA
"UAM, Monticello",rel_sw_12in,248,0.278,0.383,0.743,NA
"UAM, Monticello",rel_sw_12in,249,0.288,0.383,0.678,NA
"UAM, Monticello",rel_sw_12in,250,0.286,0.37,0.606,NA
"UAM, Monticello",rel_sw_12in,251,0.299,0.374,0.543,NA
"UAM, Monticello",rel_sw_12in,252,0.29,0.388,0.556,NA
"UAM, Monticello",rel_sw_12in,253,0.287,0.379,0.527,NA
"UAM, Monticello",rel_sw_12in,254,0.305,0.397,0.508,NA
"UAM, Monticello",rel_sw_12in,255,0.306,0.39,0.563,NA
"UAM, Monticello",rel_sw_12in,256,0.298,0.389,0.611,NA
"UAM, Monticello",rel_sw_12in,257,0.324,0.386,0.666,NA
"UAM, Monticello",rel_sw_12in,258,0.307,0.38,0.744,NA
"UAM, Monticello",rel_sw_12in,259,0.314,0.375,0.722,NA
"UAM, Monticello",rel_sw_12in,260,0.309,0.385,0.717,NA
"UAM, Monticello",rel_sw_12in,261,0.305,0.38,0.696,NA
"UAM, Monticello",rel_sw_12in,262,0.301,0.384,0.643,NA
"UAM, Monticello",rel_sw_12in,263,0.315,0.38,0.579,NA
"UAM, Monticello",rel_sw_12in,264,0.31,0.382,0.567,NA
"UAM, Monticello",rel_sw_12in,265,0.307,0.384,0.543,NA
"UAM, Monticello",rel_sw_12in,266,0.303,0.392,0.572,NA
"UAM, Monticello",rel_sw_12in,267,0.302,0.406,0.623,NA
"UAM, Monticello",rel_sw_12in,268,0.303,0.403,0.641,NA
"UAM, Monticello",rel_sw_12in,269,0.299,0.397,0.599,NA
"UAM, Monticello",rel_sw_12in,270,0.296,0.393,0.558,NA
"UAM, Monticello",rel_sw_12in,271,0.293,0.386,0.623,NA
"UAM, Monticello",rel_sw_12in,272,0.29,0.386,0.579,NA
"UAM, Monticello",rel_sw_12in,273,0.288,0.399,0.535,NA
"UAM, Monticello",rel_sw_12in,274,0.285,0.394,0.596,NA
"UAM, Monticello",rel_sw_12in,275,0.283,0.394,0.647,NA
"UAM, Monticello",rel_sw_12in,276,0.28,0.388,0.595,NA
"UAM, Monticello",rel_sw_12in,277,0.278,0.388,0.601,NA
"UAM, Monticello",rel_sw_12in,278,0.276,0.385,0.57,NA
"UAM, Monticello",rel_sw_12in,279,0.276,0.394,0.571,NA
"UAM, Monticello",rel_sw_12in,280,0.274,0.384,0.551,NA
"UAM, Monticello",rel_sw_12in,281,0.272,0.393,0.6,NA
"UAM, Monticello",rel_sw_12in,282,0.27,0.394,0.588,NA
"UAM, Monticello",rel_sw_12in,283,0.268,0.395,0.611,NA
"UAM, Monticello",rel_sw_12in,284,0.266,0.392,0.734,NA
"UAM, Monticello",rel_sw_12in,285,0.265,0.389,0.694,NA
"UAM, Monticello",rel_sw_12in,286,0.263,0.389,0.768,NA
"UAM, Monticello",rel_sw_12in,287,0.261,0.387,0.722,NA
"UAM, Monticello",rel_sw_12in,288,0.26,0.388,0.733,NA
"UAM, Monticello",rel_sw_12in,289,0.258,0.405,0.722,NA
"UAM, Monticello",rel_sw_12in,290,0.256,0.409,0.691,NA
"UAM, Monticello",rel_sw_12in,291,0.255,0.414,0.661,NA
"UAM, Monticello",rel_sw_12in,292,0.253,0.411,0.646,NA
"UAM, Monticello",rel_sw_12in,293,0.252,0.403,0.633,NA
"UAM, Monticello",rel_sw_12in,294,0.25,0.405,0.586,NA
"UAM, Monticello",rel_sw_12in,295,0.249,0.398,0.674,NA
"UAM, Monticello",rel_sw_12in,296,0.286,0.403,0.67,NA
"UAM, Monticello",rel_sw_12in,297,0.295,0.409,0.654,NA
"UAM, Monticello",rel_sw_12in,298,0.293,0.432,0.641,NA
"UAM, Monticello",rel_sw_12in,299,0.317,0.417,0.639,NA
"UAM, Monticello",rel_sw_12in,300,0.328,0.435,0.719,NA
"UAM, Monticello",rel_sw_12in,301,0.328,0.431,0.744,NA
"UAM, Monticello",rel_sw_12in,302,0.327,0.421,0.817,NA
"UAM, Monticello",rel_sw_12in,303,0.325,0.417,0.956,NA
"UAM, Monticello",rel_sw_12in,304,0.324,0.425,0.923,NA
"UAM, Monticello",rel_sw_12in,305,0.343,0.425,0.891,NA
"UAM, Monticello",rel_sw_12in,306,0.341,0.434,0.876,NA
"UAM, Monticello",rel_sw_12in,307,0.357,0.433,0.86,NA
"UAM, Monticello",rel_sw_12in,308,0.355,0.428,0.849,NA
"UAM, Monticello",rel_sw_12in,309,0.354,0.434,0.839,NA
"UAM, Monticello",rel_sw_12in,310,0.352,0.442,0.829,NA
"UAM, Monticello",rel_sw_12in,311,0.35,0.426,0.802,NA
"UAM, Monticello",rel_sw_12in,312,0.357,0.427,0.775,NA
"UAM, Monticello",rel_sw_12in,313,0.355,0.437,0.748,NA
"UAM, Monticello",rel_sw_12in,314,0.352,0.425,0.721,NA
"UAM, Monticello",rel_sw_12in,315,0.35,0.424,0.694,NA
"UAM, Monticello",rel_sw_12in,316,0.349,0.427,0.686,NA
"UAM, Monticello",rel_sw_12in,317,0.347,0.425,0.678,NA
"UAM, Monticello",rel_sw_12in,318,0.346,0.422,0.67,NA
"UAM, Monticello",rel_sw_12in,319,0.344,0.427,0.674,NA
"UAM, Monticello",rel_sw_12in,320,0.343,0.427,0.69,NA
"UAM, Monticello",rel_sw_12in,321,0.341,0.419,0.663,NA
"UAM, Monticello",rel_sw_12in,322,0.34,0.411,0.636,NA
"UAM, Monticello",rel_sw_12in,323,0.358,0.42,0.604,NA
"UAM, Monticello",rel_sw_12in,324,0.356,0.419,0.576,NA
"UAM, Monticello",rel_sw_12in,325,0.353,0.429,0.551,NA
"UAM, Monticello",rel_sw_12in,326,0.358,0.425,0.58,NA
"UAM, Monticello",rel_sw_12in,327,0.361,0.422,0.676,NA
"UAM, Monticello",rel_sw_12in,328,0.359,0.424,0.72,NA
"UAM, Monticello",rel_sw_12in,329,0.367,0.433,0.736,NA
"UAM, Monticello",rel_sw_12in,330,0.365,0.444,0.675,NA
"UAM, Monticello",rel_sw_12in,331,0.363,0.439,0.634,NA
"UAM, Monticello",rel_sw_12in,332,0.361,0.45,0.736,NA
"UAM, Monticello",rel_sw_12in,333,0.359,0.456,0.849,NA
"UAM, Monticello",rel_sw_12in,334,0.357,0.461,0.776,NA
"UAM, Monticello",rel_sw_12in,335,0.356,0.459,0.696,NA
"UAM, Monticello",rel_sw_12in,336,0.354,0.44,0.732,NA
"UAM, Monticello",rel_sw_12in,337,0.352,0.444,0.676,NA
"UAM, Monticello",rel_sw_12in,338,0.361,0.439,0.637,NA
"UAM, Monticello",rel_sw_12in,339,0.361,0.451,0.654,NA
"UAM, Monticello",rel_sw_12in,340,0.359,0.447,0.624,NA
"UAM, Monticello",rel_sw_12in,341,0.386,0.446,0.586,NA
"UAM, Monticello",rel_sw_12in,342,0.382,0.452,0.66,NA
"UAM, Monticello",rel_sw_12in,343,0.379,0.446,0.68,NA
"UAM, Monticello",rel_sw_12in,344,0.377,0.465,0.657,NA
"UAM, Monticello",rel_sw_12in,345,0.382,0.451,0.633,NA
"UAM, Monticello",rel_sw_12in,346,0.379,0.457,0.662,NA
"UAM, Monticello",rel_sw_12in,347,0.38,0.474,0.779,NA
"UAM, Monticello",rel_sw_12in,348,0.377,0.466,0.775,NA
"UAM, Monticello",rel_sw_12in,349,0.373,0.47,0.773,NA
"UAM, Monticello",rel_sw_12in,350,0.385,0.469,0.859,NA
"UAM, Monticello",rel_sw_12in,351,0.392,0.464,0.951,NA
"UAM, Monticello",rel_sw_12in,352,0.388,0.457,0.919,NA
"UAM, Monticello",rel_sw_12in,353,0.384,0.461,0.889,NA
"UAM, Monticello",rel_sw_12in,354,0.385,0.46,0.858,NA
"UAM, Monticello",rel_sw_12in,355,0.381,0.46,0.827,NA
"UAM, Monticello",rel_sw_12in,356,0.377,0.453,0.883,NA
"UAM, Monticello",rel_sw_12in,357,0.374,0.458,0.869,NA
"UAM, Monticello",rel_sw_12in,358,0.371,0.468,0.856,NA
"UAM, Monticello",rel_sw_12in,359,0.368,0.455,0.846,NA
"UAM, Monticello",rel_sw_12in,360,0.365,0.461,0.833,NA
"UAM, Monticello",rel_sw_12in,361,0.363,0.48,0.82,NA
"UAM, Monticello",rel_sw_12in,362,0.367,0.476,0.808,NA
"UAM, Monticello",rel_sw_12in,363,0.36,0.493,0.78,NA
"UAM, Monticello",rel_sw_12in,364,0.358,0.486,0.753,NA
"UAM, Monticello",rel_sw_12in,365,0.356,0.468,0.726,NA
"UAM, Monticello",rel_sw_12in,366,0.402,0.502,0.658,NA
"UAM, Monticello",rel_sw_24in,1,0.491,0.494,0.545,0.491
"UAM, Monticello",rel_sw_24in,2,0.488,0.494,0.61,0.49
"UAM, Monticello",rel_sw_24in,3,0.486,0.496,0.626,0.489
"UAM, Monticello",rel_sw_24in,4,0.483,0.505,0.625,0.486
"UAM, Monticello",rel_sw_24in,5,0.479,0.516,0.623,0.483
"UAM, Monticello",rel_sw_24in,6,0.476,0.536,0.616,0.479
"UAM, Monticello",rel_sw_24in,7,0.473,0.536,0.658,0.476
"UAM, Monticello",rel_sw_24in,8,0.47,0.534,0.663,0.475
"UAM, Monticello",rel_sw_24in,9,0.469,0.547,0.661,0.527
"UAM, Monticello",rel_sw_24in,10,0.471,0.545,0.662,0.542
"UAM, Monticello",rel_sw_24in,11,0.47,0.554,0.691,0.539
"UAM, Monticello",rel_sw_24in,12,0.468,0.552,0.716,0.536
"UAM, Monticello",rel_sw_24in,13,0.467,0.546,0.748,0.531
"UAM, Monticello",rel_sw_24in,14,0.466,0.54,0.759,0.527
"UAM, Monticello",rel_sw_24in,15,0.464,0.534,0.761,0.52
"UAM, Monticello",rel_sw_24in,16,0.466,0.535,0.755,0.514
"UAM, Monticello",rel_sw_24in,17,0.464,0.543,0.74,0.508
"UAM, Monticello",rel_sw_24in,18,0.463,0.55,0.724,0.502
"UAM, Monticello",rel_sw_24in,19,0.462,0.56,0.708,0.497
"UAM, Monticello",rel_sw_24in,20,0.46,0.554,0.692,0.492
"UAM, Monticello",rel_sw_24in,21,0.459,0.553,0.712,0.533
"UAM, Monticello",rel_sw_24in,22,0.458,0.556,0.715,0.528
"UAM, Monticello",rel_sw_24in,23,0.458,0.557,0.719,0.533
"UAM, Monticello",rel_sw_24in,24,0.457,0.574,0.762,0.574
"UAM, Monticello",rel_sw_24in,25,0.455,0.578,0.791,0.598
"UAM, Monticello",rel_sw_24in,26,0.454,0.574,0.826,0.596
"UAM, Monticello",rel_sw_24in,27,0.454,0.581,0.855,0.592
"UAM, Monticello",rel_sw_24in,28,0.455,0.567,0.845,0.584
"UAM, Monticello",rel_sw_24in,29,0.465,0.554,0.832,0.575
"UAM, Monticello",rel_sw_24in,30,0.463,0.547,0.816,0.566
"UAM, Monticello",rel_sw_24in,31,0.462,0.542,0.799,0.556
"UAM, Monticello",rel_sw_24in,32,0.46,0.552,0.782,0.544
"UAM, Monticello",rel_sw_24in,33,0.467,0.545,0.798,0.531
"UAM, Monticello",rel_sw_24in,34,0.473,0.55,0.859,0.542
"UAM, Monticello",rel_sw_24in,35,0.476,0.562,0.855,0.531
"UAM, Monticello",rel_sw_24in,36,0.482,0.557,0.839,0.521
"UAM, Monticello",rel_sw_24in,37,0.479,0.568,0.825,0.51
"UAM, Monticello",rel_sw_24in,38,0.476,0.571,0.808,0.5
"UAM, Monticello",rel_sw_24in,39,0.473,0.565,0.815,0.494
"UAM, Monticello",rel_sw_24in,40,0.471,0.557,0.858,0.488
"UAM, Monticello",rel_sw_24in,41,0.469,0.556,0.886,0.484
"UAM, Monticello",rel_sw_24in,42,0.467,0.554,0.879,0.483
"UAM, Monticello",rel_sw_24in,43,0.466,0.573,0.9,0.478
"UAM, Monticello",rel_sw_24in,44,0.464,0.575,0.896,0.475
"UAM, Monticello",rel_sw_24in,45,0.467,0.565,0.888,0.502
"UAM, Monticello",rel_sw_24in,46,0.466,0.572,0.891,0.54
"UAM, Monticello",rel_sw_24in,47,0.479,0.58,0.882,0.537
"UAM, Monticello",rel_sw_24in,48,0.475,0.581,0.889,0.535
"UAM, Monticello",rel_sw_24in,49,0.472,0.576,0.91,0.532
"UAM, Monticello",rel_sw_24in,50,0.482,0.576,0.919,0.525
"UAM, Monticello",rel_sw_24in,51,0.478,0.566,0.947,0.52
"UAM, Monticello",rel_sw_24in,52,0.475,0.571,0.93,0.518
"UAM, Monticello",rel_sw_24in,53,0.472,0.576,0.915,0.511
"UAM, Monticello",rel_sw_24in,54,0.469,0.578,0.922,0.504
"UAM, Monticello",rel_sw_24in,55,0.476,0.588,0.923,0.499
"UAM, Monticello",rel_sw_24in,56,0.475,0.587,0.915,0.494
"UAM, Monticello",rel_sw_24in,57,0.472,0.59,0.912,0.489
"UAM, Monticello",rel_sw_24in,58,0.469,0.58,0.903,0.485
"UAM, Monticello",rel_sw_24in,59,0.467,0.579,0.89,0.482
"UAM, Monticello",rel_sw_24in,60,0.466,0.582,0.927,0.479
"UAM, Monticello",rel_sw_24in,61,0.464,0.575,0.909,0.476
"UAM, Monticello",rel_sw_24in,62,0.463,0.569,0.891,0.474
"UAM, Monticello",rel_sw_24in,63,0.462,0.567,0.898,0.472
"UAM, Monticello",rel_sw_24in,64,0.46,0.559,0.9,0.47
"UAM, Monticello",rel_sw_24in,65,0.459,0.55,0.913,0.469
"UAM, Monticello",rel_sw_24in,66,0.458,0.561,0.906,0.502
"UAM, Monticello",rel_sw_24in,67,0.457,0.571,0.941,0.515
"UAM, Monticello",rel_sw_24in,68,0.456,0.586,0.924,0.53
"UAM, Monticello",rel_sw_24in,69,0.457,0.593,0.908,0.537
"UAM, Monticello",rel_sw_24in,70,0.474,0.585,0.896,0.607
"UAM, Monticello",rel_sw_24in,71,0.472,0.583,0.912,0.6
"UAM, Monticello",rel_sw_24in,72,0.471,0.622,0.908,0.592
"UAM, Monticello",rel_sw_24in,73,0.477,0.613,0.944,0.586
"UAM, Monticello",rel_sw_24in,74,0.473,0.599,0.964,0.593
"UAM, Monticello",rel_sw_24in,75,0.47,0.603,0.968,0.58
"UAM, Monticello",rel_sw_24in,76,0.468,0.594,0.966,0.567
"UAM, Monticello",rel_sw_24in,77,0.467,0.59,0.973,0.554
"UAM, Monticello",rel_sw_24in,78,0.465,0.58,0.988,0.542
"UAM, Monticello",rel_sw_24in,79,0.478,0.568,0.979,0.531
"UAM, Monticello",rel_sw_24in,80,0.477,0.574,0.999,0.521
"UAM, Monticello",rel_sw_24in,81,0.475,0.571,0.983,0.511
"UAM, Monticello",rel_sw_24in,82,0.474,0.566,0.998,0.503
"UAM, Monticello",rel_sw_24in,83,0.473,0.564,0.998,0.496
"UAM, Monticello",rel_sw_24in,84,0.472,0.579,0.994,0.49
"UAM, Monticello",rel_sw_24in,85,0.47,0.573,0.986,0.485
"UAM, Monticello",rel_sw_24in,86,0.472,0.594,0.977,0.481
"UAM, Monticello",rel_sw_24in,87,0.469,0.582,0.971,0.477
"UAM, Monticello",rel_sw_24in,88,0.468,0.582,0.994,0.474
"UAM, Monticello",rel_sw_24in,89,0.467,0.585,0.976,0.472
"UAM, Monticello",rel_sw_24in,90,0.471,0.588,0.998,0.47
"UAM, Monticello",rel_sw_24in,91,0.469,0.576,0.995,0.468
"UAM, Monticello",rel_sw_24in,92,0.468,0.573,0.977,0.466
"UAM, Monticello",rel_sw_24in,93,0.467,0.58,0.96,0.469
"UAM, Monticello",rel_sw_24in,94,0.469,0.578,0.956,0.521
"UAM, Monticello",rel_sw_24in,95,0.466,0.575,0.981,0.513
"UAM, Monticello",rel_sw_24in,96,0.465,0.575,0.996,0.508
"UAM, Monticello",rel_sw_24in,97,0.475,0.576,0.978,0.504
"UAM, Monticello",rel_sw_24in,98,0.474,0.563,0.981,0.501
"UAM, Monticello",rel_sw_24in,99,0.473,0.566,0.969,0.498
"UAM, Monticello",rel_sw_24in,100,0.472,0.576,0.962,0.494
"UAM, Monticello",rel_sw_24in,101,0.47,0.594,0.944,0.491
"UAM, Monticello",rel_sw_24in,102,0.468,0.586,0.976,0.487
"UAM, Monticello",rel_sw_24in,103,0.467,0.59,0.996,0.484
"UAM, Monticello",rel_sw_24in,104,0.466,0.592,0.988,0.481
"UAM, Monticello",rel_sw_24in,105,0.464,0.584,0.978,0.479
"UAM, Monticello",rel_sw_24in,106,0.463,0.578,0.972,0.477
"UAM, Monticello",rel_sw_24in,107,0.468,0.57,0.967,0.474
"UAM, Monticello",rel_sw_24in,108,0.474,0.563,0.975,0.485
"UAM, Monticello",rel_sw_24in,109,0.48,0.564,0.963,0.478
"UAM, Monticello",rel_sw_24in,110,0.477,0.561,0.999,0.476
"UAM, Monticello",rel_sw_24in,111,0.474,0.565,0.991,0.475
"UAM, Monticello",rel_sw_24in,112,0.472,0.565,0.975,0.473
"UAM, Monticello",rel_sw_24in,113,0.477,0.559,0.996,0.472
"UAM, Monticello",rel_sw_24in,114,0.484,0.555,0.993,0.537
"UAM, Monticello",rel_sw_24in,115,0.481,0.562,0.991,0.564
"UAM, Monticello",rel_sw_24in,116,0.478,0.558,0.984,0.565
"UAM, Monticello",rel_sw_24in,117,0.476,0.557,0.977,0.56
"UAM, Monticello",rel_sw_24in,118,0.473,0.552,0.981,0.569
"UAM, Monticello",rel_sw_24in,119,0.471,0.548,0.991,0.589
"UAM, Monticello",rel_sw_24in,120,0.47,0.547,0.991,0.581
"UAM, Monticello",rel_sw_24in,121,0.468,0.542,0.972,0.577
"UAM, Monticello",rel_sw_24in,122,0.481,0.545,0.957,0.562
"UAM, Monticello",rel_sw_24in,123,0.48,0.555,0.967,0.551
"UAM, Monticello",rel_sw_24in,124,0.476,0.55,0.993,0.54
"UAM, Monticello",rel_sw_24in,125,0.474,0.559,0.992,0.53
"UAM, Monticello",rel_sw_24in,126,0.472,0.561,0.972,0.53
"UAM, Monticello",rel_sw_24in,127,0.47,0.549,0.956,0.513
"UAM, Monticello",rel_sw_24in,128,0.472,0.543,0.962,0.506
"UAM, Monticello",rel_sw_24in,129,0.471,0.544,0.954,0.499
"UAM, Monticello",rel_sw_24in,130,0.47,0.552,0.953,0.493
"UAM, Monticello",rel_sw_24in,131,0.469,0.555,0.938,0.488
"UAM, Monticello",rel_sw_24in,132,0.468,0.553,0.928,0.483
"UAM, Monticello",rel_sw_24in,133,0.467,0.549,0.921,0.479
"UAM, Monticello",rel_sw_24in,134,0.466,0.555,0.915,0.476
"UAM, Monticello",rel_sw_24in,135,0.465,0.55,0.928,0.474
"UAM, Monticello",rel_sw_24in,136,0.463,0.54,0.919,0.472
"UAM, Monticello",rel_sw_24in,137,0.462,0.542,0.918,0.47
"UAM, Monticello",rel_sw_24in,138,0.461,0.537,0.947,0.468
"UAM, Monticello",rel_sw_24in,139,0.46,0.527,0.925,0.489
"UAM, Monticello",rel_sw_24in,140,0.459,0.526,0.909,0.483
"UAM, Monticello",rel_sw_24in,141,0.461,0.522,0.894,0.524
"UAM, Monticello",rel_sw_24in,142,0.458,0.52,0.885,0.541
"UAM, Monticello",rel_sw_24in,143,0.457,0.513,0.874,0.589
"UAM, Monticello",rel_sw_24in,144,0.456,0.527,0.881,0.581
"UAM, Monticello",rel_sw_24in,145,0.455,0.527,0.925,0.577
"UAM, Monticello",rel_sw_24in,146,0.454,0.517,0.915,0.57
"UAM, Monticello",rel_sw_24in,147,0.462,0.515,0.904,0.562
"UAM, Monticello",rel_sw_24in,148,0.481,0.521,0.903,0.605
"UAM, Monticello",rel_sw_24in,149,0.479,0.532,0.886,0.597
"UAM, Monticello",rel_sw_24in,150,0.479,0.545,0.868,0.582
"UAM, Monticello",rel_sw_24in,151,0.48,0.552,0.852,0.569
"UAM, Monticello",rel_sw_24in,152,0.479,0.55,0.838,0.557
"UAM, Monticello",rel_sw_24in,153,0.478,0.549,0.869,0.544
"UAM, Monticello",rel_sw_24in,154,0.477,0.541,0.914,0.533
"UAM, Monticello",rel_sw_24in,155,0.479,0.54,0.898,0.521
"UAM, Monticello",rel_sw_24in,156,0.477,0.543,0.888,0.517
"UAM, Monticello",rel_sw_24in,157,0.474,0.533,0.872,0.507
"UAM, Monticello",rel_sw_24in,158,0.474,0.527,0.856,0.528
"UAM, Monticello",rel_sw_24in,159,0.472,0.525,0.855,0.525
"UAM, Monticello",rel_sw_24in,160,0.47,0.522,0.888,0.51
"UAM, Monticello",rel_sw_24in,161,0.478,0.52,0.881,0.5
"UAM, Monticello",rel_sw_24in,162,0.478,0.513,0.86,0.491
"UAM, Monticello",rel_sw_24in,163,0.471,0.51,0.848,0.498
"UAM, Monticello",rel_sw_24in,164,0.479,0.515,0.838,0.483
"UAM, Monticello",rel_sw_24in,165,0.468,0.52,0.829,0.491
"UAM, Monticello",rel_sw_24in,166,0.468,0.513,0.82,0.491
"UAM, Monticello",rel_sw_24in,167,0.47,0.504,0.811,0.477
"UAM, Monticello",rel_sw_24in,168,0.465,0.515,0.793,0.481
"UAM, Monticello",rel_sw_24in,169,0.463,0.513,0.774,0.469
"UAM, Monticello",rel_sw_24in,170,0.463,0.513,0.756,0.518
"UAM, Monticello",rel_sw_24in,171,0.458,0.514,0.736,0.552
"UAM, Monticello",rel_sw_24in,172,0.456,0.498,0.748,0.554
"UAM, Monticello",rel_sw_24in,173,0.449,0.493,0.766,0.561
"UAM, Monticello",rel_sw_24in,174,0.447,0.494,0.798,0.576
"UAM, Monticello",rel_sw_24in,175,0.429,0.486,0.793,0.588
"UAM, Monticello",rel_sw_24in,176,0.432,0.481,0.799,0.569
"UAM, Monticello",rel_sw_24in,177,0.42,0.468,0.795,0.553
"UAM, Monticello",rel_sw_24in,178,0.417,0.468,0.819,0.528
"UAM, Monticello",rel_sw_24in,179,0.412,0.47,0.793,0.505
"UAM, Monticello",rel_sw_24in,180,0.407,0.463,0.774,0.496
"UAM, Monticello",rel_sw_24in,181,0.399,0.467,0.77,0.47
"UAM, Monticello",rel_sw_24in,182,0.387,0.457,0.787,0.475
"UAM, Monticello",rel_sw_24in,183,0.39,0.447,0.791,0.46
"UAM, Monticello",rel_sw_24in,184,0.368,0.451,0.798,0.442
"UAM, Monticello",rel_sw_24in,185,0.367,0.44,0.788,0.467
"UAM, Monticello",rel_sw_24in,186,0.344,0.434,0.78,0.463
"UAM, Monticello",rel_sw_24in,187,0.348,0.419,0.791,0.453
"UAM, Monticello",rel_sw_24in,188,0.329,0.413,0.772,0.439
"UAM, Monticello",rel_sw_24in,189,0.331,0.401,0.752,0.425
"UAM, Monticello",rel_sw_24in,190,0.312,0.397,0.727,0.411
"UAM, Monticello",rel_sw_24in,191,0.315,0.394,0.701,0.393
"UAM, Monticello",rel_sw_24in,192,0.305,0.383,0.678,0.399
"UAM, Monticello",rel_sw_24in,193,0.284,0.387,0.698,0.407
"UAM, Monticello",rel_sw_24in,194,0.293,0.382,0.729,0.394
"UAM, Monticello",rel_sw_24in,195,0.291,0.367,0.719,0.391
"UAM, Monticello",rel_sw_24in,196,0.276,0.371,0.705,0.394
"UAM, Monticello",rel_sw_24in,197,0.279,0.36,0.708,0.378
"UAM, Monticello",rel_sw_24in,198,0.26,0.355,0.708,0.369
"UAM, Monticello",rel_sw_24in,199,0.274,0.347,0.694,0.35
"UAM, Monticello",rel_sw_24in,200,0.256,0.34,0.675,0.33
"UAM, Monticello",rel_sw_24in,201,0.263,0.326,0.655,0.341
"UAM, Monticello",rel_sw_24in,202,0.245,0.328,0.629,0.334
"UAM, Monticello",rel_sw_24in,203,0.248,0.321,0.605,0.326
"UAM, Monticello",rel_sw_24in,204,0.243,0.305,0.587,0.319
"UAM, Monticello",rel_sw_24in,205,0.241,0.317,0.565,0.327
"UAM, Monticello",rel_sw_24in,206,0.228,0.312,0.58,0.314
"UAM, Monticello",rel_sw_24in,207,0.231,0.308,0.572,0.298
"UAM, Monticello",rel_sw_24in,208,0.237,0.299,0.569,0.295
"UAM, Monticello",rel_sw_24in,209,0.224,0.306,0.553,0.277
"UAM, Monticello",rel_sw_24in,210,0.231,0.301,0.54,0.303
"UAM, Monticello",rel_sw_24in,211,0.215,0.291,0.529,0.314
"UAM, Monticello",rel_sw_24in,212,0.216,0.294,0.524,0.319
"UAM, Monticello",rel_sw_24in,213,0.225,0.293,0.533,0.305
"UAM, Monticello",rel_sw_24in,214,0.207,0.277,0.524,NA
"UAM, Monticello",rel_sw_24in,215,0.214,0.276,0.506,NA
"UAM, Monticello",rel_sw_24in,216,0.195,0.271,0.503,NA
"UAM, Monticello",rel_sw_24in,217,0.199,0.274,0.495,NA
"UAM, Monticello",rel_sw_24in,218,0.193,0.266,0.478,NA
"UAM, Monticello",rel_sw_24in,219,0.19,0.269,0.471,NA
"UAM, Monticello",rel_sw_24in,220,0.182,0.268,0.457,NA
"UAM, Monticello",rel_sw_24in,221,0.183,0.274,0.441,NA
"UAM, Monticello",rel_sw_24in,222,0.193,0.273,0.428,NA
"UAM, Monticello",rel_sw_24in,223,0.182,0.265,0.434,NA
"UAM, Monticello",rel_sw_24in,224,0.187,0.263,0.439,NA
"UAM, Monticello",rel_sw_24in,225,0.178,0.259,0.453,NA
"UAM, Monticello",rel_sw_24in,226,0.182,0.256,0.441,NA
"UAM, Monticello",rel_sw_24in,227,0.178,0.256,0.43,NA
"UAM, Monticello",rel_sw_24in,228,0.178,0.242,0.418,NA
"UAM, Monticello",rel_sw_24in,229,0.173,0.248,0.422,NA
"UAM, Monticello",rel_sw_24in,230,0.174,0.243,0.44,NA
"UAM, Monticello",rel_sw_24in,231,0.167,0.241,0.458,NA
"UAM, Monticello",rel_sw_24in,232,0.163,0.239,0.466,NA
"UAM, Monticello",rel_sw_24in,233,0.157,0.239,0.492,NA
"UAM, Monticello",rel_sw_24in,234,0.165,0.227,0.508,NA
"UAM, Monticello",rel_sw_24in,235,0.155,0.223,0.505,NA
"UAM, Monticello",rel_sw_24in,236,0.156,0.217,0.503,NA
"UAM, Monticello",rel_sw_24in,237,0.153,0.223,0.518,NA
"UAM, Monticello",rel_sw_24in,238,0.161,0.21,0.548,NA
"UAM, Monticello",rel_sw_24in,239,0.149,0.213,0.539,NA
"UAM, Monticello",rel_sw_24in,240,0.156,0.2,0.527,NA
"UAM, Monticello",rel_sw_24in,241,0.16,0.216,0.513,NA
"UAM, Monticello",rel_sw_24in,242,0.153,0.205,0.505,NA
"UAM, Monticello",rel_sw_24in,243,0.159,0.208,0.491,NA
"UAM, Monticello",rel_sw_24in,244,0.155,0.211,0.478,NA
"UAM, Monticello",rel_sw_24in,245,0.162,0.212,0.531,NA
"UAM, Monticello",rel_sw_24in,246,0.146,0.22,0.618,NA
"UAM, Monticello",rel_sw_24in,247,0.156,0.231,0.708,NA
"UAM, Monticello",rel_sw_24in,248,0.148,0.224,0.722,NA
"UAM, Monticello",rel_sw_24in,249,0.155,0.229,0.719,NA
"UAM, Monticello",rel_sw_24in,250,0.148,0.222,0.708,NA
"UAM, Monticello",rel_sw_24in,251,0.16,0.226,0.69,NA
"UAM, Monticello",rel_sw_24in,252,0.15,0.222,0.689,NA
"UAM, Monticello",rel_sw_24in,253,0.15,0.218,0.695,NA
"UAM, Monticello",rel_sw_24in,254,0.157,0.226,0.681,NA
"UAM, Monticello",rel_sw_24in,255,0.159,0.232,0.662,NA
"UAM, Monticello",rel_sw_24in,256,0.155,0.232,0.652,NA
"UAM, Monticello",rel_sw_24in,257,0.168,0.227,0.68,NA
"UAM, Monticello",rel_sw_24in,258,0.159,0.222,0.688,NA
"UAM, Monticello",rel_sw_24in,259,0.173,0.231,0.67,NA
"UAM, Monticello",rel_sw_24in,260,0.167,0.225,0.652,NA
"UAM, Monticello",rel_sw_24in,261,0.162,0.234,0.651,NA
"UAM, Monticello",rel_sw_24in,262,0.16,0.243,0.674,NA
"UAM, Monticello",rel_sw_24in,263,0.173,0.241,0.686,NA
"UAM, Monticello",rel_sw_24in,264,0.168,0.254,0.704,NA
"UAM, Monticello",rel_sw_24in,265,0.165,0.252,0.706,NA
"UAM, Monticello",rel_sw_24in,266,0.162,0.252,0.701,NA
"UAM, Monticello",rel_sw_24in,267,0.16,0.283,0.718,NA
"UAM, Monticello",rel_sw_24in,268,0.158,0.28,0.712,NA
"UAM, Monticello",rel_sw_24in,269,0.157,0.28,0.696,NA
"UAM, Monticello",rel_sw_24in,270,0.155,0.274,0.679,NA
"UAM, Monticello",rel_sw_24in,271,0.154,0.27,0.663,NA
"UAM, Monticello",rel_sw_24in,272,0.153,0.284,0.647,NA
"UAM, Monticello",rel_sw_24in,273,0.151,0.283,0.633,NA
"UAM, Monticello",rel_sw_24in,274,0.15,0.283,0.625,NA
"UAM, Monticello",rel_sw_24in,275,0.149,0.288,0.65,NA
"UAM, Monticello",rel_sw_24in,276,0.148,0.291,0.637,NA
"UAM, Monticello",rel_sw_24in,277,0.147,0.29,0.696,NA
"UAM, Monticello",rel_sw_24in,278,0.146,0.29,0.684,NA
"UAM, Monticello",rel_sw_24in,279,0.145,0.29,0.69,NA
"UAM, Monticello",rel_sw_24in,280,0.144,0.289,0.686,NA
"UAM, Monticello",rel_sw_24in,281,0.143,0.287,0.673,NA
"UAM, Monticello",rel_sw_24in,282,0.142,0.303,0.704,NA
"UAM, Monticello",rel_sw_24in,283,0.141,0.31,0.692,NA
"UAM, Monticello",rel_sw_24in,284,0.14,0.318,0.737,NA
"UAM, Monticello",rel_sw_24in,285,0.139,0.317,0.781,NA
"UAM, Monticello",rel_sw_24in,286,0.139,0.318,0.861,NA
"UAM, Monticello",rel_sw_24in,287,0.138,0.315,0.861,NA
"UAM, Monticello",rel_sw_24in,288,0.137,0.314,0.866,NA
"UAM, Monticello",rel_sw_24in,289,0.136,0.323,0.861,NA
"UAM, Monticello",rel_sw_24in,290,0.136,0.328,0.846,NA
"UAM, Monticello",rel_sw_24in,291,0.135,0.343,0.831,NA
"UAM, Monticello",rel_sw_24in,292,0.134,0.351,0.813,NA
"UAM, Monticello",rel_sw_24in,293,0.133,0.373,0.798,NA
"UAM, Monticello",rel_sw_24in,294,0.133,0.396,0.784,NA
"UAM, Monticello",rel_sw_24in,295,0.132,0.398,0.837,NA
"UAM, Monticello",rel_sw_24in,296,0.16,0.401,0.835,NA
"UAM, Monticello",rel_sw_24in,297,0.164,0.417,0.827,NA
"UAM, Monticello",rel_sw_24in,298,0.163,0.415,0.82,NA
"UAM, Monticello",rel_sw_24in,299,0.175,0.422,0.819,NA
"UAM, Monticello",rel_sw_24in,300,0.189,0.443,0.86,NA
"UAM, Monticello",rel_sw_24in,301,0.188,0.441,0.872,NA
"UAM, Monticello",rel_sw_24in,302,0.187,0.458,0.908,NA
"UAM, Monticello",rel_sw_24in,303,0.199,0.477,0.978,NA
"UAM, Monticello",rel_sw_24in,304,0.221,0.48,0.961,NA
"UAM, Monticello",rel_sw_24in,305,0.222,0.481,0.946,NA
"UAM, Monticello",rel_sw_24in,306,0.221,0.48,0.938,NA
"UAM, Monticello",rel_sw_24in,307,0.22,0.477,0.93,NA
"UAM, Monticello",rel_sw_24in,308,0.219,0.475,0.924,NA
"UAM, Monticello",rel_sw_24in,309,0.218,0.491,0.919,NA
"UAM, Monticello",rel_sw_24in,310,0.217,0.493,0.915,NA
"UAM, Monticello",rel_sw_24in,311,0.216,0.49,0.901,NA
"UAM, Monticello",rel_sw_24in,312,0.243,0.488,0.887,NA
"UAM, Monticello",rel_sw_24in,313,0.241,0.485,0.874,NA
"UAM, Monticello",rel_sw_24in,314,0.24,0.485,0.86,NA
"UAM, Monticello",rel_sw_24in,315,0.238,0.491,0.847,NA
"UAM, Monticello",rel_sw_24in,316,0.237,0.496,0.843,NA
"UAM, Monticello",rel_sw_24in,317,0.236,0.498,0.839,NA
"UAM, Monticello",rel_sw_24in,318,0.234,0.516,0.835,NA
"UAM, Monticello",rel_sw_24in,319,0.233,0.509,0.837,NA
"UAM, Monticello",rel_sw_24in,320,0.232,0.511,0.845,NA
"UAM, Monticello",rel_sw_24in,321,0.231,0.509,0.832,NA
"UAM, Monticello",rel_sw_24in,322,0.23,0.508,0.818,NA
"UAM, Monticello",rel_sw_24in,323,0.267,0.505,0.802,NA
"UAM, Monticello",rel_sw_24in,324,0.273,0.501,0.788,NA
"UAM, Monticello",rel_sw_24in,325,0.269,0.508,0.775,NA
"UAM, Monticello",rel_sw_24in,326,0.267,0.505,0.772,NA
"UAM, Monticello",rel_sw_24in,327,0.272,0.507,0.782,NA
"UAM, Monticello",rel_sw_24in,328,0.269,0.511,0.816,NA
"UAM, Monticello",rel_sw_24in,329,0.276,0.533,0.84,NA
"UAM, Monticello",rel_sw_24in,330,0.272,0.526,0.829,NA
"UAM, Monticello",rel_sw_24in,331,0.268,0.533,0.816,NA
"UAM, Monticello",rel_sw_24in,332,0.263,0.527,0.802,NA
"UAM, Monticello",rel_sw_24in,333,0.259,0.54,0.789,NA
"UAM, Monticello",rel_sw_24in,334,0.257,0.547,0.778,NA
"UAM, Monticello",rel_sw_24in,335,0.255,0.544,0.776,NA
"UAM, Monticello",rel_sw_24in,336,0.254,0.545,0.793,NA
"UAM, Monticello",rel_sw_24in,337,0.29,0.548,0.787,NA
"UAM, Monticello",rel_sw_24in,338,0.302,0.546,0.784,NA
"UAM, Monticello",rel_sw_24in,339,0.301,0.548,0.778,NA
"UAM, Monticello",rel_sw_24in,340,0.3,0.545,0.776,NA
"UAM, Monticello",rel_sw_24in,341,0.321,0.544,0.774,NA
"UAM, Monticello",rel_sw_24in,342,0.34,0.54,0.819,NA
"UAM, Monticello",rel_sw_24in,343,0.372,0.538,0.84,NA
"UAM, Monticello",rel_sw_24in,344,0.375,0.548,0.828,NA
"UAM, Monticello",rel_sw_24in,345,0.391,0.544,0.815,NA
"UAM, Monticello",rel_sw_24in,346,0.4,0.551,0.826,NA
"UAM, Monticello",rel_sw_24in,347,0.4,0.547,0.889,NA
"UAM, Monticello",rel_sw_24in,348,0.407,0.555,0.888,NA
"UAM, Monticello",rel_sw_24in,349,0.436,0.553,0.886,NA
"UAM, Monticello",rel_sw_24in,350,0.466,0.573,0.929,NA
"UAM, Monticello",rel_sw_24in,351,0.469,0.567,0.975,NA
"UAM, Monticello",rel_sw_24in,352,0.466,0.566,0.959,NA
"UAM, Monticello",rel_sw_24in,353,0.462,0.565,0.945,NA
"UAM, Monticello",rel_sw_24in,354,0.461,0.576,0.929,NA
"UAM, Monticello",rel_sw_24in,355,0.458,0.58,0.913,NA
"UAM, Monticello",rel_sw_24in,356,0.456,0.586,0.941,NA
"UAM, Monticello",rel_sw_24in,357,0.455,0.581,0.934,NA
"UAM, Monticello",rel_sw_24in,358,0.453,0.584,0.928,NA
"UAM, Monticello",rel_sw_24in,359,0.459,0.59,0.923,NA
"UAM, Monticello",rel_sw_24in,360,0.457,0.592,0.917,NA
"UAM, Monticello",rel_sw_24in,361,0.454,0.598,0.91,NA
"UAM, Monticello",rel_sw_24in,362,0.454,0.603,0.904,NA
"UAM, Monticello",rel_sw_24in,363,0.461,0.605,0.89,NA
"UAM, Monticello",rel_sw_24in,364,0.462,0.599,0.877,NA
"UAM, Monticello",rel_sw_24in,365,0.463,0.588,0.863,NA
"UAM, Monticello",rel_sw_24in,366,0.553,0.637,0.714,NA
"UAM, Monticello",rel_sw_6in,1,0.408,0.419,0.56,0.409
"UAM, Monticello",rel_sw_6in,2,0.394,0.419,0.697,0.403
"UAM, Monticello",rel_sw_6in,3,0.386,0.422,0.705,0.398
"UAM, Monticello",rel_sw_6in,4,0.374,0.426,0.601,0.389
"UAM, Monticello",rel_sw_6in,5,0.358,0.442,0.593,0.374
"UAM, Monticello",rel_sw_6in,6,0.348,0.443,0.673,0.362
"UAM, Monticello",rel_sw_6in,7,0.337,0.439,0.736,0.348
"UAM, Monticello",rel_sw_6in,8,0.325,0.452,0.64,0.345
"UAM, Monticello",rel_sw_6in,9,0.32,0.459,0.637,0.511
"UAM, Monticello",rel_sw_6in,10,0.33,0.447,0.7,0.519
"UAM, Monticello",rel_sw_6in,11,0.324,0.452,0.688,0.472
"UAM, Monticello",rel_sw_6in,12,0.319,0.433,0.726,0.444
"UAM, Monticello",rel_sw_6in,13,0.313,0.436,0.807,0.42
"UAM, Monticello",rel_sw_6in,14,0.309,0.427,0.756,0.407
"UAM, Monticello",rel_sw_6in,15,0.304,0.414,0.696,0.392
"UAM, Monticello",rel_sw_6in,16,0.309,0.427,0.605,0.381
"UAM, Monticello",rel_sw_6in,17,0.302,0.436,0.652,0.372
"UAM, Monticello",rel_sw_6in,18,0.298,0.457,0.764,0.365
"UAM, Monticello",rel_sw_6in,19,0.293,0.445,0.726,0.358
"UAM, Monticello",rel_sw_6in,20,0.289,0.436,0.717,0.352
"UAM, Monticello",rel_sw_6in,21,0.285,0.44,0.602,0.496
"UAM, Monticello",rel_sw_6in,22,0.281,0.458,0.679,0.46
"UAM, Monticello",rel_sw_6in,23,0.279,0.459,0.646,0.464
"UAM, Monticello",rel_sw_6in,24,0.275,0.444,0.769,0.568
"UAM, Monticello",rel_sw_6in,25,0.27,0.437,0.742,0.588
"UAM, Monticello",rel_sw_6in,26,0.267,0.437,0.735,0.532
"UAM, Monticello",rel_sw_6in,27,0.264,0.435,0.822,0.491
"UAM, Monticello",rel_sw_6in,28,0.269,0.426,0.688,0.452
"UAM, Monticello",rel_sw_6in,29,0.297,0.431,0.778,0.429
"UAM, Monticello",rel_sw_6in,30,0.293,0.429,0.736,0.416
"UAM, Monticello",rel_sw_6in,31,0.289,0.42,0.676,0.409
"UAM, Monticello",rel_sw_6in,32,0.286,0.424,0.657,0.393
"UAM, Monticello",rel_sw_6in,33,0.319,0.418,0.747,0.375
"UAM, Monticello",rel_sw_6in,34,0.336,0.422,0.852,0.443
"UAM, Monticello",rel_sw_6in,35,0.337,0.426,0.705,0.42
"UAM, Monticello",rel_sw_6in,36,0.333,0.449,0.668,0.404
"UAM, Monticello",rel_sw_6in,37,0.33,0.44,0.597,0.381
"UAM, Monticello",rel_sw_6in,38,0.325,0.435,0.656,0.363
"UAM, Monticello",rel_sw_6in,39,0.321,0.414,0.597,0.353
"UAM, Monticello",rel_sw_6in,40,0.317,0.413,0.625,0.345
"UAM, Monticello",rel_sw_6in,41,0.313,0.433,0.762,0.338
"UAM, Monticello",rel_sw_6in,42,0.309,0.434,0.797,0.344
"UAM, Monticello",rel_sw_6in,43,0.304,0.434,0.85,0.332
"UAM, Monticello",rel_sw_6in,44,0.3,0.435,0.7,0.326
"UAM, Monticello",rel_sw_6in,45,0.314,0.453,0.637,0.43
"UAM, Monticello",rel_sw_6in,46,0.31,0.447,0.639,0.536
"UAM, Monticello",rel_sw_6in,47,0.326,0.435,0.783,0.487
"UAM, Monticello",rel_sw_6in,48,0.321,0.434,0.653,0.454
"UAM, Monticello",rel_sw_6in,49,0.315,0.432,0.852,0.435
"UAM, Monticello",rel_sw_6in,50,0.328,0.437,0.906,0.41
"UAM, Monticello",rel_sw_6in,51,0.323,0.433,0.789,0.398
"UAM, Monticello",rel_sw_6in,52,0.318,0.431,0.72,0.399
"UAM, Monticello",rel_sw_6in,53,0.313,0.431,0.771,0.384
"UAM, Monticello",rel_sw_6in,54,0.309,0.442,0.738,0.374
"UAM, Monticello",rel_sw_6in,55,0.324,0.442,0.694,0.366
"UAM, Monticello",rel_sw_6in,56,0.319,0.457,0.662,0.359
"UAM, Monticello",rel_sw_6in,57,0.315,0.449,0.684,0.353
"UAM, Monticello",rel_sw_6in,58,0.31,0.449,0.772,0.347
"UAM, Monticello",rel_sw_6in,59,0.306,0.435,0.791,0.342
"UAM, Monticello",rel_sw_6in,60,0.302,0.434,0.797,0.337
"UAM, Monticello",rel_sw_6in,61,0.298,0.425,0.769,0.332
"UAM, Monticello",rel_sw_6in,62,0.294,0.406,0.653,0.328
"UAM, Monticello",rel_sw_6in,63,0.29,0.452,0.633,0.324
"UAM, Monticello",rel_sw_6in,64,0.287,0.434,0.664,0.32
"UAM, Monticello",rel_sw_6in,65,0.283,0.425,0.68,0.316
"UAM, Monticello",rel_sw_6in,66,0.28,0.413,0.748,0.439
"UAM, Monticello",rel_sw_6in,67,0.277,0.428,0.811,0.466
"UAM, Monticello",rel_sw_6in,68,0.274,0.437,0.718,0.489
"UAM, Monticello",rel_sw_6in,69,0.277,0.426,0.847,0.484
"UAM, Monticello",rel_sw_6in,70,0.331,0.428,0.91,0.652
"UAM, Monticello",rel_sw_6in,71,0.326,0.418,0.908,0.549
"UAM, Monticello",rel_sw_6in,72,0.322,0.414,0.839,0.477
"UAM, Monticello",rel_sw_6in,73,0.328,0.413,0.776,0.444
"UAM, Monticello",rel_sw_6in,74,0.318,0.417,0.856,0.464
"UAM, Monticello",rel_sw_6in,75,0.313,0.44,0.871,0.425
"UAM, Monticello",rel_sw_6in,76,0.309,0.42,0.864,0.402
"UAM, Monticello",rel_sw_6in,77,0.305,0.414,0.891,0.387
"UAM, Monticello",rel_sw_6in,78,0.3,0.429,0.951,0.376
"UAM, Monticello",rel_sw_6in,79,0.33,0.412,0.918,0.368
"UAM, Monticello",rel_sw_6in,80,0.343,0.412,0.995,0.36
"UAM, Monticello",rel_sw_6in,81,0.337,0.395,0.932,0.354
"UAM, Monticello",rel_sw_6in,82,0.331,0.397,0.991,0.348
"UAM, Monticello",rel_sw_6in,83,0.331,0.413,0.99,0.343
"UAM, Monticello",rel_sw_6in,84,0.326,0.422,0.978,0.338
"UAM, Monticello",rel_sw_6in,85,0.322,0.419,0.943,0.333
"UAM, Monticello",rel_sw_6in,86,0.332,0.405,0.907,0.329
"UAM, Monticello",rel_sw_6in,87,0.32,0.406,0.882,0.325
"UAM, Monticello",rel_sw_6in,88,0.32,0.407,0.978,0.321
"UAM, Monticello",rel_sw_6in,89,0.316,0.43,0.906,0.317
"UAM, Monticello",rel_sw_6in,90,0.317,0.424,0.991,0.313
"UAM, Monticello",rel_sw_6in,91,0.313,0.401,0.979,0.309
"UAM, Monticello",rel_sw_6in,92,0.309,0.414,0.908,0.306
"UAM, Monticello",rel_sw_6in,93,0.305,0.417,0.839,0.318
"UAM, Monticello",rel_sw_6in,94,0.317,0.434,0.826,0.492
"UAM, Monticello",rel_sw_6in,95,0.307,0.422,0.925,0.438
"UAM, Monticello",rel_sw_6in,96,0.304,0.426,0.986,0.41
"UAM, Monticello",rel_sw_6in,97,0.342,0.421,0.912,0.394
"UAM, Monticello",rel_sw_6in,98,0.336,0.422,0.924,0.383
"UAM, Monticello",rel_sw_6in,99,0.331,0.413,0.874,0.374
"UAM, Monticello",rel_sw_6in,100,0.326,0.417,0.849,0.366
"UAM, Monticello",rel_sw_6in,101,0.323,0.417,0.836,0.36
"UAM, Monticello",rel_sw_6in,102,0.318,0.428,0.905,0.354
"UAM, Monticello",rel_sw_6in,103,0.313,0.438,0.986,0.349
"UAM, Monticello",rel_sw_6in,104,0.309,0.451,0.952,0.343
"UAM, Monticello",rel_sw_6in,105,0.304,0.443,0.914,0.339
"UAM, Monticello",rel_sw_6in,106,0.3,0.433,0.889,0.334
"UAM, Monticello",rel_sw_6in,107,0.322,0.408,0.868,0.33
"UAM, Monticello",rel_sw_6in,108,0.338,0.41,0.899,0.375
"UAM, Monticello",rel_sw_6in,109,0.333,0.407,0.85,0.35
"UAM, Monticello",rel_sw_6in,110,0.329,0.398,0.994,0.345
"UAM, Monticello",rel_sw_6in,111,0.325,0.405,0.964,0.34
"UAM, Monticello",rel_sw_6in,112,0.321,0.412,0.9,0.335
"UAM, Monticello",rel_sw_6in,113,0.335,0.422,0.985,0.331
"UAM, Monticello",rel_sw_6in,114,0.333,0.418,0.973,0.535
"UAM, Monticello",rel_sw_6in,115,0.329,0.418,0.965,0.562
"UAM, Monticello",rel_sw_6in,116,0.332,0.434,0.937,0.503
"UAM, Monticello",rel_sw_6in,117,0.328,0.423,0.908,0.455
"UAM, Monticello",rel_sw_6in,118,0.324,0.41,0.922,0.466
"UAM, Monticello",rel_sw_6in,119,0.32,0.4,0.965,0.509
"UAM, Monticello",rel_sw_6in,120,0.316,0.414,0.965,0.464
"UAM, Monticello",rel_sw_6in,121,0.313,0.407,0.89,0.446
"UAM, Monticello",rel_sw_6in,122,0.334,0.419,0.829,0.407
"UAM, Monticello",rel_sw_6in,123,0.338,0.452,0.87,0.389
"UAM, Monticello",rel_sw_6in,124,0.329,0.437,0.973,0.377
"UAM, Monticello",rel_sw_6in,125,0.325,0.435,0.97,0.369
"UAM, Monticello",rel_sw_6in,126,0.321,0.41,0.887,0.399
"UAM, Monticello",rel_sw_6in,127,0.317,0.402,0.823,0.361
"UAM, Monticello",rel_sw_6in,128,0.327,0.392,0.849,0.359
"UAM, Monticello",rel_sw_6in,129,0.323,0.395,0.815,0.353
"UAM, Monticello",rel_sw_6in,130,0.318,0.394,0.811,0.347
"UAM, Monticello",rel_sw_6in,131,0.314,0.386,0.751,0.342
"UAM, Monticello",rel_sw_6in,132,0.31,0.376,0.712,0.336
"UAM, Monticello",rel_sw_6in,133,0.306,0.401,0.684,0.332
"UAM, Monticello",rel_sw_6in,134,0.302,0.393,0.661,0.327
"UAM, Monticello",rel_sw_6in,135,0.298,0.38,0.711,0.323
"UAM, Monticello",rel_sw_6in,136,0.294,0.383,0.677,0.319
"UAM, Monticello",rel_sw_6in,137,0.291,0.386,0.698,0.315
"UAM, Monticello",rel_sw_6in,138,0.288,0.378,0.788,0.311
"UAM, Monticello",rel_sw_6in,139,0.284,0.382,0.701,0.393
"UAM, Monticello",rel_sw_6in,140,0.281,0.377,0.641,0.373
"UAM, Monticello",rel_sw_6in,141,0.291,0.377,0.599,0.496
"UAM, Monticello",rel_sw_6in,142,0.278,0.378,0.577,0.505
"UAM, Monticello",rel_sw_6in,143,0.275,0.371,0.604,0.601
"UAM, Monticello",rel_sw_6in,144,0.272,0.372,0.588,0.507
"UAM, Monticello",rel_sw_6in,145,0.269,0.365,0.71,0.459
"UAM, Monticello",rel_sw_6in,146,0.267,0.369,0.662,0.422
"UAM, Monticello",rel_sw_6in,147,0.298,0.393,0.714,0.4
"UAM, Monticello",rel_sw_6in,148,0.354,0.397,0.62,0.536
"UAM, Monticello",rel_sw_6in,149,0.351,0.405,0.65,0.482
"UAM, Monticello",rel_sw_6in,150,0.354,0.419,0.625,0.429
"UAM, Monticello",rel_sw_6in,151,0.342,0.396,0.583,0.402
"UAM, Monticello",rel_sw_6in,152,0.332,0.402,0.583,0.383
"UAM, Monticello",rel_sw_6in,153,0.344,0.404,0.591,0.37
"UAM, Monticello",rel_sw_6in,154,0.346,0.394,0.714,0.359
"UAM, Monticello",rel_sw_6in,155,0.351,0.387,0.641,0.35
"UAM, Monticello",rel_sw_6in,156,0.343,0.379,0.583,0.365
"UAM, Monticello",rel_sw_6in,157,0.337,0.394,0.547,0.354
"UAM, Monticello",rel_sw_6in,158,0.342,0.381,0.642,0.443
"UAM, Monticello",rel_sw_6in,159,0.333,0.381,0.712,0.428
"UAM, Monticello",rel_sw_6in,160,0.332,0.384,0.659,0.385
"UAM, Monticello",rel_sw_6in,161,0.346,0.389,0.669,0.362
"UAM, Monticello",rel_sw_6in,162,0.345,0.387,0.652,0.344
"UAM, Monticello",rel_sw_6in,163,0.336,0.38,0.687,0.387
"UAM, Monticello",rel_sw_6in,164,0.342,0.393,0.626,0.346
"UAM, Monticello",rel_sw_6in,165,0.339,0.382,0.657,0.391
"UAM, Monticello",rel_sw_6in,166,0.336,0.379,0.589,0.4
"UAM, Monticello",rel_sw_6in,167,0.335,0.391,0.512,0.362
"UAM, Monticello",rel_sw_6in,168,0.322,0.383,0.566,0.391
"UAM, Monticello",rel_sw_6in,169,0.326,0.394,0.568,0.361
"UAM, Monticello",rel_sw_6in,170,0.329,0.383,0.514,0.52
"UAM, Monticello",rel_sw_6in,171,0.331,0.393,0.572,0.579
"UAM, Monticello",rel_sw_6in,172,0.335,0.388,0.618,0.533
"UAM, Monticello",rel_sw_6in,173,0.338,0.383,0.594,0.514
"UAM, Monticello",rel_sw_6in,174,0.342,0.392,0.664,0.527
"UAM, Monticello",rel_sw_6in,175,0.341,0.391,0.648,0.531
"UAM, Monticello",rel_sw_6in,176,0.338,0.403,0.629,0.46
"UAM, Monticello",rel_sw_6in,177,0.348,0.408,0.629,0.423
"UAM, Monticello",rel_sw_6in,178,0.334,0.41,0.63,0.38
"UAM, Monticello",rel_sw_6in,179,0.344,0.412,0.743,0.351
"UAM, Monticello",rel_sw_6in,180,0.348,0.404,0.766,0.385
"UAM, Monticello",rel_sw_6in,181,0.35,0.411,0.877,0.346
"UAM, Monticello",rel_sw_6in,182,0.338,0.407,0.949,0.412
"UAM, Monticello",rel_sw_6in,183,0.362,0.412,0.84,0.397
"UAM, Monticello",rel_sw_6in,184,0.348,0.398,0.746,0.375
"UAM, Monticello",rel_sw_6in,185,0.359,0.416,0.633,0.476
"UAM, Monticello",rel_sw_6in,186,0.346,0.412,0.73,0.471
"UAM, Monticello",rel_sw_6in,187,0.346,0.418,0.659,0.446
"UAM, Monticello",rel_sw_6in,188,0.346,0.413,0.645,0.424
"UAM, Monticello",rel_sw_6in,189,0.348,0.408,0.576,0.41
"UAM, Monticello",rel_sw_6in,190,0.352,0.407,0.636,0.399
"UAM, Monticello",rel_sw_6in,191,0.357,0.422,0.652,0.378
"UAM, Monticello",rel_sw_6in,192,0.346,0.424,0.576,0.431
"UAM, Monticello",rel_sw_6in,193,0.337,0.416,0.689,0.468
"UAM, Monticello",rel_sw_6in,194,0.359,0.408,0.696,0.44
"UAM, Monticello",rel_sw_6in,195,0.35,0.416,0.63,0.444
"UAM, Monticello",rel_sw_6in,196,0.365,0.417,0.604,0.461
"UAM, Monticello",rel_sw_6in,197,0.346,0.416,0.676,0.423
"UAM, Monticello",rel_sw_6in,198,0.361,0.419,0.594,0.413
"UAM, Monticello",rel_sw_6in,199,0.364,0.415,0.628,0.38
"UAM, Monticello",rel_sw_6in,200,0.364,0.407,0.654,0.346
"UAM, Monticello",rel_sw_6in,201,0.356,0.416,0.587,0.419
"UAM, Monticello",rel_sw_6in,202,0.365,0.416,0.567,0.417
"UAM, Monticello",rel_sw_6in,203,0.373,0.412,0.579,0.412
"UAM, Monticello",rel_sw_6in,204,0.356,0.415,0.527,0.403
"UAM, Monticello",rel_sw_6in,205,0.356,0.42,0.471,0.443
"UAM, Monticello",rel_sw_6in,206,0.354,0.412,0.53,0.416
"UAM, Monticello",rel_sw_6in,207,0.35,0.407,0.624,0.388
"UAM, Monticello",rel_sw_6in,208,0.358,0.42,0.597,0.406
"UAM, Monticello",rel_sw_6in,209,0.37,0.415,0.604,0.37
"UAM, Monticello",rel_sw_6in,210,0.357,0.432,0.693,0.47
"UAM, Monticello",rel_sw_6in,211,0.366,0.417,0.674,0.494
"UAM, Monticello",rel_sw_6in,212,0.363,0.421,0.612,0.497
"UAM, Monticello",rel_sw_6in,213,0.346,0.417,0.631,0.446
"UAM, Monticello",rel_sw_6in,214,0.351,0.41,0.584,NA
"UAM, Monticello",rel_sw_6in,215,0.359,0.414,0.61,NA
"UAM, Monticello",rel_sw_6in,216,0.37,0.41,0.548,NA
"UAM, Monticello",rel_sw_6in,217,0.344,0.409,0.575,NA
"UAM, Monticello",rel_sw_6in,218,0.346,0.414,0.685,NA
"UAM, Monticello",rel_sw_6in,219,0.359,0.41,0.624,NA
"UAM, Monticello",rel_sw_6in,220,0.365,0.415,0.635,NA
"UAM, Monticello",rel_sw_6in,221,0.36,0.417,0.568,NA
"UAM, Monticello",rel_sw_6in,222,0.351,0.422,0.559,NA
"UAM, Monticello",rel_sw_6in,223,0.363,0.419,0.608,NA
"UAM, Monticello",rel_sw_6in,224,0.337,0.419,0.706,NA
"UAM, Monticello",rel_sw_6in,225,0.36,0.415,0.828,NA
"UAM, Monticello",rel_sw_6in,226,0.365,0.421,0.656,NA
"UAM, Monticello",rel_sw_6in,227,0.355,0.409,0.569,NA
"UAM, Monticello",rel_sw_6in,228,0.362,0.414,0.631,NA
"UAM, Monticello",rel_sw_6in,229,0.347,0.414,0.736,NA
"UAM, Monticello",rel_sw_6in,230,0.358,0.418,0.679,NA
"UAM, Monticello",rel_sw_6in,231,0.333,0.416,0.632,NA
"UAM, Monticello",rel_sw_6in,232,0.366,0.417,0.57,NA
"UAM, Monticello",rel_sw_6in,233,0.344,0.419,0.652,NA
"UAM, Monticello",rel_sw_6in,234,0.349,0.415,0.654,NA
"UAM, Monticello",rel_sw_6in,235,0.358,0.408,0.703,NA
"UAM, Monticello",rel_sw_6in,236,0.35,0.415,0.622,NA
"UAM, Monticello",rel_sw_6in,237,0.353,0.413,0.547,NA
"UAM, Monticello",rel_sw_6in,238,0.356,0.411,0.547,NA
"UAM, Monticello",rel_sw_6in,239,0.362,0.417,0.613,NA
"UAM, Monticello",rel_sw_6in,240,0.341,0.414,0.814,NA
"UAM, Monticello",rel_sw_6in,241,0.365,0.419,0.735,NA
"UAM, Monticello",rel_sw_6in,242,0.364,0.416,0.627,NA
"UAM, Monticello",rel_sw_6in,243,0.369,0.415,0.744,NA
"UAM, Monticello",rel_sw_6in,244,0.357,0.415,0.749,NA
"UAM, Monticello",rel_sw_6in,245,0.357,0.42,0.657,NA
"UAM, Monticello",rel_sw_6in,246,0.368,0.418,0.757,NA
"UAM, Monticello",rel_sw_6in,247,0.356,0.421,0.907,NA
"UAM, Monticello",rel_sw_6in,248,0.354,0.422,0.8,NA
"UAM, Monticello",rel_sw_6in,249,0.36,0.421,0.668,NA
"UAM, Monticello",rel_sw_6in,250,0.334,0.405,0.596,NA
"UAM, Monticello",rel_sw_6in,251,0.34,0.419,0.588,NA
"UAM, Monticello",rel_sw_6in,252,0.352,0.423,0.595,NA
"UAM, Monticello",rel_sw_6in,253,0.354,0.408,0.526,NA
"UAM, Monticello",rel_sw_6in,254,0.35,0.42,0.581,NA
"UAM, Monticello",rel_sw_6in,255,0.337,0.408,0.727,NA
"UAM, Monticello",rel_sw_6in,256,0.334,0.421,0.662,NA
"UAM, Monticello",rel_sw_6in,257,0.326,0.417,0.711,NA
"UAM, Monticello",rel_sw_6in,258,0.318,0.397,0.822,NA
"UAM, Monticello",rel_sw_6in,259,0.311,0.399,0.743,NA
"UAM, Monticello",rel_sw_6in,260,0.307,0.402,0.717,NA
"UAM, Monticello",rel_sw_6in,261,0.301,0.388,0.679,NA
"UAM, Monticello",rel_sw_6in,262,0.296,0.384,0.603,NA
"UAM, Monticello",rel_sw_6in,263,0.291,0.389,0.611,NA
"UAM, Monticello",rel_sw_6in,264,0.286,0.384,0.598,NA
"UAM, Monticello",rel_sw_6in,265,0.282,0.378,0.571,NA
"UAM, Monticello",rel_sw_6in,266,0.278,0.377,0.649,NA
"UAM, Monticello",rel_sw_6in,267,0.273,0.379,0.684,NA
"UAM, Monticello",rel_sw_6in,268,0.269,0.388,0.769,NA
"UAM, Monticello",rel_sw_6in,269,0.265,0.378,0.629,NA
"UAM, Monticello",rel_sw_6in,270,0.262,0.369,0.616,NA
"UAM, Monticello",rel_sw_6in,271,0.258,0.368,0.681,NA
"UAM, Monticello",rel_sw_6in,272,0.254,0.382,0.575,NA
"UAM, Monticello",rel_sw_6in,273,0.251,0.375,0.504,NA
"UAM, Monticello",rel_sw_6in,274,0.247,0.368,0.674,NA
"UAM, Monticello",rel_sw_6in,275,0.244,0.368,0.706,NA
"UAM, Monticello",rel_sw_6in,276,0.241,0.358,0.612,NA
"UAM, Monticello",rel_sw_6in,277,0.238,0.357,0.662,NA
"UAM, Monticello",rel_sw_6in,278,0.235,0.354,0.581,NA
"UAM, Monticello",rel_sw_6in,279,0.232,0.365,0.583,NA
"UAM, Monticello",rel_sw_6in,280,0.229,0.365,0.573,NA
"UAM, Monticello",rel_sw_6in,281,0.226,0.372,0.631,NA
"UAM, Monticello",rel_sw_6in,282,0.25,0.37,0.592,NA
"UAM, Monticello",rel_sw_6in,283,0.247,0.369,0.713,NA
"UAM, Monticello",rel_sw_6in,284,0.244,0.362,0.882,NA
"UAM, Monticello",rel_sw_6in,285,0.241,0.36,0.744,NA
"UAM, Monticello",rel_sw_6in,286,0.239,0.362,0.874,NA
"UAM, Monticello",rel_sw_6in,287,0.236,0.364,0.73,NA
"UAM, Monticello",rel_sw_6in,288,0.234,0.362,0.648,NA
"UAM, Monticello",rel_sw_6in,289,0.231,0.374,0.696,NA
"UAM, Monticello",rel_sw_6in,290,0.229,0.382,0.589,NA
"UAM, Monticello",rel_sw_6in,291,0.226,0.393,0.604,NA
"UAM, Monticello",rel_sw_6in,292,0.224,0.403,0.715,NA
"UAM, Monticello",rel_sw_6in,293,0.222,0.389,0.654,NA
"UAM, Monticello",rel_sw_6in,294,0.24,0.387,0.626,NA
"UAM, Monticello",rel_sw_6in,295,0.237,0.379,0.6,NA
"UAM, Monticello",rel_sw_6in,296,0.246,0.382,0.63,NA
"UAM, Monticello",rel_sw_6in,297,0.243,0.389,0.707,NA
"UAM, Monticello",rel_sw_6in,298,0.24,0.425,0.636,NA
"UAM, Monticello",rel_sw_6in,299,0.251,0.4,0.739,NA
"UAM, Monticello",rel_sw_6in,300,0.249,0.423,0.662,NA
"UAM, Monticello",rel_sw_6in,301,0.25,0.414,0.664,NA
"UAM, Monticello",rel_sw_6in,302,0.247,0.401,0.839,NA
"UAM, Monticello",rel_sw_6in,303,0.245,0.401,0.931,NA
"UAM, Monticello",rel_sw_6in,304,0.242,0.412,0.889,NA
"UAM, Monticello",rel_sw_6in,305,0.278,0.412,0.782,NA
"UAM, Monticello",rel_sw_6in,306,0.275,0.418,0.751,NA
"UAM, Monticello",rel_sw_6in,307,0.3,0.413,0.768,NA
"UAM, Monticello",rel_sw_6in,308,0.296,0.416,0.698,NA
"UAM, Monticello",rel_sw_6in,309,0.301,0.415,0.683,NA
"UAM, Monticello",rel_sw_6in,310,0.298,0.408,0.658,NA
"UAM, Monticello",rel_sw_6in,311,0.295,0.41,0.74,NA
"UAM, Monticello",rel_sw_6in,312,0.301,0.418,0.812,NA
"UAM, Monticello",rel_sw_6in,313,0.299,0.407,0.741,NA
"UAM, Monticello",rel_sw_6in,314,0.293,0.398,0.651,NA
"UAM, Monticello",rel_sw_6in,315,0.29,0.405,0.618,NA
"UAM, Monticello",rel_sw_6in,316,0.287,0.41,0.634,NA
"UAM, Monticello",rel_sw_6in,317,0.284,0.408,0.615,NA
"UAM, Monticello",rel_sw_6in,318,0.281,0.405,0.618,NA
"UAM, Monticello",rel_sw_6in,319,0.278,0.42,0.637,NA
"UAM, Monticello",rel_sw_6in,320,0.276,0.417,0.771,NA
"UAM, Monticello",rel_sw_6in,321,0.273,0.406,0.644,NA
"UAM, Monticello",rel_sw_6in,322,0.271,0.397,0.683,NA
"UAM, Monticello",rel_sw_6in,323,0.303,0.406,0.583,NA
"UAM, Monticello",rel_sw_6in,324,0.302,0.403,0.614,NA
"UAM, Monticello",rel_sw_6in,325,0.296,0.416,0.542,NA
"UAM, Monticello",rel_sw_6in,326,0.307,0.405,0.64,NA
"UAM, Monticello",rel_sw_6in,327,0.312,0.401,0.763,NA
"UAM, Monticello",rel_sw_6in,328,0.306,0.415,0.797,NA
"UAM, Monticello",rel_sw_6in,329,0.321,0.434,0.801,NA
"UAM, Monticello",rel_sw_6in,330,0.317,0.442,0.685,NA
"UAM, Monticello",rel_sw_6in,331,0.313,0.43,0.72,NA
"UAM, Monticello",rel_sw_6in,332,0.309,0.434,0.86,NA
"UAM, Monticello",rel_sw_6in,333,0.305,0.439,0.961,NA
"UAM, Monticello",rel_sw_6in,334,0.302,0.458,0.784,NA
"UAM, Monticello",rel_sw_6in,335,0.299,0.436,0.73,NA
"UAM, Monticello",rel_sw_6in,336,0.295,0.432,0.835,NA
"UAM, Monticello",rel_sw_6in,337,0.292,0.423,0.692,NA
"UAM, Monticello",rel_sw_6in,338,0.311,0.416,0.691,NA
"UAM, Monticello",rel_sw_6in,339,0.309,0.433,0.752,NA
"UAM, Monticello",rel_sw_6in,340,0.306,0.441,0.653,NA
"UAM, Monticello",rel_sw_6in,341,0.354,0.435,0.624,NA
"UAM, Monticello",rel_sw_6in,342,0.348,0.438,0.757,NA
"UAM, Monticello",rel_sw_6in,343,0.343,0.443,0.672,NA
"UAM, Monticello",rel_sw_6in,344,0.34,0.459,0.666,NA
"UAM, Monticello",rel_sw_6in,345,0.346,0.438,0.688,NA
"UAM, Monticello",rel_sw_6in,346,0.341,0.445,0.739,NA
"UAM, Monticello",rel_sw_6in,347,0.341,0.437,0.859,NA
"UAM, Monticello",rel_sw_6in,348,0.335,0.463,0.716,NA
"UAM, Monticello",rel_sw_6in,349,0.33,0.453,0.639,NA
"UAM, Monticello",rel_sw_6in,350,0.355,0.45,0.752,NA
"UAM, Monticello",rel_sw_6in,351,0.367,0.441,0.902,NA
"UAM, Monticello",rel_sw_6in,352,0.358,0.443,0.837,NA
"UAM, Monticello",rel_sw_6in,353,0.35,0.436,0.779,NA
"UAM, Monticello",rel_sw_6in,354,0.355,0.44,0.715,NA
"UAM, Monticello",rel_sw_6in,355,0.346,0.448,0.764,NA
"UAM, Monticello",rel_sw_6in,356,0.34,0.434,0.765,NA
"UAM, Monticello",rel_sw_6in,357,0.333,0.448,0.737,NA
"UAM, Monticello",rel_sw_6in,358,0.327,0.466,0.806,NA
"UAM, Monticello",rel_sw_6in,359,0.322,0.442,0.692,NA
"UAM, Monticello",rel_sw_6in,360,0.317,0.456,0.808,NA
"UAM, Monticello",rel_sw_6in,361,0.312,0.449,0.902,NA
"UAM, Monticello",rel_sw_6in,362,0.32,0.452,0.735,NA
"UAM, Monticello",rel_sw_6in,363,0.308,0.462,0.749,NA
"UAM, Monticello",rel_sw_6in,364,0.303,0.47,0.683,NA
"UAM, Monticello",rel_sw_6in,365,0.299,0.455,0.652,NA
"UAM, Monticello",rel_sw_6in,366,0.376,0.478,0.719,NA
